id;created_at;full_text;screen_name;name;user_id;in_reply_to;categorie;year;month;hour;day_of_week
1,34E+18;2020-12-28 07:26:23+00:00;💩 à @free parce-que Débit Très instable, … \n\nFree en France: vitesse, performances, pannes et commentaires des utilisateurs\n👉 https://t.co/Yab5ES2gLh\n\n#fing #internet #Free\n\nvia @fingapp @outagedetect;m_annuel;M Annuel;1,10E+18;;Plainte service;2020;12;7;0
1,44E+18;2021-09-16 16:07:08+00:00;FreePlugs et boîtiers CPL personnels : gérer votre réseau CPL 🔗\nOn vous explique comment installer, optimiser et/ou repenser votre réseau CPL afin d'améliorer la liaison avec vos équipements.\nhttps://t.co/DhK2hGTAR3 https://t.co/JF6sn3PMyK;Freebox;Assistance Freebox;58920430;;Question technique;2021;9;16;3
1,47E+18;2021-12-15 14:02:31+00:00;Un incident sur nos fibres engendre des perturbations de service sur une partie des départements du Lot (46) et de l'Aveyron (12).\nDes investigations sont en cours, merci de votre patience.;Free_1337;Free 1337;1,44E+18;;Question technique;2021;12;14;2
1,47E+18;2021-12-24 17:00:02+00:00;Les équipes de l’assistance Free vous souhaitent de joyeuses fêtes ! Nos services profitent aussi des fêtes ce 25 décembre et seront de retour le 26 dès 9h00 ! 🎅🏻🎁 https://t.co/dhPpFn9nfG;Freebox;Assistance Freebox;58920430;;Autre;2021;12;17;4
1,48E+18;2021-12-31 17:00:00+00:00;Les équipes de l’assistance Free vous souhaitent une excellente année 2022 ! Nous ferons aussi la fête le 1er janvier et nous serons de retour le 02 dès 9h00 ! 🎆🎉 https://t.co/Nhz5mq8kuR;Freebox;Assistance Freebox;58920430;;Autre;2021;12;17;4
1,48E+18;2022-01-10 08:31:43+00:00;Liberté, égalité, prix inchangés. https://t.co/n0IdhVaeCq;free;Free;252263949;;Autre;2022;1;8;0
1,48E+18;2022-01-10 09:03:49+00:00;🎂 @free célèbre aujourd'hui 10 ans de révolution mobile ! Notre CP 👉 https://t.co/4wiuxqOx9b https://t.co/c1e4svvexn;GroupeIliad;Groupe iliad;3157961111;;Autre;2022;1;9;0
1,48E+18;2022-01-14 08:00:01+00:00;Et si votre mobile a rendu l'âme, déposez-le dans une boite de collecte disponible dans nos boutiques Free pour qu'il soit recyclé ♻️.\n\nVous pourrez en profiter pour vous offrir un smartphone reconditionné à prix Free ☺️📱;free;Free;252263949;;Autre;2022;1;8;4
1,49E+18;2022-01-23 19:18:24+00:00;Et vous ça se passe comment la fibre ?\n@Sosh_fr @CovageIDF_OUEST c’est la misère vraiment jpp https://t.co/I41UXroh0F;MitchelMcPat;MitchelMcPat;9,06E+17;;Question technique;2022;1;19;6
1,49E+18;2022-01-24 12:40:17+00:00;Un coupure de fibre entraîne une interruption de service pour une partie des abonnés de Cergy (95). Des équipes sont sur place, nous vous tiendrons informés.\nMerci pour votre patience.;Free_1337;Free 1337;1,44E+18;;Plainte service;2022;1;12;0
1,50E+18;2022-02-21 10:44:25+00:00;Bonjour, une rupture de fibre engendre depuis ce matin une interruption de service sur la région de Cernay la Ville (78) ainsi qu'une partie du 78 et du 91.\nUne équipe est sur place, nous vous tiendrons informé de l'évolution de la situation. Merci pour votre patience. https://t.co/2XIRCXyR7j;Free_1337;Free 1337;1,44E+18;;Question technique;2022;2;10;0
1,59E+18;2022-11-22 07:49:41+00:00;🚨 En exclusivité, le 11 de ce soir : https://t.co/lIxWnFVZqd;free;Free;252263949;;Autre;2022;11;7;1
1,69E+18;2023-08-24 11:38:55+00:00;Dans la lutte contre les installations sauvages et les infrastructures dégradées, la bonne formation des techniciens qui déploient la fibre est essentielle. J'étais ce matin aux côtés d'Idriss, formateur au centre de formation technique @free à Argenteuil, dans le Val-d'Oise. https://t.co/nKKA40veRw;jnbarrot;Jean-Noël Barrot;8,65E+17;;Question technique;2023;8;11;3
1,70E+18;2023-08-27 21:32:13+00:00;Hello @free, @Freebox et @orange je crois que nous allons avoir prochainement un gros problème de fibre / PBOE https://t.co/IreryVRyFc;rgaidot;ɹˈe͡ɪɡɪz;1245801;;Plainte service;2023;8;21;6
1,71E+18;2023-10-04 19:58:05+00:00;Bonsoir @WavemakerFR, je suis chez @free et voici ma bande passante #Freebox ⤵️\nVous allez pouvoir vous moquer d'eux dans votre prochain spot publicitaire @reef_telecom\n\n@Freebox @FreePro @GroupeIliad @Xavier75 🤡 https://t.co/f2CDpSoXJF;EllaVerite;𝔼lla 𝕍érité ⚖️ⓩ;1,24E+18;;Autre;2023;10;19;2
1,71E+18;2023-10-10 16:01:33+00:00;@free @Xavier75 @NThomas82Free \n\nEn 3 ans l’équipe technique de Free (le « BOC » m’a t’on dit) n’est pas capable d’amener 3 mètres (ou moins!) de câble Fibre, afin que j’ai la fibre (cercle rouge) comme mes voisines dont nos maisons s;michfrapp;michfrapp;7458652;;Question technique;2023;10;16;1
1,75E+18;2024-01-30 09:07:13+00:00;Free vous présente : Freebox Ultra https://t.co/npfjDMNJQ2;free;Free;252263949;;Autre;2024;1;9;1
1,75E+18;2024-01-30 09:35:22+00:00;Freebox Ultra : la box la plus puissante et la plus complète du marché avec les meilleurs contenus inclus.;free;Free;252263949;;Autre;2024;1;9;1
1,75E+18;2024-01-31 13:04:02+00:00;Encore des travaux, toujours des travaux.\nLa Freebox Révolution Light au prix mythique de 29,99€/mois c’est dispo 👉 https://t.co/unO0ngya37 https://t.co/gcoEYsMtA1;free;Free;252263949;;Autre;2024;1;13;2
1,76E+18;2024-02-18 17:19:01+00:00;.@free a 25 ans et tient toujours ses promesses en terme de pouvoir d’achat et d’innovation. 3 quinquennats sans toucher aux prix de nos forfaits mobiles, voilà une promesse à laquelle les français peuvent croire🇫🇷🙏🔥;TomReynaud1789;Thomas REYNAUD;1,18E+18;;Autre;2024;2;17;6
1,76E+18;2024-02-27 20:11:07+00:00;Ça fonctionne super bien la Fibre Free ce soir... Franchement c'est abusé. Déjà l'autre soir la TV de Free (OQEE) était carrément indisponible ! #FTTH #fibre #Free #Var @Freebox @Free_1337 @free https://t.co/UwrutxJMD9;nephthys;Camille Bouiller;11038512;;Question technique;2024;2;20;1
1,80E+18;2024-05-28 15:56:18+00:00;L’élite a connu la télécommande en acier galvanisé.;free;Free;252263949;;Autre;2024;5;15;1
1,80E+18;2024-06-03 10:03:59+00:00;🇫🇷 ALERTE INFO | Le prix des forfaits mobiles Free 2€ et 19,99€ n’augmentera pas d'ici 2027.;free;Free;252263949;;Autre;2024;6;10;0
1,80E+18;2024-06-12 14:52:44+00:00;Révolutionner le marché des télécoms.;free;Free;252263949;;Autre;2024;6;14;2
1,81E+18;2024-06-26 11:00:01+00:00;Free, c'est près de 650 postes à pourvoir partout en France. \n\nEt toi, t'es libre ? \n\n👉 https://t.co/DwufxIbZus https://t.co/MPr3FWat8S;free;Free;252263949;;Autre;2024;6;11;2
1,81E+18;2024-07-10 14:13:13+00:00;@Xavier75 et tout le réseau @Freebox sachez qu'une main courante va être déposée, et ira plus loin s'il le faut.\n6 appels en 24h avec 6 numéros différents quand je demande de retirer mon numéro de vos bases de données c'est du harcèlement.\nVos ;FrenchTea13;Mary 🐇;1,04E+18;;Autre;2024;7;14;2
1,81E+18;2024-07-11 10:04:58+00:00;[Speedtest] Hop ! Le nouveau serveur nPerf 100 Gb/s pour vos tests de débit @free est apparu. Il vous permettra d’effectuer une symétrie de vos speedtest @nPerf pour des conditions optimales. 🚀✨ #Nperf #Free #Speedtest\n\nAlors, ça donne quoi vos tests ? https://t.co/UE2OJDZ1tw;Free_1337;Free 1337;1,44E+18;;Question technique;2024;7;10;3
1,81E+18;2024-07-15 15:38:57+00:00;@free @Xavier75 Installer la fibre sans autorisation du propriétaire et en perçant de partout, c'est normal ?;Tubbydev;Tubbydev;449802600;;Question technique;2024;7;15;0
1,81E+18;2024-07-16 06:42:47+00:00;On ne se rend pas assez compte que sans Xavier Niel aujourd'hui on paierait tous nos forfaits 144,99€ avec 65 SMS par jour, 2h d'appel par mois et 150Mo de données mobiles;GrandOeil_;Rivergaro;1,48E+18;;Autre;2024;7;6;1
1,81E+18;2024-07-16 13:52:23+00:00;T’as précisé qu’on n’était pas gratuit ?;free;Free;252263949;;Autre;2024;7;13;1
1,81E+18;2024-07-16 15:19:14+00:00;“C’était mieux avant”\n\nAvant : https://t.co/YLMSCOBQAC;Xavier75;Xavier Niel;17744075;;Autre;2024;7;15;1
1,81E+18;2024-07-16 16:50:39+00:00;@free 13 minutes 13 sec!!!!!  c'est le temps ENCOREEEEE UNE FOIS PERDU à attendre après free pour résoudre un problème récurent !! INCOMPÉTENCE !!!!  Ils ne répondent jamais!!!!! https://t.co/2FdeQbWjHg;Ben29072013;Ben;1,50E+18;;Plainte service;2024;7;16;1
1,81E+18;2024-07-16 17:40:56+00:00;J'avais vu juste et il n'aura finalement fallu attendre que quelques heures.\n\nFree ajoute actuellement les versions HDR de France 2 UHD et France 3 UHD !\n\nDe mauvais élève, et après de nombreux messages de mécontentements sur l'absence de HDR, @OQEEbyFree @Freebox passe en tête en proposant dorénavant deux versions : SDR et HDR. De quoi satisfaire tout le monde (pour ceux qui ont des problèmes avec le HDR) 🥳\n\nFrance 2 UHD : canal 102\nFrance 2 UHD HDR : canal 103\nFrance 3 UHD : canal 104 (ex canal 103)\nFrance 3 UHD HDR : canal 105\n\nDispo suivant la freebox (mettez en commentaire si vous l'avez, ou pas, sur votre Freebox 4K), quelques bugs actuellement (le temps de mettre en place les flux)\n\n(photo discord jartabul);ultrakfr;Ultra-K.fr;8,14E+17;;Plainte service;2024;7;17;1
1,81E+18;2024-07-17 14:20:27+00:00;Le service proximité de @free 1 des plus grosses arnaques de ces dernières années.Incompétents et complètement dépassés.Tu en sais plus qu'eux,tu leur dis ce qui marche pas,tu prends un rdv avec un technicien qui vient que ds 1 semaine!\nPratique pr le télétravail!\nPlus de reponse;_Kirikou_;Kirikou;126365317;;Réclamation RDV;2024;7;14;2
1,81E+18;2024-07-17 14:27:56+00:00;@free comment vous joindre ? j'ai été débité pour non restitution de matériel pour une résiliation de ligne que je n'ai pas effectuée moi même, impossible de vous joindre car mes identifiants n existent plus, vos relances sont arrivées directemen;fannnoche;fannoche;874295773;;Question technique;2024;7;14;2
1,81E+18;2024-07-17 14:44:18+00:00;La Freebox #Ultra dans Paris https://t.co/2wcCY93kSD;free;Free;252263949;;Autre;2024;7;14;2
1,81E+18;2024-07-17 14:48:50+00:00;@free ma fibre HS depuis 3 semaines https://t.co/E8AEMBdLku;tud0z;tudoz 🇫🇷;9,66E+17;1.8135855241097713e+18;Plainte service;2024;7;14;2
1,81E+18;2024-07-17 14:49:54+00:00;@free Vous pouvez m’envoyer les avengers de la fibre svp les mêmes que j’ai chez @terracid ça fait 1mois que j’attend;mglp__;paulquivoitdanslenoir;1,19E+18;1.8135855241097713e+18;Demande d'aide;2024;7;14;2
1,81E+18;2024-07-17 16:01:03+00:00;Bon je travaille En remote chez moi et ça fait 1 semaine que j’ai plus de connexion avec @free , ils ont envoyé un technicien qui a dit « on vous envoie un autres tech » et depuis plus de nouvelles, de base je kiff free, @Xavier75 le boss etc etc mais la ,,,.;Lorkydey;Thomas;1,08E+18;;Question technique;2024;7;16;2
1,81E+18;2024-07-17 17:23:46+00:00;@free il va falloir revoir la sélection des installateurs de fibre optique !!! J’ai pas commandé un fil pour étendre mon linge … le voisin non plus ! Donc va falloir revenir !!! https://t.co/eAVSxCijnq;Marc_Vador;Marc Vador;300699726;;Question technique;2024;7;17;2
1,81E+18;2024-07-17 17:36:25+00:00;@OQEEbyFree @wdufour105 @ultrakfr @Freebox Bonjour\nComptez vous intégrer les versions HDR de FR2 et FR3 sur les applis Oqee TV hors player pop (LG TV) ? Et si oui, sous quel délai approximatif (à temps pour les JO) ?\nNous sommes nombreux à utiliser ;gurbain69;PGIndyPacers;2495892351;1.8135501413470945e+18;Autre;2024;7;17;2
1,81E+18;2024-07-17 17:56:31+00:00;@Free_1337 @Freebox @Xavier75 \n1/2 \nSalut Free je désespère.....\nClient depuis 20 ans payant à chaque fois le renouvellement de mes box plein tarif sans jamais un geste commercial pour ses vieux clients. \nJe subis depuis le moi de juin des coupures;Motsen78;Motsen;1,23E+18;;Plainte service;2024;7;17;2
1,81E+18;2024-07-17 19:11:00+00:00;@Freebox de l’aide s’il vous plaît 🙏🏼 https://t.co/g7y5s0xEOw;soulakhey;Limonade.Rigolade;1,29E+18;;Autre;2024;7;19;2
1,81E+18;2024-07-17 20:28:09+00:00;@free @GrandOeil_ Ne passez pas chez free !!!! Depuis le mois de mai, j'attends qu'ils me rendent ma clé avec laquelle l'installateur free est parti !!;coWiqx;coWiqx ⏚🏴;1,10E+18;1.8132099209986627e+18;Autre;2024;7;20;2
1,81E+18;2024-07-17 21:19:12+00:00;@Freebox pourquoi j’ai des bugs de connexion wsh je paye la fibre;Darknig78166491;Store-inodore;1,65E+18;;Plainte service;2024;7;21;2
1,81E+18;2024-07-17 22:13:58+00:00;"Merci @free de m'avoir fait passer une ""super"" soirée en live et merci pour ces 2 déconnexions pour une mise à jour de la box en pleine soirée...\n\nEn l'espace de 2 mois j'ai déjà eu 2 soucis majeur de connexion avec votre box.... et ça sans JAMAIS aucun geste commercial...";HugoRLT__;HugoRLT;1,36E+18;;Question technique;2024;7;22;2
1,81E+18;2024-07-18 09:13:08+00:00;Bonjour @free je cherche à modifier des mots de passe de boîtes mails qui sont gérés chez vous sur des domaines un peu vieux. Comment peut-on faire ça n'a pas l'air possible via la page webmail free;tontonyoy;tontonyoy;1560176012;;Question technique;2024;7;9;3
1,81E+18;2024-07-18 09:25:16+00:00;@Freebox Bonjour, mes parents ont fait leur inscription ( enfin ! ) le 9, et depuis pas de nouvelle toujours bloqué à cette étape, c'est normal ? https://t.co/NZRZz77fdu;hnchck;Quentin;2719734105;;Info/Annonce;2024;7;9;3
1,81E+18;2024-07-18 10:41:22+00:00;@Freebox c’est normal des signalements pour pertes de synchro (des dizaines de fois par jour), des rendez-vous techniciens annulé sans prévenir le client, une assistance téléphonique qui indique que la ligne est rétablie alors que la Freebox est en;AnthonyPiresG;Anthony Pires;95459203;;Réclamation RDV;2024;7;10;3
1,81E+18;2024-07-18 13:03:58+00:00;1/2 [SMSoIMS] Vous pouvez désormais envoyer tous vos SMS par le réseau 4G ou Wi-Fi en France métropolitaine.\nL’option est activée automatiquement pour l’ensemble des abonnés mobiles @free et disponible selon la compatibilité de votre téléphone (Android et iOS). https://t.co/V4NVKpLpLY;Free_1337;Free 1337;1,44E+18;;Autre;2024;7;13;3
1,81E+18;2024-07-18 18:49:39+00:00;Depuis le 23/06 je suis en attente d’un rdv pour la fibre chez @free je suis du coup pas encore client et je pense qu’a cette allure là je ne le serai jamais !! Honteux;Y__htz;Y_htz;3913341028;;Question technique;2024;7;18;3
1,81E+18;2024-07-18 20:29:18+00:00;@free allo,avez vous des nouvelles pour le réseau SVP ???;GTrotereau;El Ché;4690380798;;Demande d'aide;2024;7;20;3
1,81E+18;2024-07-18 23:34:48+00:00;rendez la wifi @free;gnabxnahc;🍒 saw Ateez & seeing SKZ;3082013559;;Question technique;2024;7;23;3
1,81E+18;2024-07-19 08:29:02+00:00;@Freebox Bonjour j'ai fait installer votre box depuis 10 min. Mais comment on fait pour avoir un être humain en ligne pour assistance ? Impossible au 3244 ni au 1044. Merci;MasimSaid;Masim Said;870051000;;Question technique;2024;7;8;4
1,81E+18;2024-07-19 08:45:58+00:00;"@Freebox bonjour Free. Cela fait 1 mois que je n'ai plus internet. Un rdv avait été fixé puis annulé pour, je cite puisque vous deviez intervenir dans ""les plus brefs délais"".\nNous 'avons as la même notion de bref délais.\nQue faut-il faire pour a";Dorban;Dorban;15272956;;Réclamation RDV;2024;7;8;4
1,81E+18;2024-07-19 09:35:24+00:00;@Xavier75 @free @Freebox \nBonjour Monsieur Niel\nVoila plus 20 ans que j'encense Free depuis Freesurf !\nJ'ai tous mes forfaits chez vous ...\nDepuis le 15 fev maintenant, je n'ai plu la fibre pro dans ma société qui, de fait, est en péril ... Que fai;MichaelPincebo1;Michael Pincebourde;1,58E+18;;Question technique;2024;7;9;4
1,81E+18;2024-07-19 10:00:38+00:00;@free Normal pour vous qu'un des vos employés a souscrit a ma place sans mon accord un abonnement Free mobile et que l'on me demande d'envoyer un courrier de rétractation pour un abonnement que JE n'ai pas pris ?;TabaryErwin;Tabary Erwin;850884319;;Autre;2024;7;10;4
1,81E+18;2024-07-19 11:51:09+00:00;@free 3 semaines sans internet et rien ne bouge malgré plusieurs appels, des rdv techniciens annulés... Chez free quand ça fonctionne c'est bien mais quand il y a un problème technique il n'y a plus personne, ni même au téléphone. Chez free j'ai to;reisen67;Éric;305286256;;Plainte service;2024;7;11;4
1,81E+18;2024-07-19 12:31:22+00:00;Impossible de contacter l’assistance free si c’est pas avec le numero de mobile de la personne concernée ! Super, on peut pas aider les retraités !! @Freebox;Francedz213;m;761099040;;Autre;2024;7;12;4
1,81E+18;2024-07-19 13:59:32+00:00;@InfoAbonneCanal abonnée myCANAL via @free je n’ai pas récupéré la diffusion sur mon téléviseur….ça fonctionne sur tablette…est-ce normal?;MissWlad;Miss Wlad ن ✡🏌🏻‍♀️🇪🇺🇵🇱🇺🇦🇮🇱🎗️;1845168277;;Autre;2024;7;13;4
1,81E+18;2024-07-19 15:53:12+00:00;@free  c'est normal de balader vos clients victimes d'un écrasement de ligne pendant un mois sans aucune information sur un délai d'intervention ? Pourtant la loi vous donne 8 jours pour rétablir la connexion. Ou alors free je n'ai pas tout compris;ADianeadam;Diane Adam;2344076950;;Question technique;2024;7;15;4
1,81E+18;2024-07-19 16:20:00+00:00;@Freebox je n’en peux plus 1 mois que la box s’arrête en pleine journée pour ne redémarrer qu’a 23h impossible de vous joindre ! C’est terminé je résilie. À ce niveau c’est de l’incompétence.;CalieeeFourchon;CalieFourchon;7,75E+17;;Autre;2024;7;16;4
1,81E+18;2024-07-19 16:30:01+00:00;C’est quoi le problème avec @free ? La wifi de chez moi n’arrête pas de sauter. Je paye 48€ par mois pour ne pas avoir de connexion. Foutaise !;DebyZknd;Z I K O N D O 🇨🇩🍭;748063508;;Plainte service;2024;7;16;4
1,81E+18;2024-07-19 17:00:39+00:00;C’est parti pour la finale du Mondial de rugby U20 💪🇫🇷\n\nALLEZ LES BLEUETS ! \n\n#lequipeRUGBY https://t.co/t6LVY8kpuM;lachainelequipe;la chaine L'Équipe;2231296237;;Autre;2024;7;17;4
1,81E+18;2024-07-19 17:14:40+00:00;Commence vraiment à m'agacer @Freebox. 3 jours pas de Tv pas d'internet, censé être rétabli à 16h, toujours rien. C'est pas la 1ere fois que ça merde;AnaisSeref;Anaïs.;32882214;;Autre;2024;7;17;4
1,81E+18;2024-07-19 17:15:33+00:00;La diffusion de @BFMTV interrompue depuis plus de dix’ minutes sur @free #freebox @Freebox;Fab_LCL;Fabrice Leclerc;14673874;;Autre;2024;7;17;4
1,81E+18;2024-07-19 17:16:37+00:00;@Freebox @free \n\nCoucou ! \nJe n'arrive pas à me faire comprendre par votre conseiller, \n\nJe souhaite avoir &gt;;;;;;;;;
1,81E+18;2024-07-19 17:16:41+00:00;@Freebox bonjour, pas mal de problème de réception chaînes, êtes-vous confronté à divers problèmes ? Merci pour votre retour;frigotier59;Frigotier59;387807040;;Plainte service;2024;7;17;4
1,81E+18;2024-07-19 17:26:49+00:00;@free je tente de regarder le rugby sur @lequipe là... C'est un enfer ça saute toute les 2 secondes. C'est partout chez vous ou juste moi ? En attendant je coupe, c'est infernal 😩 https://t.co/43p4wjDDVd;Heddicmi;Heddicmi;215987080;;Autre;2024;7;17;4
1,81E+18;2024-07-19 17:26:59+00:00;Problème de flux Tv sur Levallois 92300 alors que le débit internet est ok \nVous avez des soucis identifiés @Free_1337 @free ?;GrienerA;Griener Marc-Alban;1,38E+18;;Plainte service;2024;7;17;4
1,81E+18;2024-07-19 17:47:00+00:00;@free honteux la connection chez free, impossible de suivre l'équipe de France en finale de la coupe du monde de rugby ...;Ytzaka_;Bernard Barbarroux;1,23E+18;;Autre;2024;7;17;4
1,81E+18;2024-07-19 17:47:26+00:00;⚠#PANNE  FREEBOX EN COURS⚠\n 📡20 freenautes ont signalé des pannes #Internet dont 15 sur le réseau #fibre de #Free depuis 15h19\n🌍Ville concernée : La Roque-d'Anthéron (13640)\n⬇️⬇️⬇️\nhttps://t.co/5syXsuGnbR;zoneadsl_panne;Pannes Internet et Mobile;1,59E+18;;Plainte service;2024;7;17;4
1,81E+18;2024-07-19 17:57:44+00:00;Le désordre continue avec une image saccadée sur les téléviseurs des clients de ⁦⁦@Freebox⁩ .Peut-être qu'il serait temps de se demander si ce n'est pas le service qui est défaillant.⁦@free⁩ 🤫🤨 https://t.co/XgyOVA1cDx;VigneDe;Feuille de Vigne..;1498770301;;Autre;2024;7;17;4
1,81E+18;2024-07-19 18:04:49+00:00;Bonsoir @free y a-t-il  un problème avec le serveur ma box ne capte rien merci;Boyer71Fanzine;Paranoïa fanzine;7,30E+17;;Plainte service;2024;7;18;4
1,81E+18;2024-07-19 18:05:32+00:00;l'App @OQEEbyFree est down sur box Androïd et TV Samsung @Freebox @free @UniversFreebox #free #freebox;_Franck_Paris;Parisien;96588423;;Autre;2024;7;18;4
1,81E+18;2024-07-19 18:06:43+00:00;@Freebox y’a t’il un pb sur le réseau ? Aucune communication !!! Aucun message !!!! Ça serait bien d’informer les clients !!!!;nach_mum;AStar⭐️;781238514;;Autre;2024;7;18;4
1,81E+18;2024-07-19 18:09:51+00:00;@Free_1337 panne TV ici dans 78.\nDowndetector remonte une explosion des problèmes?une communication @free @Free_1337 ?;Team_nJOY;Team nJOY;735433123;;Plainte service;2024;7;18;4
1,81E+18;2024-07-19 18:14:11+00:00;@Freebox oh pitié ça fait 4h que j'ai pas de co faites quelque chose;PaperBloute;Blite 🇵🇸🔥;1,06E+18;;Autre;2024;7;18;4
1,81E+18;2024-07-19 18:17:23+00:00;Vous aussi vous avez un souci avec votre #freebox ? Erreur 20 d’authentification ? Et sa bug quand il arrive à s’identifier difficilement ? @Freebox #free;Alinolord;Alino®️;481241514;;Plainte service;2024;7;18;4
1,81E+18;2024-07-19 18:19:40+00:00;@Alinolord @Freebox Pareil;Nan0uu77;Mariiiiina 🦋;1,65E+18;1.8143639246845176e+18;Autre;2024;7;18;4
1,81E+18;2024-07-19 18:20:57+00:00;oqee @free @OQEEbyFree est HS ce soir, il demande a se connecter depuis une ligne free, et https://t.co/IagkCyJ4iF fait un internal serveur error quand on veut s'authent.;Clank_gk;Clank;2197004902;;Plainte service;2024;7;18;4
1,81E+18;2024-07-19 18:21:08+00:00;@Freebox problème panne authentification de la Freebox bloquée sur étape 6, département des Landes depuis 20mn environ;Stephanux40;Stephanux40;443284058;;Plainte service;2024;7;18;4
1,81E+18;2024-07-19 18:21:19+00:00;@Alinolord @Freebox Bloqué à l'étape 6.;StefDark;Loutre;490330383;1.8143639246845176e+18;Autre;2024;7;18;4
1,81E+18;2024-07-19 18:22:14+00:00;@Alinolord @Freebox Pareil, bloqué à l'étape 6😪;michaeltartar;Michaël Tartar;20420438;1.8143639246845176e+18;Autre;2024;7;18;4
1,81E+18;2024-07-19 18:22:22+00:00;@_Franck_Paris @OQEEbyFree @Freebox @free @UniversFreebox Oui panne sur les Freebox;KingKamui16;Cédric CROSLAND;3361261593;1.8143609439182113e+18;Plainte service;2024;7;18;4
1,81E+18;2024-07-19 18:22:58+00:00;@Alinolord @Freebox Bloqué étape 6…;Mozzy_R;Mozzy;1,31E+18;1.8143639246845176e+18;Autre;2024;7;18;4
1,81E+18;2024-07-19 18:23:08+00:00;@Alinolord @Freebox La même et le site https://t.co/LLhOumXEX4 semble KO aussi #free;ROLOONS;ROLOONS ⏚;806724614;1.8143639246845176e+18;Autre;2024;7;18;4
1,81E+18;2024-07-19 18:24:10+00:00;@Freebox , un souci actuellement ? Je suis bloqué étape 6 de la Freebox... https://t.co/T9u9CNPUX7;GaelBresson;Gael Bresson;7,42E+17;;Autre;2024;7;18;4
1,81E+18;2024-07-19 18:25:22+00:00;Vous aussi vous êtes bloqués à l'étape 6 avec votre freebox? #panne #free #freebox @Freebox @UniversFreebox;sebravoisier;Ravoisier Sébastien;1414142120;;Plainte service;2024;7;18;4
1,81E+18;2024-07-19 18:25:24+00:00;Panne internet plus de @LCI , franceinfotv, @RMCStory @rmcdecouverte chez @Freebox;EricGhaffar;Eric Ghaffar;243663732;;Plainte service;2024;7;18;4
1,81E+18;2024-07-19 18:25:32+00:00;"Aujourd'hui c'est le ""#ITOutageDay"", et @free a décidé d'y participer à sa manière, freebox TV out, ainsi que l'authentification pour @OQEEbyFree . C'est crowdStrike qui s'occupe de la sécurité chez vous @Xavier75 ? 😆";mickeul16;🇩🇴Mickeul🇫#StandWithUkrainianBrothers🇺🇦🇺🇦;193658504;;Autre;2024;7;18;4
1,81E+18;2024-07-19 18:25:44+00:00;@Freebox bonjour pas de connexion ce soir sur ma box 😭;FuckedUpMinded_;Last Hope. ‎⎊ 🇫🇷⭐️⭐️;43142494;;Plainte service;2024;7;18;4
1,81E+18;2024-07-19 18:25:46+00:00;@Freebox Bonjour, nous sommes plusieurs bloqués à l'étape 6. Un problème général ?;VictorPivertOff;Victor Pivert;3472678216;;Plainte service;2024;7;18;4
1,81E+18;2024-07-19 18:26:22+00:00;@sebravoisier @Freebox @UniversFreebox Oui ! Depuis 3 quarts d’heure 😫 @Free_1337;HellN_rocks;Hélène;153913855;1.814365932426539e+18;Autre;2024;7;18;4
1,81E+18;2024-07-19 18:26:23+00:00;@sebravoisier @Freebox @UniversFreebox Oui pareil, apparemment il y a une panne;EricKoeberle;Eric Koeberle;316024479;1.814365932426539e+18;Plainte service;2024;7;18;4
1,81E+18;2024-07-19 18:26:49+00:00;@VictorPivertOff @Freebox Idem dans le 27, bloqué à l'étape 6. :(;atchworks;atchworks;542630326;1.8143660355180547e+18;Autre;2024;7;18;4
1,81E+18;2024-07-19 18:27:01+00:00;@Alinolord @Freebox ERREUR 20-FF: L'authentification a échoué @Freebox ?;SuperAlexKidd;VegAlex;34292257;1.8143639246845176e+18;Autre;2024;7;18;4
1,81E+18;2024-07-19 18:27:16+00:00;@free Bonjour Free ! Incidents en ce moment en fibre sur la France ? Dans l’Herault ? Béziers ? Merci de votre réponse;JayDeforges;Jérôme Deforges;428193798;;Question technique;2024;7;18;4
1,81E+18;2024-07-19 18:27:17+00:00;@free plus d’internet depuis 45 mn ??;herv964;Herve Berthault;281046407;;Autre;2024;7;18;4
1,81E+18;2024-07-19 18:28:26+00:00;https://t.co/rqv4msMU5R Et sa continue maintenant internet @Freebox #Freebox  qui fonctionne plus merde 🤬😤;LePatis799;Pastry-Chef-799😔😕🥺;783244609;;Autre;2024;7;18;4
1,81E+18;2024-07-19 18:28:27+00:00;@Free_1337 @free @freemobile ont en parlent du bug Oqee impossible de regarder la tv !!!!!!;WillmenDk;Willmen_;1722959738;;Plainte service;2024;7;18;4
1,81E+18;2024-07-19 18:28:47+00:00;@Freebox PROBLème de télé, impossible d'accéder aux chaînes : erreur dash 1302. personne ne répond au 3244 alors qu'il est censé être ouvert jusqu'à 21h,;didi69220159758;di di;1,65E+18;;Plainte service;2024;7;18;4
1,81E+18;2024-07-19 18:29:02+00:00;@Clank_gk @free @OQEEbyFree Erreur egalement de mon coté.\nEt l'appli ne marche pas non plus.;liyes_had;Liyes Had;1,43E+18;1.8143648224081802e+18;Autre;2024;7;18;4
1,81E+18;2024-07-19 18:30:18+00:00;@EricGhaffar @LCI @RMCStory @RMCDecouverte @Freebox Ça bloque à etape 6 chez moi;paslamoindrid;pasco;1658839993;1.8143659410456049e+18;Autre;2024;7;18;4
1,81E+18;2024-07-19 18:30:20+00:00;@Alinolord @Freebox Quand tu appel sa sonne pas et ça nous dit que c’est un numéro non attribué.;pik971;lu.97x;8,97E+17;1.8143639246845176e+18;Autre;2024;7;18;4
1,81E+18;2024-07-19 18:31:38+00:00;@Alinolord @Freebox Idem. Site inaccessible et 3244 injoignable.;Petite_Tulipe_;Petite Tulipe 🌷;7,87E+17;1.8143639246845176e+18;Autre;2024;7;18;4
1,81E+18;2024-07-19 18:31:43+00:00;@GaelBresson @Freebox Pareil;Vlegallic;Vincent Le Gallic;79957933;1.8143656298830031e+18;Autre;2024;7;18;4
1,81E+18;2024-07-19 18:31:56+00:00;@sebravoisier @Freebox @UniversFreebox Oui pareil ici !;Talucinha;Talucinha;572927492;1.814365932426539e+18;Autre;2024;7;18;4
1,81E+18;2024-07-19 18:32:00+00:00;@Free_1337 @Freebox @free @UniversFreebox @freeboxdemerde \n#freeboxultra #PireBoxDuMonde \nDéjà un débit pourrit, la tv qui freeze comme de l’adsl et la carrément rien qui marche ce soir et pour prévenir de l’incident ça ne marche pas non plus ;naya5413;Stéph 🏴‍☠️🐦‍⬛;1,23E+18;;Question technique;2024;7;18;4
1,81E+18;2024-07-19 18:32:13+00:00;@Freebox c’est vraiment le pire service qui existe;3arrbi216;🇹🇳عماد🇵🇸;2186366798;;Autre;2024;7;18;4
1,81E+18;2024-07-19 18:32:34+00:00;@free \n\nOn est vendredi soir. Je n'ai plus aucune chaîne de télévision depuis une demi-heure. Aucun accès non plus à l'assistance en ligne (page d'erreur) ou par téléphone 'ne répond pas).\n\nEtonnamment ça commence à me gonfler.;tadupokpok;Tadugl |⚽💙🤍| 🏴‍☠️;1,36E+18;;Autre;2024;7;18;4
1,81E+18;2024-07-19 18:32:46+00:00;@Freebox hello, gros soucis ce soir, impossible de joindre le 3244 et freebox pop bloquée en étape 6. Que se passe t il ?? Crowstrike vous joue aussi des tours ? Commune de Brignais;cedrictw;Cédric B.;67567281;;Autre;2024;7;18;4
1,81E+18;2024-07-19 18:32:58+00:00;@sebravoisier @Freebox @UniversFreebox Moi en Normandie freebox bloqué étape 6;LaurentLecomte8;Laurent Lecomte;1,47E+18;1.814365932426539e+18;Autre;2024;7;18;4
1,81E+18;2024-07-19 18:33:28+00:00;@GaelBresson @Freebox Pareil ile de France !;YohanCIp;Ciprian Curt;710901226;1.8143656298830031e+18;Autre;2024;7;18;4
1,81E+18;2024-07-19 18:33:50+00:00;@sebravoisier @Freebox @UniversFreebox Même chose dans hérault.;iF_batidoux_34;batidoux34;8,32E+17;1.814365932426539e+18;Autre;2024;7;18;4
1,81E+18;2024-07-19 18:33:57+00:00;@sebravoisier @Freebox @UniversFreebox Pareil dans le 94. Mais ça fait un moment que je rencontré des problèmes avec Free malgré un changement de box récent...;DeQuiSeMokeTon;DeQuiSeMokeTon ⁉️;392617956;1.814365932426539e+18;Plainte service;2024;7;18;4
1,81E+18;2024-07-19 18:34:01+00:00;Il y’a une panne chez free ou quoi? Ma box est bloqué à l’étape 6 @Freebox @free;whatizdiss;whatizdiss;1,68E+18;;Plainte service;2024;7;18;4
1,81E+18;2024-07-19 18:34:59+00:00;@sebravoisier @Freebox @UniversFreebox Pareil (Paris);Brig__21;Brigitte_D;299746883;1.814365932426539e+18;Autre;2024;7;18;4
1,81E+18;2024-07-19 18:35:06+00:00;Help @Freebox je suis bloqué a l étape 6 et votre service client est injoignable. Une idée svp ?;Fredaprilia;Del Pozo Frederic;304364079;;Plainte service;2024;7;18;4
1,81E+18;2024-07-19 18:35:16+00:00;@free Help Free plis d'internet et impossible de vous joindre par téléphone ☎️;liloun67;Lili Bulle;1,46E+18;;Demande d'aide;2024;7;18;4
1,81E+18;2024-07-19 18:35:19+00:00;@Freebox @free  ENCORE EN PANNE SUR BESANÇON … MAIS C’EST QUOI CE BORDEL DEPUIS 2MOIS ????\n#freebox #Free @Xavier75;__lucinda___;Lucinda ⭐️;1,67E+18;;Plainte service;2024;7;18;4
1,81E+18;2024-07-19 18:35:38+00:00;@OLPLAY_Officiel Impossible de regarder le match sur ma box free, quelqu un a des infos ? 🥹\n\n@Freebox;c_csensei;CCsensei;1,40E+18;;Autre;2024;7;18;4
1,81E+18;2024-07-19 18:35:39+00:00;@sebravoisier @Freebox @UniversFreebox Idem dans le 34;Acedu34;Ace974🇷🇪;86798927;1.814365932426539e+18;Autre;2024;7;18;4
1,81E+18;2024-07-19 18:35:43+00:00;Le fait que la télé par @free soit HS m'emmerde un peu plus...;Tracksweb;Tracksweb / Bertrand;62506572;;Plainte service;2024;7;18;4
1,81E+18;2024-07-19 18:35:52+00:00;@sebravoisier @Freebox @UniversFreebox 62 aussi;Jack_Arnaud94;Jokar;4160208673;1.814365932426539e+18;Autre;2024;7;18;4
1,81E+18;2024-07-19 18:36:29+00:00;#panne freebox probleme connexion  @free;So0609930698002;Sooppp;1,75E+18;;Plainte service;2024;7;18;4
1,81E+18;2024-07-19 18:36:30+00:00;@Acedu34 @sebravoisier @Freebox @UniversFreebox Pareil dans le 95 :(;fleurdesiles272;Vanessa;219420911;1.8143685195065508e+18;Autre;2024;7;18;4
1,81E+18;2024-07-19 18:36:33+00:00;@sebravoisier @Freebox @UniversFreebox En panne aussi;Il_YOUS;Yass-il;7,96E+17;1.814365932426539e+18;Plainte service;2024;7;18;4
1,81E+18;2024-07-19 18:36:37+00:00;@Freebox Freebox, impossible de vous joindre par téléphone au 3244 pourtant c’est ce numéro que vous communiquez. Depuis ce matin des gros problèmes de réseaux, impossible de regarder la TV la ça commence à me chauffer en plus on ne peux pas vous;LovFrenchFries;LovFrenchFries 🍟;125986574;;Plainte service;2024;7;18;4
1,81E+18;2024-07-19 18:36:59+00:00;@Freebox bonsoir voilà encore une fois  free ne fonctionne pas reste bloqué sur le 6 😡😡😡;lesud65;lesud65;1,57E+18;;Plainte service;2024;7;18;4
1,81E+18;2024-07-19 18:37:07+00:00;@sebravoisier @Freebox @UniversFreebox Depuis une 30 aine de minutes , internet marché sans problème mais freeze tv sur certaine chaîne,  je redémarre ma box puis pouff étape 6 et sa mouline ( haute garonne);yoshispower;amariall;3003897308;1.814365932426539e+18;Plainte service;2024;7;18;4
1,81E+18;2024-07-19 18:37:24+00:00;@sebravoisier @Freebox @UniversFreebox Idem 93;BarakaSohaan;Nadir93T 🇩🇿🇵🇸;1,38E+18;1.814365932426539e+18;Autre;2024;7;18;4
1,81E+18;2024-07-19 18:37:59+00:00;@free serait touché par la #panne numéro injoignable, services qui ne fonctionnent plus. Je ne pense pas que se soit un hasard. #pannemondiale;TendanceRap1;crocs qui pique;1,25E+18;;Plainte service;2024;7;18;4
1,81E+18;2024-07-19 18:38:00+00:00;@Freebox bonsoir,\nBloqué en étape 6 depuis 20 minutes.\nImpossible non plus d'accéder à support free.\nQue se passe-t-il ?;DenisAynie;Denis Ayniė;487326263;;Autre;2024;7;18;4
1,81E+18;2024-07-19 18:38:02+00:00;@GaelBresson @Freebox Idem paca impossible de tel au 3244;JonP26;John;394067712;1.8143656298830031e+18;Autre;2024;7;18;4
1,81E+18;2024-07-19 18:38:51+00:00;@free bonjour. J'ai demandé un dédommagement pour les nombreux dysfonctionnements que je subis sur votre réseau et depuis je suis devenue personne non grata et silence radio de votre part. Vous trouvez ça normal et correct ?;AlexiaMarmont;Alexia M;42893892;;Autre;2024;7;18;4
1,81E+18;2024-07-19 18:38:55+00:00;@Freebox plus de télé et plus internet.\nJe suis bloqué étape 6 de la Freebox à Marseille...;Skyphal21;Phal Sophan;1,57E+18;;Autre;2024;7;18;4
1,81E+18;2024-07-19 18:48:24+00:00;@nach_mum @Freebox moi c’est juste les chaînes, le wifi fonctionne encore chez moi mais c’est vrai que c’est relou a mort là 💀💀;5atuurn_;Gowon v2;1,33E+18;1.814370539856634e+18;Question technique;2024;7;18;4
1,81E+18;2024-07-19 19:02:44+00:00;Hello @free ! On n’a plus de wifi … malgré un reboot, la box reste bloquée en étape 6 \nQue faire ? \nOn n’arrive pas à se connecter à notre compte client non plus (sur le net ou sur l’appli !)\n@Freebox #Free #FreeBox;mattspears83;mattspears83;215952179;;Question technique;2024;7;19;4
1,81E+18;2024-07-19 19:30:21+00:00;@sebravoisier @Freebox @UniversFreebox Idem dans le 17;vv35sissitwitte;simonet;2724255433;1.814365932426539e+18;Autre;2024;7;19;4
1,81E+18;2024-07-19 19:31:59+00:00;⚠#PANNE  FREEBOX EN COURS⚠\n 📡20 freenautes ont signalé des pannes #Internet dont 19 sur le réseau #fibre de #Free depuis 18h15\n🌍Villes concernées : Meaux (77100), Nanteuil-lès-Meaux (77100), Crégy-lès-Meaux (77124), Villenoy (77124)\n⬇️⬇️⬇️\nhttps://t.co/5syXsuGnbR;zoneadsl_panne;Pannes Internet et Mobile;1,59E+18;;Plainte service;2024;7;19;4
1,81E+18;2024-07-19 20:02:44+00:00;@Arverne69 @c_csensei @Freebox Panne chez Free malheureusement…;OLPLAY_Officiel;OLPLAY;989162150;;Plainte service;2024;7;20;4
1,81E+18;2024-07-19 20:38:13+00:00;@Freebox  moi quand l'heure de ma Freebox est revenu et quand la tv ne marche pas du tout je sais pas quoi vous jouez à part prendre l'argent vous faites quoi #Freebox à part de mettre touche temps en panne les autres bande de voleurs https://t.co/O56OA;Jejeninho91;Jeremy Lefebvre;1,60E+18;;Plainte service;2024;7;20;4
1,81E+18;2024-07-20 21:57:04+00:00;.@free vous êtes le pire opérateur c’est terrifiant;RZN_FN;RZN🧢;9,37E+17;;Plainte service;2024;7;21;5
1,81E+18;2024-07-20 22:16:08+00:00;@alialablg @free nan mais la box stp j'ai jamais vu ca;RZN_FN;RZN🧢;9,37E+17;1.8147855162414044e+18;Autre;2024;7;22;5
1,81E+18;2024-07-21 08:39:17+00:00;Même chose ici pour mon épouse alors que moi ça fonctionne.\n@Freebox , @Xavier75  : ce n’est pas la première fois que ça arrive, ça serait bien que ces boîtes fonctionnent normalement très rapidement.;SuperCyprien;SuperCyprien;437570333;;Autre;2024;7;8;6
1,81E+18;2024-07-21 10:00:28+00:00;@free @Freebox Et ce qui est très très énervant 😡 c’est que @free ils font les morts ! \nGenre l’assistance est censée t’appeler en 45mn … ça fait 1h30 et aucun appel ou message ! \nService calamiteux ! \n@Freebox : votre SAV est nul ! Sac;mattspears83;mattspears83;215952179;1.8149423400725507e+18;Autre;2024;7;10;6
1,81E+18;2024-07-21 11:05:08+00:00;@Freebox bug souscription;BrandonPer34331;brandon perard;1,74E+18;;Plainte service;2024;7;11;6
1,82E+18;2024-07-21 13:00:47+00:00;@Free_1337 @Freebox @freeboxdelta @UniversalPlusFR pourquoi j'ai sa, quand je regarde un programme sur Universal+ ? https://t.co/92tvgMnkhu;guerin_morel;Guerin-Morel Dimitri;1,31E+18;;Question technique;2024;7;13;6
1,82E+18;2024-07-21 18:03:23+00:00;@Freebox bonjour, pb des flux vidéo sur Massy 91 fibre ! Coupure régulières.\nPendant les matchs c est insupportable ! Attention pas de ça pendant les jo.\nPas de mail non plus.;PhMarechal;philippe.marechal;3402347253;;Plainte service;2024;7;18;6
1,82E+18;2024-07-21 18:52:11+00:00;On préfère la eligue1 avec @MGG__TV;laleloulelo;Teddy;51036504;;Autre;2024;7;18;6
1,82E+18;2024-07-21 18:54:49+00:00;Enfin quand ça marche hein @free ?? https://t.co/XTkryXS7Ma;laleloulelo;Teddy;51036504;1.81509745745116e+18;Autre;2024;7;18;6
1,82E+18;2024-07-21 21:36:26+00:00;eh @free !!! Votre fameux wifi 7 et vos répéteurs sont nuls de chez Nils. La box ultra plus 3 répéteurs sont bien en dessous des trois Google que j'avais. Vous vendez du rêve , mais c'est surtout du bas de gamme made in pourrave.;Leperefuetar;Tonade;1,68E+18;;Question technique;2024;7;21;6
1,82E+18;2024-07-21 21:41:28+00:00;OUAIS C’EST BON J’AI COMPRIS EN VRAI LES COUPURES DE CONNEXION TT LES 2/3MOIS OU J’AI PLUS DE CO PDNT 3/4jours ACTIVE VITE @Freebox;sksksksksidii;mrwn;1,57E+18;;Plainte service;2024;7;21;6
1,82E+18;2024-07-22 07:38:20+00:00;Bonjour @Freebox @Free_1337 plus de d accès a ma boîte mail depuis 72h via zimbra ou imap un délai de résolution ? https://t.co/S1qJfR5cJX;jackus35;Jackus35;42599523;;Autre;2024;7;7;0
1,82E+18;2024-07-22 07:43:16+00:00;@Freebox Bonjour petite question, vendredi on me dit que vous avez reçu une demande d’écrasement de ligne. Que nous n’avons jamais demander, et que pour annuler cela je dois vous contacter. Je le fais on me dis que l’écrasement ne sera pas fais, ;BPioupiou;BeTa_PiouPiou;1,07E+18;;Plainte service;2024;7;7;0
1,82E+18;2024-07-22 10:39:26+00:00;Bonjour @Free_1337 des nouvelles concernant l'étape 3D rencontrée sur certains freebox dans la région Nantaises ? un ETA de prévisionnel ? Merci (cc @Freebox );tutosfaciles48;tutosfaciles48;1095871358;;Info/Annonce;2024;7;10;0
1,82E+18;2024-07-22 11:00:06+00:00;Les mails Free touchés par un problème, de nombreux abonnés n’y ont plus accès https://t.co/IlTODTUyQl https://t.co/4o8UNgUIsO;UniversFreebox;Univers Freebox;56603918;;Plainte service;2024;7;11;0
1,82E+18;2024-07-22 11:13:29+00:00;@free serait-il possible de ce joindre par message privé;XILOTHOR_;RedbullClope;1,27E+18;;Autre;2024;7;11;0
1,82E+18;2024-07-22 11:43:40+00:00;Tintin il a autant de meufs ???????? https://t.co/2U7r4gFzlQ;scarabaie;🐀lesbian redneck;3303983615;;Autre;2024;7;11;0
1,82E+18;2024-07-22 12:51:50+00:00;@Xavier75  @free \nDes années chez Free 44€/mois \nImpossible de profiter des chaines TV, 4KM le ligne ADSL. \nDes mois de contact avec le support pour une avancée fibre, toujours en attente, que faire ? La 5G ? Pas stable et 5mo's, https://t.co/dFZf0;chofrode;Chofrode;1,26E+18;;Question technique;2024;7;12;0
1,82E+18;2024-07-22 13:56:50+00:00;Jour de reprise en télétravail et merci @free !\n@Xavier75 faudra me faire une lettre pour mon patron j’ai des brouettes de mails à traiter !!! 😅 https://t.co/pp6L4IkgDH;TokRa14;Tok-Ra 🇫🇷 - 🇺🇸 🤠;1462231969;;Autre;2024;7;13;0
1,82E+18;2024-07-22 14:18:44+00:00;Bientôt 20 jours que j'ai pas internet chez moi. @free vous allez me rembourser mon mois;Im_Eezy;L'homme à la fossette ® 😌;236606290;;Autre;2024;7;14;0
1,82E+18;2024-07-22 15:16:04+00:00;Fav si t’as déjà croisé cette télécommande dans ta vie, c’est pour une étude personnelle. https://t.co/iyTJ30zIUC;free;Free;252263949;;Autre;2024;7;15;0
1,82E+18;2024-07-22 16:56:45+00:00;@free La mienne les bouton marchent plus depuis des années.;LArideEtVide;L'Aride et Vide;9,27E+17;1.8154054588759905e+18;Autre;2024;7;16;0
1,82E+18;2024-07-22 17:13:19+00:00;@free C'est combien pour la Freebox révolution ?;pyrams715;Pyram's;1,55E+18;1.8154054588759905e+18;Autre;2024;7;17;0
1,82E+18;2024-07-22 17:55:20+00:00;@free Ben voui je la croise quotidiennement sauf qu'elle ne fonctionne plus et que j'ai pas envie de payer pour son remplacement pk ce matériel ne m'appartient pas .du coup je fais avec une appli merdique emplie de pub .depuis quand on paie pour remplace;LaurenceLolo9;cogito ergo sum;1,34E+18;1.8154054588759905e+18;Autre;2024;7;17;0
1,82E+18;2024-07-22 18:21:16+00:00;@free Moi, et pluuuuus jamais, c'est de la merde ca bug tout le temps;GwadyZohan;Gwady*Zohan;3240874977;1.8154054588759905e+18;Plainte service;2024;7;18;0
1,82E+18;2024-07-22 18:27:29+00:00;@free Mdrrr mon père l'a encore, aidez le svp.;HeRz____;HeRz;2557121378;1.8154054588759905e+18;Demande d'aide;2024;7;18;0
1,82E+18;2024-07-22 19:33:22+00:00;@free Mouais avant de faire de la récup arrêter de vs comporter comme des voleurs. Dès que je rentre de vacances ça sera les feux de l'enfer pour vous, j'ai déjà prévenu les trisos de vos plateformes téléphoniques mais visiblement votre service c;Nico88919191;हृदयानन्द;1,61E+18;1.8154054588759905e+18;Plainte service;2024;7;19;0
1,82E+18;2024-07-22 19:42:17+00:00;@StifflerJeremih @Freebox @coWiqx Moi aussi mdrrrr jsuis bloqué à l’étape 2;yanisck_;y;1,09E+18;1.8154702054366172e+18;Autre;2024;7;19;0
1,82E+18;2024-07-22 19:44:15+00:00;@jackus35 @Freebox @Free_1337 via imap/smtp de free impossible de se co sur zimbra aussi;aymeric_ren;Aymeric - Enjoy2K;1,80E+18;1.815472627000947e+18;Autre;2024;7;19;0
1,82E+18;2024-07-22 20:20:10+00:00;@free Oui et vraiment de u d'avoir fait confiance a côté marque car franchement emmerdes sur emmerdes pour la box maison.. 🫣;TelmarBzh;News et divers;532204491;1.8154054588759905e+18;Autre;2024;7;20;0
1,82E+18;2024-07-22 20:56:52+00:00;@yanisck_ @Freebox @coWiqx J’imagine pas de réponse de leur part également ? J’ai envoyé un message à 10h via à l’application et je me suis rendu en boutique pour avoir un conseiller sans succès… je pense qu’il est grand temps d’aller vo;StifflerJeremih;Kai;487794123;1.815472452387959e+18;Autre;2024;7;20;0
1,82E+18;2024-07-22 21:18:07+00:00;@free On en parle quand de la panne vendredi dernier ?;perso_dep;pt;2958756179;1.8154054588759905e+18;Plainte service;2024;7;21;0
1,82E+18;2024-07-22 21:25:21+00:00;@Freebox bonsoir, j'ai toujours des gros problèmes avec les services télé sur ma Freebox. La panne se poursuit depuis vendredi soir... Savez-vous quand cela sera résolu ? Merci d'avance;musiqueapapa;lamusiqueapapa;120129971;;Plainte service;2024;7;21;0
1,82E+18;2024-07-22 22:16:38+00:00;@free Ça serait possible de donner des informations aux abonnés concernant la panne qui dure depuis vendredi sur les boîtes mail zimbra? J'attends des mails importants et là ça commence à être long!;Greg314565;Greg;1,67E+18;1.8154054588759905e+18;Plainte service;2024;7;22;0
1,82E+18;2024-07-22 23:02:17+00:00;@free vous devriez augmenter vos prix peut être que sa réduira les 200 pannes qu'on a chez vous chaque mois.. 😮‍💨;YouxiLevrai;Youxi;1,43E+18;;Plainte service;2024;7;23;0
1,82E+18;2024-07-23 02:44:05+00:00;@free Oui. J'ai eu la Freebox révolution pendant plus de dix ans.;johnny_guitare;EMMANUEL REGENWETTER;255934702;1.8154054588759905e+18;Autre;2024;7;2;1
1,82E+18;2024-07-23 04:19:22+00:00;@Freebox c’est quoi sa pk ma free elle fais que de se redémarrer la il est 6h vous jouez a quoi la;raskodub;Rayan😍;1,63E+18;;Autre;2024;7;4;1
1,82E+18;2024-07-23 04:30:28+00:00;@free toujours pas de boîte mail depuis vendredi soir et toujours pas de communiqué sur le problème !!!!;belloc_deborah;Deb;1,15E+18;;Plainte service;2024;7;4;1
1,82E+18;2024-07-23 06:12:20+00:00;@TokRa14 @free @Xavier75 Heureusement, ton forfait free te permet de travailler avec ta 5/4G\nAhhhh non, c'est vrai, quand les Freebox ne fonctionnent pas, le réseau non plus.;ImHeartBtz;ℍ𝕖𝕒𝕣𝕥𝔹𝕥𝕫🇨🇵;2562333993;1.8153855182233644e+18;Autre;2024;7;6;1
1,82E+18;2024-07-23 07:33:31+00:00;Je sui a laeropor bisouuuu je manvol https://t.co/tU182tsZRJ;free;Free;252263949;;Autre;2024;7;7;1
1,82E+18;2024-07-23 08:00:18+00:00;@TokRa14 @free @Xavier75 J’ai eu ça pendant 3 mois, un camion a heurté l’armoire fibre de mon quartier. Clairement à part être patient free ne propose rien, le pire c’est que j’ai été obligé de prendre un abonnement 4g à mes frais pour sur;2d441980;2d441980;301609928;1.8153855182233644e+18;Question technique;2024;7;8;1
1,82E+18;2024-07-23 08:13:55+00:00;@free Merci @free Oui c'est bien ça mais ça serait pas mal de régler le pb de connexion au mails via Zimbra ou imap.... impossible d'avoir ces mails depuis 5 jours maintenant 😭😭;BS7473;Bruno Servonnet;7,79E+17;1.8156514402762263e+18;Question technique;2024;7;8;1
1,82E+18;2024-07-23 08:37:00+00:00;@Freebox @Free_1337 Freebox Delta Fibre bloquée en étape 3 depuis hier. Secteur 14320 SAINT-MARTIN DE FONTENAY. On me signale un incident collectif. Plus d'infos SVP ?;ludovic14860;Ludovic LE GUENNEC;547132128;;Demande d'aide;2024;7;8;1
1,82E+18;2024-07-23 08:58:37+00:00;@free 🇫🇷 ALERTE INFO | Plus d'email depuis 5 jours et 0 communication de @free  qui n'en a rien à foutre des pigeons que sont les clients.;artworkatwork;L’ail ibère 雨男;312906965;1.7975699140157809e+18;Autre;2024;7;8;1
1,82E+18;2024-07-23 09:16:22+00:00;@free @scarabaie Votre co la pas ouf;Chimene59500;Chimène Cartier;1,79E+18;1.815418761173721e+18;Autre;2024;7;9;1
1,82E+18;2024-07-23 09:19:10+00:00;Bonjour @Freebox  jamais vous répondez sur WhatsApp ? J ai commandé la nouvelle box ultra je veux me rétracter. Je vous l ai signifié, vous ne répondez pas, UPS me prévient que le colis est expédié ,il sera refusé.;sarkasme76;SΔRKΔSME 🦊;215290401;;Info/Annonce;2024;7;9;1
1,82E+18;2024-07-23 09:45:35+00:00;@Freebox Bonjour \n\nPossible d'échanger un dm ?;GoriTigerlol;Nautiluz;7,70E+17;;Autre;2024;7;9;1
1,82E+18;2024-07-23 10:08:11+00:00;@free vous pouvez répondre à vos putain de clients ?! Je n’ai pas de connexion et impossible de vous joindre depuis 12h bande d’incompétents;Thouralith4;Thouralith;1,77E+18;;Plainte service;2024;7;10;1
1,82E+18;2024-07-23 10:31:55+00:00;@Freebox Bonjour depuis hier 23h je n’ai plus internet la box s’allume rouge, et est bloqué à l’étage 2. J’ai essayé d’appeler une dizaine de fois on me renvois vers une assistance en ligne qui eux ne me répondent pas depuis 8h;the_kurosan;kaitoSan;1,74E+18;;Autre;2024;7;10;1
1,82E+18;2024-07-23 10:39:25+00:00;@Freebox J’attends toujours une reponse depuis quasi 24h sans connexion et personne ne répond. Je vais passer chez orange vous êtes des incompétents;Thouralith4;Thouralith;1,77E+18;1.8156908528422587e+18;Question technique;2024;7;10;1
1,82E+18;2024-07-23 11:03:39+00:00;@free Au lieu de faire des blagues, réglez vos problèmes de panne ! 3 jours sans wifi (en plein tt) + ma tv est bloquée à l’étape 2, service client de mes couilles avec vos call center dans je ne sais quel pays du monde.;titux_390;TATIANA;1,55E+18;1.8156514402762263e+18;Plainte service;2024;7;11;1
1,82E+18;2024-07-23 11:54:14+00:00;@Freebox votre livreur a déposé le colis fait une photo et est reparti avec le colis et est parti avant que l'on puisse arriver;P5Lawrence;ǝɔuǝɹʍɐʅ \o/ 🜃;161774599;;Autre;2024;7;11;1
1,82E+18;2024-07-23 13:37:23+00:00;@Freebox bonjour, problème sur le freebox player de ma mère.\nImpossible d'utiliser le timeshifting et quand elle allume sa télé elle tombe toujours sur la mosaïque...Une idée du problème?;kevin29roy;CookMaster;469395253;;Plainte service;2024;7;13;1
1,82E+18;2024-07-23 14:48:44+00:00;@free bonjour, possibilité d’avoir des infos sur le raccordement impossible à la fibre chez vous ?;dam_mtd;Dam_mtd;235991930;;Question technique;2024;7;14;1
1,82E+18;2024-07-23 15:20:11+00:00;@free @Free_1337 @Freebox on en parle de vos techniciens qui ne viennent jamais ? En 3 rendez vous 2 plan foireux ? Vous pensez que notre temps ainsi que nos CP sont en illimité ? 50€ d’abonnement pour ça vrmt ?;warzouz38;Warzouz;2335090142;;Réclamation RDV;2024;7;15;1
1,82E+18;2024-07-23 16:18:36+00:00;@free vous n’avez plus d’assistance pour la box? Comment se fait il que depuis hier soir 23h personne ne me répond concernant ma panne;the_kurosan;kaitoSan;1,74E+18;;Plainte service;2024;7;16;1
1,82E+18;2024-07-24 07:03:57+00:00;Pour cet été, @Free sort le grand jeu et a dimensionné spécialement ses infrastructures mobiles pour l'afflux de touristes en France. \nAvec des événements culturels et sportifs d’exception, nous avons ajouté des sites mobiles provisoires (pylônes ou remorques) et renforcé les 4G/5G à certains déjà existants, aux endroits où nous attendons le plus d’affluence. \nDes projets qui ont parfois nécessité 2 ans de travail pour vous offrir une couverture spécifique d’envergure.🚀;Free_1337;Free 1337;1,44E+18;;Autre;2024;7;7;2
1,82E+18;2024-07-24 10:56:04+00:00;@Free j’ai un gros soucis avec votre service litige qui ne donne plus de nouvelles !! Ou vos prestataires qui fixent des rendez-vous et ne se présentent pas sans donner d’explications. J’ai pris une journée de travail pour rien ! L’installation ;Lou__y;Lou;1,68E+18;;Question technique;2024;7;10;2
1,82E+18;2024-07-24 13:26:41+00:00;@Free_1337 @free Free j’vous aime bien mais depuis la panne vendredi j’ai que des crash internet. Je ne peux également pas regarder la TV correctement ainsi que jouer en ligne;Ness92izi;Nemesis;4069935863;1.8160063885076073e+18;Plainte service;2024;7;13;2
1,82E+18;2024-07-25 09:10:42+00:00;@Orange_France ,@free \nDes soucis sur nailloux 31560 ?\nDes problèmes peut être ?\nA priori 3 ou 4 zones touchées… https://t.co/tX6DxnOfs2;tcorrege;Thomas Corrège;82068871;;Plainte service;2024;7;9;3
1,82E+18;2024-07-26 07:13:58+00:00;[Incendie] Un incendie s’est déclaré ce matin au nœud de raccordement de Saint-Orens-de-Gameville (31), proche de Toulouse, dans la zone technique d’un tiers. Plus de 2.000 abonnés fixes @free se retrouvent sans services.\nNos équipements ont été impactés par l’incendie et sont actuellement inaccessibles car le toit s'affaisse et rend l’accès dangereux. De gros travaux sont à prévoir avec des délais de rétablissement rallongés sur ce type d’incident.;Free_1337;Free 1337;1,44E+18;;Autre;2024;7;7;4
1,82E+18;2024-07-26 09:58:40+00:00;J’suis censé aller où avec ça @free @Freebox ?? https://t.co/rLxIy9yn1b;queIamiff;ً‏ً^;3044978877;;Autre;2024;7;9;4
1,82E+18;2024-07-26 14:43:00+00:00;@Freebox Bonjour, je vous ai DM;anthony0774;Anthony;97730042;;Autre;2024;7;14;4
1,82E+18;2024-07-26 18:35:56+00:00;@free We c’est sale quand je joue j’ai 20 Ms alors que je suis fibre câble plus sa m’enlève le jeu sa me met connexion modifier chaque fois je vais aller chez bouygue hyn;Cloxywkkkkk;Cloxyfv-🇦🇱;1,49E+18;1.8156514402762263e+18;Question technique;2024;7;18;4
1,82E+18;2024-07-26 22:23:24+00:00;@free @Freebox SVP C’EST POSSIBLE DE RÉTABLIR LA CONNEXION ÇA FAIT 3J Y’A DES COUPURES DE CONNEXION AJD ÇA FAIT 10H J’AI PAS DE WI-FI LA SEULE SOLUTION C’EST CHANGÉ D’OPÉRATEUR ?;FaucetFailureUh;KC يعقوب 🇹🇷;4824812159;;Plainte service;2024;7;22;4
1,82E+18;2024-07-27 06:28:13+00:00;Bonjour, le bordereau de renvoi de matériel ne marche pas même après plusieurs essais dans différents points relais, la date d’envoi à expirer il y a quelques jours (2 pour être plus precise), est-ce tjrs possible d’envoyer le colis, si oui comment ? @Freebox  @free @freemobile;blogforluv;صابرين;1516779583;;Question technique;2024;7;6;5
1,82E+18;2024-07-27 06:33:54+00:00;@free @AssistanceFree \n\nComment résilier mon abonnement ? Votre site me demande de me reconnecter, mais rejette mes identifiants valides. J'ai déménagé hors de France. Pouvez-vous résilier mon abonnement ?;Sheets_1997;Sheetal Reddy;7,83E+17;;Question technique;2024;7;6;5
1,82E+18;2024-07-27 09:47:22+00:00;Gros problème de réseau actuellement chez @free via la fibre.\nPlus d’accès internet.\nÉtonnamment la box affiche l’heure mais ne semble pas ne pas réussir à se connecter et il est même impossible d’accéder à l’interfaces de la box via le lien https://t.co/sxoY8Rl5TJ\n\nJ’espère que vous avez abandonné ces histoires d’interfaces qu’on ne peut accéder que via un putain de lien qui a besoin du DNS on pouvait pas en rester à une adresse IP à la con quoi qu’il en soit je suis pas le seul dans ce cas de figure actuellement j’espère que c’est une putain d’attaque et que ça détruira les infrastructures au moins je serai un peu indulgent sinon j’ai juste envie de foutre le feu à tous vos réseaux;K_Ermite;K.ermite 🇫🇷;196051671;;Plainte service;2024;7;9;5
1,82E+18;2024-07-27 09:47:56+00:00;@Free_1337 @free merci de nous informer del' avancement des travaux à St-Orens De Gameville.\nMerci.;VinceGir;gir. Vince;973582688;1.8167336869324065e+18;Autre;2024;7;9;5
1,82E+18;2024-07-27 09:54:18+00:00;Bonjour @Xavier75  @Freebox @Free_1337 \n\nPensez vous que répondre cela a vos clients c'est '' \n commercial '' ???\n\nCela fait deux ans que les problèmes récurents du réseau Adsl fixe d' @Orange_conseil  me coupent mon accés internet plus d'un tiers de l'année avec un débit indécent en 2024 ( il l'était déja en 2018 ! )\n\nJe pense qu'il est peut etre temps de secouer l'opérateur historique non ???\nCar je suis dans la @CASAOfficiel et a moins de 5 Km de la 1ere technopole d'Europe ...;sdraperi;Steph Draperi;23222230;;Plainte service;2024;7;9;5
1,82E+18;2024-07-27 16:10:43+00:00;@GaelBresson @Freebox Bonjour. Depuis 2 jours  la Freebox ne marche plus elle reste bloquée à l'étape 2 y a-t-il des problèmes de réseau dans la Loire;Mu_riel42;muriel;1,26E+18;1.8143656298830031e+18;Plainte service;2024;7;16;5
1,82E+18;2024-07-27 16:16:25+00:00;@Freebox Bonjour j'ai un code Erreur de lecture 1330 avec l'application oqee sur ma télé LG.\nJe ne trouve rien dans votre site concernant ce code d'erreur.;JR_Miel;Jean-Roger MIEL;469181681;;Autre;2024;7;16;5
1,82E+18;2024-07-27 16:31:45+00:00;Hey @Freebox ! Ça vous arrive de décrocher au 3244 des fois ou bien ça devient comme les médecins faut prendre RDV 6 mois plus tôt ?;MaUnScOt;MaUnScOt;1109882365;;Réclamation RDV;2024;7;16;5
1,82E+18;2024-07-27 18:02:22+00:00;@Freebox ça serait bien d'arrêter de faire les morts, et de répondre et d'arrêter avec cette putains de boîte vocal quand on veut parler à un humain !!;RLY_M0nsTeR;⚜️Thomas⚜️ | Xboxlive.fr;1154164213;;Autre;2024;7;18;5
1,82E+18;2024-07-27 19:54:09+00:00;https://t.co/o7j912jN7f\nJe voulais faire le Panthéon, j'ai changé d'avis..;JennyPeachTV;JennyPeach;4508190195;;Autre;2024;7;19;5
1,82E+18;2024-07-27 20:17:39+00:00;On dira Merci @free et sa connexion instable qui pue la fiente de pigeon. Le stream tient pas, steam non plus, on adore.;JennyPeachTV;JennyPeach;4508190195;1.817287377561215e+18;Plainte service;2024;7;20;5
1,82E+18;2024-07-28 08:43:11+00:00;Pensée émue pour ceux qui n’ont pas les 5,99€ pour regarder les #JeuxOlympiques sur Max et qui doivent subir les commentaires et coupures du service public.;benderbreizh;Bender Breizh 🐍;301561492;;Plainte service;2024;7;8;6
1,82E+18;2024-07-28 09:12:47+00:00;@free Après une panne nationale de Free sur la TV il y a une semaine, puis panne de quatre jours sur la messagerie, black out sur ma ligne, panne collective depuis le 25 juillet. Pas de date prévisionnelle de rétablissement. Vous ne vous en vantez pas,;lefevre2121;Bérénice21;1,66E+18;1.7975699140157809e+18;Plainte service;2024;7;9;6
1,82E+18;2024-07-28 10:16:58+00:00;@Nonodevil_real @Marie_H_V @benderbreizh @FranceTV @Eurosport_FR @free Je suis chez free mais c'est quoi Max ?;GaranceAmarante;Michel 💛💙;4307307160;1.817489247642739e+18;Autre;2024;7;10;6
1,82E+18;2024-07-28 12:44:40+00:00;@Freebox Bonjour. J'ai pris l'abonnement MAX mais impossible de m'y connecter. Je n'a rien reçu pour activer l'offre. Que faire ? https://t.co/fZ3PNR2edM;Lutverse;Lut;4879141125;;Autre;2024;7;12;6
1,82E+18;2024-07-28 14:20:08+00:00;Hello @PrimeVideoFR je suis abonnée à @free et je peux plus regarder les films et séries USA parce c'est version originale et sans sous titrage. Pourriez pas  faire quelque chose ? Une fidèle cliente;1973claudiakate;1973claudiakate;1670277349;;Autre;2024;7;14;6
1,82E+18;2024-07-28 16:53:28+00:00;@Freebox malgré s être pris 15jours en avance, plus de téléphone plus d internet plus de télé. \nOn nous demande un rdv physique pour régler le problème mais aucune place pour rdv.\nÇa va durer longtemps ?;NamNounou;NounouNam;1,29E+18;;Plainte service;2024;7;16;6
1,82E+18;2024-07-28 19:20:04+00:00;Ma box @free qui ne fonctionne de nouveau plus... ça fonctionne très aléatoirement c'est pénible!!!\nRencontrez-vous le même problème ?\n#OlympicGames;Damien27T;TDamien;1,60E+18;;Plainte service;2024;7;19;6
1,82E+18;2024-07-28 19:31:06+00:00;Très déçue du service client @free . \n2 ans difficiles sur mon adsl: faible débit, interruptions répétées de plusieurs jours, jamais aucun geste commercial. Et maintenant @free me facture plus de 40 euro ma résiliation pour une ligne qui n'a jamais fonctionné comme promis !;PatGoj;Patricia;9,73E+17;;Plainte service;2024;7;19;6
1,82E+18;2024-07-28 20:11:27+00:00;@Freebox @myCANAL j'ai un abonnement canal souscris via ma box, impossible de me connecter sur l'application MYCANAL et vos deux services se renvoient la balle...\n\nÇa commence à bien me gonfler votre histoire.;AnthoOL34;Anthony;1,68E+18;;Autre;2024;7;20;6
1,82E+18;2024-07-28 20:15:17+00:00;@free Attention!\nLors d'une résiliation Free vous prélève le montant des appareils même si vous les renvoyez 📷\n...et ne répond pas aux demandes d'explications...;fw_6416;fw64;1308466981;1.8156514402762263e+18;Autre;2024;7;20;6
1,82E+18;2024-07-28 20:26:35+00:00;Hello @Freebox je n'arrive pas à créer mon compte sur MAX alors que je suis chez moi et Wifi activé. https://t.co/S9PvSZVWF9;Delph69004;Delphine 🇫🇷🛄🇺🇸;592745869;;Question technique;2024;7;20;6
1,82E+18;2024-07-28 20:48:06+00:00;@free Bonjour, je vais perdre tous mes cheveux pour comprendre pourquoi le formulaire pour compléter mon adresse afin de voir pour la fibre ne peut pas être validé ! j'ai rempli tous les champs, mais impossible d'envoyer...je suis à deux doigts de par;_nauplie;Pixie Dust ( ・ω・);7,03E+17;;Question technique;2024;7;20;6
1,82E+18;2024-07-28 20:54:05+00:00;@free Espérons que vous pourrez recruter au plus vite , car attendre plus de 8 jours pour se faire dépanner,  c’est inadmissible, d’autant plus que sur le facture ces 8 jours ne seront pas déduits de la facture . 🤔;pochotcom;claire;975691579;1.8059189378103624e+18;Plainte service;2024;7;20;6
1,82E+18;2024-07-29 00:38:45+00:00;@Freebox on me demande 190€ pour des équipements que j’ai rendu il y a 3 ans parce que je suis pas capable de fournir une pièce justificative. Je tourne en rond vous pouvez m’aider ???;Maelo51593;Maëlo REOT;1,72E+18;;Autre;2024;7;0;0
1,82E+18;2024-07-29 01:27:45+00:00;@free Coupure d'internet à l'allée des muriers, 13570 Bédarrides;yggdrasoli;Alix J;105561437;;Plainte service;2024;7;1;0
1,82E+18;2024-07-29 01:34:59+00:00;Bonjour @Freebox @free \n\nSerait-il possible de faire quelque chose pour qu’il n’y ai plus de putain de coupure Internet à 3h du matin car là ça commence vraiment à me les briser merci;norfair00;"Nicolas ""𝒩𝒪𝑅𝐹ᐰ𝐼𝑅"" Favre";3133642781;;Plainte service;2024;7;1;0
1,82E+18;2024-07-29 01:37:02+00:00;@free ce serait possible d'avoir ce pourquoi on paye ? Quasiment tout les jours on a des coupures d'internet de qq secondes à plusieurs minutes ... Super quand on travaille avec internet .... Vous faites quoi avec la fibre ? C'est quoi le problème ?;UPasanius97954;UM PASANIUS;1,68E+18;;Plainte service;2024;7;1;0
1,82E+18;2024-07-29 02:12:25+00:00;Marre que @free coupe en pleine nuit internet sans prévenir (dpt 34);Stan_034;𝐒𝐭𝐚𝐧🎶🎶;78571232;;Autre;2024;7;2;0
1,82E+18;2024-07-29 04:47:51+00:00;⚠#PANNE  FREEBOX EN COURS⚠\n 📡40 freenautes ont signalé des pannes #Internet dont 38 sur le réseau #fibre de #Free depuis 0h04\n🌍Ville concernée : Montpellier (34000)\n⬇️⬇️⬇️\nhttps://t.co/5syXsuGnbR;zoneadsl_panne;Pannes Internet et Mobile;1,59E+18;;Plainte service;2024;7;4;0
1,82E+18;2024-07-29 05:55:33+00:00;@Freebox panne internet depuis ce matin ! Montélimar;Philipin;Philippe Cecchetto;28572351;;Plainte service;2024;7;5;0
1,82E+18;2024-07-29 06:01:54+00:00;@Freebox \nBonjour\nPlus de service internet sur ma box\n2 eme coupure en 1 semaine;Cocktail30;Cocktail30;299248536;;Plainte service;2024;7;6;0
1,82E+18;2024-07-29 06:37:04+00:00;@zoneadsl_panne Oui et il y en a ras le bol !! Je suis en télétravail sans aucun Internet !! Quand on appelle des conseillers on nous dit de passer par un lien Internet pour répondre via notre espace client … vous êtes débiles ou quoi ???!! @free @;7XembX7;ty77;1,49E+18;1.8177840763774935e+18;Plainte service;2024;7;6;0
1,82E+18;2024-07-29 06:40:27+00:00;Bonjour je jette une bouteille à la mer je suis le seul à avoir des soucis avec internet chez @Freebox @free;WCherifi30;tsubasaxhitman;3065250910;;Autre;2024;7;6;0
1,82E+18;2024-07-29 07:31:58+00:00;@Freebox pas d'internet ce matin à mon domicile, bloqué étape 6. Je crois ne pas être le seul. @Free_1337;clxymox;xymox;216339993;;Autre;2024;7;7;0
1,82E+18;2024-07-29 07:43:22+00:00;"🇫🇷 ALERTE - Les réseaux de fibre optique ont été ""sabotés"" dans plusieurs régions de France. Plusieurs opérateurs sont touchés. (AFP)";Mediavenir;Mediavenir;1,21E+18;;Question technique;2024;7;7;0
1,82E+18;2024-07-29 07:47:24+00:00;@free on en parle de la panne ????;manavaeva;ma;167522284;;Plainte service;2024;7;7;0
1,82E+18;2024-07-29 07:55:13+00:00;Et me voilà chez free depuis 1 mois avec la box ultra à 8mb. Installation du matériel coupure permanente et péniblement 1 mb. Alors retour chez orange qui sont plus performant sans soucis. Attention si vous prenez free c est honteux @free https://t.co/t3VPk4ynsP;PETERASSE;TONTON PIERRE;2589685285;;Plainte service;2024;7;7;0
1,82E+18;2024-07-29 07:59:08+00:00;@Mediavenir @free pour la Corrèze sa fonctionne ou pas ?;973Gatsu973;꧁𝔾𝔸𝕋𝕊𝕌𝟡𝟟𝟛꧂;1,09E+18;1.8178282483925284e+18;Autre;2024;7;7;0
1,82E+18;2024-07-29 08:03:59+00:00;Ça doit être pour ça que ça fait plus d’une semaine que j’ai plus de wifi chez moi 🥸 @free vous êtes vraiment pas top;dvlplu;Le L;9,50E+17;;Question technique;2024;7;8;0
1,82E+18;2024-07-29 08:14:04+00:00;@Freebox @freemobile peu de connexions dans le Vaucluse vous confirmez ? Avez vous pris en charge le problème \nÀ la fois fixe et mobile;Mme_Tortue;Miss Incognito;2172579332;;Plainte service;2024;7;8;0
1,82E+18;2024-07-29 08:25:25+00:00;Dites @freebox serait ce possible de vous avoir pour un problème de stabilité de connexion internet ?;ServalMtp;ServalMtp;237184946;;Plainte service;2024;7;8;0
1,82E+18;2024-07-29 08:56:42+00:00;Update : 5 chambres de transport ont été cramé\nLe rétablissement vas prendre du temps... \n#fttporn;Anth084;A;50937254;;Autre;2024;7;8;0
1,82E+18;2024-07-29 11:40:21+00:00;Youpie !!!! \n\nBon c'est vrai que c'est @Orange_France @orange qui m'a informé le premier... bon maintenant il fut quand même que je choisisse. Vous me conseilleriez quoi vous ? (rapport qualité prix, et si possible avec une IP fixe)\n\n- @free ?\n- @orange ?\n- @bouyguestelecom ?\n\n⬇️ https://t.co/svbVXdLwcz;7IM37;Captain Merrill Stubing;717922764;;Autre;2024;7;11;0
1,82E+18;2024-07-29 11:44:22+00:00;@7IM37 @Orange_France @orange @free @bouyguestelecom Free rapport qualité prix. 18 ans de fidélité pour en témoigner.;MarcHillman2024;𝑀𝑎𝑟𝑐 𝑯𝒊𝒍𝒍𝒎𝒂𝒏 🎼;476932172;1.8178878856992689e+18;Autre;2024;7;11;0
1,82E+18;2024-07-29 12:17:41+00:00;@Freebox Bonjour, je viens de rejoindre ceux qui ont tout compris et j’aimerais commander une box multi tv sauf qu’ils me demandent d’attendre que ma première offre soit active. Puis-je commander en amont ma deuxième box ? Je sais que j’en aurai;Tiffstouch;Tiffanie Lovghty ♥️🏳️‍🌈;41566626;;Réclamation RDV;2024;7;12;0
1,82E+18;2024-07-29 12:43:18+00:00;@Freebox Allo, y a quelqu'un ?;anthony0774;Anthony;97730042;1.816847500088656e+18;Autre;2024;7;12;0
1,82E+18;2024-07-29 13:00:37+00:00;Mdrr un commentaire @free ? https://t.co/EWeyfdXX3y;Noui_12;𝘕𝘰𝘶𝘪;1,16E+18;;Question technique;2024;7;13;0
1,82E+18;2024-07-29 14:39:18+00:00;@Freebox on me demande de débrancher ma box pour qu'un technicien intervienne pour un problème de soudure sur un boîtier.\nSi je rebranche ma box, intervention annulée malgré la constatation d'un technicien il y a 3 jours  du problème 🤪🤪on mar;kermitt2023;kermit;1,64E+18;;Plainte service;2024;7;14;0
1,82E+18;2024-07-29 15:53:25+00:00;@Freebox Encore une coupure, possible de savoir quand est-ce que ça va revenir ?;PaperBloute;Blite 🇵🇸🔥;1,06E+18;;Plainte service;2024;7;15;0
1,82E+18;2024-07-29 15:56:03+00:00;vous jouez à quoi là ??? @Freebox;JrKengy;JR;1919974411;;Autre;2024;7;15;0
1,82E+18;2024-07-29 15:58:51+00:00;@Anth084 @fo0_ Je comprends pourquoi je n'avais pas de connexion ce matin. Et @Freebox n'a pas été foutu de me dire pourquoi....;_RedFrog;RedFrog;45365156;1.817846704114127e+18;Plainte service;2024;7;15;0
1,82E+18;2024-07-29 16:12:40+00:00;une petite question @Free_1337 @free @Freebox quand j’ai pris la freebox ultra en début d’année, j’ai pris le forfait normal mais ayant déjà mycanal avec les services de SVOD me suis dit pas besoin d’avoir le forfait ultra pour tout avoir en doublon et comme j’étais engagé pendant 2 ans avec mycanal j’ai donc basculé vers l’ultra essentiel pour payer moins cher et éviter d’avoir tout en double. Aujourd’hui je ne suis plus abonné mycanal donc je perds les services SVOD inclus et comme free les proposent gentiment dans leur abonnement ultra bah remettez moi en ultra !! « Logique » et bah non c’est pas possible je veux payer plus cher mon abonnement freebox et au service client on me dit que c’est pas possible de re basculer sur l’ultra ??? WTF. \n\nqu’est ce qui vous empêche de me remettre l’abonnement initial sachant que ça va me coûter plus cher et que mon argent supplémentaire ira chez vous ?? Free est censé être à la pointe des services mais là vous ne pouvez pas me basculer à nouveau sur l’ultra ?? \n\nOn marche sur la fibre la !!!;letwitdedieu;TwiXttos;390866514;;Plainte service;2024;7;16;0
1,82E+18;2024-07-29 16:19:12+00:00;@Freebox @Xavier75 vous m’expliquez comment c’est possible que depuis Décembre on ai eu 14 FOIS le même problème avec la box, bloqué sur étape 2 ou 3 ???? Le problème est réglé sur le moment mais ça revient, il va falloir songer à mieux séc;R1RT_35;Rirteez;8,54E+17;;Plainte service;2024;7;16;0
1,82E+18;2024-07-29 16:38:51+00:00;@Free_1337 Bonjour et voilà mon problème @Freebox merci à vous. https://t.co/2DmeTXvKvn;StephFrTweet;🇨🇵👮‍♀️👮‍♂️🇨🇵;2323572085;1.495710997356716e+18;Plainte service;2024;7;16;0
1,82E+18;2024-07-29 16:40:38+00:00;@grebert @free Pour moi aussi\nAucune boite de réception webmail FREE est HS\nPlus aucun mail depuis le 25/07/24\nHeureusement Gmail fonctionne bien !;YanAmarre3;Yan Amarre;1,52E+18;1.8149427293542239e+18;Plainte service;2024;7;16;0
1,82E+18;2024-07-29 17:14:48+00:00;@free depuis 2 mois dès qu'on dépasse les 30 degrés on est parti pour au minimum 5h sans internet. Avec le télétravail en plein JO, c'est pas pratique votre histoire. Vive la #freebox ! @bouyguestelecom elle est fiable la fibre chez vous quand il fai;ploupette;Sabine;1487590574;;Question technique;2024;7;17;0
1,82E+18;2024-07-29 17:30:54+00:00;@free elle marche desfois la box ?;Satan95995092;Satan;2934979925;;Autre;2024;7;17;0
1,82E+18;2024-07-29 18:14:14+00:00;Sinon @free vous compter résoudre les problème de co? Non parce que ça fais 1h que ma box me dis de vérifier les branchement alors que rien à bouger du coup je fais quoi? Je vous demande un remboursement ?;SkyLucki;lucki sky;1,06E+18;;Plainte service;2024;7;18;0
1,82E+18;2024-07-29 18:25:23+00:00;@free Désolée de poster ici. Pas moyen de m'en sortir au tél. J'ai été facturée d'un Abt Netflix  prenium à 11 euros pour juillet or on n'a rien demandé car on a déjà Netflix essentiel ds notre Abt Free. J'ai tel à Free et à Netflix et personn;Lau1Logo;𝐿𝑜𝑙𝑜;1,49E+18;1.8156514402762263e+18;Autre;2024;7;18;0
1,82E+18;2024-07-29 18:37:05+00:00;Dites @free @Freebox pourquoi sur votre page d’accueil vous annoncez « 3 mois inclus » pour la plateforme Max, et une fois qu’on est sur la page de souscription ce n’est plus qu’1 mois ?\n\nVous ne feriez pas une pub mensongère pour qu’on clique ? https://t.co/bPtbdinQtZ;DeGallifrey;Antonia 🌱;251578176;;Question technique;2024;7;18;0
1,82E+18;2024-07-29 21:52:03+00:00;@anthoXL7 @free Moi 40 jours Sans wifi. Bye bye free.;MisterT93100;Mister Q;1,02E+18;1.818034929617486e+18;Question technique;2024;7;21;0
1,82E+18;2024-07-29 21:57:34+00:00;Je paye une blinde @free est ma box marche plus as 23h50 comme hier soir merci beaucoup;Virdroxx;Virdroxx;1,28E+18;;Autre;2024;7;21;0
1,82E+18;2024-07-29 22:09:48+00:00;Rendez moi ma connexion @Freebox 😭 2 semaines que je peux plus stream.. https://t.co/AFdbV7iKGN;oxyn_;nyxo OGK;1484972304;;Question technique;2024;7;22;0
1,82E+18;2024-07-29 22:38:19+00:00;OHHHHHHHHH @Freebox @free @Free_1337  encore et toujours pas de WiFi sa commence à me les brisé sévèrement n'espérez même pas être payé ce mois ci FUCK toujours emmerder trop c'est trop https://t.co/0WVkQWQPM2;Sebcbien3813;S.s3 dit sebcbien13 Ⓜ️⚪💯;1,36E+18;;Question technique;2024;7;22;0
1,82E+18;2024-07-29 22:51:42+00:00;Oh @free @Freebox faite un truc j’vais câbler votre réseaux c une dinguerie que des coupure svp agissez;kronnikeTV;Kronnike;1,67E+18;;Plainte service;2024;7;22;0
1,82E+18;2024-07-29 23:48:51+00:00;Vous êtes vraiment le pire opérateur @free …. Y’a pas un jour où y’a pas une panne internet! On paye pour quelque chose qui fonctionne 20% du temps ! À chaque fois des panne qui dure 3h-4h et le lendemain rebelote …. Par pitié faites quelque chose !;inconnu411_;inconnu;1,77E+18;;Plainte service;2024;7;23;0
1,82E+18;2024-07-30 00:14:57+00:00;"ca doit faire la 15ème coupure réseau @free en 2 mois\n\nParfois 1 h, parfois toute la journée\n\nEt quand un ""conseiller"" te contact, il te sort a chaque fois\n\n""je ne vois aucun problème sur votre ligne""\n\nBen ouai 😡🤬, 3 jours après c'est logique !!\n\nPire réseau de France..@Freebox";Kael1812;Dark Vador Mir;1,51E+18;;Plainte service;2024;7;0;1
1,82E+18;2024-07-30 04:39:42+00:00;@free Freeeeeeeeeeee depuis hier notre connexion ADSL ne marche plus (déjà que de base on a une connexion pourrave du genre qu'on peut pas regarder la télé et aller sur le pc en même temps) et la 4G rame comme jamais !\n\nJe vais partir chez Orange s;JeuDecide;Fantôme Prout 👻 💨;2836916813;;Question technique;2024;7;4;1
1,82E+18;2024-07-30 05:41:38+00:00;@free phising matinal\nTrès belle qualité. Sauf Qu 'en  cliquant sur le bouton jaune espace client..\nUne redirection passe par le site\nGonzac. Com\nMerci à free de bloquer ce site\nCar belle qualité de phising !;bertrandvoisin1; aux;3387997570;;Autre;2024;7;5;1
1,82E+18;2024-07-30 05:53:15+00:00;"@Freebox tjs pas d'accès fibre depuis le 29/07 23h50, heure affiché mais pas d'accès internet ETH ou WIFI. Exactement comme le 28/07 vers 02h00. Reboot box et remplacement des CPL rien n'y fait. Réclamation d'un geste commercial en cette période de """;Gonrak;Gonrak;54515999;;Question technique;2024;7;5;1
1,82E+18;2024-07-30 05:54:55+00:00;@Freebox @sebravoisier Et en Lozère de ne plus avoir de connexion de 23h55 à 12h45 depuis 2j c'est normal ? Je paie plus de 60 balles par mois et au final le service n'est même pas là, vous avez l'obligation de résultats... Je fais quoi ? Deux journ�;Kibishi48;Miho;1,25E+18;1.8163935707161684e+18;Question technique;2024;7;5;1
1,82E+18;2024-07-30 06:44:28+00:00;@sebravoisier @Freebox @UniversFreebox Bonjour,\nPlus de box ni de mobile free depuis ce matin donc impossible de contacter la hotline free. Je suis à Saint Mandrier sur Mer 83430. Pouvez-vous m'aider, svp ?;valerie3323;valerie martin;1,79E+18;1.814365932426539e+18;Demande d'aide;2024;7;6;1
1,82E+18;2024-07-30 06:53:11+00:00;@VouziM @Freebox Je suis dans les bouche du Rhône à 10mn du Vaucluse ça ne marche pas non plus @VouziM;marsgirl013;Carine  ♪( ´θ｀)ノ;51067317;;Autre;2024;7;6;1
1,82E+18;2024-07-30 07:12:29+00:00;Partie de Ping pong catastrophique entre le sav de @Freebox et la boutique @free. Aucun respect du client les 2 entités se  renvoyant le client SANS RESOUDRE le problème. Bravo @Xavier75 Free est tombé bien bas . La Freebox est retournée pour cloture de l'abonnement! @60millions;webphil59;Phil;114461461;;Plainte service;2024;7;7;1
1,82E+18;2024-07-30 07:21:58+00:00;@Freebox après coupure totale d'internet hier matin... Rebelote ce matin.. Panne totale d'internet.... C'est pénible... Free pourrait prévenir ses clients automatiquement, ça éviterait aux clients toutes les manœuvres de recherche du défaut....;Jolyne07;J. Marionval 🇫🇷🇫♦️🌿;521256780;;Plainte service;2024;7;7;1
1,82E+18;2024-07-30 07:50:17+00:00;euh @free encore des soucis d’internet 🤬🤬;emelyinej;N ♡;66103092;;Autre;2024;7;7;1
1,82E+18;2024-07-30 07:55:16+00:00;@Free_1337 @free On as des nouvelle des autres département mais quand et t'il des réparations à St Orens de Gameville ? '-';Okamiwolf3;⭐Goldie_N⭐;4134952162;1.8167336869324065e+18;Info/Annonce;2024;7;7;1
1,82E+18;2024-07-30 07:59:13+00:00;@free quand vous voulez pour un réseau internet qui fonctionne parce que en attendant nous payons pour aucuns services 😡 sur #Avignon ça va ça vient c'est légèrement casse C*****;Pu_Pin_Kcor;MaMaPiNuP 💋;4870072732;;Autre;2024;7;7;1
1,82E+18;2024-07-30 08:51:19+00:00;Bonjour M. @Xavier75,\nQue faut il faire pour arrêter les appels intempestifs de vos collaborateurs pour démarchage non sollicité et avec la demande réitérée de m'enlever de vos listes ? @free\nC'est contre productif.\nBonne journée;ARoger44;Antoine Roger;195779527;;Autre;2024;7;8;1
1,82E+18;2024-07-30 09:09:50+00:00;@free @Freebox ce n'est vraiment plus ce que c'était ! Freebox déconne depuis presque 2 mois et rien ne se passe. Aucune solution proposée.  Ça va se finir en résiliation. https://t.co/M2Xuf3OMa1;AnneLau14298386;Anne-Laure;1,22E+18;;Autre;2024;7;9;1
1,82E+18;2024-07-30 09:13:37+00:00;@Mme_Tortue @Freebox @freemobile Ok moi gros problèmes aujourd'hui sur Carpentras, je sais pas si c'est le même problème;pierre_pigeat;Pigeat Pierre;1,31E+18;1.8178359720856494e+18;Plainte service;2024;7;9;1
1,82E+18;2024-07-30 09:55:21+00:00;@free VOUS LÀ RÉPONDEZ;lia_rzg;𝕷𝖎𝖆⁺ 👾;405007356;;Autre;2024;7;9;1
1,82E+18;2024-07-30 10:07:44+00:00;@Freebox combien de temps faut il pour réparer une ligne fibre ? Ça fait 1 mois que j attends. Faut il au je résilie pour avoir une action ?;TonyBrondel;Tony Brondel;1596016939;;Question technique;2024;7;10;1
1,82E+18;2024-07-30 11:52:03+00:00;[eSIM] L’eSIM est désormais disponible pour les abonnés mobiles @free à La Réunion 🚀\n\n- Qu’est-ce qu’une eSIM -&gt;;;;;;;;;
1,82E+18;2024-07-30 12:09:23+00:00;J’ai une box @free mais l’installation fibre niveau du boîtier c’est @SFR, celui-ci est dans un état catastrophique et on est souvent sectionné les techniciens Free arrivent souvent à réparer mais aujourd’hui c’est pas possible ça fait 1 ans qu’on dit à @SFR que le boîtier est;Hagnard;Mathieu;3431946586;;Question technique;2024;7;12;1
1,82E+18;2024-07-30 12:24:35+00:00;@free @Freebox @freemobile \nLes plus gros voleurs de France, pas de réseau du 24/04 au 05/05 je décide de changer d’opérateur et bloque les prelevements. Free me suspend mes services le 06/06 et la on me demande de payer les factures de Juin et Juil;Bekayedecross;Bekayedecross;1,11E+18;;Autre;2024;7;12;1
1,82E+18;2024-07-30 12:26:37+00:00;@Free_1337 @free Et en France métropolitaie ?;Philou_9;Philou 🇫🇷☕🏉 ♿✌🏼💪🏼;792192566;1.8182532206215334e+18;Autre;2024;7;12;1
1,82E+18;2024-07-30 12:53:29+00:00;@Noui_12 @aprod10 @SofianeArbeloa @free ouaip, j'ai quelques problèmes avec eux et ma box :/ malheureusement c pas les owners du bâtiment donc j'vais devoir arrêter mon contrat avec free...;ntmxbienfort;nn;1,72E+18;1.8182389764166904e+18;Plainte service;2024;7;12;1
1,82E+18;2024-07-30 13:10:44+00:00;Je me fais déconnecter entre chaque partie. Y en a marre. À qui je dois me plaindre ? @FallGuysGame ? @NintendoFrance ? @Freebox ? https://t.co/pVJtD6TNBw;ARomain2;A Romain ❤️🌎🌍🌏❤️;4858360763;;Autre;2024;7;13;1
1,82E+18;2024-07-30 13:51:40+00:00;C’est bien beau de faire les malins sur les réseaux et ailleurs @free mais quand il s’agit d’effectuer une simple intervention à domicile,  il n’y a plus personne. La médaille d’or de l’incompétence !;LVKRTL;VANDEKERCKHOVE Ludo;310117911;;Autre;2024;7;13;1
1,82E+18;2024-07-30 14:30:30+00:00;"Bientôt 3 semaines sans internet! Merci @free @Freebox \n\nQuand tu les contactes, leur seule réponse est : ""un conseiller vous rappelle dans l’heure."" C'est toujours la même chose tous les jours.\nJamais de rappel !";Lionelcemoi;Lionel Bouniol;412358956;;Autre;2024;7;14;1
1,82E+18;2024-07-30 15:19:39+00:00;@StyrosCyclisme @free J'ai plus de fibre depuis samedi dernier j'habite en Savoie ils ont pas prévu de réparer tout de suite non plus 🥲;DamienPLT73;Gba_Damz;9,81E+17;1.8183048478016845e+18;Question technique;2024;7;15;1
1,82E+18;2024-07-30 15:20:44+00:00;@DamienPLT73 @free Si c’était un accident ou la météo j’en sais rien quelque chose qui a cassé la ligne mais là les mecs ont débranché d’eux même comme si j’avais demandé le changement d’adresse sans raison c’est une folie;StyrosCyclisme;Styros;3303831207;1.818305462611108e+18;Autre;2024;7;15;1
1,82E+18;2024-07-30 15:24:43+00:00;@StyrosCyclisme @free Oh @free bougez votre cul;ItsMaaatt;Matt 〽️;1,21E+18;1.8183048478016845e+18;Autre;2024;7;15;1
1,82E+18;2024-07-30 17:32:04+00:00;@Freebox \n\nBonjour ,\nPlus de tv sur la Freebox ?;Breizhonig;Bzzzzz;1,55E+18;;Autre;2024;7;17;1
1,82E+18;2024-07-30 17:52:00+00:00;@Noui_12 @SofianeArbeloa @free Comment je fais pour l’avoir;b7hrj47hqj;De Passage;1,52E+18;1.8179087732451005e+18;Question technique;2024;7;17;1
1,82E+18;2024-07-30 18:08:21+00:00;@free Bonjour ma ligne est toujours pas raccordée et on devait me rappeler sauf que personne ne m'a tenue au courant de quoique ce soit,  le domicile qui doit être raccordé est à Créteil;loicji91;Loïc;4818497217;1.7975699140157809e+18;Autre;2024;7;18;1
1,82E+18;2024-07-30 18:21:44+00:00;@Freebox \nEncore des problèmes de TV dans le 27150.\nSabotage ?;SebCycO;🇨🇵SebCycO;339110376;;Plainte service;2024;7;18;1
1,82E+18;2024-07-30 20:20:21+00:00;@free @Free_1337 des incidents à déplorer à Strasbourg ? Y’a rien qui fonctionne là !;cedric_cuny_;ced’;1,13E+18;;Autre;2024;7;20;1
1,82E+18;2024-07-30 21:14:15+00:00;@clm_moth @free Parce que ma connexion coupe 3 fois par jours;Axoss_;Axoss 斧头和骨头;1,15E+18;1.818390039455257e+18;Question technique;2024;7;21;1
1,82E+18;2024-07-30 21:24:24+00:00;@canettedeauu @Noui_12 @aprod10 @SofianeArbeloa @free dis toi j’habite à Nanterre leur fibre pour moi c’est une ARNAQUE, mais vas-y en forfait ça va on va dire. Mais y’a des endroits à Paris quand je sors du métro ça met 10 min à revenir le r�;mechas920_;Méchàs LJA;1,05E+18;1.818268678665687e+18;Question technique;2024;7;21;1
1,82E+18;2024-07-30 22:43:07+00:00;je vais tout casser dans vos locaux c’est bon @freebox @free je suis triste à 00h43 et vous me laissez même pas un peu de wifi ou de réseau vous cherchez quoi;ateezofsan;wan 🍋;1,26E+18;;Question technique;2024;7;22;1
1,82E+18;2024-07-30 22:45:58+00:00;@redhairsan @Freebox @free ca beug aussi chez toi ? t’habites où ?😭;no1likehong_;ness;1,71E+18;1.8184170662248904e+18;Autre;2024;7;22;1
1,82E+18;2024-07-30 23:38:44+00:00;Ma #freebox qui est bloqué a l’étape 6 frr ???? @free @Freebox faites quelque chose svp;cTecca_2;Tecca 🇲🇦ⵣ;1,71E+18;;Demande d'aide;2024;7;23;1
1,82E+18;2024-07-31 03:41:38+00:00;"@Freebox Ce que j'ai déjà fait. En attendant les appels continuent. Pire vos teleconseillers se foutent de moi ""oui mais ce n'est pas moi que vous avez eu la dernière fois""je m'en fout de savoir qui c'est, je sais juste que ca représente free et que c";FrenchTea13;Mary 🐇;1,04E+18;1.8116727293821624e+18;Autre;2024;7;3;2
1,82E+18;2024-07-31 08:05:20+00:00;Merci @free pour votre non-installation de la fibre depuis le 8 juillet. Votre technicien est venu, m’a indiqué qu’il valait mieux profiter de l’installation de la fibre que de refaire l’installation pour l’ADSL.;KNouvel;кєνιη ησυνєℓ knouvel.bsky.social;331833539;;Question technique;2024;7;8;2
1,82E+18;2024-07-31 08:32:42+00:00;@Freebox Des nouvelles de votre panne Internet ? je n'ai reçu aucune réponse du service client. Internet n'est pas disponible dans ma région;BloatedBumbleB;Bloated Bumble Bee;19025073;;Plainte service;2024;7;8;2
1,82E+18;2024-07-31 08:44:30+00:00;Bonjour @free ,\nCela fait partie de vos methodes de facturer des equipements non recus?\nMon fils s'est fait facturer 190€ pour une box qui n'a jamais ete installee. Il a d'ailleurs annule sont abonnement pour cette raison.;MarcEmmanuelS;Marc-E. SASSIER;381874975;;Autre;2024;7;8;2
1,82E+18;2024-07-31 09:00:46+00:00;@Freebox bonjour free. Je me permets de vous écrire ici car je n’ai pas de retour sur l’assistance Freebox, sur l’espace client. Je n’ai plus internet depuis hier soir;SPhilou98;SPhilou98 🇫🇷🇮🇩;362977404;;Autre;2024;7;9;2
1,82E+18;2024-07-31 09:05:05+00:00;@Freebox @Xavier75 vous pouvez pas vous empêcher de me donner des informations contradictoires entre le 26/07 et le 31/07 ? https://t.co/9CfIoOIOdO;erwan9452;Ipfix;436160571;;Autre;2024;7;9;2
1,82E+18;2024-07-31 13:47:19+00:00;@Freebox vous êtes des incompétents, 15 ans chez vous et même pas capable de trouver une solution pour me faire basculer sur la freebox Lite je m’en vais chez bouygue;djamal_qamar;JamesQamar;8,31E+17;;Autre;2024;7;13;2
1,82E+18;2024-07-31 14:21:49+00:00;@free vous me devez 190€ pour du matériel dont je j’ai jamais pris possession, vos conseillers téléphoniques me donnent des réponses aléatoires, parfois on ne peut rien faire parfois on vous rembourse dans les 30 jours parfois dans les 10 jours;Deftron;R.A.;39297754;;Autre;2024;7;14;2
1,82E+18;2024-07-31 16:34:13+00:00;@free bonjour, à qui faut il s’adresser pour demandé la Freebox pop avec le wifi 7 ?;madeirense_7;Madeirense 🇫🇷🇵🇹;3376677424;;Question technique;2024;7;16;2
1,82E+18;2024-07-31 17:01:06+00:00;Expérience de déménagement de fibre chez @free. Tu fais ta demande 15 jours avant la date. Il coupe ta ligne deux jours après. Et le jour du déménagement ta ligne n’a pas de signale. Merci free c’est super votre service;WillbrushD;Willbrush Darkwood;8,01E+17;;Question technique;2024;7;17;2
1,82E+18;2024-07-31 19:32:19+00:00;@Freebox plus possible de contacter la hotline après 21? C’est quoi ce bazard?;MHeuripeau;Marin Heuripeau;3294319095;;Autre;2024;7;19;2
1,82E+18;2024-07-31 21:28:14+00:00;Le plus grand compte tweeter merci @free @Xavier75 si je me fais bannir Valorant c’est de votre faute je veux un dédommagement;meteorPegase;Seiya ⵣ;1,36E+18;;Autre;2024;7;21;2
1,82E+18;2024-07-31 21:28:56+00:00;@meteorPegase @free @Xavier75 Mdrr moi aussi j’ai plus internet je me disais yavais un soucis;saiedsrth;Saied 🇧🇩;3506006313;1.8187606078997302e+18;Autre;2024;7;21;2
1,82E+18;2024-08-01 05:32:31+00:00;Bonjour @free @Freebox \nMes applications Freebox home et Freebox n’arrivent plus à se connecter à ma box. Alors que Freebox files et Connect oui. \nJ’ai tout redémarré, fais les màj mais ça ne fonctionne toujours pas. https://t.co/JtKDMbbQAc;Lionel_Girbas;Lionel Girbas;555034082;;Autre;2024;8;5;3
1,82E+18;2024-08-01 06:09:02+00:00;@Free_1337 une petite com sur l’incident en cours secteur Strasbourg Ouest? Encore des fibres coupés par un des nombreux chantiers de voiries? Étape 2 sur Freebox chez plusieurs clients ce matin. @free;Guyom_P;Гийом;2840614863;;Question technique;2024;8;6;3
1,82E+18;2024-08-01 07:02:40+00:00;@Xavier75 Un technicien incompétent s'amuse a venir décâblé ma Ligne DANS MON DOMICILE après que j'ai fait une réclamation pour faute professionnel suite à une intervention à mon domicile. \nSois vous me régler le problème,sois je fait ébruiter;nantutu87;Francky GONES 🔴💙 🇫🇷;1,14E+18;;Plainte service;2024;8;7;3
1,82E+18;2024-08-01 08:41:34+00:00;Pas de summertime sadness ici 🌈\n\nTente de remporter tes places pour assister au concert de Lana Del Rey à @rockenseine le mercredi 21 août 🎶\n\nPour participer : RT ce tweet + follow le compte @free\nTirage au sort le 05/08. Bonne chance à tous ! 🍀 https://t.co/tW1TBCwunq;free;Free;252263949;;Autre;2024;8;8;3
1,82E+18;2024-08-01 09:04:33+00:00;@Freebox pourquoi la freebox saute autant depuis quelques jours?!;So_chou_ette;Il y a le Chronos et le Kairos! Zòt konnèt sa?!;616111627;;Question technique;2024;8;9;3
1,82E+18;2024-08-01 09:45:56+00:00;@free votre réseau il a un gros souci à déconner tout les mois;leabtvls;.;7,42E+17;;Autre;2024;8;9;3
1,82E+18;2024-08-01 10:10:15+00:00;@free Bonjour ! J’aimerais savoir comment faire pour vous joindre en tant qu’ex client quand on n’a plus d’identifiant mais vous prélevez les 30 euros après la résiliation ?\nJe vous remercie de m’aider à résoudre ça!;calinox;calina;395408651;;Question technique;2024;8;10;3
1,82E+18;2024-08-01 10:40:00+00:00;@Freebox et pour la rupture de service à Levallois-Perret nous avons une chance d'avoir une information ? Merci par avance;Fanny6029;FannyAngélique;8,64E+17;;Autre;2024;8;10;3
1,82E+18;2024-08-01 10:56:21+00:00;@Xavier75 @free pouvez vous faire le nécessaire auprès de free proxy 93210 pour réduire les délais d'intervention, on m'annonce un rdv dans 10 jours pour rétablir une ligne écrasée, inacceptable surtout que free était au courant depuis un mois;Mourakami;Mourakami;161602945;;Réclamation RDV;2024;8;10;3
1,82E+18;2024-08-01 12:17:58+00:00;Coucou @free, ça serait sympa un peu de couverture réseau en Côte d'Armor dans le futur, on enchaine les zones blanches ici 😅;Johanenko;Johan;162799004;;Autre;2024;8;12;3
1,82E+18;2024-08-01 12:58:43+00:00;@Free_1337 a quand la présence de @free sur le réseau fibre de @Resoptic sur la commune de Richemont (57) ?;dc_57;dc57;457394508;;Question technique;2024;8;12;3
1,82E+18;2024-08-01 14:14:27+00:00;@free Je mets le message ici en espérant avoir un retour. Bonjour, Je suis chez Free depuis toujours et ne compte pas partir, j'ai un abonnement sans TV parce que pas besoins, j'aurais souhaité changer de Freebox toujours sans TV mais que des forfait av;TheCarrera900;Adrien de Vaysse;362515546;1.7975699140157809e+18;Question technique;2024;8;14;3
1,82E+18;2024-08-01 14:15:07+00:00;@free Je mets le message ici en espérant avoir un retour. Bonjour, Je suis chez Free depuis toujours et ne compte pas partir, j'ai un abonnement sans TV parce que pas besoins, j'aurais souhaité changer de Freebox toujours sans TV mais que des forfait av;TheCarrera900;Adrien de Vaysse;362515546;1.8135855241097713e+18;Question technique;2024;8;14;3
1,82E+18;2024-08-01 15:43:00+00:00;@free I have a question regarding setting up OpenVPN on home router FreeBox! I can connect to the VPN, but the public IP address is not that of the FreeBox! What am I missing?;AlawyOnSecurity;AlawyOnSecurity;3099807953;;Autre;2024;8;15;3
1,82E+18;2024-08-01 16:42:25+00:00;@free vous êtes nul pour fidéliser vos clients. \n\nJe paye 30€ actuellement mais pcq je déménage je dois payer 40€ par mois et aucun geste commercial? \n\nMinable !;naia_chvn;Naïa 🧉;1,56E+18;;Autre;2024;8;16;3
1,82E+18;2024-08-01 17:00:40+00:00;@free vous pissez sur les serveurs depuis ce matin ou quoi?;HobbesCS2;Hobbes;1,69E+18;;Autre;2024;8;17;3
1,82E+18;2024-08-02 08:33:49+00:00;Dites @free, c’est bientôt fini votre cinéma avec les pages perso ?;JumpmanFR;Jumpman (jumpmanfr.bsky.social);286151233;;Autre;2024;8;8;4
1,82E+18;2024-08-02 08:36:17+00:00;@Freebox @Free_1337 Un ami chez vous n'a plus internet depuis deux semaines. Votre service client indique un changement de matériel niveau opérateur, depuis DEUX SEMAINES ? A 500m, même opérateur, internet OK. NRO OK. Signalement arcep effectué. Sect;gxlmo;Guillaume;577009474;;Plainte service;2024;8;8;4
1,82E+18;2024-08-02 12:48:49+00:00;@free @Freebox normal que ma fille de 6 ans puisse réactiver un abonnement @NetflixFR sur la Freebox sans qu’on lui demande un code personnel pour valider le paiement?  aucune possibilité de demander un remboursement malgré l’annulation ?;doyouseeacar;パトリス (Patrice);120081283;;Autre;2024;8;12;4
1,82E+18;2024-08-02 13:00:27+00:00;@free @rockenseine Coupure d’internet toutes les semaines sans dédommagement;hou1919;Houssem Blibech;127941431;1.81893005857407e+18;Plainte service;2024;8;13;4
1,82E+18;2024-08-02 13:16:59+00:00;@free bonjour, \nJ’attends de vos nouvelles depuis 10/07/24. J’ai déposé votre matériel le 13/07/24 et aucune nouvelle de vous. \nPouvez-vous m’informer de la suite de mon dossier ?\nMerci;nanabreizh1;🧡nanabreizh 🎗️PFM 🇪🇺🇺🇦 🇮🇱#NiRNniFI;618374556;;Info/Annonce;2024;8;13;4
1,82E+18;2024-08-02 13:24:10+00:00;@free bloqué à l'étape 2 sur ma freebox depuis l'orage à strasbourg la..;Fell_Apart;pedro;2949390531;;Autre;2024;8;13;4
1,82E+18;2024-08-02 17:49:03+00:00;@free on en parle de vos coupures systématiques tous les week end ?  Et si on se plaind trop, même plus vous répondez, juste vous encaissez votre forfait...;AlexiaMarmont;Alexia M;42893892;;Plainte service;2024;8;17;4
1,82E+18;2024-08-02 18:56:12+00:00;Putain @free votre réseau il est éclaté, j’ai loupé la finale de Leon Marchand!!!!;ilannman;いらん;3001040814;;Autre;2024;8;18;4
1,82E+18;2024-08-02 20:43:13+00:00;@free J’ai déménagé le 19/avril 2024 et free m’a prélevé 3 mois alors que j’avais rendu leurs matériels le prix de la résiliation et de 49€ 3 mois plus de l’abonnement je trouve \nExagéré j’attends le remboursement des 3 mois facturé;MamyMerry;Mary.Meyer;630039544;1.7975699140157809e+18;Autre;2024;8;20;4
1,82E+18;2024-08-03 08:52:00+00:00;@free toujours un plaisir de contacter l’assistance free @Freebox (non), 1h 30 après les avoir contactés toujours pas de réponse. https://t.co/BA7yitku2F;Prof2phys;RmdP;361840242;;Autre;2024;8;8;5
1,82E+18;2024-08-03 09:21:18+00:00;@free @Xavier75 Nous sommes clients depuis près de 20 ans chez Free et nous rencontrons un problème au niveau d'un payement de facture mais personne au support n'est capable de nous répondre sur le problème et nous demande de payer sans plus d'informa;Ayle_Vermillion;Ayle Vermillion;8,26E+17;;Plainte service;2024;8;9;5
1,82E+18;2024-08-03 10:19:45+00:00;@Freebox Comment un free proxi conseiller Mathieu n'est pas présent pour prendre les doléances ??? qui paie ce garçon irrespectueux ! on avait pris rdv aujourd'hui on apprend pas de rdv ? bravo on essaie de reprendre rdv impossible et ce Mathieu arroga;mysiats;Mysiats;604753860;;Question technique;2024;8;10;5
1,82E+18;2024-08-03 11:11:26+00:00;@Free_1337 @free @TPLINK @TPLINKHelp Pour régler un problème de porté du répéteur pour la freebox pop j'ai installé un extendeur de chez TpLink, mais malgré cela il clignote toujours rouge. Est-ce que vous pouvez m'aider avec cela s'il vous plaît ;ItsNarow;🖤❔;4897182012;;Plainte service;2024;8;11;5
1,82E+18;2024-08-03 13:16:50+00:00;@free aucun internet vous cassez la tête les seules vacances que j’ai et j’peux pas en profiter mon ps+ va finir dans 2 semaines j’aurai même pas pu en profiter;DaFirenze93;Deglingooooo93;1,49E+18;;Autre;2024;8;13;5
1,82E+18;2024-08-03 15:34:53+00:00;@Freebox Bonjour il y a t il des nouvelles pour l’arrivée de la chaîne canal + en live avec l’apple TV avec la freebox ultra ?;aztral_qlf;Aztral;1,30E+18;;Info/Annonce;2024;8;15;5
1,82E+18;2024-08-03 15:59:00+00:00;Bonjour @Xavier75 , que faut-il faire pour avoir une personne de chez @free au téléphone ?;Jakadi15;Jacko;1,24E+18;;Autre;2024;8;15;5
1,82E+18;2024-08-03 17:41:01+00:00;Hey @free @Freebox ca se passe comment pour un remboursement suite à un ecrasement à tord ?\nJ'ai fait une demande depuis l'assistance freebox debut Mai 2024, et a ce jour aucun remboursement. https://t.co/eUo2akJLcR;erikastaff;SnH Rhaziel;283649585;;Question technique;2024;8;17;5
1,82E+18;2024-08-04 00:01:58+00:00;@free Pitié quand vous dite que les travaux sont fini ils faut pas mentir comme ca je peux même pas jouer a cs 100 de ping constant a 2h du mat\nc'est une folie j'en est trop marre ca marche jamais votre truc la;RemiEnEnerver;RMI;1,55E+18;;Autre;2024;8;0;6
1,82E+18;2024-08-04 12:57:05+00:00;@Freebox raccordement de la fibre réalisé le 29 juillet à mon domicile, mais non fonctionnelle car la fibre free n’est pas encore raccordée à l’armoire principale ! Dans ce cas, pourquoi rendre la ligne éligible ? Est-ce une façon de faire pour;Anthony76710;Anthony;1266690193;;Question technique;2024;8;12;6
1,82E+18;2024-08-04 21:10:11+00:00;@Freebox Bonjour je voulais savoir pourquoi depuis quelques semaines le réseau free ne fonctionne pas correctement ? Je suis sous 4G et personne avec sa bug. J’essaye de vous joindre mais rien.;KuroKawo7;kuro;1,64E+18;;Plainte service;2024;8;21;6
1,82E+18;2024-08-04 21:59:03+00:00;@Freebox pk Freebox ne marche jamais!!!!!! Incroyable !!! 45€ un abonnement dans le vent;SherazDbaa;Sheraz dba;1,49E+18;;Autre;2024;8;21;6
1,82E+18;2024-08-04 22:15:25+00:00;@free @rockenseine ÇA FAIT 2 MOIS QUE VOTRE BOX NE FONCTIONNE PAS !!! C’EST SACANDALEUX !!! PAR CONTRE N’OUBLIEZ PAS DE PRÉLEVER VOS CLIENTS…. Pffffff UNE HONTE PAS DE JO À CAUSE DE VOUS !!!!!!;HeraKoukla;Koukla Hera;1,59E+18;1.81893005857407e+18;Plainte service;2024;8;22;6
1,82E+18;2024-08-05 05:37:56+00:00;bonjour @free @Freebox il y a toujours un bug sur le serveur SMTP https://t.co/vLGsDmqt8k;d2risto;gino bart;4243194502;;Plainte service;2024;8;5;0
1,82E+18;2024-08-05 08:36:18+00:00;Il est là ‼️\n\nputain !\nIls t’envoient N’IMPORTE QUI \net le gonze \nExprès je ne rouvre pas la porte pour accueillir des gens civilisés\nIL TIRE LA POIGNÉE!\n“Vous cherchiez à ouvrir?! Vous avez raison”\n@Freebox c’est un scandale d’envoyer des balourds comme ça !;FanchonF;Fanchon Fourguerolle Matricule n°5122 APATRIDE;337722792;;Autre;2024;8;8;0
1,82E+18;2024-08-05 09:43:34+00:00;Svp @free laissez moi résilier ma box wifi ,j’vais tout casser;LANAERYAN1;LANAERYAN;1,05E+18;;Demande d'aide;2024;8;9;0
1,82E+18;2024-08-05 10:25:55+00:00;@ssiyaLM @free Des nouvelles de votre côté ? Moi je n'ai toujours rien. Pour le moment je suis en train d'utiliser mon smartphone comme modem mais cela ne pourra pas durer longtemps;3euros_vincent;Frédéric Langlois 🇫🇷+🇸🇪+🇺🇦+🇭🇷=🇪🇺;3226481193;1.8193502616403725e+18;Info/Annonce;2024;8;10;0
1,82E+18;2024-08-05 11:26:52+00:00;@Freebox Incident resolu au bout de 3 mois mais depuis debut juin je n ai de nouveau plus de fibre. Au Total depuis decembre 2023 cela va faire 6 mois que je suis sans fibre et la seule reponse de free est qu ils regle le probleme dans les meilleurs delai;yoda66666;yoda;2284631938;1.7570629685402752e+18;Question technique;2024;8;11;0
1,82E+18;2024-08-05 11:32:00+00:00;@Freebox une panne sur le réseau fibre de Sales 74150 ?;Captn3m01;Captn3m0;1,05E+18;;Plainte service;2024;8;11;0
1,82E+18;2024-08-05 12:38:30+00:00;Je viens de sub chez une petite streameuse, sah elle est peu prête pour le pseudo du compte https://t.co/gd1hIWTJts;Teuchibre;Teuchi;1,19E+18;;Autre;2024;8;12;0
1,82E+18;2024-08-05 12:51:19+00:00;.\n@Freebox bonjour, impossible de finaliser la « validation  déménagement » , err url  : https://t.co/sevs4uDUgx….cgv_02.pl \nHelp ! \n😬;SoJanuel;SoJanuel;955966735;;Demande d'aide;2024;8;12;0
1,82E+18;2024-08-05 14:18:04+00:00;@free @Freebox Bien le bonjour à vous, j'aurai besoin de vous pour un arrangement ont ne peut plus important pour moi, je peu vous avoir dans mes DM, s'il vous plait ?;FredoProKill;FredoSan - Gaming&Manga;7,82E+17;;Autre;2024;8;14;0
1,82E+18;2024-08-05 14:33:32+00:00;@free Bonjour pouvez-vous me dire combien de temps ça va prendre pour rétablir Internet je suis Bouillargues dans le Gard et cela fait plusieurs jours que cela dure. D’autre part j’espère une déduction totale de ma facture du cet incident.;pilita178;pilita;191113652;;Autre;2024;8;14;0
1,82E+18;2024-08-05 14:44:46+00:00;@Teuchibre 1. C’est bon le bureau est monté \n2. @free donne la connexion pitié \n3. Bientôt \n\nLe mec enrichie des multimillionnaires c’est fou;OverVT_;Over 💢;1,23E+18;1.8204695842119475e+18;Question technique;2024;8;14;0
1,82E+18;2024-08-05 14:50:49+00:00;@Freebox bonjour, m absence de réseau sur ma Freebox à Carantec (29) depuis 2j, le site ne donne aucune mise à jour d’assistance depuis la nuit de samedi à dimanche, sans adsl ni téléphone (4/5g inopérant dans le quartier), quand pourrais je avoi;fabiodonato13;fabio donato 🇭🇰;1477358042;;Info/Annonce;2024;8;14;0
1,82E+18;2024-08-05 16:36:45+00:00;@free vous avez été saboté il y a plus d'une semaine et il n'y a toujours pas de réseau... Y'aurait-il moyen d'avoir plus d'infos sur l'avancée des réparations ?;T4chiB;Tachi;1,29E+18;;Autre;2024;8;16;0
1,82E+18;2024-08-05 16:57:03+00:00;Bon @free pourquoi votre email bug comme ça? Je reçois aucun mail et à cause de vous je peux pas récupérer mon compte Microsoft pour jouer à Minecraft avec les copains, rendez moi mon Minecraft 😔🙏;Wolfalco825;Wolfalco #TeamOrder;1,02E+18;;Plainte service;2024;8;16;0
1,82E+18;2024-08-05 18:21:37+00:00;@Freebox bonjour,comment est-ce possible d’avoir un conseiller compétent et poli chez vous ?;lasticot59;kiki;3233983141;;Question technique;2024;8;18;0
1,82E+18;2024-08-05 18:32:23+00:00;@Freebox Super le service clientèle : tu appelles, mais comme il y a trop d'attente, ça te raccroche au pif. BREF donc je n'ai pas internet, je ne peux joindre personne pour une inter' &amp;;;;;;;;;
1,82E+18;2024-08-05 18:49:40+00:00;@free Déménagement anticipé, prise de RDV effectué et 10 jours plus tard aucune connexion. Geste commercial de Free : 0, aucune proposition d’accès via une clé 4G. Des RDV non honorés, …. \nSeule proposition : augmenter mes forfaits . Ce qui ne;kate31400560;kate;1,02E+18;;Plainte service;2024;8;18;0
1,82E+18;2024-08-05 19:23:37+00:00;OH @free vous jouez à quoi j'ai pas de co même SFR n'auraient pas osés laisser un client sans co pendant 2 jours;yazh0g_;Yazhog;1,56E+18;;Autre;2024;8;19;0
1,82E+18;2024-08-05 19:46:03+00:00;Plusieurs années, peu de soucis avec ma @Free_1337 pop dans une zone dense et temps d'intervention super rapide, je déménage dans une zone plus rurale et inversement de la situation... Plusieurs coupures totales de services @freebox fibre Ultra en a peine 4 mois 🤬;Fuuumbleee;Fumble 🏈;48138227;;Plainte service;2024;8;19;0
1,82E+18;2024-08-05 21:19:36+00:00;@free Bonsoir @free , je vous contacte car on a problème avec la box on est obligé de la redémarrer souvent car à un moment on a plus d'image et de son et c'est la deuxième fois que l'on nous l'a change et c'est toujours les premières box que l'on a;lorierangers;LaureNews🦖🏀;68139508;;Plainte service;2024;8;21;0
1,82E+18;2024-08-06 09:16:06+00:00;@free @Freebox ça vous dérange pas de faire payer un abonnement alors que depuis 5 jours je n'ai pas d'internet ni box j'appelle tous les jours on ouvre des tickets mais aucune intervention n'est possible ? Je suis en télétravail je ne peux pas bosser;IamNess1104;Ness.A;374183957;;Autre;2024;8;9;1
1,82E+18;2024-08-06 09:36:44+00:00;Chez @free, les techniciens n'ont pas tout compris. Par exemple ce que veut dire entre 9h et 11h.;nomorewishing;Elie;28889506;;Réclamation RDV;2024;8;9;1
1,82E+18;2024-08-06 10:04:36+00:00;@Freebox y’a moyen d’avoir une réponse un jour ou quoi ? Bande d’incapable;s6ep10;JUNGLE DIFF ナナ;1,26E+18;;Autre;2024;8;10;1
1,82E+18;2024-08-06 10:36:58+00:00;Bon la commu,  pas de stream pour le moment.  J'ai déménagé mais le technicien de la fibre est venu mais il n'a pas réussi à mettre la fibre... J'essaie de contacter @Free pour ma @Freebox  mais je n'arrive pas à  les joindre... Je ne sais pas quand je vais réussir 🥲;furneth;Furneth;1,52E+18;;Question technique;2024;8;10;1
1,82E+18;2024-08-06 14:21:40+00:00;Ça fait plus de 2 ans que j'attends la fibre @free. Je me disais qu'en attendant, ils amélioreraient l'agrégation 4G... mais non, c'est toujours aussi mauvais ! Vous êtes en vacances pour le déploiement du réseau ? @Free_1337 @Freebox #Freebox #Freebre https://t.co/oRUwi1OAVH;MickGuti;ＭｉｃｋＧｕｔｉ;95307888;;Question technique;2024;8;14;1
1,82E+18;2024-08-06 14:30:11+00:00;moins rapide que la Freebox Ultra.;free;Free;252263949;;Autre;2024;8;14;1
1,82E+18;2024-08-06 14:50:26+00:00;@free Moins en panne aussi 🤡😒;13Meteo;METEO 13 Bouche du Rhône;3436680382;1.8208297286153464e+18;Plainte service;2024;8;14;1
1,82E+18;2024-08-06 15:10:07+00:00;@free En tout cas, ce qui est sûr, c’est qu’il a moins mal aux jambes que vous n’avez de panne;darkaatv;DARKA;269881461;1.8208297286153464e+18;Plainte service;2024;8;15;1
1,82E+18;2024-08-06 15:16:55+00:00;@free Surtout plus fiable… 🙄;LInspecteurG;L'Inspecteur Gadget 🐗;2152286135;1.8208297286153464e+18;Autre;2024;8;15;1
1,82E+18;2024-08-06 15:18:11+00:00;Bonjour @Freebox impossible d’avoir mon numéro IFC afin de connecter un abonnement @canalplus (pas Free). Vos techniciens me promènent depuis 2 jours ! La dernière ? « Donnez votre identifiant et votre code d’accès à @canal ».  Vous marchez sur la tête ? #fail;canabalmaria;Maria Canabal 🇺🇦;231400417;;Réclamation RDV;2024;8;15;1
1,82E+18;2024-08-06 15:20:39+00:00;@Freebox bonjour. Je ne peux accéder à mon compte en contactant le 3244 et n’ai plus de connexion. Est-ce possible d’avoir un numéro noir et un humain svp ? Merci;lionel_trouve;Lionel Trouvé;4826388858;;Demande d'aide;2024;8;15;1
1,82E+18;2024-08-06 15:24:11+00:00;@free @free c'est normal que depuis dimanche soir ma box pop et bloqué étape 2 et que quand j' appel le 3244 personnes ne me répond;JacquesGar72423;jacques gardet;1,81E+18;1.8208297286153464e+18;Autre;2024;8;15;1
1,82E+18;2024-08-06 15:25:12+00:00;@free Même sans bras et sans jambes il serait plus rapide que votre box;allaire_axel;Aixire;3381105778;1.8208297286153464e+18;Autre;2024;8;15;1
;;;;;;;;;;;
;;;;;;;;;;;
;;;;;;;;;;;
;;;;;;;;;;;
1,82E+18;2024-08-06 17:33:25+00:00;@free \nBonjour,\n\nSi vous n'êtes pas capable d'avoir un vrai service d'assistance qui règle les problèmes de vos clients, il faut le dire .\nPlus de 15 appels, un problème qui dure depuis 1 mois et on me rabâche toujours la même chose quand je vou;JesuisLudgui;Guillaume Vero;1,69E+18;;Plainte service;2024;8;17;1
1,82E+18;2024-08-06 17:56:23+00:00;"Est-ce normal que c'est quasi impossible de resilier l'option ""CanalSeries"". @free et @canalplus se renvoyent la balle. En attendent je me fait prelever 10 € par mois";_guyevans;Guy Evans;33233598;;Autre;2024;8;17;1
;;;;;;;;;;;
;;;;;;;;;;;
;;;;;;;;;;;
;;;;;;;;;;;
1,82E+18;2024-08-06 19:29:31+00:00;Ceux qui ont MyCanal demain soir vous pourrez voir le match sur DAZN gratuitement 😊\n#ASSE https://t.co/aPEw0EFtg4;Zuko9772;𝑳𝒆 𝑹𝒐𝒊 𝒅𝒖 𝑷𝒓𝒆𝒔𝒔𝒊𝒏𝒈 👑;9,68E+17;;Autre;2024;8;19;1
;;;;;;;;;;;
1,82E+18;2024-08-06 20:52:06+00:00;@free on peut en parler ? je suis censé avoir la fibre \n..... sans déconner des semaines que ça dure https://t.co/XvWWYImtNd;V1TKENT;M8🤵🏻‍♂️I VIT🐝 I KENT;1,14E+18;;Question technique;2024;8;20;1
;;;;;;;;;;;
;;;;;;;;;;;
1,82E+18;2024-08-07 00:12:48+00:00;@free ça va les pannes ont vous dérange pas ? Soit disant vous avez la meilleure connexion internet, et mon cul c’est du poulet. J’aurais du aller chez orange;Flavie__wg;Flavie (Ratvie);1,45E+18;;Plainte service;2024;8;0;2
;;;;;;;;;;;
;;;;;;;;;;;
;;;;;;;;;;;
;;;;;;;;;;;
;;;;;;;;;;;
;;;;;;;;;;;
;;;;;;;;;;;
;;;;;;;;;;;
1,82E+18;2024-08-07 10:00:50+00:00;@Freebox c'est possible d'avoir un réseau qui fonctionne ? la dernière fois que ma box est restée bloquée je n'ai pas eu de wifi pendant un mois, ça as été réparé ya deux mois seulement et ça recommence ? 35 euros pour ça ?;cloudyxiv_;cloudy;1,63E+18;;Question technique;2024;8;10;2
1,82E+18;2024-08-07 10:30:08+00:00;@free c'est en option après une coupure de remettre la connexion normal ou c'est comment ? Je suis en fibre normalement, j'ai plus l'impression d'être en ADSL là https://t.co/1aOH4Jtoe1;axyliss;Axylisツ;1,67E+18;;Plainte service;2024;8;10;2
;;;;;;;;;;;
1,82E+18;2024-08-07 11:50:20+00:00;@Freebox Bonjour, sur mon player j'ai actualisé mes droits mais je ne vois toujours pas les programmes des chaînes 109 à 112 malgré mon abonnement à celles-ci. Par contre, j'ai bien les chaînes canal + . Pouvez-vous m'aider ?;Meteor35000;35 R;191541707;;Autre;2024;8;11;2
;;;;;;;;;;;
1,82E+18;2024-08-07 14:05:13+00:00;Bonjour @free. Un technicien est passé début de semaine, n’a pas réussi à raccorder la fibre et est reparti sans être capable de me dire quelle sera la prochaine étape ? Pourriez vous m’éclairer sur la suite ?;JackMLantern;JackMLantern;301595746;;Question technique;2024;8;14;2
1,82E+18;2024-08-07 16:20:42+00:00;@free vous pouvez arrêter de m'envoyer des messages de retourner votre équipement ? Est déjà arrivé chez vous le  02/08. Vous l'avez reçu est signé ma lettre recommandée. Arrêtez !;DiocanP83415;Diocan 🇷🇺🇵🇸🇷🇺🇵🇸🇷🇺🇵🇸🇷🇺🇵🇸;1,74E+18;;Autre;2024;8;16;2
1,82E+18;2024-08-07 16:42:28+00:00;@Freebox vous êtes le pire service que le monde n'ai jamais porté, toutes catégories confondues. Honte à moi d'être client chez vous et d'être un tel pigeon. Client Freebox delta depuis belle lurette, payer un abonnement à ce prix pour être trait�;albondu;Alfred Bondurant;256400765;;Autre;2024;8;16;2
1,82E+18;2024-08-07 17:47:39+00:00;@Freebox Mon amie à renvoyé la Freebox qui à été réceptionné le 11/07/2024 au site de retour pour supprimer son abonnement. Et Free continu de faire des prélèvements.  Va falloir que cela bouge, car cela devient insupportable.\nPouvez vous faire ;DanchesiJ;J Danchesi-Blancardi🇨🇵🔺🇮🇹🐢💡🛸👽👻;1,35E+18;;Autre;2024;8;17;2
;;;;;;;;;;;
;;;;;;;;;;;
1,82E+18;2024-08-07 18:38:48+00:00;@free près de 3 semaines sans internet, plus de 48h qu’un technicien est censé venir ( rdv le 5/08 à 15h jamais honoré 0 coup de fil) on a appelé plus de trois fois vos services. On nous promet qu’un responsable va nous rappeler depuis 24h et tjr;lu6ol92;Lu6ol;1,48E+18;;Réclamation RDV;2024;8;18;2
1,82E+18;2024-08-07 21:23:05+00:00;@free où est ce qu'on reçoit le feuillet pour renvoyer la box quand on résilie ?;zole_la;LaZole;1,20E+18;;Autre;2024;8;21;2
;;;;;;;;;;;
1,82E+18;2024-08-07 22:11:12+00:00;C’est quoi cette arnaque @free ? Pourquoi nous pouvons SEULEMENT passer à un abonnement box supérieur, mais pas à un abonnement inférieur ? Déjà que je suis contraint de passer chez vous car vous faites de la concurrence déloyale avec l’installation de la fibre dans mon immeuble.;t_5502m;tom;1,37E+18;;Question technique;2024;8;22;2
;;;;;;;;;;;
1,82E+18;2024-08-08 05:51:43+00:00;@excanalla @free tch;lauxksk;ʆ𝖆𝘂' 𓂀;1,56E+18;;Autre;2024;8;5;3
1,82E+18;2024-08-08 06:38:56+00:00;@Freebox @free panne des services free depuis 2 jours. Et silence complet. C est inadmissible. Qui peut répondre ? #serviceclientfreecatastrophisue;CHARRONVALERIE;VALERIE CHARRON;35850109;;Plainte service;2024;8;6;3
1,82E+18;2024-08-08 06:40:42+00:00;Donc la ça fait une semaine qu'internet ne fonctionne plus dans mon secteur.\n\nMerci @free !;LocoLorrain;Duc de Lorraine ⚜️;1,58E+18;;Autre;2024;8;6;3
1,82E+18;2024-08-08 07:28:26+00:00;@Freebox bonjour j’ai besoin d’aide;gregsavoisien;Grégory ⭐️⭐️;917403024;;Autre;2024;8;7;3
;;;;;;;;;;;
;;;;;;;;;;;
;;;;;;;;;;;
1,82E+18;2024-08-08 09:34:24+00:00;@Freebox Bonjour, est-il possible d’être rappelé ? où sommes nous obligé d’aller à la concurrence ?;carmelasopraano;carmela soprano;280577293;;Autre;2024;8;9;3
1,82E+18;2024-08-08 09:57:33+00:00;@free on parle de votre publicité mensongère ? au moment de la souscription fibre, on m'annonce la prise en charge des frais de résiliation chez mon ancien opérateur. je vous envoie les documents, prise en charge refusée. au moins on sait où vous fa;GScoyk;Grace Van Scoyk;1,16E+18;;Question technique;2024;8;9;3
;;;;;;;;;;;
1,82E+18;2024-08-08 11:36:19+00:00;Hey @free !\nMon collegue a des soucis de freebox, et vu que le numero lie a son compte est son fixe (qui ne marche pas non plus du coup...), il ne peut pas vous contacter.\nEtant donne que son portable a un numero italien, il ne peut pas non le mettre dans le chat en ligne...;girod_s;Sylvain;364177758;;Autre;2024;8;11;3
1,82E+18;2024-08-08 11:44:16+00:00;Eh cc @Freebox consulté une boîte mail de chez vous qui n'a pas migré sous zimbra c'est un enfer.;SamP1977;Sam P;457350347;;Autre;2024;8;11;3
1,82E+18;2024-08-08 12:31:15+00:00;@Freebox Bonjour, \nest-ce qu'on peut annuler l'option TV by canal sur une revolution ?;__Valie__;_Valie;270882661;;Autre;2024;8;12;3
1,82E+18;2024-08-08 13:02:28+00:00;Quand un opérateur te fait un écrasement de ta ligne à tort et que @free @Freebox te répond que ça peut prendre jusqu’à 15 jours ouvrés alors que c’est censé être 7 jours max selon @Arcep !\n\nImpossible de stream, impossible de travailler;VinceCosa_;VinceCosa;1,22E+18;;Autre;2024;8;13;3
;;;;;;;;;;;
1,82E+18;2024-08-08 15:22:43+00:00;@free c’est sérieux votre service client qui réponds pas ??;lorys_trolliet;🖕🏻;7,05E+17;;Plainte service;2024;8;15;3
1,82E+18;2024-08-08 15:49:31+00:00;J'ai rien compris j'ai #Free 2 semaines sans internet, personne n'est joignable, irrespect total des clients;an_conda;Anna Conda;838208960;;Autre;2024;8;15;3
1,82E+18;2024-08-08 17:23:12+00:00;@Freebox @Free_1337 Bonjour ! Quasiment deux semaines sans internet en raison d'un incident collectif. Le gardien de mon immeuble m'a confirmé que les opérateurs concurrents sont venus rebrancher leurs clients. Et de votre coté, personne n'est en mesur;Liquidus00;Liquidus;471305784;;Autre;2024;8;17;3
1,82E+18;2024-08-08 17:27:19+00:00;Hello @free, c'est quoi les délais de déploiement de la fibre chez vous ? J'ai reçu un mail en avril 2022 m'informant que la fibre free arrivait dans ma ville et j'attend toujours 🤔;Flomniscient;Florent L'Omniscient;1201609921;;Question technique;2024;8;17;3
1,82E+18;2024-08-08 17:27:58+00:00;par contre @free vos box internet qui passe plus de temps à bugger que moi a dormir, ça va 2 minutes;collinsimmer;:(:;2768686996;;Plainte service;2024;8;17;3
1,82E+18;2024-08-08 17:29:30+00:00;bonjour @free @Freebox il y a encore un bug sur le serveur SMTP;d2risto;gino bart;4243194502;;Plainte service;2024;8;17;3
;;;;;;;;;;;
1,82E+18;2024-08-08 19:15:54+00:00;Merci @Free_1337 @free, aujourd'hui je n'ai pas pu faire une (grande) partie de mon travail car vous appelez des techniciens faignant pour qu'on les ait un autre jour alors que j'en avais besoin depuis 13h. Merci beaucoup.;totinium77;Thierry | Totinium;3145813257;;Réclamation RDV;2024;8;19;3
1,82E+18;2024-08-08 19:38:53+00:00;Tu paies un 🤬 d'abonnement et ça marche pas ! Merci @free https://t.co/ctH21g8DHr;SamCenation90;Cédric Druel 🗽;2228925793;;Autre;2024;8;19;3
1,82E+18;2024-08-09 01:08:01+00:00;@free bon là ça commence à être long une semaine sans connexion;sayanbrk;mobE🇩🇿;1,17E+18;;Question technique;2024;8;1;4
;;;;;;;;;;;
1,82E+18;2024-08-09 07:00:29+00:00;Free : la modification des offres Netflix passe mal mais l’opérateur n’y peut pas grand chose https://t.co/HX9ZKpjspL;FreenewsActu;Freenews;59099662;;Autre;2024;8;7;4
1,82E+18;2024-08-09 09:08:33+00:00;@free @Freebox c'est de la m****\nEntre le remboursement que je dois mendier parce que je n'ai pas d'accès pendant 1 semaine et la conseillère quand j'appelle qui m'envoie chier\nEt depuis impossible d'avoir quelqu'un...\nIl est temps que @bouyguestelec;MxlleMacrelle;Béné Dicte;1,62E+18;;Question technique;2024;8;9;4
1,82E+18;2024-08-09 10:38:52+00:00;@free pas une semaine sans que sa tombe en panne c de pite en pire surtous de puits que cette d'algériens de box ultra et sur le marché sa devient du grand n importe quoi j ai passé 2 ans à ne pas avoir de soucis et la depuit la sortis de cette box c ;jpaullest;Jean Paul;1,71E+18;;Plainte service;2024;8;10;4
1,82E+18;2024-08-09 12:55:59+00:00;@free pire service client;Anaaconda13;QueenA Ⓥ;3090005608;;Plainte service;2024;8;12;4
1,82E+18;2024-08-09 13:49:19+00:00;@Freebox Bonjour, un montant supplémentaire m'a été facturé ce mois-ci pour un abonnement Canal+ auquel je ne me suis pas inscrit. Je n'ai reçu aucun email ni aucun avertissement à ce sujet. C'est injuste et je devrais être remboursé.;oleanbu;Vulalakiw;9049302;;Autre;2024;8;13;4
;;;;;;;;;;;
1,82E+18;2024-08-09 15:28:44+00:00;@free Comment vous contacter ? Tout me renvoie vers mon menu assistance Freebox mais depuis mon déménagement, je n'ai aucun numéro de contact dedans ni accès à la moindre messagerie. J'aimerai connaître les raisons de tels délais sur la mise en pla;Matveey2;Morgiane ✿;1,37E+18;;Question technique;2024;8;15;4
1,82E+18;2024-08-09 15:29:28+00:00;ah bah ça va l’installation par le technicien merci @free @Freebox c’est tellement énorme je vais bien pouvoir effectuer le gaming la https://t.co/1BaNd95xfu;fouinybenji_;benji;1,00E+18;;Question technique;2024;8;15;4
1,82E+18;2024-08-09 18:02:13+00:00;@free @Xavier75 c'est quand qu'on a une connexion qui marche ?;eoghanfeignass2;Eoghan 🦝;1,60E+18;;Question technique;2024;8;18;4
1,82E+18;2024-08-09 18:26:22+00:00;@free pire opérateur c’est une honte leurs service client;Rem_LB;Myré;1157033731;;Plainte service;2024;8;18;4
1,82E+18;2024-08-09 19:47:34+00:00;@free, en adsl chez vous, que faire quand - free a bien déployé mon quartier\n- mes voisins ont la fibre chez free\n- je suis éligible fibre chez tout le monde (Orange, bouygues, sfr, ovh) mais pas chez vous\nmais que votre service client ne veut rien ;spirionweb;Loïc;63534392;;Plainte service;2024;8;19;4
1,82E+18;2024-08-09 20:04:18+00:00;@Freebox j'ai une erreur DASH 1124 qui vient de s'afficher, je ne peux plus mettre les chaines en plein écran, obigé de regarder dans la mosaique, merci pour votre aide;didi69220159758;di di;1,65E+18;;Autre;2024;8;20;4
1,82E+18;2024-08-09 20:56:46+00:00;@free euh ça fait 3 jours on a pas de réseau dans TOUTE LA RUE , on peut ni téléphoner ni aller sur internet , vous aviez dit 72h on est a la 80e la c’est comment ? https://t.co/Zeop2mrGJa;davilha_;🖐🏾👩🏾🤚🏾;7,20E+17;;Question technique;2024;8;20;4
1,82E+18;2024-08-10 06:18:48+00:00;@Free_1337 @free @Freebox : (1/2) Ça vous semble normal de faire payer un abonné alors qu'il ne peut pas accéder à vos services ?\nJ'ai déménagé le 6 août, le 8 août un de vos techniciens n'a pas été capable d'installer la fibre à ma nouvelle ;brachior;Jérôme Pilliet;1866820400;;Question technique;2024;8;6;5
;;;;;;;;;;;
1,82E+18;2024-08-10 10:00:14+00:00;Bonjour @free, je dois résilier mon abonnement internet suite à une mutation et une installation dans un logement où il y a déjà internet.\n\nJ'ai lu qu'une exonération des 49 euros de frais pouvait avoir lieu selon motif. \n\nLesquels et comment les faire valoir ?;Ceddup;Ceddup;249782092;;Question technique;2024;8;10;5
;;;;;;;;;;;
1,82E+18;2024-08-10 11:33:21+00:00;@Freebox Bonjour \nMa connexion depuis 2-3 jours est ultra lente, pouvez-vous m’expliquez pourquoi ? Je suis Fibré, faites quelque choses svp \nMerci;FlorianBchl;Flo;576246538;;Demande d'aide;2024;8;11;5
1,82E+18;2024-08-10 12:16:05+00:00;@Freebox mon interne ne fonctionne plus depuis hier soir un technicien est venu ce matin il m’a dit je descends je reviens et je l’ai vu se barrer !!  Bravo Free magnifique image de votre service.  \n@Freebox a évité a tout prix service client zéro;LucideOdile;Odile Lucide;1,48E+18;;Plainte service;2024;8;12;5
1,82E+18;2024-08-10 15:02:56+00:00;Euh, c'est fréquent les Freebox Pop qui reboot comme ça sans demander ?\nCa vient de m'arriver en plein live...\nPoke @Freebox;AlxTNF;Alx;4610446397;;Autre;2024;8;15;5
1,82E+18;2024-08-10 15:03:34+00:00;@Free_1337 @Freebox Bonjour, les rdv pour installer la fibre c'est en combien de temps ? J'ai la fibre disponible dans le quartier et j'ai besoin de m'organiser ...\nFibre free disponible.;FRAziat;FRAziat;454764369;;Demande d'aide;2024;8;15;5
1,82E+18;2024-08-10 15:45:08+00:00;Bon bah faut pas que votre freebox fasse des siennes pendant le mois d'aout hein... j'ai plus de bande 5GHz sur le wifi, la box chauffe à plus de 100° et pas de tech dispo avant mardi matin, sauf que bien sûr je suis dispo qu'en soirée/week-end.;stunty999;☠ Stunty999🔻;385009953;;Question technique;2024;8;15;5
;;;;;;;;;;;
1,82E+18;2024-08-10 16:53:04+00:00;@Freebox bonjour. Je n'ai pas accès à freebox tv alors que la box m'indique que tout est en ordre. Que se passe-t-il?;meufgenante;macron hate account;416431122;;Autre;2024;8;16;5
1,82E+18;2024-08-10 18:08:40+00:00;@Freebox @freemobile @free  @free  Bonjour, des techniciens ont ouvert des tickets pour le remboursement des périodes de dysfonctionnement sur le réseau (data + fibre). Aujourd'hui, on me refuse et on me dit qu'il n'y avait pas de panne !!?? Pour qui me;Bob3404;Christophe Bob;3643688416;;Plainte service;2024;8;18;5
1,82E+18;2024-08-11 00:21:57+00:00;@Freebox Bonjour, depuis presque une semaine mon débit internet vacille , elle disparaît un temps et reviens mais toujours faiblement, je suis fibré et en temps normal le débit est 900mbs hors actuellement ça frolles les peu de megats et ça c'est qu;clafoutiquirie;Couteau qui s'aiguise🔪;1,20E+18;;Question technique;2024;8;0;6
1,82E+18;2024-08-11 07:33:54+00:00;bonjour @UniversFreebox @Free  @Freebox je prends un mois d abonnement sans engagement a @beinsports_FR @beINSPORTS pour regarder l #EURO2024  et vous me facturez deux mois ? c comme ca ou ont peut dire que c malhonnête et que c du vol ? @Xavier75 comment ont fait ?;Bber73;MARK;2223650524;;Question technique;2024;8;7;6
1,82E+18;2024-08-11 14:52:12+00:00;Donc @free va ajouter de la Pub sur Netflix OK\n\nmais le tarif c'est comment?;Juliendu75;julio;118059443;;Question technique;2024;8;14;6
1,82E+18;2024-08-11 17:57:09+00:00;Pas un jour sans un problème de connexion, c'est bon je vais quitter @free, c'est lourd à force;BeatsBewilder;RudyRecte;1,24E+18;;Plainte service;2024;8;17;6
1,82E+18;2024-08-12 08:13:10+00:00;Bonjour @Freebox 3 mois que j’ai demandé un déménagement Fibre, 3 mois que le dossier est au point mort malgré un nombre incalculable d’envois d’informations pour faire bouger le dossier… Vous venez de perdre un client fidèle depuis 2001.;XaM0u;XaMou Lamperouge;169766899;;Question technique;2024;8;8;0
1,82E+18;2024-08-12 09:12:40+00:00;Dis @Freebox ça s'arrête quand le foutage de gueule?\nPlus d'internet depuis le 21/07, ticket ouvert le 26/06, intervention d'un technicien prévue le 09/08 entre 15 et 17h que vous annulez à 14h30 alors que j'ai posé un jour de congé et fait 90km pour être sur place.;makinero31;Makinero;94918457;;Réclamation RDV;2024;8;9;0
1,82E+18;2024-08-12 09:42:28+00:00;@free @Freebox le sce client est compliqué. Tant que vous êtes client, le reste on s'en moque.;JeSuisAidant;JeSuisAidant;1278851618;;Autre;2024;8;9;0
1,82E+18;2024-08-12 09:42:54+00:00;Free c’est vraiment une catastrophe pour les avoir au téléphone. Pour facturer ils sont forts mais pour aider il n’y a personne ! @free @Freebox impossible le de contacter le service box !!!!;Racheltrt28;la boulette;1598964613;;Autre;2024;8;9;0
;;;;;;;;;;;
1,82E+18;2024-08-12 10:38:41+00:00;@free premier activation le 30/7/2024.premier facture pour le 30juin a 30 juillet es normal?;dowa_shan23446;shan dowa;1,76E+18;;Autre;2024;8;10;0
;;;;;;;;;;;
1,82E+18;2024-08-12 10:59:52+00:00;@Freebox bonjour possible de dm svp ?;NeyteMZ;🐨⭐ Quentin ⭐️🐨;327511317;;Demande d'aide;2024;8;10;0
1,82E+18;2024-08-12 11:36:06+00:00;Le technicien @free qui me demande de chercher où passe le fil pour installer la fibre et de les recontacter quand c’est fait, non mais chacun son métier hein c’est à eux de faire ça, non ?;elo_lpz;Elo;1,03E+18;;Question technique;2024;8;11;0
1,82E+18;2024-08-12 12:17:14+00:00;@free Hello, possible de passer sur une box moins chère pour l'année prochaine? J'ai la pop et j'aimerais la revolution. Je ne vois aucune possibilité sur mon espace client. Merci d'avance;Path80s;Path;1596316172;;Autre;2024;8;12;0
1,82E+18;2024-08-12 12:32:09+00:00;@dgccrf il faut surveiller @Freebox @free , on ne peut pas utiliser notre droit de rétractation tant qu’ils nous ont pas raccorder car le 3244 est joignable que quand on est raccordé.\n@Xavier75 faites quelque chose vos techniciens ne viennent pas et ;Maxoouuuu91;Max';2310724811;;Réclamation RDV;2024;8;12;0
1,82E+18;2024-08-12 13:41:26+00:00;@Freebox  Cela fait maintenant plus de trois semaines que mon abonnement télé ne fonctionne plus, et c’est vraiment inadmissible. 😡 Aujourd’hui, j’avais un RDV avec un technicien pour régler le problème, mais il a été annulé à la dernièr;Dbaviiiiiie;.;8,83E+17;;Plainte service;2024;8;13;0
1,82E+18;2024-08-12 15:00:50+00:00;@free J'ai demandé la résiliation et j'ai renvoyé ma box.\n\nJ'ai reçu un email comme quoi il manque ma box tv cependant après un appel a free j'ai indiqué que j'avais deja donné ma box à mon technicien lorsqu'il est venu poser la box car je n'ai ;Appolo_T;Appolo;4364669722;;Réclamation RDV;2024;8;15;0
1,82E+18;2024-08-12 15:22:29+00:00;Alerte arnaque!! @free Je me bats depuis juillet pour résilier mon abonnement @filmotv via @Freebox J’ai été prélevée abusivement ce mois-ci. Je vais réaliser une enquête si vous ne revenez pas vite vers moi @UniversFreebox Qui a été victime par ici ?;AlexHolzhammer;Alexandra Holzhammer;2391612324;;Autre;2024;8;15;0
1,82E+18;2024-08-12 15:50:10+00:00;@free @Freebox @freemobile bonjour j’ai besoin d’aide suite au décès de ma maman est il possible d’être contacté par mp ?;madridista38000;MADRIDISTA;1459239733;;Autre;2024;8;15;0
1,82E+18;2024-08-12 16:04:45+00:00;@Freebox j’ai la fibre en plein Paris vous vous foutre de la gueule de qui c’est quoi cette connexion ?? https://t.co/cb5R3K3xqc;M4APE;elrondecuba 🇳🇴🇺🇿🇫🇷;4863752680;;Question technique;2024;8;16;0
1,82E+18;2024-08-12 17:03:12+00:00;@free @Xavier75  Mille hontes à vous !\nVous venez de me bloquer et de sacrifier mon réseau internet !\nLa liberté d'expression n'a pas de prix !!;FatoumataNiak27;Fatou Niakaté 🇲🇫;1,53E+18;;Autre;2024;8;17;0
1,82E+18;2024-08-12 21:30:00+00:00;Aucun contrat à long terme.\nFacile à commander en ligne;Starlink;Starlink;1,33E+18;;Autre;2024;8;21;0
1,82E+18;2024-08-13 04:07:23+00:00;@Freebox bonjour Free. \nDepuis hier matin toujours pas d'internet. La box est coincée à l'étape 2. \nUn peu d'aide svp. Merci.;dege_42;DIEZ;1573630574;;Demande d'aide;2024;8;4;1
1,82E+18;2024-08-13 05:15:50+00:00;@Freebox @free un petit problème, plus d'internet depuis le 16juin et on me fait payer l'abonnement internet en entier ??? Déjà appelé mais rien ne bouge. Quand vous achetez un batard , une baguette etc.. si je vous donne que 1/4 c'est bon?;kenny____61____;kenny;1,46E+18;;Plainte service;2024;8;5;1
1,82E+18;2024-08-13 07:30:34+00:00;@free tu viens récupérer tes merdes quand ? Ou je te les ramène en boutique ? https://t.co/LXRhynXrbW;mathieupassenau;Mathieu Passenaud;83445497;;Autre;2024;8;7;1
1,82E+18;2024-08-13 08:30:12+00:00;@Freebox problème de box en plein été depuis 3 jours et on te donne un rdv le 27/08 😱😱😱 quid du télé travail et autres utilités de cette box ...etc ... grrrrr aucune autre solution proposée 👎👎;MHW2007;MHws #🇫🇷🇫🇷🇫🇷;379896385;;Plainte service;2024;8;8;1
;;;;;;;;;;;
1,82E+18;2024-08-13 12:53:10+00:00;J'ai pris un abonnement box chez @free il y a quasiment un mois... Toujours aucune nouvelle de mon rendez-vous de raccordement... Dites @free le délai d'attente qui se compte en mois c'est normal ? (on m'avait promis une dizaine de jours lorsque j'ai souscrit..) #foutagedegueule;Seb4Ko;Sébastien Konieczny;425388144;;Réclamation RDV;2024;8;12;1
1,82E+18;2024-08-13 13:45:17+00:00;@Freebox ,ça ne vous dérange pas d'annuler le rdv avec votre technicien prévu le 16 alors que je n'ai plus de connexion internet depuis 1 semaine.\nNe vous demandez plus pour quelles raisons les gens partent chez @Orange_France;carlboehm32;carl boehm;2559407636;;Question technique;2024;8;13;1
1,82E+18;2024-08-13 16:35:09+00:00;@Freebox c'est possible d'avoir une télé qui fonctionne ou pas ? nan pck avec ma coloc on a un peu l'impression de payer pour rien :);_zxlda;mi'🫧;4136241507;;Autre;2024;8;16;1
1,82E+18;2024-08-13 17:03:09+00:00;C’est normal de se faire insulter et raccrocher au nez quand on demande juste pourquoi notre facture est doublée ?! @free;acursedpumpkin;CursedPumpkin 🦇🪞🌙;162323314;;Question technique;2024;8;17;1
1,82E+18;2024-08-13 23:37:01+00:00;@free vous puez la merde plus rien marche;Mab_Nod;Nay;231653580;;Autre;2024;8;23;1
1,82E+18;2024-08-14 06:10:02+00:00;@Freebox @Xavier75 Pourquoi suis-je ds l’attente de mon remboursement de 190€ promis depuis fin Juin?Jai contacté votre assistance à 0.45ct/min pdt 8min le 6aout vous m’aviez  confirmé que le virement etait en cours depuis le 5 j’attends tjrs!;chicoleziz;A M;1,63E+18;;Question technique;2024;8;6;2
1,82E+18;2024-08-14 08:36:16+00:00;@free pourquoi Peujard (33240) est exclu de la fibre Free?\ncommune fibrée depuis 1an et les seuls à en profiter sont les voisins abonnés chez la concurrence;JesusForain;Jesus Forain;8,97E+17;;Question technique;2024;8;8;2
1,82E+18;2024-08-14 08:38:05+00:00;@free je dois vous l'expliquer dans quelle langue que votre offre téléphonie ou autre m'intéresse pas FOUTEZ-MOI LA PAIX !!! CHAQUE JOUR 2 APPELS \n\n(Je vois que même en étant inscrit sur bloctel) On a toujours du démarchage 😮‍💨;lsakurayuki;sakurayuki 🌸;7,90E+17;;Autre;2024;8;8;2
1,82E+18;2024-08-14 09:59:23+00:00;@freemobile @Freebox j'ai énormément de bug de connexion que ce soit 4g ou WiFi c'est dingue !!!;BRUNITO_STUDIO;BRUNITO STUDIO;7,59E+17;;Plainte service;2024;8;9;2
1,82E+18;2024-08-14 10:25:37+00:00;Bonjour @Orange_France @Orange_conseil @Freebox \nToujours pas de communication entre vous pour que nos lignes soient réparées ? #orange #freebox \nIncroyable ce bloquage #sabotage https://t.co/G7uXYznNPq;Laetitbulle;Laetitbulle;1068921744;;Autre;2024;8;10;2
1,82E+18;2024-08-14 10:28:15+00:00;Si j’avais su que @free c’était comme ça… \nc’est bien beau de faire des offres mais faudrait que ça fonctionne hein… \net bizarrement là-bas il n’y a pas de responsable avec qui on pourrait parler…;kepele313;cham bakele;1,37E+18;;Autre;2024;8;10;2
1,82E+18;2024-08-14 10:57:24+00:00;@free @Freebox depuis le 12 juillet, la société free ne fournit plus le service d accès à la fibre que je paie. La société continue de me facturer et aucune date de travaux pour rétablir le service n est prévue. Malgré des dizaines de messages ri;dadalbator;sevenseven;152944697;;Question technique;2024;8;10;2
1,82E+18;2024-08-14 11:41:57+00:00;@Freebox C'est inadmissible, tout est prêt et il n'a pas fait son travail. De base, il est monté sans son matériel, j'aurai dû me douter qu'il n'était pas très motivé. Comment puis-je le contacter pour qu'il (re)vienne faire son travail ?!;Alfonso_Cabaret;Coach D;401889718;;Question technique;2024;8;11;2
1,82E+18;2024-08-14 11:46:12+00:00;@InfoAbonneCanal Ça vous amuse de tenter de faire comme SFR ou la SFAM des prélèvements à tord? Honte à vous sales voleurs!!!!!!;IssouNonyme;Larry Bradbury ⚛️🔳🇫🇷;8,21E+17;;Autre;2024;8;11;2
1,82E+18;2024-08-14 12:01:06+00:00;🚨 DE LA LIGUE 1 GRATUITE !\n\nFree Foot (ex Free Ligue 1) s’associe avec @DAZN_FR et proposera gratuitement 8 matchs de Ligue 1 McDonald’s par journée en extraits en quasi direct !\n\n🗞️ Le CP : https://t.co/EhtZ262MZv https://t.co/apuuCoUu7e;FreeFoot;Free FOOT;1,29E+18;;Plainte service;2024;8;12;2
;;;;;;;;;;;
1,82E+18;2024-08-14 12:36:47+00:00;@Freebox salut free, ça fait 3 semaines que je n’ai pas internet, un ticket a été ouvert mais je n’ai pas de nouvelles, quand j’appelle sur le 3244 ça me dit que c’est en cours et ça raccroche et je viens de payer ma facture 40€ alors que j;pitaparka;Pita;1,18E+18;;Info/Annonce;2024;8;12;2
1,82E+18;2024-08-15 06:59:07+00:00;@Freebox il faut que tu m'expliques. Je cherche a joindre la hotline parce que l'espace assistance ne marche pas, et on me demande un code qui est sur l'espace assistance. Comment je fais ?;msieurari;M'sieur Ari;127599931;;Question technique;2024;8;6;3
1,82E+18;2024-08-15 08:21:00+00:00;Ceci n'est pas un aliment. https://t.co/ncr2CkbY83;free;Free;252263949;;Autre;2024;8;8;3
1,82E+18;2024-08-16 05:38:50+00:00;Bonjour @free @Free_1337 il y a un problème avec l'outil de diagnostic non? à la seconde où il dit vérifier la box, il clos la discussion. En tout cas c'est pas clair https://t.co/AVIXIZraZQ;Nikowalix;🏳️ Nikowalix;309306395;;Plainte service;2024;8;5;4
1,82E+18;2024-08-16 07:27:56+00:00;@Freebox je crois qu'il y a un problème à résoudre aujourd'hui... Merci https://t.co/WhDJ50Na0Q;sthienard;Sebastien 👾;382306459;;Plainte service;2024;8;7;4
1,82E+18;2024-08-16 08:03:00+00:00;Bonjour @Freebox .\nMaj 1.5.9 installée aujourd'hui. Je crois qu'il y a comme un problème. Le CEC ne fonctionne plus non plus.\n@UniversFreebox https://t.co/MnNR8qNwWx;yannickg1975;Yannick;2943795820;;Plainte service;2024;8;8;4
1,82E+18;2024-08-16 08:17:04+00:00;Ici un rack bâtiment refait à neuf l'année dernière...\nSaboté par les techniciens @free ou @Freebox bref rien à foutre...\nQuoi qu'il en soit après la 5ème ou 6ème coupure depuis la réfection, le prochain technicien qui me débranche je le frappe... @CoeurEssonne https://t.co/bkoq5fSBUb;wice9721;Gars.EL972;2605910863;;Plainte service;2024;8;8;4
;;;;;;;;;;;
;;;;;;;;;;;
;;;;;;;;;;;
;;;;;;;;;;;
1,82E+18;2024-08-16 10:54:21+00:00;Quand @free fait le forcing pour installer la box, avec de faux arguments, chez des personnes de 93 ans, et que les installateurs repartent et que le télé et le téléphone ne fonctionnent plus ! On passe à la concurrence.;nicolas_thinot;NcT 66;8,45E+17;;Autre;2024;8;10;4
1,82E+18;2024-08-16 12:07:25+00:00;Qu’est qui ce passe @free de 8h a 13h j’avais plus de réseau plus de wifi plus rien, le réseau est revenu mais ma wifi bug comme jamais;kiruaZ_7;sprtzoo;7,27E+17;;Plainte service;2024;8;12;4
1,82E+18;2024-08-16 13:27:17+00:00;@Free_1337 hello depuis 15h suite un passage a l étape 2 de ma delta , je n ai plus les droits sur canal plus, que faire ?;fabien_verhulst;Fabien Verhulst;57985260;;Autre;2024;8;13;4
1,82E+18;2024-08-16 16:38:25+00:00;@free \nVos changements de tarifs sont scandaleux. Je n'ai jamais souscris certains services et je paye 70 euros pas mois mais vous êtes fous....;vid78;D. LPZ;1028442018;;Autre;2024;8;16;4
1,82E+18;2024-08-16 17:06:41+00:00;@Freebox coucou. Depuis ce matin plus de wifi. La free reste bloquée sur étape 4. On me dit que c une panne générale et que l'intervention se fait a distance..bien sûr..veille de week-end. On en parle ?????? https://t.co/4kHY7fGxzD;magali0875;mag;456683621;;Plainte service;2024;8;17;4
;;;;;;;;;;;
1,82E+18;2024-08-16 17:39:37+00:00;@Freebox J'ai fait des démarches pour changer la Freebox Mini 4k pour la nouvelle Freebox Revolution light. J'ai appelé au 1044 et en boutique on me dit que c'est possible mais au 3244 que NON. Je fait quoi? Pourquoi les nouveaux clients sont mieux trai;Eagleone98;Alex;2418725510;;Question technique;2024;8;17;4
;;;;;;;;;;;
1,82E+18;2024-08-16 18:56:49+00:00;@free l'application Ligue 1 est HS. Dommage pour la reprise du championnat 😂;easyit;Sylvain - Easy-IT;16415611;;Plainte service;2024;8;18;4
1,82E+18;2024-08-16 20:03:39+00:00;Faut voir mon combat avec @Freebox  mdr sfr j’arrive;LmstMlle;Ayiillaa;1,19E+18;;Autre;2024;8;20;4
1,82E+18;2024-08-16 20:12:02+00:00;Hey @Freebox et @M6plusofficiel c'est normal que l'on n'ait pas de sous-titres sur la Freebox révolution?;Maths78jl;Julien;9,96E+17;;Autre;2024;8;20;4
1,82E+18;2024-08-17 04:02:41+00:00;@free ET LA PANNE A ROQUEFORT HEIN?;duo_fiery;Soft bf genderswap/restyle (official);1,69E+18;1.8239983107361874e+18;Plainte service;2024;8;4;5
;;;;;;;;;;;
1,82E+18;2024-08-17 08:21:00+00:00;@Free_1337 Bonjour, incident collectif fibre impactant la rue Tredez à Dugny 93440 depuis hier 15h. Une idée du temps de résolution ?;ArnaudJouzac;Arnaud;4229153473;;Question technique;2024;8;8;5
1,82E+18;2024-08-17 10:27:48+00:00;@Freebox depuis mercredi matin pas de wifi la @freebox est bloqué à l’étape 2 et aucun technicien n’est disponible pour réparer la panne 🙄;ThaliaGey;Sassou💕;9,44E+17;;Plainte service;2024;8;10;5
1,82E+18;2024-08-17 10:39:09+00:00;@free quand est ce que ma ligne va être raccordée sur at FT? Pourquoi est ce si long?? 15 jours c’est 14 jours et 23h59 mins de trop…;benchristophe;Ben;76335201;;Question technique;2024;8;10;5
1,82E+18;2024-08-17 12:01:33+00:00;@free bonjour,\n\nQuand vais-je recevoir les étiquettes pour vous restituer le matériel @freebox svp ?\nPuis-je vous le rendre directement en boutique ?\nMerci;RatDegoutMaudit;Soutien Rima Hassan #FreeGaza 🇵🇸;1,20E+18;;Demande d'aide;2024;8;12;5
1,82E+18;2024-08-17 12:10:10+00:00;@Freebox Ras le bol de vos pannes il n’y a que ça ces derniers temps … faites le nécessaire pour rétablir votre réseau sinon on partira chez le concurrent Orange ! 😡😡😡;BVoeckler;blair voeckler;2634673201;;Plainte service;2024;8;12;5
1,82E+18;2024-08-17 13:42:07+00:00;@Freebox service technique totalement à l'ouest, n'écoute pas ses clients et se contente de lire leur papier.... se fout ouvertement de la gueule des gens en ligne car on les attend rigoler! 1 semaine que je paye pour rien car toujours plus d'internet e;Loloscrt;little lolo;1,46E+18;;Autre;2024;8;13;5
1,82E+18;2024-08-17 15:11:58+00:00;À cause de ces connards d’@Orange_France  je dois attendre 10 jours pour une intervention @free  tout aussi incompétent. \nOn se casse de chez vous bandes d’incapables !;Onelyman;Mandy;261914450;;Réclamation RDV;2024;8;15;5
1,82E+18;2024-08-17 15:34:08+00:00;@Freebox Par pitié vous pouvez m'envoyer un message en mp j'en peux plus de ma connexion;Liammgnr;Liam;1,78E+18;;Question technique;2024;8;15;5
1,82E+18;2024-08-17 17:41:16+00:00;Sinon @bouyguestelecom @free @Orange_France @SFR c est possible d’avoir une offre box sans avoir la Télé comprise dedans ( qui rallonge forcément le prix de l’abonnement :) ) ?;Julien2542;Julien;1,73E+18;;Autre;2024;8;17;5
1,82E+18;2024-08-17 18:37:06+00:00;@free pouvez-vous donner suite à mon message asap ? Message inquiétant concernant un colis prétendument non-reçu alors qu'envoyé en relais colis il y a 1 mois (équipements box après résiliation). Sur internet, de nombreuses personnes se plaignent ;alice_dcnk;Alice;1,75E+18;;Autre;2024;8;18;5
1,82E+18;2024-08-17 20:22:06+00:00;@SFR @free @Freebox @VilledeConflans nous sommes un certain nombre de clients sans aucune connexion à internet depuis une semaine et sans précision de solution. Chaque opérateur se renvoie la balle. C’est une honte.  Que faites vous ? #fibre #conflan;soraya_khadir;Soraya Khadir;3233699646;;Question technique;2024;8;20;5
;;;;;;;;;;;
1,83E+18;2024-08-18 14:22:04+00:00;Salut @Freebox @free \nMa ligne est coupée pour la 3eme fois en 2 mois et à nouveau vous me dites que la visite du technicien aura lieu dans 10 jours😱 ! \nEn m'expliquant que d'ici là je me demerde... \nY'a pas un peu d'abus là ? Je fais comment pour bosser ?;stefmhb38;Stefmhb;1,53E+18;;Question technique;2024;8;14;6
1,83E+18;2024-08-18 20:50:43+00:00;@free , je vous manque ou quoi, ça fait même pas quelque mois que j'ai plus de problèmes après une succession de plusieurs problèmes et maintenant j'en ai quand le service technique est fermé. Un peu relou en pleine partie 😉;eliotl007;Eliot;1,71E+18;;Plainte service;2024;8;20;6
1,83E+18;2024-08-18 21:51:19+00:00;@free remettez la wifi pitié je suis au chapitre 6 d’un livre tellement je me fais chier;288_689;zey;1,61E+18;;Question technique;2024;8;21;6
1,83E+18;2024-08-19 04:45:05+00:00;⚠#PANNE  FREE MOBILE EN COURS⚠\n 📡20 freenautes ont remonté des problèmes sur le réseau #mobile de #Free depuis 19h28\n🌍Villes concernées : L'Hôpital (57490), Carling (57490)\n⬇️⬇️⬇️\nhttps://t.co/U4HQRFCDxu;zoneadsl_panne;Pannes Internet et Mobile;1,59E+18;;Plainte service;2024;8;4;0
1,83E+18;2024-08-19 07:51:07+00:00;Quand y a un bug de réseau vous faites pas semblant hein. Pas de réseau de 21h a 9h du matin bande de con @free;Rossoneroo7;Rossonero;890016864;;Plainte service;2024;8;7;0
1,83E+18;2024-08-19 08:04:12+00:00;@Freebox écrasement de ma ligne fibre depuis jeudi plus rien ne fonctionne et des conseillers qui se contentent de relancer le service fibre qui ne donne aucune nouvelle.;Zodiac_73;⭐ Sandra ⭐;851635826;;Question technique;2024;8;8;0
1,83E+18;2024-08-19 08:58:33+00:00;. @Freebox @Xavier75 10j que j’ai passé commande et 10j que l’on me dit que je vais recevoir un mail pour prise de rdv avec le technicien…n’empêche que j’ai tjs pas le net depuis le 9… :( je suis tristesse;PROSPeRFUN;PROSPeRFUN®;137967749;;Réclamation RDV;2024;8;8;0
1,83E+18;2024-08-19 09:33:37+00:00;@Freebox bonjour j’ai besoin d’aide concernant ma freebox;IllIIIllIllIIIl;⚫️;1,48E+18;;Autre;2024;8;9;0
1,83E+18;2024-08-19 10:24:33+00:00;La vision d'ingénierie vs la vision financière, les résultats en service rendu sont au rendez-vous, je préfère la stratégie Xav75 sans hésiter. https://t.co/T8h7QOLVEk;pbeyssac;Pierre Beyssac 🏴‍☠️🇫🇷🇪🇺🇺🇦;112850365;;Réclamation RDV;2024;8;10;0
1,83E+18;2024-08-19 12:02:39+00:00;Cela fait 15 jours que je n'ai plus internet, j'attendais impatiemment mon rendez-vous de demain avec un technicien.\nEt là, @Freebox a annulé mon rendez-vous.\nIl me propose le prochain créneau le 26 août. Vous vous foutez pas un peu de la gueule de vos clients par hasard!? \n#free;nelisiane;ℕ𝕖𝕝𝕚𝕤𝕚𝕒𝕟𝕖 🌿;4252395437;;Réclamation RDV;2024;8;12;0
;;;;;;;;;;;
;;;;;;;;;;;
1,83E+18;2024-08-19 13:57:34+00:00;Dites @Freebox c’est normal de n’avoir aucun accès wifi depuis le 9 août, sans pouvoir accéder non + à votre service d’assistance et sans aucune autre solution que le partage de connexion via mon forfait mobile? \nFinalement il vaut mieux payer + pour un meilleur service.;SLb_74;Clara_Menté 💃;8,69E+17;;Question technique;2024;8;13;0
1,83E+18;2024-08-19 13:58:15+00:00;Tel a @free pour un problème de télécommande et tomber sur un conseiller qui te méprise et te dire que tu lui fait perdre du temps mais qu il est payé… que répondre \n#free #freebox @free @Freebox #shame;MarieCatin;Sœur Marie catin;3364099342;;Plainte service;2024;8;13;0
1,83E+18;2024-08-19 14:50:21+00:00;@free on a un soucis sur un colis là;buissonboi;Aemot 🇫🇷;1,27E+18;;Autre;2024;8;14;0
1,83E+18;2024-08-19 15:05:58+00:00;@Freebox bonjour, quel est le délai actuel pour revenir sa Freebox Ultra sur une migration ? Sachant que ma ligne fibre a été rendue compatible aujourd'hui.;Aptarus;Aptarus;114060097;;Question technique;2024;8;15;0
1,83E+18;2024-08-19 15:08:19+00:00;Bonjour @FreePro @free\n\nJ'ai ouvert une demande d'assistance le 3 juillet 2024. Je n'ai pas de réponse alors que votre commerciale me promettait des réponses dans les 72h (ce qui me convenait très bien).\n\nQue dois-je faire pour que vous me répondiez ?;BenoitFrimon;Benoît Frimon-Richard;1,06E+18;;Autre;2024;8;15;0
1,83E+18;2024-08-19 15:59:35+00:00;Sinon, @free , @Orange_France Vous proposez quoi en terme de d'abonnement Fibre ? Histoire de remplacer @bouyguestelecom qui me balade depuis des mois ?;Marvel_ousGirl;Anaïs;447930899;;Question technique;2024;8;15;0
1,83E+18;2024-08-19 18:30:19+00:00;Bonjour, notre point de présence (POP) de Créteil (94) subit quelques perturbations. Plusieurs interruptions de service situées dans la commune de Melun et ses envrions (77). Nos équipes sont déjà mobilisées, merci pour votre patience. https://t.co/WVjSZBKqiP;Free_1337;Free 1337;1,44E+18;;Autre;2024;8;18;0
;;;;;;;;;;;
1,83E+18;2024-08-19 19:39:26+00:00;@free allez bien vous faire enculer avec votre box qui bug tout les jours et aujourd'hui plus que d'habitude impossible d'avoir internet + impossible de vous joindre;Trafyanis;Traf la 25eme nuit;1295555498;;Plainte service;2024;8;19;0
1,83E+18;2024-08-19 21:45:33+00:00;@free je pense que c’est la panne de trop ! Nous allons devoir nous séparer;Willow_127;127;1251329695;;Plainte service;2024;8;21;0
1,83E+18;2024-08-19 22:10:09+00:00;@free c’est normal que sur tout un secteur ( Melun ) les gens n’aient pas de réseau? Et vous dites rien ?;MizunaraGie;Sayyadina Gie;3377864332;;Autre;2024;8;22;0
1,83E+18;2024-08-19 22:27:07+00:00;@free je suis désolé mais la panne là m’a fais comprendre que je dois te quitter déjà que j’ai pas fibre avec vous c bon je vais chez @REDbySFR;CocoDjodjo7;D&D🦧;1,13E+18;;Plainte service;2024;8;22;0
1,83E+18;2024-08-19 22:38:13+00:00;Free sachez que des demain c’est fini c’est quoi c’est panne de 6h?? @free;Laetitia_Sn;.L;763390944;;Plainte service;2024;8;22;0
1,83E+18;2024-08-20 01:15:49+00:00;@free C'est possible de pas avoir des bigs latence/ crash pendant mes ranked Valo??;Kitsupied_;Kitsupied_;1,47E+18;;Autre;2024;8;1;1
1,83E+18;2024-08-20 02:28:27+00:00;@free vous avez avant 9h du matin pour me répondre ou sinon votre box de merde fini dans l’eau.;NoCom2enTQLF;🇩🇿 🇵🇸;8,86E+17;;Autre;2024;8;2;1
;;;;;;;;;;;
1,83E+18;2024-08-20 04:52:52+00:00;@Freebox les vacances ce passe bien ... plus d'un mois sans internet et des rendez vous où le technicien ne viens même pas....;KatsukiSet;Ti boy;199388829;;Réclamation RDV;2024;8;4;1
1,83E+18;2024-08-20 05:48:35+00:00;bonjour @free on paye la fibre ou l’ADSL chez vous ? https://t.co/tGmKpxHeFu;chersmokes;BMS | إيمان 🌹★★;1513737564;;Question technique;2024;8;5;1
;;;;;;;;;;;
1,83E+18;2024-08-20 06:50:12+00:00;@free euh y’a un problème là réparer votre connexion on paye pas pour rien;shems77000;shems77000🌓🖤;1,15E+18;;Plainte service;2024;8;6;1
;;;;;;;;;;;
;;;;;;;;;;;
;;;;;;;;;;;
1,83E+18;2024-08-20 10:27:49+00:00;@Freebox j'essaye de souscrire en ligne une box 4g + , mon logement étant dans une zone blanche mais impossible depuis votre site et votre service client ...\nComment m'aider ?;Kevin_Angama;Kevin Angama ⭐⭐;113452388;;Plainte service;2024;8;10;1
1,83E+18;2024-08-20 10:40:06+00:00;@Freebox donc pour vous la le travaille de votre technicien est fini ? \n\nParce que la box est branché alors qu’on voulait la déplacer 🧐 https://t.co/0As1xRY1Mx;FabienBouns;BadbounsTV 𝕏;2893813949;;Réclamation RDV;2024;8;10;1
1,83E+18;2024-08-20 11:01:07+00:00;@free Depuis hier j’ai pas de connexion et depuis ce matin, j’ai signalé l’affaire à l’assistance @Freebox. Délais d’attente de 45min dépassé, mais toujours pas de solution ! \nJ’ai pas non plus vu une déduction sur ma facture suite à l;iHassanCann;iHassan Cann;1268207509;;Plainte service;2024;8;11;1
;;;;;;;;;;;
1,83E+18;2024-08-20 11:17:59+00:00;@free @Freebox  Quand vous voulez vous me changez ma freebox revolution par une pop à jour en techno sans frais de migration ?  C'est vrai que ça fait juste 20 ans que je suis chez vous, pas assez fidèle je pense.;Haabzeinberg;Abzeinberg;9,18E+17;;Autre;2024;8;11;1
1,83E+18;2024-08-20 11:23:46+00:00;Pitié @free réglez vite le problème y’a Koh-Lanta ce soir… https://t.co/ZKLFyFdU3x;b_mtnd;B;1,21E+18;;Plainte service;2024;8;11;1
1,83E+18;2024-08-20 11:28:49+00:00;Bonjour @free , je compte quitter @bouyguestelecom ( car ils aiment trop augmenter de 2€ leurs forfait pour nous donner des Go en plus alors que j’en ai pas besoin ) bref je veux prendre une box et ajouter 2 portables mais je n’y arrive pas , c’est possible ou pas chez vous ?;autocarParisien;LeParisien;1,02E+18;;Autre;2024;8;11;1
;;;;;;;;;;;
;;;;;;;;;;;
1,83E+18;2024-08-20 15:41:54+00:00;@free @Freebox vous ne voulez pas juste avoir un service client décent? \nJ’ai signalé une panne sur ma Freebox, je reçois un SMS pour organiser un rdv mais quand je clique sur le lien je ne peux pas prendre de rdv. Est-ce une panne ? Bougez-vous !!!;nouzretteu;nouzretteu;1,17E+18;;Plainte service;2024;8;15;1
1,83E+18;2024-08-20 17:13:24+00:00;@Freebox \nBonsoir\nAbonné Freebox depuis de nombreuses années.\nActuellement sur abonnement Freebox Delta.\nJ'aimerais bénéficier d'un dispositif Pocket Wifi.\nMerci de me dire comment procéder ?\nMerci \nDavid Ducrocq;david_ducrocq62;David Ducrocq;615946395;;Question technique;2024;8;17;1
1,83E+18;2024-08-20 19:26:26+00:00;Bonsoir @free.\nOn peut pas vous envoyer des requêtes sur abuse@free.fr depuis Gmail ? Une vengeance ?\n\nThe response from the remote server was:\n\n451 too many errors detected from your IP (209.85.128.65), please visit https://t.co/BcqDcLYuj7;LaurentCREPET;Laurent CREPET;607461209;;Autre;2024;8;19;1
1,83E+18;2024-08-20 20:12:38+00:00;@UniversFreebox avt de sortir une offre sérieux réglez votre Putin de connexion de merde !!!!!!!!!!!! Casse couille de ces coupures sérieux !!!!!! Tjs en panne #freeboxhs;Frenchy_Mars;AliCia 🇨🇵⭐⭐;68210950;;Plainte service;2024;8;20;1
1,83E+18;2024-08-20 20:23:15+00:00;@free @freemobile @Freebox @Free_1337 \nc'est quoi ce BORDEL au Lavandou !?\n\nJe suis en FIBRE, j'ai un réseau de MERDE !\nJe suis en Wifi, j'ai un réseau de MERDE !\nJe suis en 4G, j'ai un réseau de MERDE !\n\nC'est quoi vos antennes à la noix ?!\n�;FranckScuotto;Franck Scuotto;1,73E+18;;Question technique;2024;8;20;1
1,83E+18;2024-08-21 00:02:55+00:00;C’est un peu too much les pann chez @free;BerettaOfficiel;NAD;1,27E+18;;Autre;2024;8;0;2
1,83E+18;2024-08-21 03:22:49+00:00;@free @Xavier75 vous m'avez fait perdre une journée de travail et une nuit de Dofus, je vous en veux tellement pitié;_Cizik_;GEN Este;7,73E+17;;Autre;2024;8;3;2
;;;;;;;;;;;
1,83E+18;2024-08-21 08:41:58+00:00;bonjour @free @Xavier75 , j’ai reçu une lettre de huissier de votre part concernant des équipements non retournés alors que je les ai bien renvoyés. Je ne trouve aucun moyen de vous joindre, comment dois-je faire ?;mhdiminuit;zen;1,76E+18;;Question technique;2024;8;8;2
1,83E+18;2024-08-21 09:09:10+00:00;@free vos conseillers qui répondent « aucune idée » et qui trouvent pas de solution pour pas se retrouver sans internet pour des étudiants à moins de payer en plus c’est la honte hein;ororent;oreur;1,17E+18;;Autre;2024;8;9;2
1,83E+18;2024-08-21 10:34:19+00:00;Franchement je suis furieuse ! @free j'ai été fidèle depuis mes études en 2012, j'ai toujours été chez vous, j'ai toujours dit que free c'était super ! En 2022 j'achète mon terrain j'appelle free pour la viabilisation internet, on me dit que free s'occupe de tout (1-..);acasado_chan;Pigeon chan;220665891;;Autre;2024;8;10;2
1,83E+18;2024-08-21 13:04:12+00:00;@Freebox wsh faut remettre la co la;AD_Mlt_;AD;1,06E+18;;Autre;2024;8;13;2
1,83E+18;2024-08-21 13:25:25+00:00;"c’est n’importe quoi ça fait 1 mois qu’on à pas de wifi chez @free a cause d’une soit-disant panne dans notre secreur alors on nous à donné une ""solution de secours"" dite geste commercial en nous donnant de la 4g qui ne fonctionne pas??";HRT4TTCK;najii 🍋;1,28E+18;;Plainte service;2024;8;13;2
1,83E+18;2024-08-21 14:33:14+00:00;@free @Freebox les pires… vivement le mois prochain que je parte… que des déconnexions quotidiennes qui durent plusieurs heures sans raison ou sans être prévenu… des authentifications à la box impossibles, des reboots de box sans raison.. top po;ArkaneFr;@-xrkn-;2152597021;;Question technique;2024;8;14;2
1,83E+18;2024-08-21 14:37:53+00:00;J'ai besoin de votre aide. @Freebox essaie de me voler. J'ai suspendu ma ligne FO27959834 et renvoyé les équipements le 13.07 ils l'on reçu le 18.07 et aujourd'hui le 19.08 il m'informe qu'il n'ont rien reçu. Que faire ? Il menace de me prélever plus de 150€. Que faire ?;YSamarati;Youssouf Samarati;1,40E+18;;Demande d'aide;2024;8;14;2
1,83E+18;2024-08-21 15:30:39+00:00;@reputationboy @Xavier75 @free @Freebox @Xavier75 faut vraiment commencer à s’inquiéter de votre service client qui est catastrophique;incognitoo273;Maghribi4Life;1,50E+18;;Plainte service;2024;8;15;2
1,83E+18;2024-08-21 17:13:43+00:00;@free @Xavier75 Monsieur Free, je reçois sans arrêt des appels sur mon mobile qui est sur liste rouge et sur bloctel. J'ai déjà dit que je ne suis pas intéressé et ça continue.  Faut déposer une plainte pour que cela cesse ? 😡😡😡;thunder5962;Thunder;3246087351;;Autre;2024;8;17;2
1,83E+18;2024-08-21 17:36:45+00:00;Service @free en dessous de tout … rdv pris pour un passage de technicien entre 15:00 et 17:00 … il est 19:34 … toujours rien en vue. \nUne pensée pour le technicien qui a pris le soin de m’appeler pour me dire qu’il était très en retard dans son planning\nBref … nul;rohel65;rohel65;1,68E+18;;Réclamation RDV;2024;8;17;2
;;;;;;;;;;;
1,83E+18;2024-08-21 18:41:49+00:00;Bonjour @Freebox \nDepuis quelques temps ma box subit de nombreuses coupures et certaines dépassent plusieurs heures.\nMon téléphone quand à lui perd de la puissance (passant de la 4G au H+)\n\nQue ce passe t'il et aller vous faire quelques choses ?\nBien cordialement ! https://t.co/94dkOUpS0g;HipiasPSYfr;HipiasPsykokwak 🇨🇵;1,12E+18;;Plainte service;2024;8;18;2
;;;;;;;;;;;
1,83E+18;2024-08-21 21:58:13+00:00;@free @Free_1337 @freemobile @Freebox décidément le pire opérateur de tous les temps en plus d’une connexion catastrophique chaque jour nous voilà depuis ce matin sans internet mobile et box c’est décidé je me casse fuyez !;Ryou00212;Ryou;1,70E+18;;Plainte service;2024;8;21;2
1,83E+18;2024-08-22 01:48:52+00:00;J’ai ce bug depuis votre maintenance de mardi sur console. Je ne peux pas jouer.\n@VALORANT @VALORANTfr https://t.co/FoV3MHyHlk;joshiinho;joshfv;1,31E+18;;Plainte service;2024;8;1;3
1,83E+18;2024-08-22 05:45:07+00:00;Hello @free, devoir payer 40€ de frais d’installation xDSL ça pique en 2024… Surtout quand la ville est complètement fibrée… (et que mon logement est déjà raccordé en xDSL mais passons… https://t.co/ay48Eehwxb;Shye_TF;Léo.P 📶;9,21E+17;;Question technique;2024;8;5;3
;;;;;;;;;;;
1,83E+18;2024-08-22 09:06:52+00:00;Bjr @Freebox  il ne faut pas tomber en panne au mois août, freebox étape 2 bloqué, rdv seulement dans 15jrs,vs remboursez l'abonnement en cas de service indisponible.;dogue_allemand;Persévérance 🌈;458297707;;Plainte service;2024;8;9;3
1,83E+18;2024-08-22 14:22:13+00:00;Ça fait 13 jours que j’ai pas internet et là on vient de m’annoncer que la réparation est retardée de minimum une semaine.\n\n@free si vous voulez pas que je casse quelque chose, faites un truc.;FleyoTv;Fleyo 🇫🇷;1,25E+18;;Autre;2024;8;14;3
1,83E+18;2024-08-22 15:02:43+00:00;@Freebox nous n’avons toujours pas de connexion internet à bourg en bresse !!!! Cette panne dure depuis hier !!!;THeimano;PATO Heimano;2181775643;;Plainte service;2024;8;15;3
1,83E+18;2024-08-22 15:14:10+00:00;Bonjour @Freebox. Est-il possible d'utiliser un player devialet avec l'offre Freebox revolution light ?;RFswiss;Olivier Leveque;239989084;;Autre;2024;8;15;3
;;;;;;;;;;;
1,83E+18;2024-08-22 17:06:40+00:00;C'est dernier mois chez @free c'est sur et certain;lexxodj;ᒪᕮ ᒪᕮ᙭᙭ 🇲🇶;1,35E+18;;Autre;2024;8;17;3
;;;;;;;;;;;
1,83E+18;2024-08-22 19:06:32+00:00;@free alors comme ça on continue à prevelever des gens même quand ils ont résilié leur abonnement ?;BeInRabatMaroc;@BeInMorocco;1,00E+18;;Autre;2024;8;19;3
1,83E+18;2024-08-22 20:33:15+00:00;@free c’est quoi votre délire on peut même pas jouer a la play ça fait que bug, moi tout comme mes potes qui sont chez vous comme par hasard;user_xYzz;xYzz;1,22E+18;;Plainte service;2024;8;20;3
1,83E+18;2024-08-22 20:52:07+00:00;Bonjour @Freebox, je vous écris concernant un problème qui perdure et ne se régle pas. Puis-je prendre contact avec vous dans mes DM s’il vous plaît ?;MouhamadouTal14;Google 🧠💯🇸🇳🇲🇱;1,15E+18;;Plainte service;2024;8;20;3
1,83E+18;2024-08-22 21:06:31+00:00;Bonjour @free ! Des semaines que vos services me baladent sans rendez-vous pour rétablir la fibre ! \nPlease help https://t.co/xP3FkcBi4b;Grecipon1;Grecipon;1,49E+18;;Demande d'aide;2024;8;21;3
1,83E+18;2024-08-23 05:17:35+00:00;@Freebox je suis dans wi fi depuis 5 jours sur le Cannet.  On a tout essayé eu niveau service clientèle , technicien passe= rien résolu. Je commence à réunir les autres qui sont sans réseau comme nous , car c’est juste inadmissible . \nA bien tôt;EmiliaMala47827;TopoEmi;1,66E+18;;Plainte service;2024;8;5;4
1,83E+18;2024-08-23 06:53:18+00:00;@Freebox vous commencez à me rendre dingue, je suis à deux doigts de tout annuler. Un coup on me dit je peux avoir la fibre puis le technicien trouve rien donc on me dit qu’on va créer une ligne adsl puis quelqu’un d’autre me dit que finalement o;elo_lpz;Elo;1,03E+18;;Question technique;2024;8;6;4
;;;;;;;;;;;
1,83E+18;2024-08-23 07:30:01+00:00;Mésaventures @free @Freebox \nNous avons voulu prendre un abonnement chez @free , tout avait bien commencé, bien que bizarrement dès le départ l’opérateur semblait ne pas trouver notre adresse. Et puis finalement c’était bon… Nous avons reçu la box et une pocketwifi 1/n;karitex75;KaPE;454911397;;Question technique;2024;8;7;4
;;;;;;;;;;;
;;;;;;;;;;;
1,83E+18;2024-08-23 13:21:18+00:00;Coucou @Xavier75 , j’ai un ami qui a perdu son père et malgré un milliard d’échanges avec vos services, les prélèvements continus. Il faut faire quoi pour obtenir gain de cause puisque la disparition d’une personne n’est pas suffisante ? \nVous pouvez agir ?;Salomerainbow;Salomé Roussel (⁨שלומית⁩) 🇮🇱🎗️🧡🇺🇦;248439814;;Autre;2024;8;13;4
1,83E+18;2024-08-23 14:50:47+00:00;@Freebox trop cool 3 jours sans internet et on me dit de patienter;anthonybertiaux;anthony bertiaux;351534246;;Autre;2024;8;14;4
1,83E+18;2024-08-23 15:37:19+00:00;@Freebox  vous êtes trop fort. Après 6 ans de retard sur le câblage de la fibre dans mon bled, vous êtes le seul qui ne me fibre pas. Par contre ma voisine oui... vous allez tirer plus d'une câble pour allez chez elle que chez moi ... sur place c'est;LeD0ck_;Richard Eynard;1,46E+18;;Question technique;2024;8;15;4
1,83E+18;2024-08-23 15:56:20+00:00;@free vos employés qui expliquent que si on a pas internet c’est « la faute a pas de chance » me donnent envie de passer chez un autre opérateur de façon très malchanceuse;yohann_sah;Yo’;9,01E+17;;Autre;2024;8;15;4
1,83E+18;2024-08-23 17:25:35+00:00;@Freebox hello . Ma box est bloquée à l'étape 2 depuis hier ...;MiniSuzyQ64;Suzy Q;853477094;;Autre;2024;8;17;4
;;;;;;;;;;;
1,83E+18;2024-08-23 19:46:39+00:00;Voici la qualité du service de replay de @free\nVous avez beau leurs signaler ils ne font absolument rien 😠\n\nPeut être qu'en affichant la qualité de vos services vous allez réagir 😠 https://t.co/cH1bzWdaQM;mickaigle;Mickaël;3069943600;;Autre;2024;8;19;4
1,83E+18;2024-08-23 22:20:42+00:00;@Freebox je peux vous insulter toute votre arbre généalogique ? Plus d'une semaine voire 2 qu'internet ne fonctionne plus, et en plus de ça, vous dîtes que c'est une coupure générale ??? On va vous couper la WiFi à vous aussi chez vous, vous allez ;Neeneliyah;Aomine;202338217;;Plainte service;2024;8;22;4
1,83E+18;2024-08-23 23:11:35+00:00;Qui est chez @Freebox  ici ? #free est ce que vous aussi y a une maintenance ?;psgsetifien;Amoura par amour du goût;1,55E+18;;Autre;2024;8;23;4
;;;;;;;;;;;
;;;;;;;;;;;
1,83E+18;2024-08-24 06:19:57+00:00;@Freebox un manque de technicien ?? https://t.co/l2fTg5dvsn;KatsukiSet;Ti boy;199388829;;Réclamation RDV;2024;8;6;5
1,83E+18;2024-08-24 07:56:51+00:00;J'adore @free et @Xavier75 mais faut revoir le sav j'ai un soucis sur un répéteur wifi, la 1ere réponse faut réinitialiser la box ...\n2eme réponse le répéteur capte mal le wifi de la box, petit bémol est relié en rj45...\n3ème réponse c'est psk il est en ethernet que ça marche pas https://t.co/3pRgHUnGPw;floflo530;🅵🅻🅾🅵🅻🅾 5 3 0;77777206;;Question technique;2024;8;7;5
;;;;;;;;;;;
1,83E+18;2024-08-24 11:05:57+00:00;Comment on fait pour avoir un conseiller au téléphone pour nous aider??? je tombe que sur l’assistant vocal qui propose pas grand chose…. @freemobile @Freebox @free;Laury_bro971;Lᴀᴜʀʏ_ʙʀᴏ;533834607;;Question technique;2024;8;11;5
1,83E+18;2024-08-24 12:29:28+00:00;depuis 2020 free il me doivent 200e;jaad_soo;jaad;1,37E+18;;Autre;2024;8;12;5
1,83E+18;2024-08-24 13:31:04+00:00;Bonjour @free\nJe n’ai aucun retour sur mon incident alors que j’ai emménagé dans ma maison hier et qu’un opérateur devait me rappeler… \nJ’avais tout bien organisé, souscription de mon abonnement 10 jours avant l’aménagement, rdv installation la veille, et panne en - de 10h…;AlbanStramare;GB21;1274395592;;Plainte service;2024;8;13;5
1,83E+18;2024-08-24 13:40:44+00:00;Bonjour @free et @OQEEbyFree ,\n\nJe viens de me rendre compte que Siri ne fonctionne plus avec OQEE by Free. Est-ce normal ? Ma grand-mère ne peut utiliser que cette option en raison de ses problèmes de vision.\n\nMerci pour votre aide.;nico_poir;Nicolas;2737376944;;Plainte service;2024;8;13;5
1,83E+18;2024-08-24 14:44:56+00:00;@Freebox @Narbonne, pas loin d'une quinzaine de jours sans que vous ayez pu résoudre un problème de connexion.\nLe service technique qui se défile.\nUn rendez-vous annulé et maintenant 24 heures que j'attends des nouvelles du technicien, sans résulta;Michel2laude;Michel;1382404302;;Plainte service;2024;8;14;5
1,83E+18;2024-08-24 17:15:45+00:00;"@free @Freebox  les gros clown ça fait 2 semaine que je suis chez eux et je commence déjà a être débranché !\nBien sur débranché a 14H et quand tu les appels ""non personne travaille le week-end aucun technicien n'est disponible avant lundi"" 🤡";_Zepioz;Zepioz;1,07E+18;;Réclamation RDV;2024;8;17;5
1,83E+18;2024-08-24 17:42:14+00:00;@free @Freebox @freemobile \nC’est bon aller vous faire foutre à un moment, 5 fois de l’année ou la boxe bloque à l’étape 2 et plus rien, impossible de contacter quelqu’un rdv le 29 août, pendant ce temps là on paye et rien de ne marche comm;HugoStg10;Hstg;8,06E+17;;Réclamation RDV;2024;8;17;5
1,83E+18;2024-08-24 17:46:56+00:00;@free depuis hier le psn impossible de rentrer dans fifa ultimate team et de jouer à certains jeux en ligne ? Comment je fais ? 50€ par mois et aucune possibilités de profité de ma co;iscoshow;bell;1100659944;;Question technique;2024;8;17;5
;;;;;;;;;;;
1,83E+18;2024-08-24 21:32:34+00:00;@Freebox ticket assistance fait à 15h19, il est 23h30, le problème n'est pas résolu, si pas résolu avant lundi je vais devoir prendre d'urgence un train et une chambre d'hôtel pour aller bosser, y a t-il vraiment des techniciens le week end ou est ce;TflgPete;TFLG Pete;1,17E+18;;Plainte service;2024;8;21;5
1,83E+18;2024-08-25 07:58:05+00:00;@free @Freebox démarche pour installer l’adsl débutée le 13/07, le 25/08 @Free n’a toujours pas réussi à collaborer avec @Orange_France pour finaliser ma connexion. @Freebox incapable de débloquer la situation et repoussent de jours en jours la ;Fabdesrosiers;Fabdesrosiers 🇫🇷🌻🕊️;434754454;;Question technique;2024;8;7;6
1,83E+18;2024-08-25 08:00:01+00:00;À notre patron adoré ❤️ Joyeux anniversaire #onelove https://t.co/qhLIKJl8Cg;free;Free;252263949;;Autre;2024;8;8;6
;;;;;;;;;;;
1,83E+18;2024-08-25 08:33:38+00:00;3 pannes chez @Free depuis le début de l'année (1 mois et demi en tout sans internet). Bah ils préfèrent perdre 50 balles par mois plutôt que faire une réduction 🤡 Ciao ! https://t.co/edUAbevlKT;Antoine_Oxi;Antoine;2326038780;;Plainte service;2024;8;8;6
1,83E+18;2024-08-25 09:16:13+00:00;@free @Freebox @freemobile 2ème incident en un mois. Pas d’Internet ni wifi ni réseau mobile. 24hs sans disposer d’un service promis et aucune solution trouvée ni geste commercial. Freeproxi Inefficace avec des réponses inappropriées 😡. La sol;natation78;Airfrance350;383688773;;Plainte service;2024;8;9;6
1,83E+18;2024-08-25 09:54:47+00:00;🆘SOS Bouteille à la mer @free #Free\nMon adresse mail a été bloquée pendant la nuit. La procédure de déblocage n'a pas marché, cela fait plus de 4 heures et c'est l'identifiant qui est rejeté comme invalide. Le tél (45c/min) pour anciens abonnés dit que tout va bien (suite);humain_canin;🐦🧡🐶🐱Humain-Canin;1,48E+18;;Autre;2024;8;9;6
;;;;;;;;;;;
1,83E+18;2024-08-25 14:23:47+00:00;The freedom of speech is a principal Pillar in a free Government: when this support is taken away the Constitution is dissolved, and Tyranny is erected on its Ruins. B̶e̶n̶j̶a̶m̶i̶n̶ ̶F̶r̶a̶n̶k̶l̶i̶n̶\n\nPavel Durov #FREEDUROV #FreePavel @durov;coub;Coub;1974238086;;Autre;2024;8;14;6
;;;;;;;;;;;
1,83E+18;2024-08-25 15:34:24+00:00;@free veux me facturer 400€ de frais de non restitution de matériel!\nJ’ai déjà tout envoyé.\nEn plus c’est impossible de les contacter gratuitement.\nDans la boutique on m’a dit qu’il allait me faire rappeler mais j’ai reçu aucun coup de;hervedecampos;Hervé DE CAMPOS;1,54E+18;;Autre;2024;8;15;6
;;;;;;;;;;;
1,83E+18;2024-08-25 16:01:05+00:00;Bon @Freebox ça fait 1 mois j’ai pas de co là;welofn;welo;1,50E+18;;Autre;2024;8;16;6
;;;;;;;;;;;
1,83E+18;2024-08-25 18:21:55+00:00;Je résilie ma box car en 18 mois j’ai du avoir 4 mois d’internet. Je suis actuellement à 5 mois d’interruption non stop de mon réseau, supplément foutage de gueule de la part de mon assistance « de proximité » et en plus je dois payer 50€ pour tout renvoyer. Normal @Freebox ???;socallthemlarry;✈️✈️;513518786;;Autre;2024;8;18;6
1,83E+18;2024-08-25 19:32:05+00:00;Plus d’internet chez @Free ! C’est quoi de bordel ?;Johanalyse;New world 🌍;1,28E+18;;Autre;2024;8;19;6
1,83E+18;2024-08-25 19:56:58+00:00;Eh oh @freemobile  @free  y’a pas un problème de réseaux nan ?;Saaw92;S;488066498;;Plainte service;2024;8;19;6
;;;;;;;;;;;
1,83E+18;2024-08-25 20:28:44+00:00;@de_dustdeux @free Le wifi fonctionne sur mon téléphone lentement mais pas sur l'ordinateur.;thirty4seventy5;+++;19090164;;Question technique;2024;8;20;6
;;;;;;;;;;;
1,83E+18;2024-08-25 20:53:27+00:00;@Freebox qui envoie de l’équipement défectueux aux clients;_akihirox_;Ryane;1020249042;;Autre;2024;8;20;6
;;;;;;;;;;;
;;;;;;;;;;;
1,83E+18;2024-08-26 06:31:36+00:00;@Janelassia @Freebox Comment faire la demande de remboursement ? Cela presque 20 ans que ns sommes chez @Freebox et première fois que la panne dure aussi longtemps et sans réponse de leur part.;dogue_allemand;Persévérance 🌈;458297707;;Plainte service;2024;8;6;0
1,83E+18;2024-08-26 09:57:57+00:00;@free \n@Freebox, je viens de souscrire un contrat et je veux benéficier du droit de retractation. \nLe 3244 ne me propose que de prendre un rdv d'installation. Pas mieux sur l'espace client. Comment puis-je resilier (je me suis trompé de residence lors;___brainz___;brainz;385969975;;Question technique;2024;8;9;0
1,83E+18;2024-08-26 10:12:15+00:00;@free Non seulement je suis harcelée tous les jours votre service de démarchage alors que j’ai déjà dit que je n’étais pas intéressée mais en plus vos conseillers ne sont pas professionnels et vous raccrochent au nez en pleine phrase.;Caroline_Cts;Lily;757566654;;Autre;2024;8;10;0
1,83E+18;2024-08-26 10:15:21+00:00;@free  Une horreur!! 😡😡 https://t.co/yfuPgwRre1;Tiffanylecadie1;Tiffany.lecadieu;7,96E+17;;Autre;2024;8;10;0
1,83E+18;2024-08-26 11:31:01+00:00;@free une intervention est prévue à midi.. j’attends depuis 1h30;YCasting9494;salma;1,67E+18;;Autre;2024;8;11;0
1,83E+18;2024-08-26 13:13:47+00:00;Par contre @free votre connections internet qui beug toutes les 20 minutes c’est normal ?;buckleyxdiaz_;𝐼 𝓁𝑜𝓋𝑒 𝓎𝑜𝓊, 𝓀𝒾𝒹 🦋;1,77E+18;;Autre;2024;8;13;0
;;;;;;;;;;;
;;;;;;;;;;;
1,83E+18;2024-08-26 16:40:49+00:00;@Freebox Bonjour, je souhaites changer de forfait freebox et déménager, pourriez vous me téléphoner svp?;Jean_Aiplinle;Jean;8,78E+17;;Demande d'aide;2024;8;16;0
;;;;;;;;;;;
1,83E+18;2024-08-26 17:03:08+00:00;@Freebox Bonjour , Depuis plus d’une semaine ma freebox pop est bloqué à l’étape 3: enregistrement PON en cours https://t.co/lKv2tEMrsz;priscil28921554;priscil;1,20E+18;;Autre;2024;8;17;0
1,83E+18;2024-08-26 18:25:21+00:00;@Freebox  impossible de vous connecter … problème avec internet et la box … pouvez vous nous contacter merci .. c’est inadmissible ce service …;rbdx45;romain bardoux;407626296;;Plainte service;2024;8;18;0
1,83E+18;2024-08-26 19:17:54+00:00;@free panne fibre depuis plus de 4 heures, assistance sur disque en boucle, impossible d'envoyer un message. Trois semaines d'abonnement 2 pannes, voisins avec Orange pas de problème.;safhoa;safiti;1,25E+18;;Plainte service;2024;8;19;0
1,83E+18;2024-08-26 19:50:41+00:00;@free c’est la pire connexion au monde rien d’autre à dire;loutox__;Ioutox;1,57E+18;;Question technique;2024;8;19;0
1,83E+18;2024-08-26 22:09:43+00:00;j’ai les larmes aux yeux seigneur c’est tellement une dinguerie, le wifi marche pas tjrs ma 4g ne marche qu’à certain endroit de mon lit alors que je suis dans ma maison ???????? @free aurez mon sang sur les mains #auboutdurouleau #etdelacordeimo https://t.co/mKFqkzsckf;mangiprint;calcifer al qahtani;1,66E+18;;Question technique;2024;8;22;0
;;;;;;;;;;;
1,83E+18;2024-08-27 08:56:31+00:00;@Freebox . Suite à un impact foudre ma mère de 85 ans est privée de téléphone et internet depuis début août. Nous arrivons enfin à avoir un rendez vous technicien. Et personne ne vient! Excuses de votre part. Autre rendez vous et même chose perso;Vallily09;Valérie Fournié;3414879651;;Réclamation RDV;2024;8;8;1
1,83E+18;2024-08-27 11:26:00+00:00;@free bonjour, est il possible d’avoir des renseignements sur les offres canal plus avec la freebox ultra ?   Je souhaiterais avec les tarifs exactes de l’abonnement canal plus sport, et si cela m’engage avec canal+.;lapinouu66;lapinou;1,13E+18;;Autre;2024;8;11;1
1,83E+18;2024-08-27 12:36:13+00:00;@free @Xavier75 quand une @Freebox tourne dans le vide et ne fournit plus rien depuis 3 semaines, que le service téléphonique est constitué de bots inutiles et qu'on a toujours pas de réponse on fait comment sachant qu'on paye dans le vide ?;_Sukeshi;M8 Sukeshi;1,34E+18;;Question technique;2024;8;12;1
1,83E+18;2024-08-27 12:56:54+00:00;@free est venu récupérer les indélicatesses du technicien\nMerci beaucoup ☺️ https://t.co/rZ7usX447y;mathieupassenau;Mathieu Passenaud;83445497;;Réclamation RDV;2024;8;12;1
1,83E+18;2024-08-27 14:41:39+00:00;@free @Freebox bonjour, j'ai effectué la résiliation de mon abonnement internet et renvoyer le matériel mais n'ai pas eu confirmation de réception. Pouvez-vous me dire ce qu'il en est ?;Ceddup;Ceddup;249782092;;Autre;2024;8;14;1
1,83E+18;2024-08-27 15:32:08+00:00;@Freebox Depuis hier y a plus de wifi chez moi, ça reste bloqué à l'étape 2. Ça commence à être long...;RiriBestWaifu;❥ 𝑪𝒆𝒍𝒊𝒂 🍉;1,04E+18;;Question technique;2024;8;15;1
1,83E+18;2024-08-27 16:00:10+00:00;Voilà le service @free @Freebox . Un tech me fait poser une journée pour installer la fibre chez moi. Il passe le 14 juin pour tirer un câble dans un fourreau neuf dans ma rue, il est midi M. reste 5min et me dit qu'on va me recontacter parce qu'il n'y arrive pas. Aucun rappel!! https://t.co/hzZc6OTS5p;VizcaDom;V Dom;1,11E+18;;Question technique;2024;8;16;1
1,83E+18;2024-08-27 16:22:20+00:00;@free un de vos responsables doit me rappeler, j’ai pas de nouvelles pendant 3 semaines et vous me balancez une société de recouvrement pour 60 balles ? Vous avez pété un plomb ??\n@Xavier75;Briseur2SIF;fenouils antigznique;2646291847;;Info/Annonce;2024;8;16;1
;;;;;;;;;;;
1,83E+18;2024-08-27 16:54:15+00:00;@Freebox ma free box ne fonctionne pas depuis ce midi. Personne répond, payer 50 euro par mois euh c pas normal https://t.co/Ql7hzd0jK5;claara_lgr;Clara-Marie Lag;1,47E+18;;Plainte service;2024;8;16;1
1,83E+18;2024-08-27 17:25:04+00:00;Depuis ce matin g plus de télé, plus de ligne fixe et plus de wifi @Freebox if I catch u… FREE IF I CATCH U;aloco_poulet;Mon ange;1,25E+18;;Question technique;2024;8;17;1
1,83E+18;2024-08-27 17:59:57+00:00;@Freebox plus de wifi, de télé etc… Box bloqué sur étape 2 au Havre et pas de technicien dispo avant le 3 septembre c’est une blague ? Donc demain je vais chez un concurrent;vanessa_leroy;Vanessa Leroy;377375799;;Question technique;2024;8;17;1
1,83E+18;2024-08-27 18:11:06+00:00;@free bonjour j’ai un problème pouvez-vous me MP ?;Onesso_off;Onesso_off;401405854;;Plainte service;2024;8;18;1
1,83E+18;2024-08-27 23:45:47+00:00;Bonjour @Freebox !\nLe backup internet 4G sur la Freebox ultra fonctionne si on est en mode bridge ?;HForaux;ℍ𝕝𝕠𝕕𝕠𝕨𝕚𝕘 ✨;1,05E+18;;Autre;2024;8;23;1
1,83E+18;2024-08-28 01:11:34+00:00;On se plaint des sites de streaming qui abusent de ouf mais parlons aussi deux secondes des abonnements aux box. Je paye @free 45€/mois et dites-moi pourquoi je vois de plus en plus de chaînes auxquelles il faut s'abonner???? Des chaînes qui étaient en clair avant en plus!;_MarieAn;good vibes ✨;292992437;;Question technique;2024;8;1;2
1,83E+18;2024-08-28 07:41:21+00:00;Bonjour @free est-ce que c'est possible de retirer les paramètres bloquant qui empêchent vos utilisateurs d'accéder au site https://t.co/nLhF5wgI77 ? Merci;MMazingue;Maud Mazingue;1,13E+18;;Autre;2024;8;7;2
1,83E+18;2024-08-28 07:58:11+00:00;@Freebox depuis le 30 juillet que j’ai pris un abonnement de la boxe chez Free, la box n’a toujours pas été livrée, aucun technicien ne m’a contacté et personne n’est en mesure de dire quoique ce soit. @free a mis la clé à la porte ? https:/;raulfos1;raulfos;1,36E+18;;Réclamation RDV;2024;8;7;2
1,83E+18;2024-08-28 08:52:02+00:00;Bonjour @free @Freebox je suis censée être fibrée chez vous depuis un an maintenant, comment expliquez vous ces résultats? Connexion totalement instable depuis 4 jours chez bon nombre de vos clients, latence injouable, une connaissance à moi appelle depuis 3 mois sans réponse. https://t.co/mCyROgy05n;flotraveller;Flotraveller・アイリス;1,33E+18;;Plainte service;2024;8;8;2
1,83E+18;2024-08-28 09:51:40+00:00;@free suite à l incompétence des équipes que j’ai eu au téléphone je me permet de vous écrire ici ! \n\nMa connections ethernet est bridé à 100mo/s alors que le wifi atteint 750 mb par seconde étant équipé de cat6 en câble et cat7 pour les c;KROKKERZ;Boris;2452909549;;Question technique;2024;8;9;2
1,83E+18;2024-08-28 11:21:15+00:00;@free vous trouvez ça normal que quand vos clients paient leur forfait, et qu’un pb de connexion intervient! Aucune solution expresse ne soit trouvée pour eux ???!!;Neph_city_girl;Nephtali Fonfred;136598685;;Question technique;2024;8;11;2
1,83E+18;2024-08-28 11:24:45+00:00;@free Bonjour, c’est combien vos frais de mise en service, je vais quitter @bouyguestelecom trop chère 🤦‍♂️;Benjamin2BR;B;1,13E+18;;Autre;2024;8;11;2
1,83E+18;2024-08-28 11:29:37+00:00;@free une explication ou on se désabonne ?;lazhonguoren;LZGR;1287423992;;Autre;2024;8;11;2
1,83E+18;2024-08-28 11:58:42+00:00;Coucou @free c’est quand que vous rallumez la machine ????? Sérieusement là. En rade depuis ce matin, vous allez me décomptez ça du montant l’abonnement ?;MillieBarwen2;Millie🌻;1,53E+18;;Autre;2024;8;11;2
1,83E+18;2024-08-28 13:09:59+00:00;🔥\nForfait Appels / SMS / MMS illimités \n+ 220 Go en 5G\n= 9,99€ par mois 👇 \n➡️ https://t.co/TnmCbCc8eN ⬅️ https://t.co/Wy3eSp2q63;Dealabs;Dealabs.com;261255469;;Autre;2024;8;13;2
1,83E+18;2024-08-28 15:10:08+00:00;@free c’est n’importe quoi depuis quelque jours votre connexion wifi et 4g ça fait que bug;citation127;elody ✧.*🎐: °.🐈‍⬛༉‧₊˚;1,24E+18;;Plainte service;2024;8;15;2
1,83E+18;2024-08-28 15:19:09+00:00;@free à qui on peut s'adresser si on a des problèmes de wi-fi depuis plus de 2 semaines, le 3244 aide pas j'ai l'impression;noa_vlr;Noa;1,25E+18;;Plainte service;2024;8;15;2
1,83E+18;2024-08-28 16:09:15+00:00;Salut @Freebox quand est-ce que je pourrai demander l'échange de mon répéteur Wi-Fi 5 par un Wi-Fi 7 ???!?!?!?!\nCe n'est toujours pas dispo sur mon interface 😡🤬😡🤬😡\nMerci https://t.co/xxJqFx1azN;twik_twok;J| ⚪️⚫️ 🇮🇹 ⭐️⭐️⭐️⭐️;1,59E+18;;Autre;2024;8;16;2
;;;;;;;;;;;
1,83E+18;2024-08-28 17:00:41+00:00;@Freebox @Free_1337 J'appel le service free pour une panne depuis ce matin 08h00, nous avons ouvert un ticket. Aucun dédommagement, je n'ai plus aucun service super free. Je vais prendre la fibre chez un concurrent du coup ????!!! 😑;FRAziat;FRAziat;454764369;;Plainte service;2024;8;17;2
1,83E+18;2024-08-28 17:30:54+00:00;Qln chez free a déjà été bloqué à l’étape 3c « signal fibre PON détecté » avec la Freebox Ultra ? Svp @free;dabonbon2;Ackhermano 🇵🇸;1,18E+18;;Demande d'aide;2024;8;17;2
1,83E+18;2024-08-28 17:59:48+00:00;@free on peut dm svp ?;PierrOM26;pierrOM⚪️Ⓜ️⚪️Ⓜ️⚪️Ⓜ️;2710997519;;Demande d'aide;2024;8;17;2
;;;;;;;;;;;
1,83E+18;2024-08-28 18:42:11+00:00;Thank you @Paris2024 \nIt was a pleasure to play for you https://t.co/xgrjOu2yBw;Xavier75;Xavier Niel;17744075;;Autre;2024;8;18;2
;;;;;;;;;;;
;;;;;;;;;;;
1,83E+18;2024-08-28 22:47:51+00:00;Encore et encore un bug de la #freebox ultrea !  Bloqué a l’etape 6. Merci free pour un service médiocre au fur et a mesure que je suis chez vous ! @free  @UniversFreebox je sais pas si d’autre sont concernés encore cette fois ci.;srk2492;l’ 02710;1145610157;;Plainte service;2024;8;22;2
;;;;;;;;;;;
;;;;;;;;;;;
1,83E+18;2024-08-29 04:05:19+00:00;@Freebox \n@Free https://t.co/squ6ry5MYf;ben_aub;Ben Aub;1,48E+18;;Autre;2024;8;4;3
1,83E+18;2024-08-29 07:36:42+00:00;Après des années de foutage de gueule chez Orange, j’ai résilié pour la fibre @Freebox Ça a marché 6 jours avant de planter. Depuis, impossible d’avoir un rdv avec un technicien, vos mecs s’en tapent royalement @Xavier75 Suis deg 🤬;chrischampy;Christophe Champy;823422134;;Question technique;2024;8;7;3
1,83E+18;2024-08-29 08:01:57+00:00;[Dashboard Espace Abonné] L’Espace Abonné web pour les abonnés mobiles @free évolue.\n\nLe suivi de consommation a été amélioré : la consommation en cours pour le France et l’étranger simplifiée (avec des jauges verte et rouge), consultation des destinations incluses à l’étranger (roaming), empreinte carbone ajoutée.\nLe design des factures a aussi été repensé avec un ajout de la visualisation rapide.\n\nD’autres évolutions seront ajoutées prochainement, comme les infos bulles ou le modèle de votre téléphone utilisé sur votre forfait.;Free_1337;Free 1337;1,44E+18;;Autre;2024;8;8;3
;;;;;;;;;;;
1,83E+18;2024-08-29 09:50:17+00:00;Il reste autant de places pour l’Olympia que de cheveux sur mon crâne https://t.co/Ymfpem9h1f;Xavier75;Xavier Niel;17744075;;Autre;2024;8;9;3
1,83E+18;2024-08-29 10:17:30+00:00;Allez @free il serait tant de régler vos connexions les débiles t'façon je vais résilier mon contrat chez vous;ElrixJJBA;𝑮𝑰𝑶𝑽𝑨𝑵𝑵𝑨 🐞;1,24E+18;;Question technique;2024;8;10;3
;;;;;;;;;;;
;;;;;;;;;;;
1,83E+18;2024-08-29 17:08:59+00:00;@Sosh_fr mon contrat stipule que le montant de mon abonnement mensuel est de 17,90€. Voilà ce que vous me facturez... Je vais rendre fort @free https://t.co/GeqsXrPtlu;MashiahChrist;MESSIAH SON OF DAVID - YAHUSHUA CHRIST - BUDDHA ❤️;9,16E+17;;Autre;2024;8;17;3
;;;;;;;;;;;
1,83E+18;2024-08-29 18:11:53+00:00;@Freebox des soucis de réseaux depuis 2 jours zone Paris 17e. Ça lag.sans arrêt pour la tele;RLamorliere;Rosalie LAMORLIERE;8,81E+17;;Autre;2024;8;18;3
1,83E+18;2024-08-29 18:26:12+00:00;@Freebox bonjour j’ai un souci depuis que votre technicien est venue ce matin mon antenne ne fonctionne plus et je n’arrive pas à vous joindre par téléphone;patochmix;patrick silva;1,30E+18;;Réclamation RDV;2024;8;18;3
;;;;;;;;;;;
1,83E+18;2024-08-29 18:53:24+00:00;@free pas de télé \nPas dinternet et impossible de vous avoir par téléphone !!!;matthieuC37;Eric;634891812;;Autre;2024;8;18;3
1,83E+18;2024-08-29 21:02:51+00:00;Bonjour @xavier75 ça fait 22j que tout mon immeuble n'a plus de connexion @free suite à une intervention de vos techniciens qui ont tout cassé, c'est complètement inadmissible !;oxman;Sylvain Robez-Masson;13879872;;Question technique;2024;8;21;3
1,83E+18;2024-08-30 08:22:16+00:00;+33270125707\n+33270482946\n+33270482948\n+33270124619\n+33270121943\n+33270121478\nEtc \n\n@free  , ta pas l'impression de me harceler ?\nC'est pas en me harcelant, que je souscrire chez toi au contraire !!\nArrêté sinon je fais un attentat dans tes bo;redskins21sl88;xXx;1,16E+18;;Autre;2024;8;8;4
1,83E+18;2024-08-30 08:42:07+00:00;@Freebox j’attends un mois pour qu’on puisse me remettre internet, votre technicien viens « fait les branchements » et rien ne fonctionne, me dis que le gars qui s’occupe du signal est en vacances, impossible de vous joindre au téléphone égal;Hikkary_;Hikkary;445730745;;Réclamation RDV;2024;8;8;4
1,83E+18;2024-08-30 10:34:19+00:00;@Freebox bonjour j'aurai besoin qu'un technicien me rappelle pour une demande de report de rdv svp;jfapotre190076;olive9678;1,62E+18;;Demande d'aide;2024;8;10;4
1,83E+18;2024-08-30 11:33:31+00:00;@free @Freebox Bonjour c’était pour savoir quand est-ce que le problème de connexion dans le village de fontenailles 77370 sera réglé, ça fait plus d’une semaine que c’est impossible d’avoir de la connexion.\n\nEt impossible d’avoir un cons;Leiidz;Leidz;9,46E+17;;Plainte service;2024;8;11;4
1,83E+18;2024-08-30 11:36:12+00:00;@Freebox J'en fais l'expérience. Que dois-je faire ?\nJ'ai redémarré plusieurs fois, mais cela ne fonctionne pas. https://t.co/V7V2n9Dp2b;ADU_king7;ADU;38164814;;Plainte service;2024;8;11;4
1,83E+18;2024-08-30 12:09:41+00:00;Comment je vois tout le monde sur  #StarWarsOutlaws alors que j’ai l’early access + drops Twitch mais je suis encore en vacances à l’île Maurice. \n\n— Hâte de reprendre dès que je rentre (enfin, papa arrête pas de me sms car @free saute, j’espère pouvoir streamer vite !) https://t.co/ozyYNQ5ILc;Sasskeh;Sᴀssᴋᴇʜ 🌸｜Testeuse du Pégases 2025 🏆 (๑˃ᴗ˂)ﻭ;76384987;;Question technique;2024;8;12;4
;;;;;;;;;;;
;;;;;;;;;;;
1,83E+18;2024-08-30 15:24:02+00:00;L’info en vidéo : Free lance son backup 4G Freebox https://t.co/moh59Fdcw0;UniversFreebox;Univers Freebox;56603918;;Autre;2024;8;15;4
1,83E+18;2024-08-30 15:27:33+00:00;Pages Perso  @Free Des pannes ponctuelles  sont encore présentes et ici c'est l'accès à MySQL qui est concerné.  A voir le suivi des pannes régulièrement mis à jour sur cet article. 🕷️\n\nhttps://t.co/T1nmLSg08M https://t.co/sduooZoq45;BusyspiderFr;🕷️ Busyspider;778717698;;Plainte service;2024;8;15;4
1,83E+18;2024-08-30 16:20:30+00:00;Chez @free, on est très heureux de contribuer à donner de la visibilité à la saison à venir des @girondins. On n'allait quand même pas laisser autant de fans de côté ☺️;Frederic_Goyon;Frédéric Goyon;1563042708;;Autre;2024;8;16;4
1,83E+18;2024-08-30 16:47:27+00:00;@free ! Allo? Votre lecteur https://t.co/2aO4UErYmv est une calamité ! \nC'est tout le temps et tt les jours pareil, ça se déconnecte, rond rouge, erreur de lecture interne..c'est usant ..je pense que, rapidement, je vais changer de FAI.;kg63000;kg63000;527247931;;Autre;2024;8;16;4
;;;;;;;;;;;
1,83E+18;2024-08-30 20:39:47+00:00;@free dites, je suis à moins d’1m de ma box, mais je peine à ouvrir une carte Google Maps (voir vidéo).\nCôté ordi, impossible de regarder Terracid en 1080p, je suis revenu aux 360p de l’ADSL, et le pire c’est que ça coupe toutes les 5min.\nXa;SuRVoLT69;SuRVoLT69;1,01E+18;;Autre;2024;8;20;4
1,83E+18;2024-08-31 07:01:39+00:00;@Freebox bonjour j’ai contacter @Freebox le 10/08 pour un dépannage de ma player pop car à chaque fois que l’éteint le soir le lendemain pour le rallumer obliger de le débrancher électriquement pour qu’il démarre,\nOn m’a dit qu’il remplac;aolcedric;Cédric DELARUE;2187931685;;Info/Annonce;2024;8;7;5
1,83E+18;2024-08-31 08:08:41+00:00;La connection free depuis quelques jours elle est à chié, est ce que chez vous c'est pareil ? #free @free @freemobile \nPareil pour sfr #sfr @sfr;EddieERARD;eddieerard;417426121;;Autre;2024;8;8;5
1,83E+18;2024-08-31 10:33:30+00:00;@Freebox Très déçu de FREE. Un technicien incompétent  a échoué à installer la fibre chez moi. Il n'a pas réussi à tirer le cable optique par la gaine dans le mur, par où passe pourtant déjà le cable téléphonique. Je songe sérieusement à p;RareProject;Stéphane Zagdanski;3305919081;;Question technique;2024;8;10;5
1,83E+18;2024-08-31 11:28:10+00:00;@free Je n'arrive plus à me connecter à ma base de donnée MySql (https://t.co/UedI4ZxQAm via mon site free perso) \nJe ne trouve pas comment contacter l'assistance, serait-il possible d'avoir de l'aide ?\nPI: j'utilise cette base depuis plus de 20ans !;MikomiToyunda;Mikomi;239003420;;Question technique;2024;8;11;5
1,83E+18;2024-08-31 12:54:07+00:00;@Freebox @free Revoyez le language de vos employés ! Une coupure qui dure depuis 9 jours, sans explications, sans aucunes nouvelles si je n’appelle pas quasiment tous les jours et quand je demande une compensation, on me répond de prendre un avocat et;remydarry;Rem-;260359001;;Plainte service;2024;8;12;5
1,83E+18;2024-08-31 13:45:53+00:00;@free très compliqué de joindre Free quand on ne connaît plus son mdp\nVraiment galère;Abeudel76;A.b.d;9,52E+17;;Autre;2024;8;13;5
1,83E+18;2024-09-01 09:24:38+00:00;A 11h18 ce dimanche matin, après redémarrage, l'heure affichée sur ma Freebox V5 est 01h03... Beaucoup de coupures ce matin, problème généralisé ou premiers signes de faiblesse de ma box après 15 ans d'utilisation non stop ?!\n@Xavier75 @free @Freebox https://t.co/D5MpOpl0tG;electroplaymo;Electroplaymo;1,52E+18;;Plainte service;2024;9;9;6
1,83E+18;2024-09-01 11:49:02+00:00;Merci @Freebox pour le temps perdu à échanger que le transfo... c'est bien la box qui est HS...;GuiF007;GuiF007;91397698;;Plainte service;2024;9;11;6
;;;;;;;;;;;
1,83E+18;2024-09-01 18:53:03+00:00;Bonjour @free vous êtes des voleurs.;1mixndofmine;love lost;436963682;;Autre;2024;9;18;6
1,83E+18;2024-09-01 23:00:02+00:00;Bonsoir @free #onfaitcomment ? https://t.co/Cho9gAOczJ;BtvLloyd;LLOYD;1,08E+18;;Question technique;2024;9;23;6
1,83E+18;2024-09-02 07:19:36+00:00;@Freebox ça fait deux fois que des techniciens passes pour me raccorder à la fibre deux fois qu'il y'a des problèmes qui auraient du être résolues entre temps !;draktaria;Draktaria loveuse era 🏴🏳️‍⚧️;2282484763;;Plainte service;2024;9;7;0
1,83E+18;2024-09-02 07:40:39+00:00;@Freebox bonjour est-ce que vous avez le numero de service client depuis en étranger? J’arrive pas à connecter sur mon compte espace client et en ce moment je suis en étranger merci!;JesseRiaska;jessey;1882966800;;Plainte service;2024;9;7;0
1,83E+18;2024-09-02 09:09:20+00:00;@Freebox je viens de souscrire à une offre Freebox en renseignant mon RIO pour le portage de mon numéro. Est ce que j'ai des démarches de résiliation à effectuer de mon côté où est-ce free qui s'en charge ?;KuroKetsuekiTan;Héloïse ☆ Songbird;447528266;;Autre;2024;9;9;0
1,83E+18;2024-09-02 09:51:57+00:00;Plus d’Internet en fibre optique depuis hier soir avec @Freebox. Le technicien ne vient que vendredi matin, super… Je pense que la soudure a lâché dans la PTO, car on voit bien la lumière avec le laser.;tomydorfr;OcciNux;1,15E+18;;Question technique;2024;9;9;0
;;;;;;;;;;;
;;;;;;;;;;;
1,83E+18;2024-09-02 12:33:54+00:00;@free 24h sans internet et pas de nouvelles.\nOn fait comment quand on doit travailler ?;NicolasCoyot;NicoCoy;760118160;;Question technique;2024;9;12;0
1,83E+18;2024-09-02 13:20:35+00:00;@free bonjour \nJ’ai une question mais impossible d’avoir la réponse mais au 1044 \nEn prenant votre offre ULTRA avons nous accès au replay myCANAL comprenant le catalogue film / série proposée par CANAL? \nJ’ai bien compris que nous avions acc�;DylanpuyL;Dylan Leforestier;335976862;;Autre;2024;9;13;0
1,83E+18;2024-09-02 14:52:28+00:00;@free ça fait 7 mois que j’attend ma Freebox Ultra , et ça fait un mois que mes assistant free  proxy me disent qu’ils font remonter à la logistique \nAlors vous êtes toujours les meilleurs pour moi, mais j’en ai mare je veux ma Freebox \n😭�;d_jy;Jordan;116230002;;Autre;2024;9;14;0
1,83E+18;2024-09-02 15:13:24+00:00;@free @freebox je vous en supplie envoyez un technicien. 5 jours sans wifi, j'en peux pluuus !!!!!;Ik3bukur0;Jsp quoi mettre comme TN 🇭🇰🇮🇷;1,49E+18;;Question technique;2024;9;15;0
1,83E+18;2024-09-02 15:36:56+00:00;Ah le service client @free , une réactivité imbattable ...\n\nPlus d'une journée que le ticket est ouvert... pas de nouvelles. https://t.co/eDYYf7ZcH3;SurferVert;Chouchenn;365315737;;Plainte service;2024;9;15;0
;;;;;;;;;;;
;;;;;;;;;;;
1,83E+18;2024-09-02 17:31:50+00:00;VDM: Faire le choix de @free  plutôt que @orange. Fibre opérationnelle le 30/08 à midi. Plus de signal le 30/08 à 23h10. Depuis on m'annonce un délai d'une semaine pour l'arriver d'un technicien. Honteux #VDM #OnFaitLeMax #MauvaisChoix \nDois-je changer d'opérateur ? 😔;an0nym21;Max Gottié;246507847;;Question technique;2024;9;17;0
1,83E+18;2024-09-02 18:13:00+00:00;@Freebox bonjour freebox . Votre répéteur wi fi coute 20€ en 1 fois ou 20€ chaque mois. Ce n'est pas du tout spécifié sur la page abonné. Merci;gtyrtrredddd;XXX pron hub;2260885374;;Autre;2024;9;18;0
1,83E+18;2024-09-02 20:56:26+00:00;Par contre @free @Freebox Vous trouvez que c’est normal ce débit pour une connexion qui est sensé être fibré ? Vraiment dégoûté, je ne peux littéralement rien faire avec un débit pareil. J’ai trop la rage, et dites vous que là,  j suis à côté de la boxe au moment de ce test… https://t.co/HEqzK539Cg;SukunaGojox;Akane (Lisez Pandora Hearts);1,73E+18;;Question technique;2024;9;20;0
1,83E+18;2024-09-02 23:02:46+00:00;Qui a sa Freebox qui bug ? Ça fait 15min, le WiFi est la mais rien ne charge;Finestrat09;Finestrat;3020172993;;Plainte service;2024;9;23;0
1,83E+18;2024-09-02 23:09:10+00:00;@free @Freebox de merde, je veux jouer la !!!!!!😡😡😡;mysa_v5;MySa;7,71E+17;;Autre;2024;9;23;0
;;;;;;;;;;;
1,83E+18;2024-09-02 23:11:07+00:00;@askanen @free Pareil ici;Evann_bl;Evann 🌇DERNIER RAYON DE SOLEIL🌇;4861029173;;Autre;2024;9;23;0
;;;;;;;;;;;
;;;;;;;;;;;
1,83E+18;2024-09-02 23:22:30+00:00;@free @Freebox Encore une fois plus de connexion internet. L'heure s'affiche mais impossible d'accéder au wifi. Il m'est demandé de m'y connectée alors que c'est déjà le cas. Que se passe-t-il encore ???;Petite_Tulipe_;Petite Tulipe 🌷;7,87E+17;;Question technique;2024;9;23;0
1,83E+18;2024-09-02 23:23:40+00:00;bon apparement la fibre @free est  H.S depuis 01h00 bon heuresement mon routeur multiWan m'a direct basculé sur le backup Starlink :) mais bon . tout le monde est pas comme moi :);BeBoXoS;5t3ph4n3 -=BeBo𝕏=-;33247547;;Question technique;2024;9;23;0
;;;;;;;;;;;
1,83E+18;2024-09-02 23:28:57+00:00;@free reparez le problème de wifi sur la fibre jvais serrer;sk4zz__;skaz 🇮🇹;4764519201;;Plainte service;2024;9;23;0
1,83E+18;2024-09-02 23:29:37+00:00;@free @Freebox vous jouez à quoi bande de gros chien galeux je peut mm pas jouer a club pro avec mes gars @leao213 @LaBectance_ @champagne3arbi;rasko33rz;rayane 33;1,75E+18;;Autre;2024;9;23;0
1,83E+18;2024-09-02 23:35:03+00:00;@free encore une antenne en panne ? En 1 mois j’ai passé une semaine en aucun service des que je sors de chez moi, il faudrait peut faire quelques chose et surtout avoir des conseillers qui ont des réponses à nos questions;KayaGiardi;Kaya Giardi;1,12E+18;;Plainte service;2024;9;23;0
1,83E+18;2024-09-03 04:23:26+00:00;Grosse panne de @Freebox @free en ce moment apparemment.\nMa box fibre bloquée à l'étape 2 🤔\n\n#free #pannefree #freebox https://t.co/nhhTDg3TO5;TheBrandon970;Brandon;743600131;;Plainte service;2024;9;4;1
1,83E+18;2024-09-03 06:46:17+00:00;Plus de connexion wifi chez @Freebox ce matin (en plus d'une interruption de tout le réseau - mobile et internet - cette nuit). Est-ce que tout va bien @free ?;Mewtchu;Hélène 🦋🐰🖤;3834159081;;Question technique;2024;9;6;1
;;;;;;;;;;;
1,83E+18;2024-09-03 08:57:11+00:00;Y’a encore une panne Free ? 30’ que ma box est bloquée à l’étape 2. @Freebox #freebox #free;92ZoZo;Tata_Zozo;495496279;;Plainte service;2024;9;8;1
1,83E+18;2024-09-03 09:00:37+00:00;Dites voir, @free, @freebox &amp;;;;;;;;;
1,83E+18;2024-09-03 09:19:51+00:00;@free vous jouez à quoi encore avec votre réseau et wifi qui coupe h35;somfolder_;yoongi’s bae;1,73E+18;;Question technique;2024;9;9;1
1,83E+18;2024-09-03 09:33:28+00:00;c’est le grand retour chez Bouygues Telecom, adieu @Free de con et merci pour rien du tout\n\nhttps://t.co/F0BWdA7bkg;bdmb2_;Я;1,21E+18;;Autre;2024;9;9;1
1,83E+18;2024-09-03 09:39:33+00:00;@free un mois sans connection ça devient pénible. Je ne vous remercie pas !;DavidBalanza5;David Balanza;1,52E+18;;Autre;2024;9;9;1
1,83E+18;2024-09-03 09:58:05+00:00;Bonjour @XpFibre incident en cours depuis le 16 août, @free @Free_1337 indique que le ticket n’est toujours pas pris en compte chez vous.\nNeed Help !!;ArnaudJouzac;Arnaud;4229153473;;Demande d'aide;2024;9;9;1
1,83E+18;2024-09-03 11:56:36+00:00;Bonjour @Freebox @free @Free_1337 !\n\nUn tech dans le coins pour répondre à ce qui semble être une question pourtant simple mais qui tourne en rond:\n\nLe backup 4g est-il compatible et fonctionnel si la freebox est configurée en mode bridge ?\n\n(mes tests semblent indiquer que non);zbug;Alex B.;12463482;;Autre;2024;9;11;1
1,83E+18;2024-09-03 13:16:20+00:00;Bonjour @Freebox Ma freebox est bloquée à l’étape 2. L’assistance de proximite me dit : « Jusqu'au rétablissement de vos services, vous pouvez utiliser le partage de connexion entre vos appareils. » \nVous ne proposez pas de box 4G??;WalidNEHAL;Walid NEHAL;4633188754;;Question technique;2024;9;13;1
1,83E+18;2024-09-03 13:28:33+00:00;T’appelle @free plus personne. Ça va être simple. Opposition et go aller chez la concurrence.;crazystreet26;SOUF 🕴🏽;2612309263;;Autre;2024;9;13;1
1,83E+18;2024-09-03 14:13:10+00:00;@Freebox bonjour, pourriez-vous expliquer la procédure pour résilier un abonnement car il semble que vous soyez incapables de connecter la Freebox (envoyée et installée non pas par un mais 3 techniciens) à cause du manque de connection au NRO de votr;1drunken_robot;Nat Halie.;1,25E+18;;Réclamation RDV;2024;9;14;1
;;;;;;;;;;;
;;;;;;;;;;;
;;;;;;;;;;;
1,83E+18;2024-09-03 16:07:58+00:00;@free Vous pourriez expliquer à ma communauté pourquoi je n’ai pas encore lancer de stream 🤣 (j’ai plus internet 😭);TarTiine__;TarTine;9,04E+17;;Question technique;2024;9;16;1
1,83E+18;2024-09-03 16:22:35+00:00;@free client chez vous depuis 10 ans, je trouve ça lamentable de devoir payer pour changer de box. La révolution ne fonctionne pas bien je voudrais passer à la pop et on me dit tranquillement que ça va me coûter 100 €.  Je trouve ça écœurant.;jokerjim90;jokerjim;4756736543;;Plainte service;2024;9;16;1
1,83E+18;2024-09-03 16:23:27+00:00;@free bonjour possible de vous contacter en dm suite à une résiliation et le renvoie de mes appareils ?;Gone_fr;DDS 🤙;51526992;;Autre;2024;9;16;1
1,83E+18;2024-09-03 17:20:58+00:00;@Freebox impossible de vous joindre \nMa Freebox est bloquée à l'étape 2 \nJe dois faire un sacrifice pour avoir un humain pour me venir en aide ??;__lissahong;salted fish;2863669979;;Autre;2024;9;17;1
1,83E+18;2024-09-03 17:23:05+00:00;@Freebox bonjour ! Ma Freebox reste bloquée à l’étape 2, avez-vous des pannes dans le secteur du 49 ?;Skitnash_RL;Skitnash;3423826169;;Plainte service;2024;9;17;1
1,83E+18;2024-09-03 17:58:33+00:00;Bonjour @Freebox \nMa freebox est bloquée à l'étape 2 depuis 15h30. Une solution ?;laetyvanbraekel;🦋 Laety 🦋 🎗;275609762;;Autre;2024;9;17;1
;;;;;;;;;;;
;;;;;;;;;;;
;;;;;;;;;;;
;;;;;;;;;;;
1,83E+18;2024-09-03 20:43:03+00:00;@Freebox depuis plusieurs jours j'ai une connexion affreuse (alors que je suis supposé avec 1Gbps), mes appareils sont tout le temps déconnectés du WiFi ou alors connectés mais sans internet. Je crois que ma Freebox est cassé :p Pouvez-vous m'aider ?;Arthur_Valverde;Arthur Valverde;143961811;;Question technique;2024;9;20;1
;;;;;;;;;;;
1,83E+18;2024-09-03 21:07:45+00:00;Hello @free, @Xavier75, @Frederic_Goyon, comment est-ce possible de nous vendre EurosportPlayer par une souscription MAX via Free et de ne finalement pas pouvoir y souscrire à cause d'un vieux bug d'affichage que bcp de personnes ont et sur lequel votre assistance ne fait rien 🤡 https://t.co/QE5UHThdka;fox1j;fox1j;386565931;;Plainte service;2024;9;21;1
1,83E+18;2024-09-03 22:56:59+00:00;Freebox bloquée à l’étape 6 @free ça arrive trop souvent !!;magic_oasis;Lia ⚓;8,00E+17;;Autre;2024;9;22;1
1,83E+18;2024-09-03 23:06:30+00:00;Fantastique ! Nouvelle interruption de services @Freebox heureusement que je n'ai plus @freemobile qui était une catastrophe. Je passe donc en partage et tente d'accéder à l'espace assistance @free et la... Ça ne fonctionne pas non plus 🤣\n\nIl est temps de passer a autre chose 😏;Fuuumbleee;Fumble 🏈;48138227;;Plainte service;2024;9;23;1
;;;;;;;;;;;
1,83E+18;2024-09-04 05:09:18+00:00;Bonjour @free le nro qui tombe six fois en panne, en 24 heures, est-ce normal ?;kevmanner;Quentin Mesnard (Kev Manner);327347259;;Plainte service;2024;9;5;2
;;;;;;;;;;;
1,83E+18;2024-09-04 08:05:56+00:00;En fait, @free c'est @reef_telecom, mais en vrai... Y'a 2j le 3244 me dit envoi de la box, hier on me dit tout a été détruit, @orange doit cabler la ligne (fibre) et faut prendre un RDV tech... Là, un mail qui dit pas de RDV tech mais le suivi dit le contraire... @Xavier75 help! https://t.co/NFBedVPftW;YvO_35;Yves-Marie LE PORS-CHAUVEL;111274904;;Demande d'aide;2024;9;8;2
1,83E+18;2024-09-04 09:17:47+00:00;Alors déjà @free est incapable de me donner un rendez-vous pour m'installer la fibre depuis **2 mois** ! Mais en plus les conseillers que l'on a au téléphone sont super désagréables (en plus d'être incompétents donc). BRAVO @free !!;Seb4Ko;Sébastien Konieczny;425388144;;Question technique;2024;9;9;2
1,83E+18;2024-09-04 09:27:05+00:00;@free pourquoi vos techniciens n’ont pas de module de rechange avec eux? 3 jrs d’attente pour une visite qui au final me laisse en attente indéterminée d’un nouveau module car l’ancien était déjà défaillant et j’ai signalé que le problèm;bonesguru;¥ Le Guru du Ashram ¥;401876939;;Plainte service;2024;9;9;2
;;;;;;;;;;;
1,83E+18;2024-09-04 09:46:09+00:00;Bonjour, @OQEEbyFree , pourquoi est-ce que les replay/films disponibles sont différents suivant que j'utilise le site, l'appli tel, l'appli chromecast ou le replay dans ma freebox ?\n@free , @Xavier75 : des idées sur le sujet ?;SuperCyprien;SuperCyprien;437570333;;Question technique;2024;9;9;2
1,83E+18;2024-09-04 10:37:04+00:00;Hello @Freebox je viens de souscrire à une box Ultra Essentiel. J'ai déjà un compte chez Canal+, comment me connecter depuis l'application de la freebox? Pas de problème avec Netflix, Disney+ et Prime Video.;sogekiin;sogekiin;136440737;;Plainte service;2024;9;10;2
1,83E+18;2024-09-04 11:30:33+00:00;C’est quoi cette arnaque @Xavier75 ? Une dame de 70 ans à qui on fait payer 70€ juste pour changer sa box 😡😡 \n\nCliente depuis l’époque d’Infonie en 1996. C’est comme ça que @Freebox remercie ses clients fidèles ? \n\nEn plus l’opérateur est odieux ! https://t.co/tgOAPjOt6M;SpaceSherif;Space Sheriff;2321790759;;Autre;2024;9;11;2
;;;;;;;;;;;
;;;;;;;;;;;
1,83E+18;2024-09-04 12:28:12+00:00;@free abonné chez Free en ADSL, un engin a arraché vendredi les câbles téléphoniques sur le chemin qui dessert notre quartier. Résultat, plus d’Internet, de tel et de TV. Free est prevenu depuis 5 jours, parle à Orange qui est responsable mais ri;cab1408;stephane hild;3642701487;;Autre;2024;9;12;2
;;;;;;;;;;;
;;;;;;;;;;;
;;;;;;;;;;;
;;;;;;;;;;;
;;;;;;;;;;;
;;;;;;;;;;;
1,83E+18;2024-09-04 16:48:14+00:00;"Depuis 2 mois problème de débit, de service télé.\nLes techniciens @Freebox constatent le problème mais le retour est ""tout est normal chez l'abonné"". Auj Un prob sur l'infrastructure est possible et l'on me demande de conracter @Orange_France. Dois-je tirer les câbles @Xavier75 ?";kermitt2023;kermit;1,64E+18;;Plainte service;2024;9;16;2
1,83E+18;2024-09-04 17:00:47+00:00;@bouyguestelecom très déçu. Je viens de passer chez bandyou t’en remplacement de mon forfait Free eh bien je vais direct recharger. Sur la ligne du rer A la connexion est très mauvaise. @free est meilleure. Bref. Je vais tenter @Sosh_fr;mickyrouen;MikeV;322153170;;Question technique;2024;9;17;2
1,83E+18;2024-09-04 17:34:12+00:00;Hello, \nCela fait 5 jours que je n’ai plus internet.\nEt je n’ai aucune information sur le problème ni une date de résolution.\nComme je n’arrive pas avoir d’information du support, je passe par les réseaux !! @free @Freebox;vulodex;Vulovic dejan;1,50E+18;;Plainte service;2024;9;17;2
1,83E+18;2024-09-04 18:56:31+00:00;Faut vraiment revoir vos technique commercial @free;ShantaTolissoo;Shanta Tolisso;1,49E+18;;Autre;2024;9;18;2
1,83E+18;2024-09-04 18:58:50+00:00;@Freebox Bonsoir, j'ai reçu un mail avec une demande RIO, sauf que je n'ai rien demandé. Est-ce normal ?;jeromehuet;Jérôme;46845959;;Autre;2024;9;18;2
1,83E+18;2024-09-04 19:03:13+00:00;@free Bonjour, comment se fait-il que vos conseillers se permettent encore de partir de leur poste pour ne pas que le client puisse leur donner une notation ? La personne que je viens d'avoir a l'instant a été vraiment très peu aimable en plus de me la;Eyrinia;Sweii 😔;3578603841;;Question technique;2024;9;19;2
1,83E+18;2024-09-04 19:11:36+00:00;Cc @Freebox allez vous changer ma box qui necmarche plus du tout à cause de la foudre ? (J'ai envoyé un message au service via le site internet);xiaofengpinku;Lou Bloum;336633781;;Autre;2024;9;19;2
1,83E+18;2024-09-04 22:14:15+00:00;Je me suis fait avoir par @free, quand on souscrit à un bouquet de chaînes étrangères, c'est par mois civil... Si on souscrit le 30, on paie un mois complet pour 2 jours (août) et non pas de date à date.. le service client ne fait rien.. @Xavier75;hicksail;Hicksail;1,48E+18;;Plainte service;2024;9;22;2
1,83E+18;2024-09-05 01:16:15+00:00;@free c’est vraiment d’la merde avec le coupure toute les 5min et on paie 60e pour cette daube;NaskaH7;Naskah;9,95E+17;;Plainte service;2024;9;1;3
1,83E+18;2024-09-05 08:16:18+00:00;Attendez @free y’a #AstroBot demain !\nPurée vous gâchez clairement mon planning ! \n\nDonnez-moi internet !!!;Sasskeh;Sᴀssᴋᴇʜ 🌸｜Testeuse du Pégases 2025 🏆 (๑˃ᴗ˂)ﻭ;76384987;;Autre;2024;9;8;3
;;;;;;;;;;;
1,83E+18;2024-09-05 08:50:29+00:00;C'est incroyable de voir à quel point le service @Freebox  est devenu mediocre. Avoir un conseillé au téléphone est devenu une épreuve. Leur services internet ADSL est du foutage de gueule. Et surtout on ne se presse pas pour raccoder des clients de 10+ ans à la fibre.;bnwit;Benoit Mellier;113297746;;Question technique;2024;9;8;3
1,83E+18;2024-09-05 10:16:42+00:00;ggs @free la mission #pasdefibrepourkebmapime est un succès. La prochaine fois faut louer un taupiqueur pour faire passer les câbles. \nCordialement la secrétaire de kenma \nPing_blast;Ving_blast;Ving;1,70E+18;;Question technique;2024;9;10;3
;;;;;;;;;;;
1,83E+18;2024-09-05 11:15:22+00:00;@Freebox bonjour\nJ'ai demandé mon passage à la fibre à saclas depuis le 22 février, et je n'ai plus aucune information.\nJ'aimerais savoir où en est cette demande \nMerci;jytjyt3;jytjyt;570898778;;Question technique;2024;9;11;3
1,83E+18;2024-09-05 12:31:55+00:00;Pas internet depuis ce matin, @free qui donne aucune réponse juste envie de tout casser fkdixk\nAllez on change d’opérateur merci pour les travaux;Issamenide;Issam ☤🍉;9,28E+17;;Autre;2024;9;12;3
1,83E+18;2024-09-05 13:30:54+00:00;@free c’est un délire chez vous j’appel le 3 aout pour mettre des prélèvements  au 15 de chaque mois le conseiller me dit ok je reçois ma facture aujourdhui prélever aujourdhui putain jvais retourner chez @Orange_France;Khloe96009175;KHLOÉ©️;1,10E+18;;Autre;2024;9;13;3
1,83E+18;2024-09-05 14:25:19+00:00;@free c’est possible de répondre à mon appel au lieu de me dire « vous êtes actuellement en discussion avec un membre de l’équipe…. »\nÇa fait 48h que je n’ai plus internet je discute avec personne la !!!! https://t.co/PgRj94nDve;faycalCM;Fayçal;576762118;;Autre;2024;9;14;3
1,83E+18;2024-09-05 14:46:05+00:00;@Freebox bonjour, cela fait plus d'une semaine que mon déménagement de fibre est bloqué à l'étape 1, il va falloir attendre encore combien de temps ?;meltingmywings;Big brain;1876601491;;Question technique;2024;9;14;3
;;;;;;;;;;;
;;;;;;;;;;;
1,83E+18;2024-09-05 15:19:26+00:00;https://t.co/uyZFhdBhVN;free;Free;252263949;;Autre;2024;9;15;3
;;;;;;;;;;;
1,83E+18;2024-09-05 15:52:37+00:00;@free arrêter de m’harceler je vais insulter vos operateurs wsh 6 appels;Numidiian;ⵣSowsow🙈;1,27E+18;;Autre;2024;9;15;3
1,83E+18;2024-09-05 15:54:17+00:00;@free se sont les pires, se sont des voleurs et des menteurs, franchement plus jamais;elo_lpz;Elo;1,03E+18;;Autre;2024;9;15;3
;;;;;;;;;;;
1,83E+18;2024-09-05 17:07:32+00:00;@free @Freebox @Freebox  je quitte vos services ce jour... Pas d'assistance... Plus de TV/internet/tel... Vos services assistances annoncent 45 min de délais, j'ai passé la journée a envoyer des messages (unique moyen de communication)... Aucune répon;jah_jahjah;Jah;1132227163;;Autre;2024;9;17;3
;;;;;;;;;;;
1,83E+18;2024-09-05 19:38:31+00:00;@free @Xavier75 ce serait possible de mettre à jour la freebox delta pour qu’elle prenne en charge la 5g et pas seulement la 4g;lucxs_hx;لوكاس🇵🇸;1,57E+18;;Autre;2024;9;19;3
1,83E+18;2024-09-05 19:53:34+00:00;Bon. @free je pensais pas en arriver la mais vos vendeurs peu scrupuleux qui mentent éhontément en magasin et sur les contrats signés\n\nje pense que le procès s'impose on se reverra.;curtis_sx;curtis;1,59E+18;;Autre;2024;9;19;3
1,83E+18;2024-09-05 20:29:12+00:00;Les bots aussi ont le droit de #voter !!! (jvais te retrouver ving) https://t.co/QiOhPqTSxx;Kenma_kugel;kenma;1,63E+18;;Autre;2024;9;20;3
;;;;;;;;;;;
1,83E+18;2024-09-05 21:15:46+00:00;@free  Pourquoi les anciens clients Delta Apple TV qui migrent vers Ultra doivent payer 5€ de plus par mois pour avoir un player tv alors que c’est inclut pour les autres ? Payer plus pour avoir moins ?\nPourquoi le player n’est pas inclut ??;Kohulavarman;Kohulavarman;230521776;;Question technique;2024;9;21;3
;;;;;;;;;;;
1,83E+18;2024-09-06 05:55:32+00:00;Bonjour @Freebox vous trouvez ça normal de me prélever 190 euros alors que je vous ai rendu votre matériel ???;playerremytwitt;playerremy;3385941857;;Autre;2024;9;5;4
1,83E+18;2024-09-06 06:26:22+00:00;Bah alors @free, on se vante de gagner des clients à tout va mais l'expérience en tant que nouvel utilisateur est désastreuse !\nJ'ai emménagé depuis 2 semaines vous me mener en bateau !\nTout comme l'ensemble des résidents de ma copropriété, certains sont déjà allés chez la concu;SynaOne;SynaOne 👁️;932539628;;Autre;2024;9;6;4
;;;;;;;;;;;
;;;;;;;;;;;
;;;;;;;;;;;
;;;;;;;;;;;
1,83E+18;2024-09-06 09:24:01+00:00;@free #free il y a quoi que vous comprenez pas dans  lâchez-moi la grappe !! \n\nJe ne veux pas de vos foutu abonnement on a beau vous bloqué vous revenez toujours 🙄 https://t.co/Y7HlMH51Vt;lsakurayuki;sakurayuki 🌸;7,90E+17;;Autre;2024;9;9;4
;;;;;;;;;;;
1,83E+18;2024-09-06 09:48:24+00:00;Ok super. En attendant, vous avez jamais fait de clé 4g et à Antibes il y a plus de réseau depuis une semaine ? On fait comment nous ?;eptiss;Ti'nem;4008217133;;Question technique;2024;9;9;4
1,83E+18;2024-09-06 10:08:28+00:00;Le forfait Freebox Révolution Light à 29,99 €/mois a changé !\n\nIl devient la Série Spéciale Freebox Révolution Light à 24,99 €/mois pendant 1 an, puis 29,99 €/mois ! \n\nhttps://t.co/FFGm0Mf6cn https://t.co/kjDrfkT6q8;TiinoX83;Tiino-X83;158739202;;Autre;2024;9;10;4
;;;;;;;;;;;
1,83E+18;2024-09-06 10:20:19+00:00;@free 3 problèmes en 1 semaine on est pas mal la ? Surtout que vous faites aucun geste commercial, bah moi jvais en faire un jvais partir de chez vous, chercher pas à me prélever le mois prochain jvais tout bloquer.;enileme__;👁️🫶🏼;2939614995;;Plainte service;2024;9;10;4
;;;;;;;;;;;
;;;;;;;;;;;
1,83E+18;2024-09-06 13:11:48+00:00;@free\nAlors ?! En prenant un abonnement ultra, l’assistance n’est clairement pas ultra mais MINABLE. Le technicien ne peut pas intervenir, et je ne peux même pas commander une pocket box 4g en attendant car la ligne est non raccordée… ADIEU FREE;TotoKvil;James McGill;9,37E+17;;Réclamation RDV;2024;9;13;4
1,83E+18;2024-09-06 13:21:59+00:00;@free Je viens de faire ma demande de résiliation au 30/09 et ALORS que je paye encore je ne suis plus considéré comme abonné : donc je n'ai plus d'acces à mon espace et je ne peux plus communiquer avec vous;icaunais;Laurent Babicz de Salettes;64376960;;Autre;2024;9;13;4
1,83E+18;2024-09-06 15:17:23+00:00;@free votre service d’assistance est juste scandaleux pas de connexion depuis 12h40 on te dit qu’on reviens dans 45min maximum ça fait bientôt 5h et personne en ligne. Personne ne prend en compte le litige. Une société qui en rien à faire de ces ;kasy_r;Cassandra.R;1024235532;;Plainte service;2024;9;15;4
1,83E+18;2024-09-06 15:42:08+00:00;Dans 20mn c'est 18h00 et je pourrai paniquer. @Freebox;LechapardeurS;Sachat Lechapardeur;1,38E+18;;Autre;2024;9;15;4
1,83E+18;2024-09-06 17:43:43+00:00;@free, @UFCquechoisir  aujourd'hui, j'essaie de résilier mon abonnement en appelant le 3244: impossible. Directement sur le site: impossible. Je vais être obligé de faire une lettre recommandé. Du coup, ce sera un adieu et ,non un au revoir.;Jolindi32506932;Jo l'indien;1,51E+18;;Autre;2024;9;17;4
1,83E+18;2024-09-06 17:55:25+00:00;Please 🙏🙏🙏🙏🙏🙏 @free !!!! Laissez moi retrouver ma connexion pleaaaaaaaaaseeeee helppppppp;Mme_Reyna;🌸Rҽყɳα ℓ'ιмραяƒαιтє🌸;2905228121;;Demande d'aide;2024;9;17;4
1,83E+18;2024-09-06 18:38:23+00:00;Bon ben voilà voilà. Merci @Freebox  . Heureusement que j'ai le failover par Bouygues. Prochaine bonne offre de Starlink je pense que je craque https://t.co/AHPgcyurzV;LechapardeurS;Sachat Lechapardeur;1,38E+18;;Autre;2024;9;18;4
;;;;;;;;;;;
;;;;;;;;;;;
1,83E+18;2024-09-07 09:15:36+00:00;@free pire réseau de France. Ma box se coupe en plein télétravail, et on me dit au tel que ca peut etre un technicien qui aurait debrancher ma ligne et qu'ils pourront m'en envoyer un mercredi... mais si il a debrancher, il peut pas venir rebrancher de;matt_nnz;NnZ Matt;1,05E+18;;Réclamation RDV;2024;9;9;5
1,83E+18;2024-09-07 09:16:45+00:00;@free je vais peter un plimb et vous faire une pub bien salée tant que ma box ne refonctionnera pas. Je payes 90 euros par mois pour ça ?? Pour une box qui reqte bloquer a l'etape 2 ??;matt_nnz;NnZ Matt;1,05E+18;;Autre;2024;9;9;5
;;;;;;;;;;;
1,83E+18;2024-09-07 09:40:17+00:00;J'étais habitué aux augmentation discrètes de @free sur les abonnements freebox (+1€ par ci-par là). Depuis juillet c'est carrément +10€/mois sans raison. Je paye donc maintenant aujourd'hui plus cher avec ma freebox DELTA que l'offre ULTRA... Cherchez l'erreur !;himselfprod;Gregory Janssens;15150856;;Autre;2024;9;9;5
1,83E+18;2024-09-07 09:48:00+00:00;Bonjour @free je passe 1 semaine dans un taff de merde ou je me bz le dos samedi dimanche je veux  PROFITER de mon week-end et comme de par hasard la connexion fonctionne pas je peux pas profiter de mon super pc payer a 1300 euro a cause de votre co de merde et en plus vous avez;Rzcooh140;🦉;1,37E+18;;Question technique;2024;9;9;5
;;;;;;;;;;;
1,83E+18;2024-09-07 10:32:04+00:00;@free bonjour ! 3 semaines san internet 3 techniciens qui se déplacent et toujours rien ! Par contre le prélèvement lui pas de problème… ! \nPas de rappel pas d’offres commerciales ..\nBref une vraie escroquerie;totolegaucho;Toto le gaucho;717474792;;Plainte service;2024;9;10;5
1,83E+18;2024-09-07 13:31:54+00:00;Quasiment 3 mois pour mettre en place la fibre avec @Freebox . Résultat : toujours rien à cause d'un technicien incompétent et menteur (il faudrait même une gaine de 10 à 15cm de diamètre pour passer la fibre 😅)\n\nC'est navrant car j'apprécie @xavier75 et que le support téléphonique semble être super. \n\nDes conseils pour la suite ? Je tente avec @Orange_France ou je ne prends aucun risque avec @Starlink ? \n\n#Fibre #Internet;ThibautLasserre;Thibaut Lasserre;1,65E+18;;Question technique;2024;9;13;5
;;;;;;;;;;;
1,83E+18;2024-09-07 13:50:29+00:00;@free Génial abonné Freebox ultra depuis le 1er février j’attends toujours l’échange de mes répéteurs wifi 5 en wifi7. Après 20 ans chez Free, il vaut toujours mieux être un nouvel abonné . Et bien moi aussi je vais devenir nouvel abonné !;Blutch29;fabgrg;370285706;;Question technique;2024;9;13;5
1,83E+18;2024-09-07 14:08:30+00:00;@SFR @SFR_SAV dommage qu' un service client aime perdre ses clients sans réellement trouver des solutions adéquat pour le bien être des abonnés \n@free êtes vous disponible;elrachid69;vivelafrance;430942229;;Plainte service;2024;9;14;5
1,83E+18;2024-09-07 15:14:50+00:00;@Freebox @free\nComme convenu par votre service client payant, j’ai laissé mon colis en mode yolo dans un point retrait UPS sans étiquette de retour UPS\n\nDifficile de trouver des gens compétents chez vous\n\nMais j’ai fait ma partie du TAF, à vo;orpheno_;Orpheno;1,58E+18;;Plainte service;2024;9;15;5
1,83E+18;2024-09-07 16:27:54+00:00;3 semaine que j'ai reçu une box free tjr pas internet 2 faut plan par un technicien qui doit venir chez moi et quand j'appelle free on me mais en attente de 30 min sans réponse ha oui juste on va relance mais mdr  un truc à dire? \n@Xavier75 @free une honte!! https://t.co/uaNzg8tMG3;mesli76450;M8 mesli-12;7,77E+17;;Réclamation RDV;2024;9;16;5
1,83E+18;2024-09-07 19:06:44+00:00;ma freebox se reset plusieurs fois par jour durant cette semaine, pourtant y'a aucun cable qui défaille, vous savez comment régler ce problème  ? @free;YatoYaboku12;PilalPoat 🇲🇦🇫🇷;1,20E+18;;Plainte service;2024;9;19;5
1,83E+18;2024-09-07 19:10:56+00:00;@free ça fait 3 soirées où les débits sont autour des 500 Ko/s;cwoox;cwoox;460550730;;Question technique;2024;9;19;5
1,83E+18;2024-09-07 22:07:51+00:00;Panne chez @free @Freebox ? (Fibre avec la ultra ) vous aussi ?;Gears4Gamers;Cesar;9,61E+17;;Plainte service;2024;9;22;5
1,83E+18;2024-09-07 22:11:58+00:00;@free plus de box, plus de mobile c’est quoi le problème ???? J suis la seule ???;MimounaSb;MIMOU;1,22E+18;;Plainte service;2024;9;22;5
1,83E+18;2024-09-08 00:02:00+00:00;@free vous êtes le pire opérateur all time;Lilox36359786;ste;1,42E+18;;Plainte service;2024;9;0;6
1,83E+18;2024-09-08 01:13:59+00:00;@free je suis un vieux client...depuis 2014 si mes souvenirs sont bons...c'est vrai ca? car moi, en temps que vieux client...jamais droit à rien. Je demenage prochainement, meme si je suis satisfait du service, la concurrence commence a me faire de l oei;GDelapampa;le bédouin des cimes;1,19E+18;;Autre;2024;9;1;6
1,83E+18;2024-09-08 10:18:27+00:00;@theromainjf @freemobile @bouyguestelecom @free Oui mais j'ai appeler pour avoir des infos etc... Mais ils me répondent jamais free;AkitoHyuuga;Lelouch Vi Britannia;1289246881;;Autre;2024;9;10;6
1,83E+18;2024-09-08 12:10:11+00:00;@free is there support available in English please? Urgent;RigiMic;Michal Rigan;1035605126;;Autre;2024;9;12;6
1,83E+18;2024-09-08 14:02:15+00:00;@free @Freebox @Xavier75 comment vous pouvez laisser un quartier sans infos sur une panne démarrée jeudi dernier? Franchement c’est scandaleux en terme de service. Et pendant ce temps la on paye… 🤷‍♀️;VerpCh;Chris;592956537;;Plainte service;2024;9;14;6
1,83E+18;2024-09-08 15:50:31+00:00;J'ai la fibre\nMerci @free https://t.co/HgKI9iHm7T;Red_82370;RED;1,78E+18;;Question technique;2024;9;15;6
1,83E+18;2024-09-08 16:40:06+00:00;Mon jouet préféré et increvable marche tout à fait normalement, ... mais j'avoue qu'il a essayé de me faire un petit clin d'oeil quand je suis passé à côté\n\nOn va voir ce que dit le support... (avoir un long downtime pour un détail esthétique serait une mauvaise idée)\n\n@Freebox https://t.co/M4gOExzAHk;lousticator;eric le loustic;454270864;;Autre;2024;9;16;6
1,83E+18;2024-09-08 19:23:40+00:00;Presque une semaine entière qu’on a plus accès à internet, chaque fois que l’on appel @free @Freebox on nous informe que notre connexion sera rétablie deux jours plus tard et chaque fois rien. Aujourd’hui on rappelle et on se fait raccrocher au nez, c’est vraiment honteux.;Souuki_;🌟 ソフィー 🌟;1,08E+18;;Question technique;2024;9;19;6
1,83E+18;2024-09-08 21:26:52+00:00;Bonjour @free @Freebox  ça vient d'où ce souci depuis qq temps sur toutes les chaînes de @FranceTV  alors que @m6 marche très bien ? https://t.co/wlZJsnJSiq;nicodemusw;Nico demus;68385855;;Autre;2024;9;21;6
1,83E+18;2024-09-08 21:59:42+00:00;@free @SFR VOUS ME FAITES VIVRE UN ENFER DEPUIS 2020 PUTAIN DE MERDE RÉPAREZ VOS PUTAINS DE CÂBLE DE FIBRE DE MERDE YEN A MARE;whysooosvd;whysoosad;7,02E+17;;Question technique;2024;9;21;6
1,83E+18;2024-09-08 22:37:25+00:00;@free coupure deux fois par semaine je paye 40€ par mois pour que ça coupe ! Je vais demander un dédommagement à l’année bande de chien ! On est en France ou au bingladesh !;psgsetifien;Amoura par amour du goût;1,55E+18;;Plainte service;2024;9;22;6
1,83E+18;2024-09-08 22:48:58+00:00;@Freebox Bonjour, je possède une Freebox mini 4k et je voudrais migrer vers la Pop qui, à priori, donne un meilleur débit (j'ai la fibre).\n\nEst-ce que ça vaut réellement le coup ? Et est-ce qu'il y a des frais de migration .. ?;Aetheer_;Aether;2503058669;;Question technique;2024;9;22;6
1,83E+18;2024-09-08 22:50:14+00:00;@Free @Freebox @FreeAssistance pourquoi quand la box plante le réseau 5G aussi ?? Plus de box et plus de 5G ce soir !!! Grrrr;Thaye60;Thaye🔴⚪️🇭🇳;8,41E+17;;Question technique;2024;9;22;6
1,83E+18;2024-09-08 23:01:23+00:00;@Freebox vous êtes le pire opérateur de tt les temps !Chaque semaine 4 coupure à partir de 00h comme si on devait aller se coucher à cette heure !Y en a qui taffent la nuit !Bande d’incompétent !Je savais que vous étiez nul de fou mais là je vais;psgsetifien;Amoura par amour du goût;1,55E+18;;Plainte service;2024;9;23;6
1,83E+18;2024-09-09 08:55:23+00:00;"@free \n\nUne semaine plus tard : toujours aucune résolution de la part du ""support"" technique Free.\nProchaine facture bloquée et migration vers @orange https://t.co/86xP3z7Dx8";SurferVert;Chouchenn;365315737;;Autre;2024;9;8;0
1,83E+18;2024-09-09 08:56:33+00:00;@free Bjr, 3 fois que j'appelle pour le même problème, au début coupure d'1h puis 2h maintenant c'est toute la nuit. Ça ne sert à rien que je vous appelle car 1 ticket d'incident est ouvert puis rien, pas de suite. J'ai ni le wifi (ma box) ni la 4G (;Aretha4677;ak;7,43E+17;;Plainte service;2024;9;8;0
1,83E+18;2024-09-09 09:37:54+00:00;@Freebox\nNous sommes en panne depuis vendredi midi, le technicien est passé ce matin, il est reparti sans réparer, 'en catimini' sans rien dire, l'assistance est injoignable, j'ai tenté la boutique. 'nous on est des commerciaux, on n' à pas accès à;jpdardayrol;Jean-Pierre Dardayro;9,07E+17;;Plainte service;2024;9;9;0
1,83E+18;2024-09-09 09:39:31+00:00;@Freebox bonjour je voudrais avoir une confirmation qu'un technicien se présentera à l'extérieur de mon domicile aujourd'hui ? Car je n'ai toujours pas de nouvelles ! Sachant que je n'ai plus internet depuis vendredi matin.😭😭😭;Mme_Reyna;🌸Rҽყɳα ℓ'ιмραяƒαιтє🌸;2905228121;;Réclamation RDV;2024;9;9;0
1,83E+18;2024-09-09 09:50:31+00:00;@Freebox bloqué à l’étape 2 https://t.co/bsAdpzW7m6;benguezthewiz;Ben Guez;26055042;;Autre;2024;9;9;0
;;;;;;;;;;;
1,83E+18;2024-09-09 12:38:25+00:00;@free @Freebox quand Jean-Michel te traite de menteur !!! Alors tu as la preuve que la lettre recommandée a bien été envoyé et bien reçu !!!\nQu’est ce qu’on peut faire @Freebox ?;8Maykiwo;Mayki;2811236241;;Autre;2024;9;12;0
1,83E+18;2024-09-09 12:39:13+00:00;@Freebox c'est normal que les installateurs s'enfuient comme des voleurs tout en proposant des IpTV en disant que votre nouvelle offre Ultra+ ne comprend pas @PrimeVideoFR ni @NetflixFR et surtout impossible de vous contacter.Vous me faites regretter d'av;mymy_mat;MM;1,67E+18;;Info/Annonce;2024;9;12;0
;;;;;;;;;;;
1,83E+18;2024-09-09 14:23:30+00:00;@free \nBonjour Free \nMa fille qui n’est pas cliente chez vous vient de se voir prélever 37,07€ , quelqu’un pour m’aider ? Merci;Mariep1983;Mary Pou;3306467135;;Autre;2024;9;14;0
1,83E+18;2024-09-09 15:18:31+00:00;@Freebox Bonjour, je ne reçois plus certains mails importants et récurrents. En allant sur votre webmail, je les ai trouvés dans spams ! De plus l'option 'filtres' a disparu du webmail. J'ai donc des filtres actifs, non créés par moi et non modifiabl;infogere;ＲG;344290639;;Autre;2024;9;15;0
1,83E+18;2024-09-09 15:43:34+00:00;Bonjour\n@free\n@Freebox \nGénial, abonné Freebox ultra depuis le 1er février j’attends toujours l’échange de mes répéteurs wifi 5 en wifi 7. Après 20 ans chez Free, il vaut toujours mieux être un nouvel abonné. Et bien moi aussi je vais devenir nouvel abonné !;Blutch29;fabgrg;370285706;;Question technique;2024;9;15;0
1,83E+18;2024-09-09 16:14:34+00:00;Quand tu veux mater tranquillement une série sur Netflix et que ton accès chez @Freebox bloque à l'obtention d'une IP et qu'on veut t'envoyer un technicien. 🤔\nMon voisin chez Bouygues est pareil, pas d'internet. C'est quoi le délire ?\n#freeboxdown\n#Valdemarne https://t.co/LfCkhNxhTD;PeterVeg1;🅟ᵉᵗᵉʳ Ⓥ peterveg.bsky.social;110363234;;Réclamation RDV;2024;9;16;0
1,83E+18;2024-09-09 16:25:01+00:00;1 semaine sans internet vous êtes sérieux @free @Freebox ?? En 2024 ??? Pour un client chez vous depuis plus de 15 ans ??;Faudratyfaire;Urssaf Hate account;1,37E+18;;Autre;2024;9;16;0
1,83E+18;2024-09-09 16:33:37+00:00;@free Bonjour j'essaie d'avoir quelqu'un par message depuis tout à l'heure sans retour. J'aimerais voir pour devenir client dans un futur proche\n\nMerci;Vladcik;UCL CHAMPIONS;519815013;;Autre;2024;9;16;0
1,83E+18;2024-09-09 16:35:47+00:00;@Freebox \nj’aimerais avoir des infos concernant l’intervention d’un technicien ce jour pour raccorder la fibre chez moi à Bordeaux. \nLe technicien est venu les mains dans les poches, ne répondait pas à nos questions et est reparti sans rien fai;w_i_e_d;gallo-selva wilfried;506166226;;Question technique;2024;9;16;0
1,83E+18;2024-09-09 16:50:04+00:00;@Freebox comment ça se fait à plus reprise le soir je me retrouve sans réseau mobile et sans internet box bloqué à étape 6;Shamtaro1;KC Sham;1,25E+18;;Question technique;2024;9;16;0
1,83E+18;2024-09-09 17:35:15+00:00;Dites @Free/@Freebox/@Free_1337/@Xavier75 (@Orange/@Orange_France on vous parle aussi), vous n’avez pas honte ?\n\nVous n’avez pas honte de laisser depuis le mois dernier des personnes de 90 ans, malvoyantes, à mobilité réduite et avec des problèmes cardiaques, sans télé, sans internet et sans leur téléphone fixe avec différents numéros d’urgence reliés dessus ?\n\nFree : hier, un opérateur qui se démarquait par un service client de qualité et des conseillers directement joignables par téléphone.\n\nAujourd’hui, un opérateur injoignable, avec des « conseillers » de « « proximité » » qui changent à chaque message envoyé et incapables de solutionner un problème.\n\nDepuis août, plus aucune connexion au domicile de ces personnes âgées et dépendantes.\n\nÀ cause, visiblement, d’un câble décroché et enroulé… dans un arbre. Incompréhensible !\n\nFree renvoie la responsabilité à Orange (France Telecom). Orange (France Telecom) renvoie la responsabilité à Orange. Le petit train-train habituel avec pour grand perdant le client.\n\nQuand ce ne sont pas des rendez-vous programmés par erreur par Free et obligeant ses clients à rester chez eux pour rien (car n’étant pas un vrai rendez-vous, la notification annonçant le rendez-vous étant un bug), c’est encore pire :\n\ndes rendez-vous (des vrais cette fois) pour lesquels les agents NE SE PRÉSENTENT TOUT SIMPLEMENT PAS ET OÙ LE CLIENT N’EN EST ABSOLUMENT PAS NOTIFIÉ, NI PENDANT, NI APRÈS.\n \nAu final, la ligne a donc été débranchée (par qui, on ne sait pas), rien n’avance et des personnes âgées sont coupées de tout depuis un moment désormais.\n\n@Free, @Orange, vous n’avez pas honte ?\n\n#Free #Orange #FranceTelecom;Laawnik;Laawnik;1,49E+18;;Plainte service;2024;9;17;0
;;;;;;;;;;;
1,83E+18;2024-09-09 20:14:05+00:00;@Freebox premier mois en tant que client @free j'avais longtemps hésité à cause des retours... Pourquoi j'ai craqué ?\nC'est littéralement du VOL. https://t.co/4JxR56Vjhl;at_luth;PLUTOCIDE 🏦🔥🇮🇱🇵🇸🇷🇺🇺🇦🇩🇿🇫🇷;1,37E+18;;Question technique;2024;9;20;0
1,83E+18;2024-09-09 23:05:49+00:00;@free @Xavier75 1 grd moment de foutage de gueule + de réseau internet… box bloquée à l’étape 2 depuis hier matin… 1 intervention technique le jr même pr m’informer qu’il y a des travaux fibres et que tt sera rétabli le même jour avant 18;gregambroisine;Ambroisine grégory;29947644;;Question technique;2024;9;23;0
1,83E+18;2024-09-10 01:35:20+00:00;Par contre @Free pouvez-vous me rendre ma connexion que j’ai perdu il y a de cela 2h mtn merci à vous;Livaii19;Livaii;1,49E+18;;Question technique;2024;9;1;1
1,83E+18;2024-09-10 06:08:52+00:00;@freemobile @free ral bol toutes les nuits pas de fibre ni de portable  cela a commencé depuis le 7 juillet pour et quand j'appelle free c'est Normal pour eux réparation en cours et toujours aucune remise et geste commercial @60millions secteur oise !!;perso_nono;perso nono 🦩;1,62E+18;;Question technique;2024;9;6;1
1,83E+18;2024-09-10 07:39:30+00:00;@free Pourriez vous me contacter en DM de toute urgence... impossible de joindre qui que ce soit via WhatsApp, au 1044 ou au 3244... GROS SOUCI URGENT 🙏;madeinphoto;Damien Vinographe;725754343;;Autre;2024;9;7;1
1,83E+18;2024-09-10 14:34:56+00:00;iPhone 16 Pro. Un studio pro dans votre poche.\n\nLe nouvel iPhone 16 Pro bientôt dans votre boutique Free. Design en titane. Commande de l’appareil photo. Dolby Vision 4K à 120 i/s. Puce A18 Pro.\n\nDisponible en précommande dès le 13 septembre à 14h en boutique et sur https://t.co/hc0y4utfEK;free;Free;252263949;;Autre;2024;9;14;1
1,83E+18;2024-09-10 14:43:13+00:00;Vraiment @free on m’avait dit du grand bien de vous , mais au bout de huit mois c’est une dinguerie , le service client est catastrophique @Xavier75 aucun geste rien;onytsuu;👹👺;1,09E+18;;Plainte service;2024;9;14;1
1,83E+18;2024-09-10 14:43:48+00:00;abonnement freebox souscrit le 20 août, installation de la fibre prévu le 29 août entre 8h et 10h, un tech se présente à 13h30, me dit qu’il a pas le matériel nécessaire qu’il va le chercher auprès d’un collègue, il n’est jamais revenu \n\nreprise de rendez vous pour aujourd’hui;vicochips93;Vico;584548028;;Question technique;2024;9;14;1
;;;;;;;;;;;
;;;;;;;;;;;
1,83E+18;2024-09-10 16:12:39+00:00;Contrat fait en mai, on est en septembre ma ligne internet est toujours pas activée, je passe en boutique on me prévoit un rdv téléphonique avec l'assistance ojd et tjr pas d'appel ... @free on peut m'aider ou je dois de me débrouiller et aller ailleurs?;Marie_Nette7810;Marie 🇪🇸;571653891;;Réclamation RDV;2024;9;16;1
1,83E+18;2024-09-10 16:36:38+00:00;@free bonjour j’ai besoin d’une assistance svp sur un abonnement Freebox Fibre grand public;Zarkos85;Zrks;2951794671;;Demande d'aide;2024;9;16;1
1,83E+18;2024-09-10 17:39:40+00:00;@Freebox  impossible d'annuler l'abonnement canal series associe a ma freebox, merci de me contacter par DM pour pouvoir l'annuler, ce n'est pas normal de ne pas pouvoir l'annuler simplement, ca ressemble a un parcours du combattant https://t.co/glGANKdbD;wello007;N. Dib;2969283368;;Autre;2024;9;17;1
1,83E+18;2024-09-10 17:43:01+00:00;T'as plus de thunes, tu veux baisser ton offre : bam on te facture 49€.\nÇa ne donne qu'une seule envie, partir...\n\n@free @bouyguestelecom vous avez des offres fibres sympas en ce moment ? On a aussi 4 mobiles.\n\nMerci;emelle_pe;𝔼𝕞𝕖𝕝𝕝𝕖 ℙ 🌈🇵🇹🇨🇵;8,03E+17;;Question technique;2024;9;17;1
1,83E+18;2024-09-10 17:46:53+00:00;@free Entre l’attente et une personne qui doit me mettre en relation avec un technicien, la communication est coupée au bout de 10mn sous prétexte qu’il y a trop d’appels 🙄 \nEt maintenant injoignables !! Insupportable !!;christinetaffo1;Christine TAFFOREAU-HARDY 💙💛;2994729766;;Réclamation RDV;2024;9;17;1
1,83E+18;2024-09-10 18:08:20+00:00;Allô @Freebox ? Pas d'internet depuis hier 9h09 et aucune info... 🤨;GasparddeBowery;Life is a Gas;1595646865;;Autre;2024;9;18;1
;;;;;;;;;;;
;;;;;;;;;;;
1,83E+18;2024-09-10 19:02:32+00:00;@Freebox Pas d'internet à castelnau le lez :-(;paulosn;Paulo Salvatore;22259472;;Autre;2024;9;19;1
1,83E+18;2024-09-10 21:02:38+00:00;@Free 3 coupures en 1 journée, quasi 3h à chaque fois. Je paie pour ce service, c'est vraiment une honte. Comment on fait quand on est en télétravail ?;bbool_;Bas' 🇫🇷;1418723634;;Plainte service;2024;9;21;1
;;;;;;;;;;;
1,83E+18;2024-09-11 10:08:29+00:00;@free Hola, possible de regarder pourquoi ma connexion va aussi vite qu'un poney dans une course de chevaux ? Cordialement;CODLuan;Luan;152803118;;Question technique;2024;9;10;2
1,83E+18;2024-09-11 10:24:59+00:00;@Xavier75 @Freebox\nPlusieurs semaines que nous faisons des démarches pour avoir notre freebox dans notre nouveau logement (nouveau lotissement) tout est bon mais free ne peux toujours pas nous proposer l'installation... DECEVANT\nVa-t-on devoir transfé;EliotAFC;Robin Van Eli;2473808873;;Question technique;2024;9;10;2
1,83E+18;2024-09-11 10:36:05+00:00;@Freebox bonjour une intervention est prévue sur ma ligne Freebox pendant 4 jours la semaine pro. Comment je fais en fait vu que je suis en full télétravail ??? De plus aujourd’hui ma box ne fait que de se déconnecter et ça n’est pas la première;therussiancrow;Prêtresse Clougue.;8,99E+17;;Question technique;2024;9;10;2
1,83E+18;2024-09-11 11:18:06+00:00;Je vais changer d'opérateur tu paye un abonnement pour rien chez @free y'a toujours des pannes !!!;_ocevne_;océvne;1,73E+18;;Plainte service;2024;9;11;2
;;;;;;;;;;;
1,83E+18;2024-09-11 12:51:46+00:00;@free  impossible de vous joindre\nSuite à demenagement le 3244, le 1044 ou 0892135161 ( surtaxé) personne ne repond. Le technicien ne respecte pas ses engagements de raccordement. \nJe vais vous quitter.;Erzebet44227838;Erzobeth;1,07E+18;;Réclamation RDV;2024;9;12;2
1,83E+18;2024-09-11 15:50:34+00:00;Ma recherche Google improbable du jour :\nComment parler à un humain chez @Freebox \nCoucou @Xavier75 ça serait bien de garder un peu d'humanité dans votre service client.\nSurtout quand la prise de rendez-vous via votre chatbot ne fonctionne pas.;bdauvissat;Benjamin Dauvissat 🕊️☮️;436072766;;Plainte service;2024;9;15;2
1,83E+18;2024-09-11 16:19:25+00:00;@altitude_infra un de vos techniciens a saccagé notre immeuble, c’est impossible d’avoir la fibre du premier étage jusqu’au 5eme, possible de rentrer en contact ?;Dan__Jor;.;405013144;;Question technique;2024;9;16;2
;;;;;;;;;;;
;;;;;;;;;;;
1,83E+18;2024-09-11 16:54:59+00:00;Jamais eu un souci en 15 ans avec Free mais faut bien un début…\n@Freebox, j’ai tenté de contacter le service d’assistance avec un temps d’attente « d’actuellement 45 minutes ».\n\nC’était y’a 3h ! Vous êtes où ?! J’ai ma freebox qui grince comme si elle allait exploser ! 😱;MossieurSage;Môssieur Säge;1,18E+18;;Autre;2024;9;16;2
1,83E+18;2024-09-11 19:18:55+00:00;@Freebox JE VOUS HAIS TELLEMENT TOUS LES 6 MOIS OBLIGÉE D'APPELER UN CONSEILLER PARCE QUE MA BOX MARCHE PLUS J'EN AI RAAAAAS LE BOL;Maxime_RG05;Petit extrémiste 🇵🇸🏳️‍🌈;1,63E+18;;Autre;2024;9;19;2
1,83E+18;2024-09-11 19:28:47+00:00;Encore une fois … @Freebox hs … étape 3c … c est que la 26eme fois depuis l installation de la fibre #free que je n ai pas de connexion… depuis mai ouf ! 😡 quand c est pas de signal #fibre #hs c est l authentification… finalement je vais peut être mettre plus cher ailleurs;Ceticah;Cetic Arnaud;120765413;;Plainte service;2024;9;19;2
1,83E+18;2024-09-11 20:34:59+00:00;Y'en a marre des débranchages... J'en peux plus, c'est plus de 10 fois par an... Je règle une facture 1 semaine en retard je mange une pénalité... Ou sont vos pénalités pour interruption de service @free ? Je sais que vous n'êtes responsable du NRC mais c'est épuisant...;vecu2poissard;EMPTY SHELL;1,51E+18;;Autre;2024;9;20;2
1,83E+18;2024-09-11 21:42:46+00:00;Contre la décision de l’#Arcom, je soutiens le recours du Média pour le pluralisme et l’indépendance sur la #TNT ! #UncanalTNTpourlesIndes via @LeMediaTV https://t.co/6UsumDYOx7;ArtToine;Valérie Rance;1361375424;;Autre;2024;9;21;2
;;;;;;;;;;;
1,83E+18;2024-09-12 06:15:29+00:00;Non mais sérieux @Freebox, ça fait depuis lundi que je n’ai plus internet, un technicien répare le souci hier dans la matinée, je rentre du boulot en soirée et… plus internet à nouveau ? \n\nOn est 2024 quand même, comment c’est possible ? C’est mon jour de repos et je n’ai rien.;qwulleput;Quentin Wulleput;9,10E+17;;Question technique;2024;9;6;3
;;;;;;;;;;;
1,83E+18;2024-09-12 07:33:03+00:00;Toujours avoir un autre FAI en backup\nFree en panne depuis hier soir 22h, freebox etape 6. Telephonie 3-4-5g compliquée, pas de data.\nPassé en hotspot sur ligne Orange.\nZero infos de Free, et que des robots coté assistance.\nmerci @Freebox changez rien, c'est le top.;f4tug;F4TUG;7146172;;Plainte service;2024;9;7;3
;;;;;;;;;;;
1,83E+18;2024-09-12 15:04:47+00:00;@Freebox impossible de vous joindre via le 3244 et tout autre numéro. Ma box ne fonctionne plus. Plus d’Internet, de wifi, donc de TV et de PC. Or je dois télétravailler dans les jours qui viennent avec des dossiers urgents sur le dos. AU SECOURS ! �;Me_Granturco;Me Thierry Granturco;2248704194;;Question technique;2024;9;15;3
1,83E+18;2024-09-12 15:08:57+00:00;Dit donc @free . Pas de connections depuis 1 semaine Pas de tv\n . Un boîtier 5G qui ne capte pas la 5g Aucune date de disponibilité. Aucune information. \nLa révolution serai de partir ?( sans jeu de mot );benitoo75018;Benitoo75;1,46E+18;;Autre;2024;9;15;3
1,83E+18;2024-09-12 16:39:06+00:00;@free est ce que c’est normal un délai de 10 jours pour venir dépanner notre freebox ? \nOn est 3 free-lance dans le foyer et on va clairement galerer à bosser !! \nEt on nous dit de faire un « partage de connexion »🤡 \nVous remboursez l’abo;FrancoisSNF;François;1071664734;;Plainte service;2024;9;16;3
;;;;;;;;;;;
1,83E+18;2024-09-12 17:39:49+00:00;@free ça capte plus là remettez la connexion 🙏🙏;kaiitoootv;KaiiTooo;1,54E+18;;Question technique;2024;9;17;3
1,83E+18;2024-09-12 20:51:00+00:00;Je suis fatiguée @free \n\nMon iPhone est sur la box, je vois pas quoi faire de plus. https://t.co/8oct0HtRAp;Sasskeh;Sᴀssᴋᴇʜ 🌸｜Testeuse du Pégases 2025 🏆 (๑˃ᴗ˂)ﻭ;76384987;;Autre;2024;9;20;3
1,83E+18;2024-09-12 22:22:47+00:00;@Freebox c’est normal tout les soirs coupure de fibre à la même heure? 50€ pour ça ? Gluant;Aadaam213;.;1,46E+18;;Plainte service;2024;9;22;3
1,83E+18;2024-09-13 07:03:39+00:00;Tous les soirs j’ai plus de réseau entre 00:30 et 1:45 voir 2h30 du matin, @free merci de régler le problème svp;rifia699;dolcevitaa;1,31E+18;;Plainte service;2024;9;7;4
1,83E+18;2024-09-13 07:14:12+00:00;Salut @Freebox \nPanne fibre depuis le début de la semaine, 6 rdv plus tard (car vous en avez annulé 3 au dernier moment) toujours rien. \n\nÇa vous coûte quoi de ne pas me laisser dans le noir ? Le prélèvement fonctionne lui.;Zulgrib;Zulgrib;365963429;;Plainte service;2024;9;7;4
;;;;;;;;;;;
1,83E+18;2024-09-13 09:35:31+00:00;"ca fait 4j que j'ai plus de fibre @free @Free_1337 suite à un ""incident collectif"" j'aimerais bien avoir un peu plus de news sur la date de rebranchement, travaillant en télétravail ca devient lourd..... #free #freebox";arcandyss;𝙖𝙧𝙘𝙖𝙣𝙙𝙮𝙨 🇫🇷;7,07E+17;;Question technique;2024;9;9;4
;;;;;;;;;;;
;;;;;;;;;;;
1,83E+18;2024-09-13 11:13:40+00:00;J’en peux plus ma box fait que de revenir sur Étape 3 après 30 minutes à chaque fois pitié @Freebox;Amael_Mrn;Amaël;1449779808;;Autre;2024;9;11;4
;;;;;;;;;;;
;;;;;;;;;;;
1,83E+18;2024-09-13 13:33:49+00:00;@free Pour souscrire des lignes là y a du monde par contre pour résilier vous faites les sourds et mettrez en attente sans jamais reprendre la ligne. Honte sur vous et vos méthode ! @60millions help;axelpailhes;Axel PAILHES;716181030;;Demande d'aide;2024;9;13;4
1,83E+18;2024-09-13 13:49:26+00:00;Bon @free il serait temps de respecter vos clients, mon réseau ne fait que sauter, la 4g ne fonctionne plus non plus. Ça devient trop récurrent, et il serait peut-être envisageable de faire un service client avec appel non payé non ? Je paye déjà 20 balles pas mois, c’est bon /2;JacqueminLucie;CK’s wife;1,14E+18;;Plainte service;2024;9;13;4
1,83E+18;2024-09-13 14:51:01+00:00;Hep ! @free La base de donnée de mon site web ( https://t.co/eZokiHBvTW ) semble avoir disparue.\nPourtant ma page existe toujours et j'arrive à me connecter au FTP.\n\nTu m'expliques où elle est passée ?\n\nJe t'avoue que je suis moyen bof content là. Mon site tourne depuis 2006... https://t.co/RdtgOl6bcO;viper82;Luc Muller;1147201;;Autre;2024;9;14;4
1,83E+18;2024-09-13 15:49:10+00:00;@Freebox Bonjour \nJ'ai dû résilier mon abonnement chez Free - car impossible de faire le déménagement (1 mois après 13/06/2024). \nJ'ai fini par envoyer le courrier recommandé demandant la résiliation. (Les appels que j'ai reçu étaient de me ret;AinaHarinarivo;Aina Randrianaivosoa;3088488597;;Autre;2024;9;15;4
;;;;;;;;;;;
1,83E+18;2024-09-13 15:58:10+00:00;@free bonjour, y aurait moyen d'avoir un conseiller par téléphone ? Parce que j'en ai un peu marre de galérer à avoir un conseiller 🥲;FilleBizarreexe;𝖥𝗂𝗅𝗅𝖾𝖻𝗂𝗓𝖺𝗋𝗋𝖾.𝖾𝗑𝖾;1,37E+18;;Autre;2024;9;15;4
1,83E+18;2024-09-13 16:48:09+00:00;Nouveau : l'installateur Fibre Free qui passe, galère un peu sur le chantier,et dit qu'il repasse dans l'après midi avec un collègue. Depuis, c'est abonnés absents, ni réponse téléphone, ni SMS. Ça donne confiance. @Freebox;ZeLapinGarou;Lapin Garou;197523121;;Question technique;2024;9;16;4
;;;;;;;;;;;
;;;;;;;;;;;
1,83E+18;2024-09-13 17:53:45+00:00;@Freebox cc les goats,on paye la dernières freebox avec canal + d'intégrer et tout mais toujours pas de canal +\nOn la activé puis il s'est désactivé https://t.co/CpFoxWxzJZ;Presko331;Presko;1,60E+18;;Autre;2024;9;17;4
1,83E+18;2024-09-13 18:09:16+00:00;Il y a un temps où tu appelais @Freebox tu tombais sur un technicien, puis un temps où tu pouvais chatter en direct.\nC'était le bon vieux temps, maintenant tu laisses un message, personne le regarde et t'indiques temps moyen 45 min alors que t'attends depuis 2h une réponse;GuillaumeLaurie;Guillaume LAURIE;250844524;;Réclamation RDV;2024;9;18;4
1,83E+18;2024-09-13 18:42:56+00:00;@Freebox pop wifi 7 reçu à la place de pop 5… super!!! https://t.co/uUlrxDTRPX;Hnry_69;Hnry_69🇫🇷;1,06E+18;;Question technique;2024;9;18;4
1,83E+18;2024-09-13 18:43:15+00:00;@Freebox pourquoi nous obliger à prendre un rdv dans des semaines avec un technicien pour nous raccorder?\nOn a deja la prise! Envoyez nous juste la Freebox je sais comment la brancher depuis le temps que je l'utilise!!!\nEt bien sûr impossible de conta;_____TT_____;TT;442261575;;Question technique;2024;9;18;4
;;;;;;;;;;;
;;;;;;;;;;;
1,83E+18;2024-09-14 05:04:38+00:00;Bonjour @SFR, vous avez des nouvelles de votre technicien qui devait intervenir sur ma fibre hier matin ? Merci.;stephanesql;stephane123;4331620281;;Question technique;2024;9;5;5
1,83E+18;2024-09-14 12:22:05+00:00;@free bonjour, comment est ce possible d'avoir un soucis sur 4 changement de box d'affilée ?!?!?!?! Vos techniciens manquent tant que ça de compétences pour avoir du matériel ne serai ce que juste fonctionnel?! Du gros foutage de gueule!;theunlimitator;Guillaume;3342838840;;Question technique;2024;9;12;5
1,83E+18;2024-09-14 13:56:45+00:00;Qui a une bonne offre FIBRE qui ne dépasse pas les 30€ par mois et le débit je m’en fou je ne télécharge rien du tout juste le fait d’avoir une bonne connexion et un bon service qui ne se coupe JAMAIS hein @free 👀;Snake91Eyes;Snake Eyes 🥷 ⚔️;1,31E+18;;Question technique;2024;9;13;5
1,84E+18;2024-09-14 18:33:58+00:00;Bonjour @free \nQuand la Freebox pop sera t-elle disponible pour changer ma vieille Freebox révolution ? Maintenant que j’ai la fibre ça devient urgent et ça fait plus de 4 mois que c’est «  momentanément indisponible »…;fredolo1313;Fredolo1313;8,72E+17;;Question technique;2024;9;18;5
;;;;;;;;;;;
1,84E+18;2024-09-14 19:22:01+00:00;Impossible de me connecter, il y a un soucis sur Zimbra free ? @free @Zimbra #free #zimbra;FeeSur;La Fée sur le Cèpe;3841323015;;Autre;2024;9;19;5
;;;;;;;;;;;
;;;;;;;;;;;
;;;;;;;;;;;
1,84E+18;2024-09-14 20:39:40+00:00;Dans la série, je t’emmerde dégage de là connasse, on veut plus de toi et ta ligne, voici la réponse de @free à qui j'annonce une dégradation du réseau (déjà avant j'avais juste 1.2 Mo d'upload, là ils nous passent à 800 Ko) et voici Emelyne qui essaye de m'extorquer des sous https://t.co/W9qRcpTjpj;emma_audrey_fr;Emma Audrey;3289567377;;Autre;2024;9;20;5
1,84E+18;2024-09-15 12:17:01+00:00;3 jours que ma télécommande ne fonctionne pas donc pas de TV @Freebox\n3 jours que je vous contacte en vous disant qu'aussi mon adresse mail communiquée je n'ai plus accès @Freebox \nUn service client merdique... résiliez mon abonnement c'est mieux;LeMokaccino;Moka 👑;550350698;;Plainte service;2024;9;12;6
1,84E+18;2024-09-15 14:09:54+00:00;Bravo au technicien @free @freebox pour avoir vraiment bien fait son boulot pour la fibre de notre immeuble.\n\nÀ ce niveau la d’incompétence c’est quasiment de l’art. https://t.co/vkeb5hF0R1;AxelAssouline;Axel Assouline;46129687;;Question technique;2024;9;14;6
;;;;;;;;;;;
1,84E+18;2024-09-15 18:05:53+00:00;"Dans le plus grand des calmes, @bouyguestelecom fait payer son option ""enregistreur numérique"" 2€ et arrive à te placer 5 à 10min de pub avant d'accéder à ton enregistrement ... (J'ai pas encore pu voir s'il y en a pdt)\nJe regrette déjà ma #FreeboxRevolution...\nCc @free";GBoisseuil;Geoffrey Boisseuil;1605841981;;Autre;2024;9;18;6
1,84E+18;2024-09-15 18:15:07+00:00;@M6 c'est abusé quand même. Pour regarder le Replay de #PekinExpress il y a au moins 10 minutes de pubs. Sans compter pendant l'épisode. C'est quoi ce bordel. C'est vous ou @Freebox qui fait ça? Calmez vous.;Lyshit_ski;Lyshitski;1,01E+18;;Autre;2024;9;18;6
1,84E+18;2024-09-15 18:17:34+00:00;@Freebox bonjour, je suis actuellement bloqué sur étape 3d enregistrement pon et ma box ultra ne veux pas aller plus loin je n’est plus internet depuis le 12/09/24;mehdikamel29;Mehdikamel29;1,66E+18;;Autre;2024;9;18;6
1,84E+18;2024-09-15 18:22:28+00:00;vs me chiez dessus @free depuis le 22 aout c bon https://t.co/HxgRDnjC8W;lizzxblue;méchante conn*sse;9,58E+17;;Autre;2024;9;18;6
1,84E+18;2024-09-15 19:35:10+00:00;@Freebox ça va vous faire;BOJ4CK_;BoJack;1,07E+18;;Autre;2024;9;19;6
1,84E+18;2024-09-15 20:17:59+00:00;@free remettez la connexion j’ai un programme à finir .;MKAKAultra;hamtaro 🐹;1,30E+18;;Question technique;2024;9;20;6
1,84E+18;2024-09-15 20:47:06+00:00;@Freebox pas d’internet venez privé la j’ai raté la moitié du match à cause de vous zebi;AXLR9_;AXLR9;1,31E+18;;Autre;2024;9;20;6
1,84E+18;2024-09-16 09:24:53+00:00;@Freebox \n\nD'offre du moment pour nouvelle client de Freebox  ?;Deepspeaks_;Conscious_Being;1,01E+18;;Info/Annonce;2024;9;9;0
1,84E+18;2024-09-16 10:06:38+00:00;Jour 15 - toujours pas de wifi chez moi, c’est quoi ce bordel 😭 #Free @free;poesieandpages;♡ nicole ♡;1,82E+18;;Question technique;2024;9;10;0
;;;;;;;;;;;
1,84E+18;2024-09-16 10:40:20+00:00;@Xavier75  @free Bonjour je vous en supplie aidez moi à raccorder la fibre chez moi je ferais n’importe quoi pour l’avoir j’aimerais stream et m’amuser en ligne mais orange me fait des galères avec l’adsl, il y a peu de chance que j’ai des r;Kr1s__1;Kris;1423695614;;Question technique;2024;9;10;0
1,84E+18;2024-09-16 11:29:09+00:00;@free comment cela se passe quand on veut souscrire, qu on est dispo que les vendredi et qu on ne me propose que du lundi au jeudi pour le raccordement ?;ShinTdi;Ted Shinzay || XboxOrNot.fr;137123522;;Question technique;2024;9;11;0
1,84E+18;2024-09-16 12:57:05+00:00;@Freebox  Panne fibre quartier mean chemin de bert 44600 saint nazaire, ticket ouvert le 11/09, aucune nouvelle, ça devait être rétabli le 13, on est le 16/09 et ras.  C'est quoi ce service client... Où en sommes nous de ce proble;MOBO83619052325;MO BO;1,78E+18;;Plainte service;2024;9;12;0
1,84E+18;2024-09-16 14:04:47+00:00;16 août -&gt;;;;;;;;;
;;;;;;;;;;;
1,84E+18;2024-09-16 15:51:09+00:00;Bonjour @free , je suis chez Orange et j'ai voulu basculer chez vous sur la @Freebox  Ultra. Résultat plus d'internet aujourd'hui et le tech ne vient que Lundi prochain ! Bravo Free, pour une entrée en matière c'est pas brillant ! Bloqué en étape 3D;lthiry2;Laurent Thiry;1,68E+18;;Autre;2024;9;15;0
1,84E+18;2024-09-16 17:11:02+00:00;Ma ligne internet HS tout le mois d'août \n@free : pas grave tant que ticket d'incident est ouvert, vous n'êtes pas facturé\n1er septembre, ligne réparée\n2 septembre, facture de 39,99€ sans aucune ristourne \nAllez vous faire frire le Q;BruceWayne055;Bruce Wayne 😜 🧦🧦♿;1,34E+18;;Plainte service;2024;9;17;0
1,84E+18;2024-09-16 21:59:52+00:00;@free faut qu’on cause avec votre box qui a jamais internet la;Ninasaurus__rex;Ninux🤍Ⓜ️;1,09E+18;;Autre;2024;9;21;0
1,84E+18;2024-09-16 22:29:00+00:00;Aucun contrat à long terme.\nFacile à commander en ligne;Starlink;Starlink;1,33E+18;;Autre;2024;9;22;0
1,84E+18;2024-09-16 22:31:00+00:00;Aucun contrat à long terme.\nFacile à commander en ligne;Starlink;Starlink;1,33E+18;;Autre;2024;9;22;0
1,84E+18;2024-09-17 10:31:21+00:00;@free pourquoi nous n'avons plus de connexion internet et tv depuis ce matin ??;KaTaNaCorleone;Katana;634916703;;Question technique;2024;9;10;1
;;;;;;;;;;;
1,84E+18;2024-09-17 11:22:36+00:00;@Freebox pourquoi j'ai plus internet là c'est quoi ce foutoir;ripbozo2k;Rip bozo;1,78E+18;;Question technique;2024;9;11;1
1,84E+18;2024-09-17 12:04:22+00:00;@free Bonjour, Pouvez-vous me contacter au plus vite svp?;Florine_lz;Maman F;1201966316;;Demande d'aide;2024;9;12;1
1,84E+18;2024-09-17 12:39:47+00:00;@Freebox donc maintenant même en appelant le 3244 on peut plus avoir un technicien.\nC'est super t'as plus le net, et personne pour prendre en charge ton problème;Tetsuhit0;rainbow dash;358969244;;Plainte service;2024;9;12;1
1,84E+18;2024-09-17 13:16:22+00:00;Je passe chez @free ils viennent m’installer la box et les PBO sont saturés. Aucun délai ne m’a été transmis ca fait bientôt 5 jours que je n’ai pas internet et la personne au telephone a le culeau de me dire vous devez attendre c’est dans les cgv 😡😡😡;SavitarTrades;Savitar;1,65E+18;;Réclamation RDV;2024;9;13;1
1,84E+18;2024-09-17 14:33:08+00:00;@Freebox @Free\nJe n'ai plus d'accès à internet depuis plusieurs heures alors que je bosse par ordinateur, on fait comment ?;Psychaum;𝕻𝖘𝖞𝖈𝖍𝖔𝖒̐;9,19E+17;;Question technique;2024;9;14;1
1,84E+18;2024-09-17 15:09:42+00:00;@free impossible d’avoir un conseiller en ligne… je suis abonné récemment mais même au 3244 rien….;Laurine_OS;Maléfique.Curvy;3246585747;;Autre;2024;9;15;1
;;;;;;;;;;;
1,84E+18;2024-09-17 18:49:31+00:00;"Salut @Freebox @Xavier75, tu vas bien ? ta freebox est bien branché ? \nCar la mienne est débranchée a peu prés tous les mois par tes ""techniciens"" voleurs et de mauvaises foi.\nA chaque fois entre 1 et 4j sans internet. Comment est-ce possible ? \nCe soir, j'ai cracké je suis allé";BGraussnoix;Benito Couilledane;9,30E+17;;Question technique;2024;9;18;1
1,84E+18;2024-09-17 19:49:24+00:00;@free j'ai entamé le déménagement de ma fibre il y a plus de 2 semaines, et les conseillers me mentent toujours (il suffit de brancher dans le nouveau logement et ça ira, mais pas du tout). Je ne peux pas travailler sans internet et je suis obligé de;Antoine_msk;Antoine;3428070580;;Question technique;2024;9;19;1
1,84E+18;2024-09-17 20:01:12+00:00;Quand tu cliques sur le lien pour te désinscrire de la newsletter de @free… peut être que Reef fait mieux pour le coup 🤪 @Xavier75 qu’en pensez-vous ? https://t.co/YON4KWs5UN;JonathanLespect;Jonathan;378162957;;Autre;2024;9;20;1
1,84E+18;2024-09-17 21:14:28+00:00;Salut @free Il faut faire quoi pour arrêter d’être harcelé par vos putain de service client tous les jours?;toque_mr;Willy Wonka;8,03E+17;;Plainte service;2024;9;21;1
1,84E+18;2024-09-17 23:00:04+00:00;Putain mais @free il se passe quoi la! ca fait 2 fois en tois jours que les freebox sont en erreur d'authentification (Etape 6) !\nj'avais aucun probleme jusqu'a maintenant serieux!;ECHASSERY;Ewen CHASSERY;2490541617;;Autre;2024;9;23;1
;;;;;;;;;;;
1,84E+18;2024-09-17 23:13:37+00:00;@free je viens de perdre ma ranked sur valorant a cause de vous j’espère vous aller me payer un skin pour le dédommagement .;orlanobinks;Orlano;1628751745;;Autre;2024;9;23;1
;;;;;;;;;;;
;;;;;;;;;;;
1,84E+18;2024-09-17 23:27:40+00:00;@free vous pouvez expliquer pourquoi en 2 jours ma connexion a sauté pendant plusieurs heures ?;Elious_21;𝟑𝐥𝐢𝟎𝐮𝐬🐉;9,55E+17;;Question technique;2024;9;23;1
;;;;;;;;;;;
1,84E+18;2024-09-18 06:59:08+00:00;Par contre @free vos beug à la con toutes les 24h que ça soit sur le réseau WiFi ou 5g depuis des semaines ça commence à casser les couilles en fait, 50 balles pour de la merde... de pire en pire.. je me charge de vous quand je rentre du travail 🤬;AnthoSudiste;Tony 🤠;2620384366;;Question technique;2024;9;6;2
;;;;;;;;;;;
1,84E+18;2024-09-18 07:53:55+00:00;🗞️[COMMUNIQUE]\n\n@free annonce aujourd’hui être le 1er opérateur à proposer la #5G 3,5 GHz SA sur son réseau public à l’échelle nationale. \n\nEn rendant accessible au plus grand nombre dès aujourd’hui cette technologie radio de pointe,  l'opérateur démontre une nouvelle fois sa capacité d’innovation et conforte son statut de leader technologique.\n\nA lire ici 👉https://t.co/to7jGkic9a;GroupeIliad;Groupe iliad;3157961111;;Info/Annonce;2024;9;7;2
1,84E+18;2024-09-18 08:30:05+00:00;? https://t.co/dUQlKjDyT2;Xavier75;Xavier Niel;17744075;;Autre;2024;9;8;2
1,84E+18;2024-09-18 09:12:53+00:00;@free je suis actuellement dans un airbnb à Roquebrune-Cap-Martin \nEt la connexion internet viens de se couper , impossible de solutionner le problème , y a t il un soucis technique sur le secteur ? \nMerci;edouard5900;Edouard ∑:;2425154778;;Plainte service;2024;9;9;2
1,84E+18;2024-09-18 09:57:17+00:00;Dites @free on s amuse bien à débrancher les gens pour se donner du boulot \n4 fois en 6mois .;boinet78817154;Méchant grégorien.;9,66E+17;;Autre;2024;9;9;2
1,84E+18;2024-09-18 10:49:44+00:00;N'importe quoi le sav @free #free #freebox;forummp3;Fabien 🇫🇷;607545127;;Autre;2024;9;10;2
1,84E+18;2024-09-18 10:58:13+00:00;@Freebox  votre site d'assistance m a redirigé vers WhatsApp... Mais c'était il y a 4heures. Qqn répondra ou je patiente pour RIEN ?;SUKO_JAYA;M.W.;102752985;;Autre;2024;9;10;2
;;;;;;;;;;;
1,84E+18;2024-09-18 12:35:15+00:00;Hello @Free_1337 @Freebox, plus aucune connexion chez moi, en fibre et 5G. Avez-vous des soucis dans les Yvelines ?;Quentin_Schlt;Quentin 🔻;1351868474;;Question technique;2024;9;12;2
1,84E+18;2024-09-18 13:32:28+00:00;@Freebox pouvez vous réglez le problème de connexion parce que sa fais depuis hier matin que la connexion ne foctionne pas y’a le PSG qui joue ce soir pouvez-vous régler le problème avant ce soir merci;krusty935_;Champion❤️💙;1,43E+18;;Plainte service;2024;9;13;2
1,84E+18;2024-09-18 14:16:02+00:00;devinez quoi 40 jours plus tard tout l'immeuble n'a toujours plus d'internet après que Free suite à une intervention ait tout cassé et le support me réponds: blabla on ne sait pas quand ça sera réparé\n@Freebox\n@Xavier75;oxman;Sylvain Robez-Masson;13879872;;Autre;2024;9;14;2
1,84E+18;2024-09-18 14:20:56+00:00;@Sosh_fr Je suis surpris d’apprendre que je dois 50 euros de résiliation offre adsl alors que j’ai souscrit une offre fibre ! Vous êtes sérieux?;mini_bull_pasbo;Pas B minibull;360504367;;Question technique;2024;9;14;2
;;;;;;;;;;;
1,84E+18;2024-09-18 14:53:30+00:00;@Freebox est ce normal qu'en cas de déménagement ma Freebox et passer du prix réduit sur un an à taux plein ???juste car j'ai déménager ni avec @bouyguestelecom ,ni @sfr cela m'est arrivée lors de mes précédents déménagement;Reinevictorria;Reinedesgrenouilles;609133152;;Autre;2024;9;14;2
1,84E+18;2024-09-18 15:27:41+00:00;Quand @Orange_France met 2h à réparer un problème sur la fibre au niveau de la voirie, @free n’est pas encore capable de donner le jour d’intervention et de rétablissement d’internet…pour le même problème…\nMerci #Free\n\n#Montpellier;CyrielleBuchin;Cyrielle;3004124039;;Plainte service;2024;9;15;2
1,84E+18;2024-09-18 15:35:21+00:00;Coucou @Freebox @Xavier75 @Free_1337 \n\nEncore en panne de Freebox à Nant Aveyron c'est quand que DSLAM CAV12-1 sera plus en panne ???\n\n25 fois en panne puis janvier 202\n\nhttps://t.co/gKUbaaqNeZ;Enzo_SAQUET;EnZoSaQ12 ;2825524744;;Plainte service;2024;9;15;2
1,84E+18;2024-09-18 15:59:13+00:00;Salut @free . Si je prend la fibre chez vous mais que je garde mon forfait téléphone B and you ( Bouygues ) est ce que je peux avoir accès à l'application mobile oqee via mon forfait Bouygues grâce à mes identifiants free fibre ?;cochonvenere;Nono;1,70E+18;;Question technique;2024;9;15;2
;;;;;;;;;;;
;;;;;;;;;;;
;;;;;;;;;;;
1,84E+18;2024-09-18 17:49:50+00:00;Hello la team @Freebox @free , suite au décès de ma mère, j'ai demandé la résiliation. C'est indiqué comme retourné sur le site d'achat via le site relais colis avec l'étiquette fourni, et je viens de recevoir un mail indiquant que rien n'est arrivé. C'est quoi le délire?;Djidje;Djidje;82365324;;Autre;2024;9;17;2
1,84E+18;2024-09-18 18:35:16+00:00;@free 😡😡😡😡😡\nDes interruptions de services toutes les mois ou plus, aujourd'hui je suis à 10 jours entre chaque dysfonctionnement.\nService consommateur qui ne répond pas à tes questions. C'est quoi cet opérateur de 🤬 qui prend les c;Warda10781464;Warda;9,84E+17;;Autre;2024;9;18;2
1,84E+18;2024-09-18 18:40:38+00:00;J'approuve totalement ce post et hier soir sur le multiplex chez @free j'avais un décalage d'au moins 10 secondes entre la parole qui était en avance sur les images\n\n@canalplus;Lucsky_Turf;Lucsky;1,27E+18;;Autre;2024;9;18;2
1,84E+18;2024-09-18 18:46:13+00:00;Plus d'Internet depuis 10h chez moi, @Freebox m'envoie des SMS et des mails toutes les heures pour que je prenne un RDV sur leur interface qui à chaque fois me dit qu'elle n'a aucun RDV disponible.\nBien entendu, pas moyen de communiquer avec un être humain.;RemeorLol;Remeor;2676689516;;Réclamation RDV;2024;9;18;2
;;;;;;;;;;;
1,84E+18;2024-09-18 20:58:02+00:00;@free @Freebox @freemobile ALLEZ VOUS FAIRE ENCULER ÇA FAIT 4 SOIRS DE SUITE QU’ON CAPTE PLUS RIEN QUE CE SOIR SUR LA BOX OU EN 4G VOUS ÊTES LES PLUS GROSSES MERDES QU’IL SOIT BANDE D’INCAPABLES RÉVEILLEZ VOUS PTN DE MERDE;laHeSsdinho;unPassant 🥤;1,19E+18;;Autre;2024;9;20;2
;;;;;;;;;;;
1,84E+18;2024-09-19 07:28:59+00:00;@Freebox Est-ce normal que 3244 me dise une chose et son contraire au sujet du backup internet gratuit en cas d'incident sur la ligne? \nPour me refiler l'option payante pour une panne...\nAlors que tout le monde est éligible cf Direction Iliad : https:/;BurningD0g;Burning Dog;312904451;;Plainte service;2024;9;7;3
;;;;;;;;;;;
1,84E+18;2024-09-19 09:50:52+00:00;Quand ta commune est fibrée mais qu'on te propose de l'ADSL bas débit... Et que tu es en partage de connexion faute de me rétablir une connexion stable depuis juillet...\nJ'ai l'impression qu'on me propose une charrette alors que tout le monde roule en Tesla. 🚶‍♂️📡\n@Xavier75 @free https://t.co/qY01Ak2UbE;jras_63;Tahitibob63;1,07E+18;;Question technique;2024;9;9;3
1,84E+18;2024-09-19 10:04:20+00:00;"""Quand t’as plus de réseau internet et qu’on te propose de partager la 5G... ou pire, de repasser en ADSL. Merci Free pour cette immersion en 2003 !"" 👀 #RetourVersLePassé #WiFiQuiRame""\n@free @Freebox @Xavier75 https://t.co/hSoNheyYOI";jras_63;Tahitibob63;1,07E+18;;Plainte service;2024;9;10;3
1,84E+18;2024-09-19 10:10:43+00:00;Je suis le seul à avoir 5/6 coupures par jour avec @free ? Impossible de faire une session de 4h sans 1 à 2 coupures internet #Free;SkylissFR;Skyliss;9,40E+17;;Plainte service;2024;9;10;3
1,84E+18;2024-09-19 11:29:29+00:00;@free merci pour rien et votre malhonnêteté 10/10 franchement;naia_chvn;Naïa 🧉;1,56E+18;;Autre;2024;9;11;3
1,84E+18;2024-09-19 15:07:18+00:00;Oh @free vous me faites peter un câble. 3 semaines voir 4 que j’attends un technicien fibre, je change mon forfait Orange pour free en pensant avoir une meilleure connexion et au final m’a 5G s’apparente à de la 3G je vais peter un boulon. 0 dédommagement pr la fibre et mtn ça;aelyna_;KC aelyna;9,73E+17;;Question technique;2024;9;15;3
1,84E+18;2024-09-19 15:31:31+00:00;@Freebox Jamais vu une assistance aussi nul, plus de 10 ans chez le même opérateur et aucun effort commercial suite à une panne d'un matériel défaillant (appareil neuf).. Remettez vous en question, vous perdait un client fidèle ! 😤🤬😠;etio9;Esteban;2908303468;;Plainte service;2024;9;15;3
1,84E+18;2024-09-19 15:40:08+00:00;3 coupures Internet chez @free  en moins de 2 mois...Ça commence à faire beaucoup ! Faut-il aller voir si l'herbe est plus verte ailleurs ? 🤔;CamilleL440766;Camille L.;1,67E+18;;Plainte service;2024;9;15;3
;;;;;;;;;;;
1,84E+18;2024-09-19 17:05:09+00:00;@Freebox nous n’avons plus de connexion internet dans le 77 secteur Claye Souilly. \nJ’aurai besoin d’une solution pour pouvoir avoir internet et regarder la tv. Impossible de joindre un conseiller. Merci de votre action.;EvansCikemane;happis;1,73E+18;;Question technique;2024;9;17;3
1,84E+18;2024-09-19 18:32:36+00:00;Peur d’avoir fait la pire erreur de ma vie en voulant m’abonner chez @free, ils ont résilié ma ligne internet Orange depuis 1 semaine et quand on appelle pour avoir des news ils disent qu’ils ont rien résilié du tout, jamais vu autant de mauvaise foi 🤡;jsuis_marge;m.;1,40E+18;;Autre;2024;9;18;3
1,84E+18;2024-09-19 19:12:05+00:00;@free Alors @free c’est pas beau de faire souscrire des abonnements Canal + Séries sur le dos des abonnés !!! C’est ce qui m’arrive en ce moment donc on fait quoi SVP @UFCquechoisir @SignalArnaques ???;LeZdu86100;Je suis FREE… de partir ailleurs !;1,69E+18;;Demande d'aide;2024;9;19;3
1,84E+18;2024-09-19 20:51:33+00:00;⚠#PANNE  FREEBOX EN COURS⚠\n 📡20 freenautes ont signalé des pannes #Internet dont 18 sur le réseau #fibre de #Free depuis 20h35\n🌍Ville concernée : Décines-Charpieu (69150)\n⬇️⬇️⬇️\nhttps://t.co/5syXsuGnbR;zoneadsl_panne;Pannes Internet et Mobile;1,59E+18;;Plainte service;2024;9;20;3
;;;;;;;;;;;
1,84E+18;2024-09-19 21:23:42+00:00;@free votre co de clochard qui marche pas f u 🖕;ShotoBG1;Owen;1,63E+18;;Autre;2024;9;21;3
1,84E+18;2024-09-19 22:10:36+00:00;@free @Freebox \nC'est quand vous voulez pour le donner un rdv pour rétablir ma connexion, 3 décablages en 2 mois ça va ? Je vais voir @orange je pense qu'ils se bougeront plus vite;AkumaFr13;Akuma_Morning_Star;1,02E+18;;Question technique;2024;9;22;3
;;;;;;;;;;;
1,84E+18;2024-09-20 07:24:48+00:00;"bonjour @Freebox @OQEEbyFree dites, c'est quoi ce ""pack Viacom""?\nc'est jusqu'à quand? (jamais reçu de mail de mise au clair)\nmerci https://t.co/rJlXj5xA5D";XXXXXXX5555522;R!;64980170;;Autre;2024;9;7;4
;;;;;;;;;;;
1,84E+18;2024-09-20 08:30:14+00:00;🚨 ANNONCE PARTENARIAT 🎉\n\n@free est fier de devenir partenaire officiel de 3 clubs historiques du football français : le PSG, l'OM et l'OL.\n\n🗞️ LE CP : https://t.co/QYv6PEy1gj https://t.co/rfHyPBbZWz;FreeFoot;Free FOOT;1,29E+18;;Autre;2024;9;8;4
1,84E+18;2024-09-20 08:33:04+00:00;Nous actuellement : https://t.co/u0wHEQM3sQ;free;Free;252263949;;Autre;2024;9;8;4
1,84E+18;2024-09-20 08:34:28+00:00;Free devient partenaire officiel du @PSG_inside pour offrir aux fans une immersion unique au cœur de l’action! 📲⚽️ \n\nAccédez à des contenus exclusifs, coulisses, entraînements et bien plus, directement sur vos écrans.🔴🔵 @free @FreeFoot https://t.co/Rq2T6d1PrG;PSG_inside;Paris Saint-Germain;38164846;;Autre;2024;9;8;4
;;;;;;;;;;;
;;;;;;;;;;;
;;;;;;;;;;;
1,84E+18;2024-09-20 08:39:27+00:00;L’Olympique de Marseille est heureux d’accueillir @free  en tant que partenaire officiel 🤝\n\nEn savoir plus 👉 https://t.co/SLpGiYstll\n\n📹 IG : Zekefilm https://t.co/bEaRUIVF3N;OM_Officiel;Olympique de Marseille;40448264;;Autre;2024;9;8;4
;;;;;;;;;;;
1,84E+18;2024-09-20 09:14:16+00:00;On va devoir rendre la @Freebox;tompsg91;Thomas;114742800;;Autre;2024;9;9;4
;;;;;;;;;;;
;;;;;;;;;;;
;;;;;;;;;;;
;;;;;;;;;;;
1,84E+18;2024-09-20 14:09:52+00:00;@Freebox Bonjour, petite question sur mon abonnement actuel svp!;wesleeyetc;✌️;1,27E+18;;Demande d'aide;2024;9;14;4
;;;;;;;;;;;
1,84E+18;2024-09-20 15:07:31+00:00;Sinon @free j'aurais internet chez moi un jour?? Contrat fait en mai, on est mi septembre j'ai tjr rien ... ça commence à faire long la demande d'autorisation d'ouverture de ligne ... sans compte les rdv téléphonique avec un conseiller (rdv samedi à 11h) où on m'appelle pas ..;Marie_Nette7810;Marie 🇪🇸;571653891;;Réclamation RDV;2024;9;15;4
1,84E+18;2024-09-20 16:03:34+00:00;@freemobile \nEncore un effort pour connecter l'option du site à la réalité https://t.co/JKIw6MYfb7;ycFreddy;Fredericus Cornelius Corneille de Cornelia 😘;1,38E+18;;Autre;2024;9;16;4
1,84E+18;2024-09-20 17:01:33+00:00;@free ça fait bientôt un mois que j’ai souscris j’ai toujours aucune nouvelle vous avez des solutions à m’apporter ? https://t.co/zqsL7h8v4i;BabaLothbrok;Baba 🇵🇸🇳🇨;823884295;;Info/Annonce;2024;9;17;4
;;;;;;;;;;;
1,84E+18;2024-09-20 19:49:41+00:00;Il n'y a que chez moi que les replays de @tf1plus sur @Freebox sont impossibles à regarder tellement il y a de freeze??;_Slippery_59;_SWW_;1,31E+18;;Autre;2024;9;19;4
1,84E+18;2024-09-20 21:02:18+00:00;@Freebox il y a eu restitution de box;;;;;;;;;
1,84E+18;2024-09-21 07:16:33+00:00;@free 3 pannes en 2 semaines.... quelque chose a changé ? en tout cas c'était mieux avant!  je pense serieusement a changer d'opérateur.... pas bravo.;theblaide;Blaise DAVID;299743829;;Plainte service;2024;9;7;5
1,84E+18;2024-09-21 09:38:04+00:00;@free bonjour 3 pannes en même pas 1 semaine à albi, il va falloir se réveiller un peut ...;loutarnai;loutarnai;2281031898;;Plainte service;2024;9;9;5
1,84E+18;2024-09-21 09:45:14+00:00;@free bonjour, plus d’accès au webmail depuis 15 jours ? Des soucis techniques ? Une coupure volontaire des anciens abonnés ?;picool83;Picool Lfb;2155683087;;Plainte service;2024;9;9;5
1,84E+18;2024-09-21 10:49:50+00:00;@free vous me soûlez sérieux;raissa_rmd;Raïssa ❤️‍🩹;9,49E+17;;Autre;2024;9;10;5
1,84E+18;2024-09-21 12:41:03+00:00;pas mal @Freebox ma mère n'as plus d'internet depuis ce matin et ce n'est pas la première fois que ça se produit, dans son village elle ne capte pas le réseau mobile et quand elle a contacter l'assistance ont lui répond un tech passe le 30 septembre, c'est une blague ?;AngelCyrusLive;AngelCyrusLive;1,01E+18;;Autre;2024;9;12;5
;;;;;;;;;;;
;;;;;;;;;;;
;;;;;;;;;;;
1,84E+18;2024-09-22 15:56:23+00:00;@free bon ca fait 1 ans que je suis chez vous et que  j'ai la fibre, mais que j'ai autant de connexion que quand j'avais pas internet.;CrowsBoyaa;Je suis sage;1,58E+18;;Question technique;2024;9;15;6
1,84E+18;2024-09-22 20:43:08+00:00;@free il est beau mon réseau fibre 😮‍💨😮‍💨😮‍💨😮‍💨 https://t.co/vonRYpZMGD;xstoregame;Gecko;8,04E+17;;Question technique;2024;9;20;6
1,84E+18;2024-09-23 05:38:27+00:00;@free Voilà ce que j’ai après 1 mois sans internet et 3 pseudo techniciens qui sont intervenus. \nToujours pas d’internet, pas de rendez vous, pas de geste commercial.\nEn revanche ça débite sur le compte ! \nAttention vous devenez aussi nul que s;totolegaucho;Toto le gaucho;717474792;;Question technique;2024;9;5;0
;;;;;;;;;;;
;;;;;;;;;;;
1,84E+18;2024-09-23 07:25:08+00:00;Coup de main @free @Free_1337  j'essaie par tout les moyens de rattacher la ligne mobile de mon beau père a ça Freebox mais rien ne fonctionne.;NumeriqueGeek;Fred;2908219941;;Autre;2024;9;7;0
1,84E+18;2024-09-23 08:28:49+00:00;C’est fou, @free préfère laisser partir ses  clients (client Fibre + mobile) à la concurrence en refusant de proposer une offre sur la box Ultra alors que cette offre est faite aux nouveaux clients. Incompréhensible cette gestion pour conserver la clientèle…dommage\n@Xavier75;Fabri_Lamouchi;Bruno « Bulunuo »;282219299;;Question technique;2024;9;8;0
;;;;;;;;;;;
;;;;;;;;;;;
1,84E+18;2024-09-23 15:13:33+00:00;@Freebox Bonjour,\n\nJ'ai pris une ligne chez vous récemment, suite à un rendez la personne ne l'a pas installé. J'aimerais résilier mon abonnement afin d'aller chez un de vos concurrent. \n\nMerci de me contacter pour mon identifiant.;nommekop;Nommekop;2763923680;;Autre;2024;9;15;0
;;;;;;;;;;;
1,84E+18;2024-09-23 17:03:06+00:00;@Freebox la chaîne 37 DAZN n'apparait pas sur OQEE svp;tcmam51;TCMAM;1421223090;;Demande d'aide;2024;9;17;0
1,84E+18;2024-09-23 17:05:49+00:00;@Freebox possible de passer en DM? 1 semaine que vos conseillers nous prennent pour des dindons, je vais pas tarder à bloquer le prélèvement si cela continue;___Daghe____;🇲🇨 Daghe 🇲🇨;2539023610;;Autre;2024;9;17;0
1,84E+18;2024-09-23 17:19:48+00:00;@Xavier75 @free Vous respectez pas les gens…ça fait une semaine que je suis abonné et déjà plus d’internet;_richhrich;Wu Zi Mu 19⛹🏾‍♂️;738727028;;Autre;2024;9;17;0
1,84E+18;2024-09-23 18:34:18+00:00;Ça serait trop demander @Freebox d'avoir un débit  normal pour que je puisse profiter de la télé correctement svp ? Pcq bon ... Payer pour avoir ça, ça sert a rien autant supprimer l'option télé de mon abonnement hein  😮‍💨🙄 https://t.co/oYBelYTaIc;Cl3m3nt_93;klayman;1730031295;;Demande d'aide;2024;9;18;0
1,84E+18;2024-09-23 21:00:03+00:00;@free donner moi la fibre j'monte immo sur valorant jle jure;PoteAlaConpote;ツAizi;1,56E+18;;Question technique;2024;9;21;0
;;;;;;;;;;;
1,84E+18;2024-09-23 22:14:15+00:00;Hey ! @free !\nJettes un œil un peu à tes dashboards !\nL'débit est merdique ! Ou, on est repartis sur un cycle de bridage comme vous avez l'habitude de le faire ?!\n\nPS :\npas de réponse et pas de MP suite au post à destiné aux services @Freebox ! C'est récurrents ce type de truc ! https://t.co/XMLlVE2aPB;mzermarts;Mzermarts;2876941996;;Question technique;2024;9;22;0
1,84E+18;2024-09-23 22:42:27+00:00;Les coupures régulières chez @free commence vraiment à m’énerver , j’ai la ultra depuis quelques mois et c’est un calvaire . J’étais sur la delta avant et jamais eu de soucis …. Bref , on va checker la concurrence .;Gears4Gamers;Cesar;9,61E+17;;Plainte service;2024;9;22;0
1,84E+18;2024-09-24 07:19:56+00:00;@Freebox je vous ai appelé il y a 45mn pour vous signaler que ma connexion est morte et j'ai eu zéro retour. Je suis en télétravail, je fais comment ????????;Thelma__Eleanor;Zizzi Stardust;128930484;;Question technique;2024;9;7;1
1,84E+18;2024-09-24 09:57:31+00:00;@free un service qualité déplorable ! Pas d’internet depuis jeudi dernier à mon domicile et on me dit de faire du partage de connexion (à mes frais puisque chez un autre opérateur) jusqu’à rétablissement de la ligne sans délais !;shedounaar;Pendoushe 🇫🇷🇸🇳;633913022;;Question technique;2024;9;9;1
1,84E+18;2024-09-24 10:16:46+00:00;"@free \n\nEst ce normal que la seule information disponible sur une panne ce soit ça ? (voir Screen) et que quand on téléphone pour essayer d'avoir un humain, la réponse c'est ""soyez patient c'est une panne globale"" alors que je suis le seul à ne pas";razlahan;Razlahan;1,41E+18;;Plainte service;2024;9;10;1
1,84E+18;2024-09-24 10:21:10+00:00;@Freebox bonjour serait possible de répondre sur le tchat ? A chaque fois c’est le même problème chez vous;louinas01;👁️;7,89E+17;;Plainte service;2024;9;10;1
1,84E+18;2024-09-24 10:51:57+00:00;jamais présent quand on a besoin d’eux !! 😡 @free;louinas01;👁️;7,89E+17;;Autre;2024;9;10;1
1,84E+18;2024-09-24 11:27:32+00:00;@free @Freebox HELP!!! De plus en plus compliqué d’avoir une connexion stable depuis quelques temps… des latences qui se ressentent aussi bien sur la wifi que pour la télévision… comment fait-on quand on paye un service et qu’il n’est pas à ;jeremXVIII;Jeremy 🤔;128032705;;Demande d'aide;2024;9;11;1
1,84E+18;2024-09-24 12:59:10+00:00;J'avais oublié a quel point il faut suer du sang pour déménager sa @Freebox !\nDéja 2 techniciens, internet qui marche un petit peu et puis s'en va, hotline et prochain rdv technicien... samedi !! ☠️;SebIsDev;Sébastien Paradis;1,54E+18;;Réclamation RDV;2024;9;12;1
1,84E+18;2024-09-24 13:02:44+00:00;@Free_1337 Bonjour ! Plus d'internet depuis 20 min sur le secteur d'Houdan (78). Freebox bloquée à l'étape 6, ça ne m'avait pas manqué... Avez-vous des infos à nous transmettre svp ?;tchoupi80;𝕄𝕖𝕝𝕚𝕤𝕤𝕒;849057746;;Demande d'aide;2024;9;13;1
;;;;;;;;;;;
1,84E+18;2024-09-24 14:15:52+00:00;Inédit @Free pour les nouveaux abonnements @Freebox expérimente une nouvelle  procédure pour l'activation fibre.  Raccordement sans RDV et un email informe le nouvel abonné qu'il peut brancher sa Freebox en autonomie.   Info  TUTO @Busyspider 🕷️\n\nhttps://t.co/oSsdlaFQAC https://t.co/iXvjwbNbvT;BusyspiderFr;🕷️ Busyspider;778717698;;Question technique;2024;9;14;1
;;;;;;;;;;;
;;;;;;;;;;;
;;;;;;;;;;;
;;;;;;;;;;;
1,84E+18;2024-09-24 16:44:04+00:00;@free vous pouvez avoir des conseillers aimable qui ne se moque pas ouvertement de quelqu’un lorsqu’elle a un pb ?;x_miIie;Amel 🇵🇸;1,08E+18;;Autre;2024;9;16;1
1,84E+18;2024-09-24 17:12:50+00:00;Merci à tout le monde pour ce subathon c'est incroyable, je relance demain pour finir les 3h restant du subathon à 17h à cause de @free qui fait que de couper toutes les 5 secondes parce que l'antenne est alimenté au foufou sauce graine;Reddoskid;reddoski;1,60E+18;;Autre;2024;9;17;1
;;;;;;;;;;;
1,84E+18;2024-09-24 17:57:39+00:00;@free @Free_1337 mais sinon vos pannes à répétitions un dédommagements quand malgré les lettres AR franchement je vais passer chez reef !;olympe2022;ASO;57350229;;Plainte service;2024;9;17;1
1,84E+18;2024-09-24 18:14:08+00:00;c’est quoi ce réseau de merde @free ces deux derniers jours wsh;prv_224;🔻🇨🇺;1,54E+18;;Autre;2024;9;18;1
1,84E+18;2024-09-24 18:55:48+00:00;@Freebox \nBonsoir.\nPourquoi mon abonnement est-il passé depuis août de 29,90€ à 39,90€, sans explication ?\nMerci pour vos lumières.;JiJiDoublet;Jiji Doublet 🏳️‍🌈 🐕🐺🐻🇺🇦;1632215611;;Question technique;2024;9;18;1
1,84E+18;2024-09-24 19:30:08+00:00;@Free_1337 toujours pas de perturbation sur le 27 ?? Deux jours bloqué à étape 3c (comme d hab) et signal fibre ok (pour une fois) reboot ok\n\nDésolé de ping mais c est que la 32 eme fois depuis mon abonnement #free (mai) donc bon … quand y a pas ;Ceticah;Cetic Arnaud;120765413;;Question technique;2024;9;19;1
;;;;;;;;;;;
1,84E+18;2024-09-24 20:05:19+00:00;@free Payer un abonnement cher  et ce depuis des années, pour être sans internet depuis 36h ! + clé 4G qui ne fonctionne pas du tout!\nOn n’a pas d’info sur ce qu’il se passe ni quand ça sera rétabli ! Comment on fait @Freebox @free quand on es;cha_emron;Cha Emron;1,24E+18;;Plainte service;2024;9;20;1
1,84E+18;2024-09-24 22:46:14+00:00;@free  hellooooooo j'ai plus internet chez moi. \nJe regardais un bon film c'est la deuxième fois cette semaine !;vanoush_15;Vanessa ✨🌸;1537212678;;Autre;2024;9;22;1
1,84E+18;2024-09-24 23:35:15+00:00;@Freebox @free encore une coupure en pleine nuit…vous commencez sérieusement à me faire perdre patience…votre offre est très bien mais pas toujours son fonctionnement…je vais finir par retourner voir les anciens FAI…;Thaye60;Thaye🔴⚪️🇭🇳;8,41E+17;;Plainte service;2024;9;23;1
;;;;;;;;;;;
1,84E+18;2024-09-25 00:14:10+00:00;@Freebox , Panne sur la @villedegrigny91 depuis 1h00 du matin !\nEst ce une panne générale ou une mise à jour qui prend du temps à ce mettre en place ??\n\n@Xavier75 pouvez vous faire en sorte que Free envoi un SMS pour prévenir lorsqu il y as une pa;MVsheepy;Alien Studio🪐 🇫🇷 🇬🇧;2288504956;;Plainte service;2024;9;0;2
;;;;;;;;;;;
;;;;;;;;;;;
1,84E+18;2024-09-25 06:06:51+00:00;@zoneadsl_panne panne internet @free @freemobile @Freebox toutes les nuits vous faites Quoi Janville Oise;perso_nono;perso nono 🦩;1,62E+18;;Plainte service;2024;9;6;2
1,84E+18;2024-09-25 06:42:46+00:00;@Freebox @free c'est sympa vos répéteurs sauf quand vos trucs ce connectes à notre réseau wifi alors qu'on a aucun répéteur, ni de Freebox pop, ni de télé chinoise 🤨 (merci la sécurité)\n\nOn m'explique comment on les bloque ?;ImIveooo;ImIveooo_ 🇫🇷;1,06E+18;;Question technique;2024;9;6;2
1,84E+18;2024-09-25 07:20:19+00:00;@free vous avez quel âge pour realiser des travaux au PTM mais ne pas dire aux autres fournisseurs accès internet ? Non mais ça va 5 min vos histoires de gamineries,cest pire que la maternelle. Essayez de tous vous entendre ça nous ferais des vacances;sev95140;galliou séverine Ⓜ️🇫🇷;416626278;;Autre;2024;9;7;2
1,84E+18;2024-09-25 07:31:42+00:00;@orange bonjour 👋 \nL'un de vos techniciens est intervenu lundi matin pour l'installation d'une box pour l'un de mes voisins \nEn revanche il s'est trompé en déconnectant ma box @free \nC'est possible d'avoir un retour rapidement svp ? Car en attenda;LagentImmo1;L'agent Immo;1,33E+18;;Demande d'aide;2024;9;7;2
1,84E+18;2024-09-25 07:53:06+00:00;@free hello free ! Ma mère de 75 ans n'a pas internet depuis 1 semaine. Un technicien devait passer le 26 septembre et le rdv a été annulé sans explication. Il ne se passe plus rien depuis. \nPlus d'internet plus de téléphone fixe, plus d'alarme (qu;dridriParis;Adrien;48716874;;Question technique;2024;9;7;2
1,84E+18;2024-09-25 11:49:13+00:00;@tf1plus @TF1 @StarAcademyTF1 @free \nQuestion : l'application TF1+ va-t-elle être mise à jour sur les Freebox Delta Devialet ? Car l'année dernière on avait pas accès au live avec le château... Même si abonnement évidemment 😭, une application ;guerin_morel;Guerin-Morel Dimitri;1,31E+18;;Autre;2024;9;11;2
;;;;;;;;;;;
1,84E+18;2024-09-25 12:22:23+00:00;@free @Freebox Votre connexion de merde fait que crash et bug toutes les 10 min jvais tout exploser;Bastieninho;FodenGOAT;1,37E+18;;Plainte service;2024;9;12;2
1,84E+18;2024-09-25 13:20:15+00:00;Bonjour @free , mes parents n'ont plus Internet (plus de téléphone fixe non plus) et ont besoin de gérer des rdv's médicaux urgent. Pas moyen d'avoir accès à un opérateur. Système de gestion des RDV's ne fait que valider les coordonnées mail+portable. Aucun rappel depuis 5 jours!;MalherbeMoi;MalherbeMoi;3222548816;;Réclamation RDV;2024;9;13;2
1,84E+18;2024-09-25 14:25:24+00:00;@TF1plusHelp #tf1plus A quand les directs sur les applications box / Android TV (@Freebox et autres) ?\n@tf1plus @TF1 @TF1Pro;FredoFMTV;FRÉDO;1897891274;;Demande d'aide;2024;9;14;2
1,84E+18;2024-09-25 15:03:59+00:00;@Freebox Impossible de contacter le service clients suite á ma résiliation vu que le standard virtuel demande un ID que je n'ai plus du coup je ne peux pas faire de réclamation suite á un mail concernant la demande de retour du materiel que j'ai déj�;overx;Nad';21503997;;Plainte service;2024;9;15;2
1,84E+18;2024-09-25 17:14:42+00:00;@Freebox @free @Xavier75  Ça va, tranquille ? https://t.co/AYhLWkfty9;GrosNigma;Nigma Le Vagabond;1,26E+18;;Autre;2024;9;17;2
1,84E+18;2024-09-25 17:24:51+00:00;On fait comment pour DIRE à Free que notre boxe internet est défaillante et a un problème avec la fiche fibre ?\nParce que là les options dans au 3244 y'a rien qui me donne un conseiller ou la possibilité de dire que j'ai un soucis sur la freebox @Freebox;InsideABoyBrain;Davide;150839458;;Plainte service;2024;9;17;2
;;;;;;;;;;;
1,84E+18;2024-09-25 21:39:26+00:00;hello @freebox, les courbes de débit sur Freebox OS ont l'air équivalentes (à quelques Mo/s près) entre Download et Upload, et les stats sont fausses (plus de 70Go DL mais seulement 365Mo reportés) https://t.co/ZaoQWDl6uy;chaoticvibing;meow;1,47E+18;;Question technique;2024;9;21;2
1,84E+18;2024-09-26 05:48:03+00:00;@free bon c’est du foutage de gueule vos techniciens formés comme des peintres qui au lieu de réfléchir préfère débrancher la jarretiere de quelqu’un d’autre au lieu de travailler correctement. C’est quoi le but ? De faire le service fibre  ;hytche_;Vincenté;237236753;;Question technique;2024;9;5;3
1,84E+18;2024-09-26 06:47:51+00:00;Svp @free svp @Freebox;IamSoGentille;NaeNae;556924254;;Demande d'aide;2024;9;6;3
1,84E+18;2024-09-26 07:01:35+00:00;@free bonjour, j'ai déménagé et je ne peux pas me connecter à mon espace. Je n'ai pas mon numéro de téléphone. J'ai plus Netflix prime... Help!!!;Maxi76000;Identifiantanonyme;7,34E+17;;Demande d'aide;2024;9;7;3
1,84E+18;2024-09-26 07:39:32+00:00;1 mois et demi sans la fibre free .. je vais bientot 1 mois complet sans internet @Freebox @Xavier75;miasbymias;MIAS;2789923456;;Question technique;2024;9;7;3
1,84E+18;2024-09-26 07:44:37+00:00;@free @Freebox @freemobile @Free_1337 \nNormal que les boites mail soient inaccessibles en POP comme en IMAP?\ncc @UniversFreebox @FreenewsActu;Fibo;Bernard S;12977852;;Autre;2024;9;7;3
1,84E+18;2024-09-26 09:20:15+00:00;Bon bin c'est le moment de quitter @free @Xavier75 🖕;humanfirst24;CryptoCowboy 🤠;1,53E+18;;Autre;2024;9;9;3
1,84E+18;2024-09-26 09:38:18+00:00;Bjr @Freebox, une intervention d'Orange sur les installations fibre de copro 5 parvis du Breuil à Antony est terminée depuis le  20/09 18h mais vos services n'ont visiblement pas l'info =&gt;;;;;;;;;
1,84E+18;2024-09-26 09:44:09+00:00;⁦@free⁩ ⁦@Freebox⁩ je crois qu’il y a un bug chez vous https://t.co/KqH7VwiGae;8Maykiwo;Mayki;2811236241;;Plainte service;2024;9;9;3
1,84E+18;2024-09-26 09:52:33+00:00;En train de regarder @CPVA et je pense que je vais les contacter à propos de @free .::\nHallucinant cette émission !!!;pepito151173;pepito;3083910611;;Autre;2024;9;9;3
1,84E+18;2024-09-26 11:55:51+00:00;@Freebox Bonjour, comment on discute avec vous afin de régulariser votre vol de +280€ pour matériel non restitué alors que ce n'est pas le cas ? Aucun numéro de téléphone, aucune adresse mail ou vous joindre!;Mgnf_25;MGN;518977770;;Question technique;2024;9;11;3
;;;;;;;;;;;
1,84E+18;2024-09-26 12:39:17+00:00;Bonjour @free, @Xavier75,\n\nMise en garde aux abonnés qui souhaiteraient déménager.\nProfiter de mon déménagement pour augmenter mon abo de 3€/mois et mettre cela sur le dos de Netflix alors que je vous ai démontré le contraire.\nEst-ce vraiment ainsi que vous traitez vos clients? https://t.co/bhgQJzTzqh;bob_moranne;bob moranne;901827690;;Autre;2024;9;12;3
1,84E+18;2024-09-26 12:40:00+00:00;@free aidez moi ou je me suicide;slayerskill;noah𐙚;1,22E+18;;Autre;2024;9;12;3
1,84E+18;2024-09-26 12:50:44+00:00;@free  vraiment vos technicien c’est une catastrophe ! Sa se présente pas mais sa prétend s’être présenté et avoir attendu 40min en bas de chez moi ! 4 d’abonnement ben je vais vite résilier.;T7NaSaSu;Sulli.;9,27E+17;;Réclamation RDV;2024;9;12;3
1,84E+18;2024-09-26 13:03:30+00:00;Totalement désemparé face a cette décision.. c’est dans vos habitudes @free de me promettre un poste et de d’assurer que l’on peux démissionner ?\n\nTout ça pour qu’au final la prise de poste soit annulée 4 JOURS AVANT MON DÉPART DE MON ENTREPRISE ACTUELLE ?;hugopll17;Hugo;4226184563;;Autre;2024;9;13;3
1,84E+18;2024-09-26 13:12:49+00:00;Hé @free @Freebox @Xavier75 c’est normal vos 3000 relances par jour avec ce genre de messages ?? @CNIL https://t.co/K5GS2gnfzv;maxeamseace;onemax;411082820;;Autre;2024;9;13;3
1,84E+18;2024-09-26 14:18:21+00:00;Hi @XpFibre \nOn se dirige vers 3 mois sans internet via la fibre pour quelques voisins dont le FAI est free ds 1 secteur où vous êtes operateur d'infrastructure on fait comment pour vous joindre?\nEt @free qui ne propose aucune solution pour avoir un accès internet 4g de back up;Laliace1;Laliace$;1,14E+18;;Question technique;2024;9;14;3
1,84E+18;2024-09-26 14:56:45+00:00;@free je vais péter un câble j’en peux plus ça fait depuis le 15 août que j’ai demandé la création de ligne à mon domicile \nJ’ai eu 3 de vos collègues qui me promettent la fibre pour début septembre\nLa 4e (oui parce que j’ai appelé 4 f;Bbrsensei;🇫🇷 Joy Ball🦘🇵🇸;2342465947;;Question technique;2024;9;14;3
;;;;;;;;;;;
1,84E+18;2024-09-26 15:19:21+00:00;@free @freemobile c’est pas possible de payer une box 50€ par mois et avoir des travaux tout le temps et de pas pouvoir en bénéficier sois c’est travaux sois c’est coupure;sesng_;T1 Ω.se;1,16E+18;;Plainte service;2024;9;15;3
1,84E+18;2024-09-26 18:06:16+00:00;@free votre réseau naze j’ai pas de télé ni wifi depuis 2j la;jwd_944;3arbi physicien;1,22E+18;;Question technique;2024;9;18;3
1,84E+18;2024-09-26 19:10:12+00:00;@Freebox la ligne est coupé depuis hier 17h dans ma rue aucune nouvelle de free et aucune intervention. Ce n’est pas compréhensible ni acceptable;Szelerski;JP Szelerski;5764612;;Info/Annonce;2024;9;19;3
1,84E+18;2024-09-26 21:46:33+00:00;@free on paye tt les mois pour avoir un connexion il serait peut être temps de nous en fournir? On peut même pas jouer a fifa que votre connexion de con saute toute les 2min;ladiffx;🥀;1,17E+18;;Question technique;2024;9;21;3
;;;;;;;;;;;
;;;;;;;;;;;
1,84E+18;2024-09-26 22:35:19+00:00;@free rendez mon argent bande de sous race 8 deco en rivals vos grande tantes;777evs;7´s;1,38E+18;;Autre;2024;9;22;3
1,84E+18;2024-09-27 01:00:02+00:00;@Freebox  elle est où ma box jcrois ils l’ont perdu à chronopost jveux jouer a valo en paix la;shain_pz;$hain;1,49E+18;;Autre;2024;9;1;4
1,84E+18;2024-09-27 04:40:11+00:00;@free Bonjour free , plus d un mois.pour une création d ouverture de ligne fibre c est pas un peu long ?;turk94120;seko94120;441590142;;Question technique;2024;9;4;4
1,84E+18;2024-09-27 08:21:08+00:00;@Freebox bjr, actuellement je n'ai pas les chaînes 15, 16 et 26, pourquoi ? je suis sur freebox révolution !;Philois83;LOISON PHILIPPE;1019823192;;Question technique;2024;9;8;4
1,84E+18;2024-09-27 08:25:50+00:00;@Freebox Ma wifi ne fonctionne pas depuis ce matin;scrchglt;🌊🌊;1,21E+18;;Plainte service;2024;9;8;4
;;;;;;;;;;;
1,84E+18;2024-09-27 08:42:36+00:00;Que des numéros 10 dans ma team.\n\n1. Pour appeler ta bff pendant 4h.\n2. Parce qu’ici on adore l’illimité.\n3. Pour mettre du Wi-Fi 7 dans ta vie.\n4. Non je déconne, internet c’est la vie.\n5. Dédicace au X.\n6. Pour liker la publi de tata Sandrine.\n7. Pas besoin d’en dire plus.\n8. Pour éviter de répondre à ton ex.\n9. Pour éviter le divorce entre nous.\n10. Pour une connexion aussi rapide que Dwayne Johnson.;free;Free;252263949;;Question technique;2024;9;8;4
;;;;;;;;;;;
1,84E+18;2024-09-27 08:43:53+00:00;@free venez faire les travaux dans ma rue la. En une semaine c'est la troisième intervention que je dois faire à cause de la coupure de wifi. Votre matériel est disfonctionnel;BrKoumori;Baron Koumori 🍏;3039253655;;Plainte service;2024;9;8;4
1,84E+18;2024-09-27 09:49:39+00:00;"@free c'est normal que les mec qui viennent fixer ta fibre te demandent de les payer en liquide au ""BLACK"" pour faire des reparations ou on est d'accord que c'est hors la loi ? https://t.co/fXiK8yF3QE";beastydesign;✦ Fred;219059766;;Question technique;2024;9;9;4
1,84E+18;2024-09-27 09:59:20+00:00;Bjr @Xavier75 Pquoi le service client de @free est-il dans l'impossibilité de programmer le passage d'un technicien pr rebrancher la #fibre de ses abonnés après une interv° d'@orange sur le PMI d'une #copropriété ? Des années que ce pb persiste. Les relances n'aboutissent jamais.;PhBourlitio;Philippe Bourlitio;172529825;;Plainte service;2024;9;9;4
;;;;;;;;;;;
1,84E+18;2024-09-27 10:31:23+00:00;@Freebox bonjour bloquage étape 2 freebox revolution région Montbéliard incident connu ?;kwattsfan;Eventhousiast;1,43E+18;;Autre;2024;9;10;4
1,84E+18;2024-09-27 11:58:23+00:00;@free vous êtes une sacrée honte humainement ! Plus d internet plus rien - écrasement de la ligne par  VOS CONCURRENTS , bataille corps et armes pour que vous vous bougiez je vais rester polie .. Votre seul rendez vous à nous donner c’est le 3 octob;AntoAsse42;QLF Ñ’DÁ 🫀💚;1,59E+18;;Autre;2024;9;11;4
;;;;;;;;;;;
;;;;;;;;;;;
;;;;;;;;;;;
1,84E+18;2024-09-27 14:26:41+00:00;@Freebox Client depuis même pas 1 mois. Le cpl ne fonctionne pas, pas de wifi sur le player (?!?), le player n'accepte pas de répétiteur. Je ne peux pas faire passer un câble au milieu du salon.;marquise_madame;Madame la marquise;1,21E+18;;Plainte service;2024;9;14;4
;;;;;;;;;;;
1,84E+18;2024-09-27 15:05:14+00:00;Pourquoi à chaque fois que je déménage avec la fibre un technicien doit intervenir ?? @free;Flo_90;Flo90;73185923;;Question technique;2024;9;15;4
1,84E+18;2024-09-27 16:40:05+00:00;Salut!\nPeut-on me dire pourquoi mon abonnement Freebox a augmenté de 10€, sans raison???\n@free;JiJiDoublet;Jiji Doublet 🏳️‍🌈 🐕🐺🐻🇺🇦;1632215611;;Question technique;2024;9;16;4
1,84E+18;2024-09-27 16:51:20+00:00;On adore @free une connexion fibre digne d’un habitant au Bangladesh;TTV_UnluckyMan;Akitora;1,24E+18;;Question technique;2024;9;16;4
;;;;;;;;;;;
1,84E+18;2024-09-27 18:20:16+00:00;@Freebox @xavier75 POURQUOI ÇA BUG JE VEUX JOUÉ À FIFA;crackpampers_;Islvm🇨🇻🇩🇿;1,26E+18;;Plainte service;2024;9;18;4
1,84E+18;2024-09-27 18:48:44+00:00;@Freebox service client de Gujan mestras pour Freebox étape 4 HORRIBLE !!! @free merci de me contacter en privé;Stef_33;Steph33300;1882063746;;Plainte service;2024;9;18;4
1,84E+18;2024-09-27 19:15:31+00:00;@Freebox impossible de contacter l'assistance freebox;jossie298;Josephine COPPOLA;392111950;;Autre;2024;9;19;4
;;;;;;;;;;;
1,84E+18;2024-09-27 20:06:30+00:00;Payer 50€/mois pour avoir la fibre optique et avoir ce résultat sur chaque chaîne, c’est comment @free ? En journée quasi pas de pb mais le soir c’est tout autre chose … dsl de regarder en même temps que tout le monde - vs aussi ça fait ça ? https://t.co/DFOPNiOnJj;juke_jukie;Julie Dumetz;1,33E+18;;Question technique;2024;9;20;4
;;;;;;;;;;;
1,84E+18;2024-09-28 06:21:43+00:00;S'abonner c'est toujours rapide. Résilier chez @free c'est reef en fait. 🥳 https://t.co/4E2F9z3bDq;Bihanvag;Maltese 🌬️⚓;1934423430;;Autre;2024;9;6;5
1,84E+18;2024-09-28 06:40:29+00:00;"Quand tu bosses a 80% du temps en télétravail...alors que j'ai eu un avertissement d'un ""écrasement de ma ligne fibre"" et donc j'ai prevenu que c'était une erreur, j'ai besoin d'internet... j'arrive même pas a aller sur X avec le partage de ma 5g ... @Freebox https://t.co/UyIhvDpGht";Peeping_Dem;Madness ID 0,365K;1,42E+18;;Demande d'aide;2024;9;6;5
;;;;;;;;;;;
1,84E+18;2024-09-28 08:22:28+00:00;@free mise a part que vous me faites payer le double alors que je suis censée beaucoup moins que ça ma wifi et que quand je demande a votre « service clients » ils sont incapable de répondre, vous me devez toujours 1 téléphone a qui j’attends l;JinosLos;Benzinho🐐👑⚡️;1,51E+18;;Plainte service;2024;9;8;5
1,84E+18;2024-09-28 08:35:12+00:00;Je me réveil sans internet un samedi, la classique hein @Freebox;Herthes_;Niyah;1684270387;;Autre;2024;9;8;5
1,84E+18;2024-09-28 09:45:09+00:00;Ehooo! @free j'ai besoin d'aide.;Cdrc_M_;iori;2778093784;;Demande d'aide;2024;9;9;5
1,84E+18;2024-09-28 10:42:18+00:00;Salut @Free, 10 coupures de fibre depuis le début de l'année, dont 2 en 3 jours ! C'est inacceptable. J'attends un technicien dans 4 jours... Quelle solution proposez-vous ? #Free #ServiceClient;Laurentmod;LoLO;132225995;;Plainte service;2024;9;10;5
1,84E+18;2024-09-28 10:57:04+00:00;@free heu ça marche le contact client free sur WhatsApp ?? Message le matin il est 12h… https://t.co/sWxJV58iny;Hnry_69;Hnry_69🇫🇷;1,06E+18;;Autre;2024;9;10;5
1,84E+18;2024-09-28 12:08:30+00:00;@free est le pire opérateur et le pire service client, tous opérateurs confondus. C'est une dinguerie #free;SayMeWhats;Dim;229157516;;Plainte service;2024;9;12;5
1,84E+18;2024-09-28 12:24:41+00:00;@Freebox ça fait une semaine que ma connexion est comme ça... https://t.co/1YORgDCKmd;_BenJ_S;BenJ;1,60E+18;;Question technique;2024;9;12;5
1,84E+18;2024-09-28 15:34:33+00:00;@free dites moi ils foutent quoi vos techniciens a longueur de journée pour être obligé d'attendre 15 jours pour un taff qui dure 10 min c'est a dire tirer un file ?;zookysan;KC Zack 🇵🇹 - Monteur Vidéo;450617166;;Réclamation RDV;2024;9;15;5
;;;;;;;;;;;
1,84E+18;2024-09-28 18:58:16+00:00;Vraiment fuyez @free pour la fibre c'est insupportable à quel point leur service est médiocre, c'est des clowns comme leur pdg sur Twitter.;Wi2L__;Tom Elvis;1120009742;;Question technique;2024;9;18;5
1,84E+18;2024-09-28 21:22:56+00:00;@free  a coupé internet… Ça doit être leur manière de nous préparer à l’apocalypse digitale. Merci pour l’entraînement, mais je préfère quand même Netflix. #Free #SurvivalMode;MatCor129440;Mat Cor;1,73E+18;;Autre;2024;9;21;5
1,84E+18;2024-09-29 07:07:58+00:00;@Freebox possible de passer en message privé ?\n\nMerci^^;NixTou_;.;1,61E+18;;Autre;2024;9;7;6
1,84E+18;2024-09-29 16:58:30+00:00;@free c quoi votre connexion en carton au nom c’est grave je lance un match fifa full bug de Connection on va vite changer d’opérateur !;jiji_psg;Jiji_bale;7,08E+17;;Plainte service;2024;9;16;6
1,84E+18;2024-09-29 20:13:03+00:00;Va te faire enculer @free;BackToDjo;J🌙;1,69E+18;;Autre;2024;9;20;6
;;;;;;;;;;;
1,84E+18;2024-09-29 20:25:08+00:00;Bonjour @free ...100Mbits c'est normal pour de la fibre?;Juliendu75;julio;118059443;;Question technique;2024;9;20;6
1,84E+18;2024-09-29 21:27:04+00:00;@free pourquoi jai 10mbps au lieu de 600 wtf;ax937jhgd837379;M' ☄️;1,23E+18;;Question technique;2024;9;21;6
1,84E+18;2024-09-29 21:31:23+00:00;@free  Hey free merci tout mes appareil de santé connecté a internet pour mon suivie medical sont hs vue que j'ai pas internet depuis 5 jour et vos technicien me disent c'est comme ça faut attendre;LThomaga;l_Thomaga;1,01E+18;;Plainte service;2024;9;21;6
1,84E+18;2024-09-30 07:19:44+00:00;"Bonjour @Freebox, petite étrangeté lors d'un déménagement. Je connais la date de déménagement. Si je click sur le ""bouton si dessous"", ça ne me demande pas la date de déménagement (ça ne fait pas ce que ça dit), ça me dit que ça va couper ma ligne en fin de mois (aujourd'hui) https://t.co/NGr8uuRIEO";YodaBZH;Yoda-BZH;53630872;;Autre;2024;9;7;0
1,84E+18;2024-09-30 08:24:21+00:00;"@Freebox Cela fait 10 jours que l'aérodrome de Fayence n'a plus de service Internet à cause de pertes de paquets sur la ligne. La réponse: ""c'est en cours, attendez"" . Sérieux ?";jmreymond;Jean-Max Reymond 🐧;68359967;;Autre;2024;9;8;0
1,84E+18;2024-09-30 12:38:19+00:00;@netflix @PrimeVideo @free @Freeboxdelta1  maintenant que pour un prix inchangé, je me tape des #pub dans les films je ne sais pas pourquoi je ne changerais pas d'offre... Déjà que je ne regarde pas la télé parce qu'il y a des pubs tout le temps main;tobart38;Guillaume🌿;1155043556;;Question technique;2024;9;12;0
;;;;;;;;;;;
1,84E+18;2024-09-30 12:56:10+00:00;Merci @Freebox pour les 2 semaines de coupure, on va tester ailleurs. \n\nSur ces 2 semaines, vous avez consommé 25h de mon temps avec 10 rdv technicien, me générant une perte minimale de 2125€ de CA. \n\nLà c'est de nouveau KO, je ne repars pas sur 2 semaines de vos conneries.;Zulgrib;Zulgrib;365963429;;Plainte service;2024;9;12;0
1,84E+18;2024-09-30 14:45:18+00:00;@free @Freebox bonjour, vos techniciens fibre qui viennent chez les voisins restent pendant 4h chez les clients et trouvent comme seule solution de me débrancher la fibre on fait comment ?;Sioegruob07;Sioegruob.;412302222;;Question technique;2024;9;14;0
1,84E+18;2024-09-30 16:32:07+00:00;@free Chez vous depuis février. Une galère pour l'installation de la fibre. 3 techniciens différents, le premier n'est jamais venu (1 journée posée pour rien), le second est arrivé à 20 heures jusqu'à 22 heures. 2 jours après, fibre coupée dans ;GuillaumeLB13;Guillaume;1183799726;;Question technique;2024;9;16;0
1,84E+18;2024-09-30 16:56:34+00:00;@Freebox bonjour je suis à Bordeaux et il semblerait que je n’ai plus de connexion depuis 18:27. S’agit-il d’un problème connu ou très local ?;cecildjx;Bangalore Dupré;2965791;;Plainte service;2024;9;16;0
1,84E+18;2024-09-30 17:02:40+00:00;Toujours pas de co merci @free vous me régalez ! je re streamerai quand j’aurai de la co l’équipe !;Snayzyy;Snayzy;9,88E+17;;Autre;2024;9;17;0
1,84E+18;2024-09-30 17:16:34+00:00;@free @Freebox je peux avoir une réponse ouuuu ?;Katakuuuri;Катакури;8,10E+17;;Autre;2024;9;17;0
1,84E+18;2024-09-30 17:20:20+00:00;Salut @Freebox ca fais plus d’1 semaine que le changement d’adresse a ete fait mais tjs personne pour venir installer \n\nQue faire ?;SupRaa_TV;SupRaa;7,50E+17;;Autre;2024;9;17;0
1,84E+18;2024-09-30 17:23:16+00:00;"Salut @Freebox \nC'est normal l'absence de vrai communication avec le 3244?\nBoite vocal automatique, plein d'options qui ne correspondent pas, et à la fin, ""veuillez enregistrer votre message et vous serez recontacter""";LaisneMathieu;Mathieu Laisne;1,48E+18;;Autre;2024;9;17;0
;;;;;;;;;;;
;;;;;;;;;;;
1,84E+18;2024-09-30 23:12:53+00:00;Free... C’est dingue. 50€ l’abonnement pour que tous les soirs ça bug ????? @Freebox @freemobile que ça mobile et la Freebox au même temps dans le 01;jos_brt9;4🐺;8,75E+17;;Plainte service;2024;9;23;0
1,84E+18;2024-10-01 00:27:16+00:00;Eh @free vous avez cru, c’était la box à vos mères a couper la connexion comme ça ? Ça fait déjà 2 games dans la soirée que je crash à cause de cette putain de connexion;FenatikK;Fena;1,29E+18;;Question technique;2024;10;0;1
1,84E+18;2024-10-01 06:56:53+00:00;Tu peux proposer 1 Forfait Free à 9,99€ mais pas 4.\nAh bah si. https://t.co/DHJmi9BiWC;free;Free;252263949;;Autre;2024;10;6;1
;;;;;;;;;;;
;;;;;;;;;;;
;;;;;;;;;;;
1,84E+18;2024-10-01 08:07:17+00:00;Il y a 6 mois, je vous racontais mes déboires avec les escrocs de @bouyguestelecom, qui vous vendent un service qu'ils ne sont pas capables de fournir.\nComme de juste, ce 1er octobre, je n'ai de nouveau plus Internet depuis une semaine.\nEn six mois, strictement RIEN n'a été fait.\nLe problème, selon un premier technicien qui s'est déplacé, dépendrait de @SFR qui gère le câble reliant l'armoire (dégueulasse) de ma rue et le placard (dégueulasse) central.\nOn me fixe un RDV ce matin.\nLe technicien ne vient pas.\nLe SAV de @bouyguestelecom ne répond plus.\nNi au téléphone, ni aux mails. \nUn voisin vit cette situation depuis 3 mois, déjà. \nCes gens sont des brigands.\nQui nous poussent dans les bras d'Elon Musk... 😡;GeWoessner;Géraldine Woessner;122253091;;Plainte service;2024;10;8;1
1,84E+18;2024-10-01 08:38:35+00:00;Qui va m’arrêter ? 🏴‍☠️ https://t.co/71xSPiumIh;Xavier75;Xavier Niel;17744075;;Autre;2024;10;8;1
1,84E+18;2024-10-01 09:40:25+00:00;@free \nAlors @free, comme ça, on ne veut pas me renvoyer mon Apple TV que j'ai acheté en étant abonné chez vous? @free sont ils des voleurs? @Xavier75 , vous en pensez quoi ???;anti_infla;Cole Porter;1,48E+18;;Autre;2024;10;9;1
;;;;;;;;;;;
1,84E+18;2024-10-01 09:45:51+00:00;Bonjour, pouvez vous venir dm s’il te plaît ? @Freebox;BqrnedW3B;lucas;1,19E+18;;Autre;2024;10;9;1
1,84E+18;2024-10-01 09:53:41+00:00;@Freebox 5 jours j’ai plus de connexion sur bondy depuis 5 jours j’attends une intervention personne est venu c quoi ça;Sabs0o;CallMeSabs0 🇲🇦🇫🇷;1,38E+18;;Question technique;2024;10;9;1
;;;;;;;;;;;
;;;;;;;;;;;
1,84E+18;2024-10-01 10:24:26+00:00;Bonjour @Freebox \nJ'envisage de migrer d'une freebox delta vers une pop ou une ultra\nComment réutiliser le kit sécurité ?\nA défaut, quelle est la compatibilité du kit avec d'autres solutions type home assistant ?\nMerci;stevebeauge;Steve B;369991904;;Question technique;2024;10;10;1
1,84E+18;2024-10-01 11:47:24+00:00;@tjrpasfarell @free @FreeNtm Même soucis toi avec la wifi et du coup obligé de la relier avec un câble internet;mic216;hopale;94865645;;Question technique;2024;10;11;1
;;;;;;;;;;;
1,84E+18;2024-10-01 13:28:28+00:00;@Freebox bonjour,\n\nJe viens de commander une Freebox, je vois qu'un technicien doit passer pour faire le raccordement.\nHors j'étais déjà raccordé à la fibre, via Sosh.\nDu coup j'ai du mal à comprendre le pourquoi de ce rdv.\n\nEst-ce que vous po;hawkydoky;Hawkydoky;2819576433;;Demande d'aide;2024;10;13;1
1,84E+18;2024-10-01 14:17:45+00:00;Les #apple geek,\n\nLes HomePod mini, c’est géré par le lecteur @free pop ?;L0l0kidd;Lolokidd;7,18E+17;;Autre;2024;10;14;1
;;;;;;;;;;;
1,84E+18;2024-10-01 15:04:36+00:00;Un jeu-concours fort fort sympa 💚\n\nPlongez dans l’univers DreamWorks en remportant un voyage inoubliable à Londres pour vivre l’aventure Shrek en famille.\n\nPour participer, c’est juste ici ➡️ https://t.co/wUwD5RGIgw https://t.co/yq0tB1BHiX;free;Free;252263949;;Autre;2024;10;15;1
1,84E+18;2024-10-01 15:24:04+00:00;Le lancement d’offres prépayées par Free Mobile se précise avec un nouvel indice https://t.co/PBm8Xb6uzi https://t.co/N7J3SvHosi;UniversFreebox;Univers Freebox;56603918;;Autre;2024;10;15;1
;;;;;;;;;;;
1,84E+18;2024-10-01 15:54:58+00:00;@freemobile @free bonjour, je n’ai pas résilier mon abonnement je déménage que se passe-t-il pouvez-vous régler cela ? impossible de renseigner le nouvel identifiant. https://t.co/5R0nwU5CL1;manceau_leo;Léo Manceau;1,06E+18;;Autre;2024;10;15;1
;;;;;;;;;;;
1,84E+18;2024-10-01 17:25:55+00:00;Octobre 2024. Super Plateau de Saclay, technologie de pointe et grandes écoles.\nLa FIBRE n'est toujours pas à Villejust (91) au cabinet, à 15 kms de Paris, au cœur de l'agglo.\n@free n'a tjs de pas de date de déploiement @IgorTVillejust @agglopariSaclay\n@Xavier75\nLa honte non ?;BERTHIERBruno;Bruno Berthier;537081263;;Question technique;2024;10;17;1
1,84E+18;2024-10-01 18:27:34+00:00;Merci @free de m’avoir couper la wifi et le fixe une semaine avant mon déménagement, franchement génial là j’ai plus de wifi et tout mes équipements inaccessibles, je songe à changer d’opérateur là ça me gonfle;Optimusgenisis;karrnak;1,68E+18;;Question technique;2024;10;18;1
1,84E+18;2024-10-01 18:47:36+00:00;Mars 2024 : Je souscris à un abonnement @Free incluant un pocket wifi. Excité à l'idée d'utiliser ce nouveau service. Spoiler : 8 mois plus tard, toujours rien.;BrunoBevil28146;BEVILLARd bruno;1,66E+18;;Question technique;2024;10;18;1
;;;;;;;;;;;
1,84E+18;2024-10-01 18:57:06+00:00;@free @Freebox c'est la pire connexion internet de l'histoire ! Heureusement je vais bénéficier d'un CSP le. Mois prochain et donc la perte d'un cdi pour pouvoir résilier seulement 1 mois après le début de mon abonnement 😘;CabalYoshi94;Cabal94;1,69E+18;;Question technique;2024;10;18;1
1,84E+18;2024-10-01 19:46:42+00:00;⚠#PANNE  FREEBOX EN COURS⚠\n 📡20 freenautes ont signalé des pannes #Internet sur le réseau #fibre de #Free depuis 19h28\n🌍Ville concernée : Witry-lès-Reims (51420)\n⬇️⬇️⬇️\nhttps://t.co/5syXsuGnbR;zoneadsl_panne;Pannes Internet et Mobile;1,59E+18;;Plainte service;2024;10;19;1
1,84E+18;2024-10-01 22:17:13+00:00;J’me dis jv rentrer chez moi après ce match de merde allumer ma play et jouer un peu à fifa mais bien sûr que non j’ai pas de co \n\n@Freebox VOUS ÊTES LES PIRES !!!!!;Bms936;بلال;606617048;;Autre;2024;10;22;1
;;;;;;;;;;;
1,84E+18;2024-10-01 23:54:22+00:00;Dimanche 6 octobre 2024 à 20h50 sur ⁦@espaceTV_gn⁩ disponible exclusivement sur ⁦@free⁩  c’est les oubliés de la république. Un documentaire de Mamadou Saliou BAH https://t.co/YKsnatphyi;LamineGuirassy;LAMINE GUIRASSY;607742032;;Autre;2024;10;23;1
;;;;;;;;;;;
1,84E+18;2024-10-02 02:53:15+00:00;sinon 0 internet 0 réseau pendant des heures et des heures et ce plusieurs fois par mois? on en a marre à force en fait et ça se ressent pas sur le facture du tout merci free bien sûr @Freebox @free @freemobile;ateezofsan;wan 🍋;1,26E+18;;Autre;2024;10;2;2
1,84E+18;2024-10-02 06:43:51+00:00;Plus aucun résumé de match sur l'appli @FreeFoot et aucune info ou communication de la part de @free ou @DAZN_FR 🫤;Vince451;Vince;48383378;;Autre;2024;10;6;2
1,84E+18;2024-10-02 06:58:09+00:00;Vous pensiez ne pas être éligible à Free Family ? Free confirme le contraire !\n🔗 https://t.co/uaETw91YwE https://t.co/uaETw91YwE;Frandroid;Frandroid;25260412;;Autre;2024;10;6;2
1,84E+18;2024-10-02 07:01:51+00:00;Bonjour @free @Freebox,\nCela fait plus de deux mois que je n’ai pas internet.\nLorsque je téléphone au service client, on me répond qu’un technicien va me contacter dans les jours à venir et rien.\nDepuis deux mois !!\nQue fait on ??;doktor_flo;FloFlo;1477349556;;Plainte service;2024;10;7;2
1,84E+18;2024-10-02 08:46:19+00:00;Je vous donne RDV jeudi soir pour le meilleur des concepts de la chaîne ! 🙇‍♂️😎\n\nLa carrière des Twittos ça sera 2 lives chaque semaine consacré à 100% à ce projet ! 🥹\n\nChaque live je ferais en sorte d'avoir quelqu'un avec moi pour commenter, alors je vous attends nombreux ! 🫶🏻🙏🏻 https://t.co/Ri7IpFRk3s;HapyNho;HapyNho;1,18E+18;;Question technique;2024;10;8;2
1,84E+18;2024-10-02 09:15:25+00:00;Tellement triste de ne pas avoir la fibre 😭😭😭\nAlors que littéralement à 20 mètres ton voisin la , help me @free;firstonegg;EnotsriF;2270232655;;Demande d'aide;2024;10;9;2
1,84E+18;2024-10-02 11:16:53+00:00;. @Freebox nous n'avons plus d'internet à Massy, quartier avenue nationale, et ce depuis hier. Vous semblez faire des interventions de PM. Quand comptez-vous rétablir le réseau fibre du quartier ?;ponceto91;Olivier Poncet 🦝;7,31E+17;;Question technique;2024;10;11;2
1,84E+18;2024-10-02 11:59:45+00:00;@Freebox panne de réseau à Nanterre;Jonathan_fmv;Jonathan | Monteur Vidéo;2399986335;;Plainte service;2024;10;11;2
;;;;;;;;;;;
1,84E+18;2024-10-02 13:32:58+00:00;@Freebox j’ai besoin d’aide;k2a1m2;M5 G99🇲🇦;1,23E+18;;Autre;2024;10;13;2
;;;;;;;;;;;
1,84E+18;2024-10-02 14:10:37+00:00;Dites donc @Xavier75 @free vous pouvez m'expliquer pourquoi quand on a plus d'accès internet (fibre coupée), le player de la Free Rev ne fonctionne pas! Depuis quand il faut être connecté pour lire un dvd ou un enregistrement?;Castaka3;Castaka;1,56E+18;;Plainte service;2024;10;14;2
1,84E+18;2024-10-02 14:17:57+00:00;@free https://t.co/qnysZ7oBnj;bloody_gus;Bloody_Gus;8,08E+17;;Autre;2024;10;14;2
;;;;;;;;;;;
1,84E+18;2024-10-02 14:50:23+00:00;@Free_1337 @free @Free_Normandie votre technicien a encore 11 minutes pour me contacter. Sinon je résilie. Après 12 ans de fidélité;VonBeubars;Damian Von Beubars;580756985;;Réclamation RDV;2024;10;14;2
1,84E+18;2024-10-02 16:00:22+00:00;Bonjour @free comment trouvez-vous la prestation de votre installateur fibre ? Câble qui pend dehors, découpe dégueulasse, porte en bois massif percée à l'arrache et abîmée à l'intérieur. C'est pas une installation, c'est un sabotage ça ! https://t.co/XIzcKDqXu1;tbokh;Thierry Bokhobza;211885777;;Question technique;2024;10;16;2
1,84E+18;2024-10-02 16:45:42+00:00;Dites @free @Freebox @free\nPlus d’internet (plus de télé, plus de télétravail, plus de domotique…)\n\nPremier créneau pour envoyer un technicien et débuter l’analyse dans une semaine. \n\nUne semaine. \n\nAlors votre 5G, comment dire…;_LaurentHelaine;Laurent Hélaine 🦋;2730750471;;Question technique;2024;10;16;2
1,84E+18;2024-10-02 17:39:59+00:00;@free cliente depuis 20 ans - je reçois un appel de votre service commercial pour me proposer vos services - votre équipe n’est pas au courant - je pense que avez besoin au choix (multiple possible) d’un CRM et/ou de revoir vos process- en 2024 faut;BrunetElo;Elodie Brunet;1248340598;;Autre;2024;10;17;2
1,84E+18;2024-10-02 17:49:18+00:00;Que notre maître saint Xavier écoute ma prière et l’applique aussi chez @free et toutes ses entités 🙏🙏🙏;BGoulotte;Jean-Michel Goulotte;1,67E+18;;Autre;2024;10;17;2
1,84E+18;2024-10-02 18:19:48+00:00;J’en peux plus de pas jouer sur mon setup @free remettez moi ma co je vais commencer à dire des folies;Snayzyy;Snayzy;9,88E+17;;Autre;2024;10;18;2
;;;;;;;;;;;
;;;;;;;;;;;
;;;;;;;;;;;
;;;;;;;;;;;
;;;;;;;;;;;
;;;;;;;;;;;
;;;;;;;;;;;
1,84E+18;2024-10-02 18:53:02+00:00;Puce @free en Martinique qui reçoit une alerte digicel à moitié en espagnol redirigeant sur une page en erreur 404.\nJe ne sais pas si c'est concluant surtout si l'alerte est prévue à 14:30 et est reçu à 14h44.\n@digicelgroup @Prefet972 https://t.co/FKHYdTaXsv;guillem_lefait;Guillem Lefait;2858890877;;Autre;2024;10;18;2
;;;;;;;;;;;
1,84E+18;2024-10-02 19:17:39+00:00;@free des coupures internet QUOTIDIENNES et pas d’assistance, dois-je aller chez Orange ?;lingzhefu;christophe landry;111107503;;Plainte service;2024;10;19;2
;;;;;;;;;;;
;;;;;;;;;;;
;;;;;;;;;;;
1,84E+18;2024-10-02 20:16:54+00:00;@free @Freebox \nJe veux contacter le service résiliation. Je ne paierais pas 45ct/minute https://t.co/Xqu88DzsE5;t_5502m;tom;1,37E+18;;Autre;2024;10;20;2
1,84E+18;2024-10-02 21:46:04+00:00;@Free_1337  que se passe-t-il soudain ?depuis 10' environ, la connexion de la box et la connexion mobile ont sauté toutes les 2 ! Secteur #strasbourg @Freebox @freemobile;sanakro;Oliv' Pouetpouet;29109888;;Question technique;2024;10;21;2
1,84E+18;2024-10-02 21:59:54+00:00;Va falloir vous bougez le cul @free #strasbourg @Freebox;adam_phior;Ad;1,48E+18;;Autre;2024;10;21;2
;;;;;;;;;;;
;;;;;;;;;;;
;;;;;;;;;;;
;;;;;;;;;;;
;;;;;;;;;;;
1,84E+18;2024-10-02 22:46:40+00:00;@free hi i did buy an unlimited data  plan with sim card free during olímpics ( august 2024) it supose to be one charge of 30 euros but you are still charging\nMe in my debit card in september and i am not longer using the Service , i would like to check;eachuc;GF7;152310434;;Autre;2024;10;22;2
;;;;;;;;;;;
;;;;;;;;;;;
;;;;;;;;;;;
1,84E+18;2024-10-03 05:50:55+00:00;@free  plus de deux mois que j'ai signalé que de ma ligne Freebox delta  ne fonctionne pas et aucune information donner par l'opérateur, est ce que c'est normal. Ils arrivent même pas a réparer et je paye 60 Euro chaque mois pour rien , vous pousser  ;reomri;Reda94;553717086;;Plainte service;2024;10;5;3
;;;;;;;;;;;
1,84E+18;2024-10-03 07:05:32+00:00;La baise, je viens de découvrir (car j'avais pas lu toutes les CGV) qu'en déménageant mon abonnement @Freebox je perdais ma remise pendant un an 🫠\nJ'ai reçu ma facture, ça fait mal\nOn fait quoi @free, on résilie ?;starks_;𝑩𝒆𝒏𝒋𝒂𝒎𝒊𝒏 💿🏇;49606415;;Autre;2024;10;7;3
1,84E+18;2024-10-03 09:51:11+00:00;@free @Freebox plus internet depuis bientôt 24h en haute Savoie ???? Qu’est ce qu’il se passe ?;jajadddhn;jajadddhn;1,67E+18;;Autre;2024;10;9;3
;;;;;;;;;;;
;;;;;;;;;;;
1,84E+18;2024-10-03 11:24:22+00:00;Un problème avec @free ? \n\nPas de service réclamation en boutique physique ou au téléphone, opérateur de merde @Xavier75 tu devrais avoir honte;Greg_tua;Greg;1,29E+18;;Plainte service;2024;10;11;3
1,84E+18;2024-10-03 11:40:41+00:00;La Bbox ultym waouh je pleure de joie c’est incroyable je joue à fifa sans beuguer merci @bouyguestelecom je suis amoureux de vous ❤️❤️❤️❤️;Condescendant13;🇫🇮le football me rend triste🇫🇮;1,78E+18;;Autre;2024;10;11;3
1,84E+18;2024-10-03 11:54:05+00:00;@Freebox @free j’attends toujours une réponse de votre part;t_5502m;tom;1,37E+18;;Autre;2024;10;11;3
;;;;;;;;;;;
1,84E+18;2024-10-03 13:41:04+00:00;@Freebox bjr 3 jours ss accès aux services, un agent orange d’après l’assistance est passé chez moi alors que je n’ai pas bougé et sans m’avertir d’1 passage. Alors que je ne sais même pas quel est le problème. Il doit passer pourquoi?? Au;Lp5567795510533;Lp;1,75E+18;;Plainte service;2024;10;13;3
1,84E+18;2024-10-03 16:12:19+00:00;@free niquez bien vos mères bande d’escroc 3 mois qu’on me donne pas de suite pour ma résiliation et maintenant zerma je vous dois 120€ ??? ALLEZ BIEN VOUS FAIRE ENCULEZ VOUS AUREZ PAS 1€;luca2601_;Luca 🐉;1,45E+18;;Autre;2024;10;16;3
1,84E+18;2024-10-03 16:39:13+00:00;@free Plus d'un mois et toujours aucun remboursement d'une transaction annulée. Annoncé sous 15j, puis 30j. La boutique Free de Valence Victor Hugo n'aurait elle pas fait le nécessaire ?;MiCetF;Fred M;179422278;;Autre;2024;10;16;3
1,84E+18;2024-10-03 16:42:15+00:00;@Freebox quand on prend un abonnement fibre chez vous c’est pas pour avoir une connexion ADSL du début des années 2000. Donc ça serait bien d’avoir ce pour quoi on paie s’il vous plait;LilRacsus;Oxeed Racsus;1,13E+18;;Question technique;2024;10;16;3
;;;;;;;;;;;
1,84E+18;2024-10-03 17:12:36+00:00;Bonjour @Freebox, pourquoi est-ce que je reçois une facture en octobre alors que j'ai résilié mon abonnement en septembre ?;abadinte;abadinte;17362066;;Question technique;2024;10;17;3
;;;;;;;;;;;
1,84E+18;2024-10-03 20:13:21+00:00;Free Magnier vous le cul tout les soirs que des bug de réseaux 50€ tout les mois pour avoir une connexion de merde régler vos serveur de merde svp @free;TheoLavabo9979;PUFFER ZOLIX👑;1,66E+18;;Plainte service;2024;10;20;3
1,84E+18;2024-10-03 20:22:52+00:00;J'espère que ma @Freebox va finir sa mise à jour avant que je finisse ma vie.;DaruomD;Daruom_dz;1,25E+18;;Autre;2024;10;20;3
1,84E+18;2024-10-03 20:36:11+00:00;.@free  j’ai 300 de ping là au boulot https://t.co/A4N3pWWUrg;lightshinono;light 🇨🇺;1,21E+18;;Autre;2024;10;20;3
1,84E+18;2024-10-03 20:38:34+00:00;@Freebox C'est normal de passer d'une connexion fibre à une connexion 56kbps ? 300ms de ping vers n'importe quelle destination. Pas mieux en 4G. Gros soucis en cours. #freebox #Incident;Barry_Guiler;Barry;1,73E+18;;Question technique;2024;10;20;3
1,84E+18;2024-10-03 20:40:27+00:00;Une mise à jour de la box à 22h\nUn débit internet très instable\nUne connexion en 5G plutôt moyenne et qui passe vraiment pas de partout\nUn player TV qu’on doit reboot tous les 4 allumages car il n’arrive pas à se connecter en Wifi\n\nJ’crois que j’vais me tirer de chez vous @free;DyRize_;DyRize;9,42E+17;;Plainte service;2024;10;20;3
;;;;;;;;;;;
;;;;;;;;;;;
1,84E+18;2024-10-03 20:41:52+00:00;@free  C’est chaud quand même là https://t.co/wMzjjU31EQ;Ayz_0909;AIK09;1,37E+18;;Autre;2024;10;20;3
;;;;;;;;;;;
1,84E+18;2024-10-03 20:44:28+00:00;@Freebox il se passe quoi avec votre connexion internet là ????\n\nFrr je peux même pas jouer à la PS5 ni naviguer sur internet pourquoi rien ne vas chez vous bordel de merde ???;RamizLeCeleste;ً;1,55E+18;;Question technique;2024;10;20;3
1,84E+18;2024-10-03 20:46:09+00:00;@free y’en a marre de vous sérieux ! Que de problèmes avec internet chez vous !;inconnu411_;inconnu;1,77E+18;;Plainte service;2024;10;20;3
1,84E+18;2024-10-03 20:49:55+00:00;Merci Free de niquer ma soirée ça serait possible d’avoir une connexion viable ? À défaut de jouer à la play j’aimerais pouvoir regarder au moins Netflix en qualité appréciable.. @free @Freebox;Nissa_la_Bella;⚫🔴⭐6 Niss⭐rt;999173857;;Question technique;2024;10;20;3
1,84E+18;2024-10-03 20:54:04+00:00;@free \n@NetflixFR \nBonjour, pourquoi ai-je de la publicité maintenant sur #Netflix ? Je n'ai pas changé de contrat ?;Fredo384450;Fredo038;7,09E+17;;Question technique;2024;10;20;3
;;;;;;;;;;;
1,84E+18;2024-10-03 21:04:15+00:00;@free je sais pas ce qui m’a prit de prendre un abonnement internet et mobile chez vous. J’ai actuellement la pire connexion possible https://t.co/dNhFxBfiCR;DDramos13;DDramos;1,39E+18;;Question technique;2024;10;21;3
;;;;;;;;;;;
;;;;;;;;;;;
;;;;;;;;;;;
;;;;;;;;;;;
1,84E+18;2024-10-03 22:43:58+00:00;@free ça commence à casser les couilles;287_ooo;ooo 287;1,77E+18;;Autre;2024;10;22;3
;;;;;;;;;;;
1,84E+18;2024-10-04 06:15:40+00:00;C'est inadmissible @Freebox et Max je suis facturé pour cet abonnement sans pouvoir me desabonner ni sur Max ni sur Free;GDabiSchwebel;Gabriel DabiSchwebel;2771141969;;Autre;2024;10;6;4
1,84E+18;2024-10-04 06:43:43+00:00;@Freebox trois jours sans réseau. C’est mon outil de travail. Personne réponds au téléphone.\n Un ticket ouvert ne change rien. J’aimerais savoir quand le reseau sera rétabli. \nPas de réponse claire, nous résilierons notre contrat ce soir. Nou;LocaDeAltar;Loca de Altar;988906537;;Autre;2024;10;6;4
;;;;;;;;;;;
;;;;;;;;;;;
1,84E+18;2024-10-04 07:36:50+00:00;Plus de connection internet @free depuis début MARS 2024.\nAucun suivi ou rappel et ce malgré de nombreux contacts avec vos services. \nCinq mois à payer un service inexistant soit 149,50€.\nEn OCTOBRE, j'arrête mes prélèvements, on augmente mon abonnement et me réclame DES FRAIS !;SLfarh;Sabah Lf;4189116743;;Autre;2024;10;7;4
;;;;;;;;;;;
1,84E+18;2024-10-04 09:05:32+00:00;@mehdi_benadel @free @Freebox @Free_1337 De ce qu’on m’a dit c’est lié au tram, on aurait dû récupérer jeudi 3/10 mais toujours rien, aucune communication que ce soit par sms ou mail , ni même pour nous prévenir. Le SAV n’a aucune info vu qu;MNeilvyn;Nylv;2206162557;;Réclamation RDV;2024;10;9;4
1,84E+18;2024-10-04 09:43:20+00:00;@Freebox hello plus de connexion e mende, normal ?;ZreeXx5;ZreeXx5;1,12E+18;;Question technique;2024;10;9;4
1,84E+18;2024-10-04 12:47:21+00:00;Bonjour Mr @Xavier75 est il normal que je vous avance toutes les semaines 10€ parceque vous avez un disfonctionnement dans votre société @free \nVotre collaborateur me propose de faire l'avance et que je serai remboursé plus tard sous peine de me couper le service j'ai 5 lignes;l_inculte;l'inculte منجي;1,66E+18;;Autre;2024;10;12;4
1,84E+18;2024-10-04 13:44:29+00:00;@free @Freebox @XpFibre @Xavier75 C'est normal qu'il faille attendre une semaine pour qu'une serrure d'une porte du point de mutualisation fibre soit réparé un jour ? Ça fait une semaine que j'attends que tout ça soit résolu. Un technicien s'est dép;fares38210;fares38210;753737406;;Question technique;2024;10;13;4
1,84E+18;2024-10-04 13:52:48+00:00;@free j'ai passé 20mn avec un conseiller au téléphone pour lui expliquer que je ne souhaitais pas payer une facture qui va jusqu'au 31 octobre alors que ma résiliation sera effective le 11 octobre. Il m'a bien fait comprendre que je n'étais plus clie;MargauxTano;M;1,49E+18;;Autre;2024;10;13;4
1,84E+18;2024-10-04 14:14:05+00:00;@mehdi_benadel @free @Freebox @Free_1337 Askip c’est tout le quartier de koenig ils m’ont dit rétabli le 7 octobre ça fait 3 jours j’ai plus aucune connexion j’ai envie de tout brûler;Sabrinoush67200;sabrinoush;1,62E+18;;Question technique;2024;10;14;4
1,84E+18;2024-10-04 14:32:41+00:00;Ça marche chez vous ? @Freebox #freebox;arale_norimakii;Arale;1,64E+18;;Autre;2024;10;14;4
1,84E+18;2024-10-04 14:43:51+00:00;@free d'après la carte fibre de l’equipementier passé dans mon village , ma maison est éligible à la fibre mais quand je vous demande la fibre vous me dites le contraire par mail. On fait comment, je vais chez un concurrent ou je vais réussir à av;Reverend_Jo;JeSuisFatigué;169199526;;Question technique;2024;10;14;4
1,84E+18;2024-10-04 15:31:22+00:00;Bonjour @free @Freebox vous bossez aujourd'hui ? Car depuis ce matin 9h, pas de réponse de votre part. Vous êtes plus réactif pour me facturer 10e supplémentaire tous les mois sans m'en avertir... et contre mon consentement...;__KSmash;K;234027496;;Autre;2024;10;15;4
1,84E+18;2024-10-04 15:39:44+00:00;Ça va aller, essaye de lâcher prise.;free;Free;252263949;;Autre;2024;10;15;4
;;;;;;;;;;;
;;;;;;;;;;;
1,84E+18;2024-10-04 16:21:58+00:00;@free     je crois que je vais passer chez la concurrence hein  je paye 45 euros par mois ça fait chère quand meme https://t.co/A25PG0IeNc;Flow0490;Florent;1,33E+18;;Autre;2024;10;16;4
;;;;;;;;;;;
1,84E+18;2024-10-04 16:48:49+00:00;bon pour avoir de la 4G qui marche chez free on doit faire quoi 🫠@free @Freebox;Zaza_Styles5;Kenza 🌺;1,24E+18;;Autre;2024;10;16;4
1,84E+18;2024-10-04 16:56:48+00:00;@Freebox les techniciens qu’on a au téléphone c’est des incapables. le mec me demande de débrancher et rebrancher ma box, j’attends 5min, 10min, il parle pas, je demande ce qu’il en est et plus de réponse ! je fais quoi moi ? @Xavier75 @free;cedric_cuny_;ced’;1,13E+18;;Réclamation RDV;2024;10;16;4
1,84E+18;2024-10-04 16:58:48+00:00;"""Freebox POP : 76 ✂️ coupures internet en une journée, record battu ! Et maintenant plus du tout d internet...Merci Free, j'ai vraiment 😫 rien compris."" \n\n@free @Freebox @free @Xavier75 https://t.co/7NpobPguGb";jras_63;Tahitibob63;1,07E+18;;Plainte service;2024;10;16;4
1,84E+18;2024-10-04 17:29:40+00:00;@free j'adore free pr le prix mais alors qu'est-ce que le service est nul sur hotline et en boutique ! L'IA n'aura pas de mal à remplacer vos hotline vu le type de réponse que l'on a . Être courtois est bien mais ne pas réussir à résoudre les probl�;dorzyo;dorzyo;124511841;;Plainte service;2024;10;17;4
1,84E+18;2024-10-04 19:25:04+00:00;Cela fait 3 jrs que j’ai plus internet chez moi. Je désabonne de @free c’est fini. J’ai eu le même coup l’an dernier.;mayima_;MAHALIA;7,88E+17;;Autre;2024;10;19;4
1,84E+18;2024-10-05 04:07:10+00:00;Est-ce qu’il y a des conseillers capables de me répondre chez @free ?\n\nJe suis victime d’une sorte d’arnaque de votre part @Freebox;Elbanca;Pacifique FILAS;442955766;;Autre;2024;10;4;5
1,84E+18;2024-10-05 07:07:50+00:00;@Freebox depuis le 02 octobre nous sommes plusieurs à ne plus avoir internet ( incident collectif) impossible d'avoir des nouvelles sur l'avancement et impossible d'avoir qqun au service client normal ? @Xavier75 un peu plus d'humain serait bien...;fawazleila2;fawaz leila;1,17E+18;;Plainte service;2024;10;7;5
1,84E+18;2024-10-05 07:55:21+00:00;@Freebox \nVoilà une semaine que nous sommes coupé du monde suite à des incidents sur notre ligne!!!\nAucunes réponses de Free si ce n'est sur la prise en charge de l'incident !!! Aucun numéro de téléphone afin de parler à autre chose qu'une messa;joeprevel;Joël Prevel;1,65E+18;;Autre;2024;10;7;5
1,84E+18;2024-10-05 08:04:53+00:00;Cela fait aujourd'hui un mois que nous sommes privés d'internet.\n\n@free est dans l'incapacité de résoudre le problème et de nous donner un délai, c'est effarant.\n\ncc @UFCquechoisir @Arcep;SO3HSbF5;SO3H.SbF5;3091658986;;Plainte service;2024;10;8;5
1,84E+18;2024-10-05 08:11:35+00:00;@Freebox je n’arrive pas a rétracter mon abonnement 😃 et votre ligne téléphonique ne me permet pas de le faire;comptexrumi;Rumi;1,44E+18;;Autre;2024;10;8;5
;;;;;;;;;;;
1,84E+18;2024-10-05 09:10:24+00:00;PUTAIN NIQUE VOS  MERES LES PUTES @free je paye 50€ pour être déco en pleine game ptn;tpoommm;tom;1,27E+18;;Autre;2024;10;9;5
1,84E+18;2024-10-05 10:37:17+00:00;Ma Freebox est bloqué a l’étape 2 depuis 24 heures, est ce que c’est normal @free @Freebox;Daaav__;D.;1387896289;;Autre;2024;10;10;5
1,84E+18;2024-10-05 15:17:26+00:00;Message en rimes riches à @free https://t.co/3cptJYyUde;CharlieMP_Blue;♦︎ Les Cordes Vibratoires ♦︎;1,48E+18;;Autre;2024;10;15;5
;;;;;;;;;;;
;;;;;;;;;;;
1,84E+18;2024-10-05 16:56:09+00:00;@Xavier75 @GroupeIliad @free @Free_NvAquit @Freebox\n\nMerci Free pour ces plus de 20 ans de cohabitation, Internet et téléphonie.\nJ'ai eu Free, parce que j'avais tout compris mais il aura fallu le passage à la fibre et la volonté d'un changement de ;seb_al;Seb Al;483716801;;Question technique;2024;10;16;5
1,84E+18;2024-10-06 07:27:28+00:00;@free bonjour, ça serait bien de régler vos problèmes d'adsl... Internet qui se coupe toutes les 5 10min, c'est chiant;DrNossTV;M8 Noss;1,48E+18;;Plainte service;2024;10;7;6
1,84E+18;2024-10-06 08:24:55+00:00;@Freebox hey freebox un débit de 1.70 Mbit/s en téléchargement pour 32€/mois en fibre c'est normal ? \nJe suis sur Tarbes (65000);fight_nhl;NHL Fight TV;1,44E+18;;Question technique;2024;10;8;6
1,84E+18;2024-10-06 12:00:11+00:00;@free allo à l'aide vous pouvez rétabli la connexion internet avec ma box svp ça fait depuis vendredi aprem la @Freebox c'est quoi votre soucis bande de fainéant;Nasssssuuu;🌑🐈‍⬛;9,25E+17;;Demande d'aide;2024;10;12;6
1,84E+18;2024-10-06 15:33:58+00:00;je paye 55€/mois faut vraiment m'expliquer là @free https://t.co/wqpfyIzn19;chersmokes;BMS | إيمان 🌹★★;1513737564;;Autre;2024;10;15;6
1,84E+18;2024-10-06 16:30:03+00:00;@Freebox  on n’a aucune réponse malgré toutes nos sollicitations, est-ce qu’il y a un problème ? https://t.co/lQGkGBx9Lj;nazgulinet;Nazgulinet;585594016;;Plainte service;2024;10;16;6
1,84E+18;2024-10-06 17:29:47+00:00;@zoneadsl_panne\n@free\n@Freebox\nJ'en ai assez de la freebox elle ne marche plus du tout depuis 3 jours, ni internet, ni tv sans raison !!! Je suis obligée de payer une clé4G pour internet......;afvfcf;amelief;4320696682;;Plainte service;2024;10;17;6
1,84E+18;2024-10-06 18:56:37+00:00;@free c’est vraiment des trdbl ça fait 3 semaines ma grand mère elle a pas de fibre ça t’envoie des techniciens bien cons qui coupent la fibre des voisins et ils te font la même quand un voisin appel mdr j’comprends après pourquoi y’a des gen;t_alaarcon;Thomas 🇮🇹;8,09E+17;;Question technique;2024;10;18;6
1,84E+18;2024-10-06 19:19:30+00:00;5 jours de travaux qui étaient sensés en durée 3, les techniciens sont partis sans nous rebrancher pitié à l'aide @free @Xavier75;Saluuudo;BMS | Resaca;8,73E+17;;Réclamation RDV;2024;10;19;6
1,84E+18;2024-10-06 22:00:58+00:00;@free @Freebox je résilie tout demain ☺️☺️ j’ai pris rdv avec un technicien pour mardi et le rendez-vous s’annule tout seul ! Non merci ! Pas de réseau « fibre » depuis vendredi c’est indécent ! Des suggestions d’autres opérateurs ;dearchriss_;Chris크리스;7,24E+17;;Question technique;2024;10;22;6
;;;;;;;;;;;
1,84E+18;2024-10-07 07:26:56+00:00;Bonjour @Freebox  @Free_1337 On a plus de fibre depuis presque 1 semaine sur Strasbourg aux alentours de la route des romains, vous avez des infos ?;GrumoBlog;Grumo Blog;192667334;;Question technique;2024;10;7;0
;;;;;;;;;;;
1,84E+18;2024-10-07 09:56:32+00:00;@Freebox Moyen de récupérer la Télé et la Connexion ??;zBlackk__;𝐁𝐥𝐚𝐜𝐤ʲᵏ⁷🖤🇰🇷 CHAMPION D'EUROPE ❤️💙;1,10E+18;;Question technique;2024;10;9;0
1,84E+18;2024-10-07 10:12:10+00:00;@Freebox normal de plus avoir internet et TV ? Panne générale ?;GP_1899;FORZAOM;495421158;;Plainte service;2024;10;10;0
1,84E+18;2024-10-07 10:15:04+00:00;@free avec free vous avez tous compris. N'y allez pas. J'attends toujours un dépannage depuis 3mois;Benj2638;Hebrard Benjamin;1,38E+18;;Autre;2024;10;10;0
;;;;;;;;;;;
1,84E+18;2024-10-07 14:44:41+00:00;bonjour @dnatweets il y  une grosse coupure internet Free tout autour des travaux du tram de la route des romains à Strasbourg et ça depuis 5 jours, apparemment personne n'a d'info (aucune réponse de @Freebox ou @Free_1337). Vous êtes au courant de quelques chose ?;GrumoBlog;Grumo Blog;192667334;;Plainte service;2024;10;14;0
1,84E+18;2024-10-07 14:45:42+00:00;T’es chez Free ?\nMmmmmh…… https://t.co/xCKqnjlGou;free;Free;252263949;;Autre;2024;10;14;0
;;;;;;;;;;;
1,84E+18;2024-10-07 15:03:11+00:00;Déjà comment ça se fait on est chez @free depuis 2006 et on a pas de cadeau de fidélité genre une télé de fou ?;OmaewaYass;𝔏𝔞𝔪𝔞𝔯™;8,72E+17;;Question technique;2024;10;15;0
;;;;;;;;;;;
1,84E+18;2024-10-07 15:37:31+00:00;@Freebox ce serait possible d'avoir un retour mon ticket incident tjrs en cours bloqué sur étape 2 mais aucune information depuis ce matin 9h.;fafatwiter;Fabien;803007252;;Autre;2024;10;15;0
1,84E+18;2024-10-07 16:41:21+00:00;@free @Free_1337 @Freebox  encore une fois tout le #aveyron se retrouve sans internet free. Ca arrive au moins deux fois par mois en ce moment. la qualité de service est de plus en plus déplorable https://t.co/zoX8mniDh4 .;neofutur;Neo Futur;488223944;;Autre;2024;10;16;0
1,84E+18;2024-10-07 16:52:00+00:00;Je dois attendre une semaine pour avoir un technicien pour qu’il intervienne chez moi car la box fonctionne pas… @free on va pas être copain, ça sent la séparation !;Yoyopsg;Yo Verratti;235763119;;Réclamation RDV;2024;10;16;0
;;;;;;;;;;;
1,84E+18;2024-10-07 18:39:33+00:00;@free j'en peux plus de vous sah c'est trop chiant https://t.co/KoSX5kYOOl;Braizefn1;braize;1,38E+18;;Autre;2024;10;18;0
1,84E+18;2024-10-07 18:54:24+00:00;@Freebox coucou. Y'a quelques bugs dans l'appli iOS Free et le site mobile qui empêchent de saisir une heure de RDV Free Proxi, je peux faire suivre ça à qui ?;jy;J-Y;1012981;;Plainte service;2024;10;18;0
1,84E+18;2024-10-07 19:09:00+00:00;@free Messages les 5/9 et 7/9 via WhatsApp, mais non lus donc AUCUN retour : 1ère année et des problèmes TV + Mobile = Méga Déception !!!;ELYNE95;Evelyne P.;1396648891;;Plainte service;2024;10;19;0
1,84E+18;2024-10-07 22:18:14+00:00;MA CO QUI CRASH JUSTE AVANT SPARKING ZERO ! @Freebox JE VOUS AIMES, MAIS LA JE VAIS TOUT CASSER AHHHHHHHHHHHHH https://t.co/S5VmYqCd5p;JordananasTV;Ananace.🍍;1004967806;;Autre;2024;10;22;0
1,84E+18;2024-10-08 06:17:56+00:00;hey @free ! c'est fini une semaine je n'ai plus internet, plus de téléphone et plus de télé. malgré plusieurs tentatives de contact votre équipe de Paris Tolbiac n'a pas répondu. est ce la qualité de service que vous visez ?;rejsmont;Radoslaw Ejsmont;114738018;;Autre;2024;10;6;1
1,84E+18;2024-10-08 07:21:51+00:00;@Freebox bonjour, je n'arrive pas à avoir quelqu'un au téléphone. Suite à une coupure sur ma ligne j'avais rendez vous avec un technicien vendredi mais le rendez vous à été annulé et je ne sais pas pourquoi. Pouvez-vous m'aider ? Merci;Roxanezero;Leucosia.;406398722;;Plainte service;2024;10;7;1
1,84E+18;2024-10-08 09:09:22+00:00;@free on vous appelle pour un problème on nous dit vous aussi vous avez un accident technique est-ce que c’est sérieux ça ???;tsunami_josuke;🇵🇸🃏;1,42E+18;;Plainte service;2024;10;9;1
1,84E+18;2024-10-08 09:52:56+00:00;"Toujours aussi peu sérieux @freebox cloture ligne, materiel retourné et reçu par Free le  6 aout mais reception d'un sms le 2 octobre :Bonjour Veuillez renvoyer votre matériel Freebox (ligne ***) en recommandé à ""Freebox Résiliation C/O PUBLIDISPATCH";webphil59;Phil;114461461;;Autre;2024;10;9;1
1,84E+18;2024-10-08 10:25:32+00:00;Bonjour @free @Xavier75,\nC’est normal que mon adresse soit éligible à la fibre chez @bouyguestelecom @Orange_France et @SFR mais pas chez vous ?\nIl y a deux mois, un technicien Free m’avait dit qu’il y a eu du retard sur la commande de la route optique mais toujours pas de news…;manu_zebi;Manu ;3821367617;;Question technique;2024;10;10;1
1,84E+18;2024-10-08 10:40:18+00:00;4ème coupure d'Internet et réseau mobile en moins de 15 jours @Freebox Rien contre vous au contraire mais ça commence à faire beaucoup. Vous voulez pas mettre des grosses clôtures électriques pour éviter les sabotages ? 😂;RagnarGames13;🎮Gamer_Spirit🎮;248493449;;Plainte service;2024;10;10;1
1,84E+18;2024-10-08 12:05:32+00:00;ca faisait longtemps que ca n'était pas arrivé, mais la perte de synchro et blocage en etape 3 sur la ligne @Freebox après plusieurs anomalies ces derniers jours, ca exaspère\nTicket ouvert, mais technicien centre d'appel totalement malpoli.;mallozhruz;Mallozh Ruz🙏🏻;2970347524;;Réclamation RDV;2024;10;12;1
1,84E+18;2024-10-08 12:21:29+00:00;"""Chez Free, on résout les problèmes en un clin d’œil : on vous explique que c’est toujours la faute de l’opérateur historique ! 🔄 #ServiceClientPremium #ProblèmePasRésolu""\n\n@Free_1337 @free @Freebox @Xavier75 https://t.co/il669Zejvb";jras_63;Tahitibob63;1,07E+18;;Plainte service;2024;10;12;1
;;;;;;;;;;;
1,84E+18;2024-10-08 14:05:03+00:00;A tout les techniciens @free @Orange_France et autres . Ça vous fait vraiment pas chier de débrancher quelqu'un qui a besoin d'internet pour mettre un autre a la place et ça 5 fois en 1 semaine ?!;xXDeeZy21Xx;Damien;220614301;;Réclamation RDV;2024;10;14;1
1,84E+18;2024-10-08 14:43:40+00:00;@free bonjour il est impossible d’avoir un conseiller au téléphone ?;fivoire;Bel Flo;589346064;;Autre;2024;10;14;1
1,84E+18;2024-10-08 14:45:38+00:00;Fuck @free et leur co de merde;Blessing_blesse;ΨBlessingΩ 🇳🇬 (🇫🇷🇪🇸);1,12E+18;;Autre;2024;10;14;1
1,84E+18;2024-10-08 15:11:49+00:00;Mdrrr depuis que je suis passée chez @free ma wifi bug constamment c’est insupportable;RajahMeow;𝕾𝖆𝖗𝖆𝖍 🧚🏼‍♀️;185363201;;Plainte service;2024;10;15;1
1,84E+18;2024-10-08 15:16:31+00:00;Bonjour @freemobile ça environ 15 jours que je suis sans connexion. 15 jours que votre service client me balade d'excuses en excuses. C'en est assez. Une intervention a été faite, a privé et prive mon logement d'internet. Vous vous bougez un peu le popotin ?\nCordialement.;zedanrocks;Dan;56160490;;Plainte service;2024;10;15;1
1,84E+18;2024-10-08 16:14:21+00:00;@Freebox #fibre @free #nice\nBonjour Free,\nComment ont fait quand l'immeuble où j'habite a Nice n'est fibré par aucun opérateur ? Des connexions en ADSL en bas débit, fin 2024 ça pique !  Rue barberis, 06 Nice;thieumphone;Ordre_66;490909343;;Question technique;2024;10;16;1
1,84E+18;2024-10-08 17:02:42+00:00;@Freebox pouvez vous m'expliquer pourquoi il n'y a que les chaînes du groupe Canal+ qui ne fonctionnent pas;vmf21462;🇫🇷JOURDAIN Patrick🇫🇷 #TeamPatriotes🇷🇺🇮🇱;1031069827;;Question technique;2024;10;17;1
1,84E+18;2024-10-08 18:33:57+00:00;@freebox ptn ma box saute tous les 5min la vous faites quoi;CapasPasca2523;Picsy;1,71E+18;;Autre;2024;10;18;1
1,84E+18;2024-10-08 19:07:29+00:00;Salut @free @freemobile ^^\nEst-ce que vous trouvez ça normal que ça fait deux jours que la connexion se coupe comme par hasard à la même heure ? ^^ Et sans avertissement (une spécialité de free) ^^;Shiro__Yue;Yue;1,57E+18;;Question technique;2024;10;19;1
1,84E+18;2024-10-08 22:56:23+00:00;@Freebox MA BOX POURQUOI JE LAG JSUIS EN RANKED ZEBI;nesssssyyyyyy;nessy;2364736474;;Question technique;2024;10;22;1
1,84E+18;2024-10-08 23:26:38+00:00;"@Freebox voilà une fois de plus en plein film plus de réseau 😡 même après avoir redémarrer la box, cette dernière reste bloquée sur ""authentification de la freebox en cours"" ça fait 1/2heure..😡 Après on ns dira q la fibre c'est plus fiable ";MilooGlt;Miloo;1,24E+18;;Question technique;2024;10;23;1
1,84E+18;2024-10-08 23:34:23+00:00;Hello @free @freemobile @Freebox @Xavier75 \n\nJ'ai remarqué que vos services Free et Free mobile semblait souvent tomber sur cette tranche d'heure \n(00h30/1h00) Pendant une 30aine de minutes environ, avez vous une explication ou s'agit t'il d'un défaut matériel ?;Hugo_Miskine;ĦɄ₲Ø ;;;;;;;
1,84E+18;2024-10-09 07:13:33+00:00;@Freebox tous les soirs on va plus avoir de réseau \nLundi coupure à 21H37\nMardi à 20H52\nPlus de téléphone \nPlus d’internet \nCode postal 32170\nLaguian Mazous;haeven32170;expatdu06;7,80E+17;;Plainte service;2024;10;7;2
1,84E+18;2024-10-09 09:58:51+00:00;Après 15j sans fibre parce qu'au PM les câbles se sont débranchés tous seuls...\nAprès la réparation hier...\nJ'ai à nouveau ma box en étape 2 ce matin.\n#free #freebox @Free_1337 @Freebox;OlivLiliv;Takeshi Kovacs;139380180;;Question technique;2024;10;9;2
1,84E+18;2024-10-09 18:29:19+00:00;@free remettez nous la co le soir , après 21h on a plus de co genre mdr !;AdamRamos512433;Adam Ramos;1,76E+18;;Autre;2024;10;18;2
1,84E+18;2024-10-09 18:35:43+00:00;Salut @free , client depuis maintenant quasiment 20 ans, bah ça fait 20 ans que j'ai de l'ADSL. En 2024, est-ce que, habitant en pleine ville (Clermont-Ferrand), je peux oser rêver obtenir un débit meilleur que 15mbps ?\nPitié, faites quelque chose dans mon quartier ! :'(;quentik;Quentin;19488473;;Question technique;2024;10;18;2
1,84E+18;2024-10-09 23:34:30+00:00;Il se passe quoi sur votre réseau ces derniers jours ? Seconde fois de la semaine que je n'ai plus rien ni sur la box, ni sur ma puce mobile.\n(Haute Garonne)\n\nHeureusement que mon boulot me fournit un second tel avec une sim @orange pour hotspot\n\n@Freebox @free @freemobile;ByGsantax;Gsantax;1504948616;;Autre;2024;10;23;2
1,84E+18;2024-10-10 07:39:47+00:00;@free honteux!\nHabitante Juilly, ça fait 1 semaine que je suis sans réseau ni TV, on les appelle, seule réponse : faut patienter car nous n'avons aucune solution.\nJe me déplace en boutique,0 solution à part qu'on pourra me rappeler à partir d'aujo;DieutreCeline;Céline Dieutre;1,45E+18;;Autre;2024;10;7;3
;;;;;;;;;;;
1,84E+18;2024-10-10 08:30:49+00:00;Free @free c'est une arnaque et des escrocs.  Évitez de vous abonner chez ce fournisseur. Meme si les tarifs sont attirants. Souvent des pannes sans dédommagement, surfacturations abusives et un service client incompétent ou inexistant.;amhr_koubari77;AMHR;7,34E+17;;Plainte service;2024;10;8;3
1,84E+18;2024-10-10 08:37:02+00:00;Je suis fatigué de @free @Freebox . Ça fait un mois que je subis des déconnexions quasiment tous les jours\n\nQuelle erreur d’avoir quitté Orange, qui a la meilleur ligne de France, pour cette merde qu’est la ligne Free ! https://t.co/rxyoTEmeuq;KenkiEdits;𝒌𝒆𝒏𝒌𝒊.🌹;3376490265;;Question technique;2024;10;8;3
1,84E+18;2024-10-10 08:51:02+00:00;Quand je mets mon tel en ne pas déranger et que personne ne me dérange. https://t.co/OIrPKLuqWJ;free;Free;252263949;;Autre;2024;10;8;3
;;;;;;;;;;;
;;;;;;;;;;;
1,84E+18;2024-10-10 10:09:25+00:00;@free vous êtes une vraie blague je vous jure;pxacx4;sunshine;1,40E+18;;Autre;2024;10;10;3
1,84E+18;2024-10-10 10:51:51+00:00;@Berti_Milliard Il y a un décalage son/image sur @Eurosport_FR 1. Possible de corriger ça svp ? #HomeOfTennis;PseudoAbdel;Abdel;7,70E+17;;Demande d'aide;2024;10;10;3
1,84E+18;2024-10-10 11:11:50+00:00;Je suis passée chez @free pour mon entreprise, le réseau est instable, que ce soit mobile ou internet box et le pompon, j'ai ouvert un ticket à l'assistance depuis 1 semaine et n'ai toujours pas été rappelée. N'allez JAMAIS chez @free !;marion_dhm_rh;Marion Ledéan Durel;475887099;;Plainte service;2024;10;11;3
;;;;;;;;;;;
1,84E+18;2024-10-10 11:23:01+00:00;@Freebox  4 mois sans internet chez Free et toujours aucune solution. Aucun suivi, aucune transparence. Comment est-ce possible qu’ils soient incapables de donner une simple date d’intervention ? #FreePanne @free;YassineTA6;Yassine TA;1,33E+18;;Plainte service;2024;10;11;3
1,84E+18;2024-10-10 11:29:29+00:00;@bouyguestelecom j’ai plus de wifi depuis bientôt 2h alors que je suis en télétravail ??? On fait comment là ?;InesRavineau;bouh;7,47E+17;;Question technique;2024;10;11;3
;;;;;;;;;;;
1,84E+18;2024-10-10 11:31:36+00:00;Je languis… 😒 \n\n#free #freebox ⁦@Freebox⁩ https://t.co/oqJsm0ngyz;BorisBloche;ßØ®️I$;521565564;;Autre;2024;10;11;3
;;;;;;;;;;;
;;;;;;;;;;;
1,84E+18;2024-10-10 13:02:47+00:00;@Freebox Vous êtes au courant que ça va bientôt faire une semaine que j’ai plus d’internet vous reportez votre dépannage au lendemain depuis samedi. Avec tout le respect vous êtes énervant hein.;oroshinaha;LAHIPS WSH;2981489273;;Autre;2024;10;13;3
1,84E+18;2024-10-10 13:52:42+00:00;#C8 @C8TV sur free tv les paroles sont décalées par rapport aux images : suis je la seule à avoir ce problème ? épisode de Barnaby  @free;didi69220159758;di di;1,65E+18;;Plainte service;2024;10;13;3
1,84E+18;2024-10-10 14:29:16+00:00;@Freebox bonjour, un répéteur wifi ça met 1 semaine à arrivé ? Ça fait depuis le 4 octobre que j’ai été prélevée mais rien reçu même pas de message de suivi rien;288_689;zey;1,61E+18;;Question technique;2024;10;14;3
1,84E+18;2024-10-10 15:48:39+00:00;C’est fou ces techniciens fibres @Orange_France @bouyguestelecom @free @SFR @Arcep @Fibre31HG qui ne savent pas rebrancher correctement les prises lors de leurs interventions. \n2 fois cette semaine. 😤;Lemateurdabimes;Flo LMA;301280754;;Question technique;2024;10;15;3
1,84E+18;2024-10-10 16:45:36+00:00;Je commence à craquer avec ce service client nul à chier de @free ! Ça fait 2 semaines qu’ils doivent faire remonter l’information à leur supérieur comme quoi je n’ai plus d’internet du tout chez moi via ma @Freebox … https://t.co/JEi4HO1920;rioTAAANK;rioTAAANK;1,26E+18;;Plainte service;2024;10;16;3
1,84E+18;2024-10-10 17:02:00+00:00;Je viens d'avoir la fibre de chez @free chez moi mais le fixe il marche toujours pas c'est normal? Ça fait ça depuis ce matin;l3abassia22;L'3abassia🇩🇿🇵🇸;1,12E+18;;Question technique;2024;10;17;3
1,84E+18;2024-10-10 17:12:23+00:00;Quelle blague la fibre #free @Freebox https://t.co/hBVqU0niGY;Flo_90;Flo90;73185923;;Question technique;2024;10;17;3
;;;;;;;;;;;
1,84E+18;2024-10-10 17:34:31+00:00;svp y’a pas quelqu’un ici qui bosse chez free ?????????? @free;jabvt9;jade;1,14E+18;;Demande d'aide;2024;10;17;3
1,84E+18;2024-10-10 20:03:15+00:00;@Freebox plus de connexion internet depuis le 9 octobre 20h21, incident ouvert et à ce jour aucune information, aucun être humain pour répondre, WhatsApp sans aucun retour.\nIncident ouvert et zéro communication.\nQue se passe-t-il ?;fdoiteau;doiteau francois;393196442;;Question technique;2024;10;20;3
1,84E+18;2024-10-11 06:55:06+00:00;@Freebox donc nous on prend rdv et vos techniciens ne viennent pas, pour nous facturer c’est facile mais pour qu’ils viennent c’est autre chose;crlmjxo;hayden! ♡;7,80E+17;;Réclamation RDV;2024;10;6;4
1,84E+18;2024-10-11 07:46:12+00:00;@Freebox @free @xavier75 pas d'internet depuis lundi - aucune information et pas d'assistance - je vais devoir changer le fournisseur pour rétablir mon internet;c00lyman;c00lyman;14107074;;Autre;2024;10;7;4
1,84E+18;2024-10-11 08:23:00+00:00;Bonjour @free @Xavier75 \nVous êtes vraiment des gros con ! Vous faites passer un technicien pour changer le raccordement de mon logement sans me prévenir et sans mon accord !!! Avant même que j’ai pu réceptionner la box ! C’est quel genre de service ca ?!;jobe_64;jb;1488473863;;Réclamation RDV;2024;10;8;4
1,84E+18;2024-10-11 11:03:48+00:00;Devinez qui a ENCORE perdu internet ?? @Xavier75 @Freebox faut agir là;R1RT_35;Rirteez;8,54E+17;;Autre;2024;10;11;4
1,84E+18;2024-10-11 12:03:00+00:00;@free le numéro que vous appelez n'est plus en service. En tête d'un courrier de chez vous... Va falloir la com'... En plus numéro payant, aucun moyen de vous appeler sans payer !!! https://t.co/aMVF2OPHcJ;Pirolyx;PIROLYX;1729268282;;Autre;2024;10;12;4
1,84E+18;2024-10-11 13:03:54+00:00;Bonjour @Freebox depuis plusieurs jours (avant #Kirk), je constate une grande dégradation de mon débit fibre. Que dois-je faire ? Est-ce un soucis dû à la météo ou autre chose ? Merci @Free_1337;danganbass;Fabrice Petard;51729581;;Question technique;2024;10;13;4
1,84E+18;2024-10-11 15:14:54+00:00;@free j’ai un problème;ExjetaimeMcCoy;ExJetaimeMcCoy;9,89E+17;;Plainte service;2024;10;15;4
1,84E+18;2024-10-11 17:27:37+00:00;@Freebox bjr. Je viens à l’instant de m’abonner à Free et de résilier Orange. J’ai des questions à\nVous poser. Un conseiller peut il m’appeler ?;FMunerol;Frederique Munerol;1157313330;;Autre;2024;10;17;4
1,84E+18;2024-10-11 18:44:35+00:00;@free je vous souhaite que du malheur https://t.co/NkdySujY06;ArabeSympa;n (3-2);1,56E+18;;Autre;2024;10;18;4
1,84E+18;2024-10-11 20:03:50+00:00;Je sens que je vais changer de FAI moi... 🤬 @free;VallooValloo;🇨🇵Valloo🇫🇷✝️#Frexit;3172669984;;Autre;2024;10;20;4
1,85E+18;2024-10-12 07:11:47+00:00;@free pq j’ai 200 de ping depuis que jsuis chez vous on est en 2006 les gars ?;maisonfantome;mudboy;1,79E+18;;Autre;2024;10;7;5
1,85E+18;2024-10-12 07:41:52+00:00;Bonjour @Freebox, ça fait 2mois que j'ai fais une demande de migration pour passer a la Freebox ultra.Malgré plusieurs relances via  mon espace client j'attends toujours la box + le rendez vous avec un technicien J'attends encore une semaine et ensuite je pars chez la concurrence;ScorPI0912;Scorpion;1,06E+18;;Réclamation RDV;2024;10;7;5
1,85E+18;2024-10-12 08:54:32+00:00;Help ! J'ai besoin de votre aide @freemobile @free @Freebox \nSi t'as Free, t'as tout compris... mais moi, je comprends plus rien: 3 semaines sans boxe et 2 semaines sans réseaux téléphonique et pas une explication, une alternative, rien ....Tu parles d’une liberté ! #panne;ALDEM78039551;AL DEM;1,52E+18;;Plainte service;2024;10;8;5
1,85E+18;2024-10-12 09:21:43+00:00;@Free_1337 @free bonjour,\nIl y a une pénurie de techniciens dans le 04 ? Un rdv pour étape 2 à J+10 ??;Bonetromain1;Bonetromain;9,95E+17;;Réclamation RDV;2024;10;9;5
1,85E+18;2024-10-12 10:24:07+00:00;@free impossible de joindre quelqu’un de chez free, tu passes 5 min a appuyer sur des vieux numero pour etre redirigé vers un conseiller mais le robot a la fin te dit de rappeler plus tard. Bah non en fait;_ROLT_;Ronan LE TALLEC;8,59E+17;;Autre;2024;10;10;5
1,85E+18;2024-10-12 12:06:04+00:00;Ah c'est bien vrai, j'en ai ras le bol de @free ils me font Ch...., des appels toutes les semaines avec des escrocs qui ont un parlé incompréhensible.  Allez tous vous faire foutre !;Benvoyonszzz;Swilaut 💙🤍❤️ 🌿🌿🌿🌿🌿🌿🌿🌿🌿🌿;1,67E+18;;Autre;2024;10;12;5
;;;;;;;;;;;
1,85E+18;2024-10-12 14:17:28+00:00;Je suis chez Free  depuis que je suis arriver en cote d'or et depuis que je suis passez.en fibre j accumule  panne et ralentissement de débit  d d'internet ou des beugues énorme au.niveau service télévision sansnparlez des plateforme comme Netflix  ou primevideo @free;BOUBA0306;besnard;1,76E+18;;Plainte service;2024;10;14;5
;;;;;;;;;;;
1,85E+18;2024-10-12 15:26:53+00:00;@Freebox bonjour  free, ça fait une semaine que je suis en panne de fibre ,  votre conseiller me dit que c est une panne collective dans mon immeuble alors qu aucun de mes voisin de chez free dans mon immeuble sauf moi . Votre assistance de proximité no;TosBytes;Bytes Tos;1,69E+18;;Plainte service;2024;10;15;5
;;;;;;;;;;;
;;;;;;;;;;;
1,85E+18;2024-10-13 09:52:27+00:00;@Freebox refuse de raccorder un couple agé à la fibre parce que Free s'est trompé de numéro de rue. Personne n'habite au zéro de la rue! 🤡🤡🤡;reg6000;6000;1,59E+18;;Question technique;2024;10;9;6
1,85E+18;2024-10-13 12:14:38+00:00;@Freebox : depuis Vendredi 11 Octobre 2024, pas de connections internet. Pourtant avec ma freebox delta j'étais censé avoir un secours 4G. Mais cela ne fonctionne toujours pas. Une solution ?;FrantzPougeol;Frantz Pougeol;1,70E+18;;Autre;2024;10;12;6
1,85E+18;2024-10-13 17:22:32+00:00;@Freebox Mise à jour de la Freebox Révolution... ça rame comme pas possible, naviguer dans la liste des chaînes prend plusieurs secondes... juste après la mise à jour du firmware...;Chris06839490;Chris;1,37E+18;;Autre;2024;10;17;6
;;;;;;;;;;;
1,85E+18;2024-10-14 11:09:42+00:00;@free bonjour j'hesite a passer chez vous le mois prochain quand mon engagement sera fini chez mon ancien fai je souhaite prendre le ultra essentiel \ndans les chaines by canal je voit y'a les eurosport \nil y a t'il aussi les  360 ?dans le doute je deman;anonyme_perdu;Anonyme Perdu;2314206330;;Autre;2024;10;11;0
1,85E+18;2024-10-14 11:19:08+00:00;@Freebox panne à Rueil-Malmaison (92), réseau tombé vers 13h06 pour tout l'immeuble au 15/17 parc Jacques Chirac (entre autre, car plusieurs autres immeubles sur le même raccord);TerraformFrance;Un citoyen lassé 🇫🇷🇪🇺🇺🇦;299246494;;Plainte service;2024;10;11;0
1,85E+18;2024-10-14 11:48:34+00:00;@Freebox panne fibre à Reuil-Malmaison depuis 30 minutes. Freebox bloquée à l’étape 2.\n12 rue du general Noël;ArnaudLeplet;Arnaud Leplet;146221326;;Plainte service;2024;10;11;0
1,85E+18;2024-10-14 11:53:01+00:00;Bjr @microsoftfrance @free \nCela commence à être sérieusement casse-pieds de ne pas pouvoir envoyer de mail d'office 365 vers free\nVous pourriez vous entendre non ? https://t.co/oXa0CYT5i5;erwan9452;Ipfix;436160571;;Autre;2024;10;11;0
;;;;;;;;;;;
1,85E+18;2024-10-14 13:16:06+00:00;wesh @free @Freebox j’suis bloqué a l’étape 2 depuis 3heures là… depuis le 93;darde_discooo;aman 2;1,75E+18;;Autre;2024;10;13;0
1,85E+18;2024-10-14 15:07:03+00:00;@Freebox ...\nFree c de la merde ...\nJ'ai demandé une migration sur une autre box car la mienne déconne il y a plus d'un mois et j'ai toujours pas de nouvelles même pas de date de disponibilité...\nJe pense vraiment que je vais changer d'opérateur;benbenben48;ben;1,54E+18;;Info/Annonce;2024;10;15;0
1,85E+18;2024-10-14 15:32:14+00:00;@free @free SERVICE ASSISTANCE FreeBox @Freebox CA TA STRO PHI QUE !!!! \n\nDemande de raccordement à la fibre DEPUIS le 11 JUILLET dernier ! On est le 14 OCTOBRE ! \n\nRésultat ?  R  I  E  N  -> je précise : RIEN !!!!  #rien \n\nLa seule constante dan;LeChinoir82;PandaBear;2926010199;;Question technique;2024;10;15;0
1,85E+18;2024-10-14 16:23:34+00:00;Il teste son Forfait Free 5G. https://t.co/d9NhHuiiH8;free;Free;252263949;;Autre;2024;10;16;0
1,85E+18;2024-10-14 16:41:12+00:00;@free oh 1h45 que j attend qu un technicien me rappel pour un problème de décodeur sur votre site vous dites 45 minutes pour un nouveau client vous ne marque pas beaucoup de point la !!!;dragonsly9;dragon sly;1,46E+18;;Plainte service;2024;10;16;0
1,85E+18;2024-10-14 16:59:19+00:00;@Freebox bonjour,\nJe finis mon engagement fibre le  07/11/2024 avec mon opérateur actuel. \nÀ quel moment je peux faire un abonnement pour une migration chez vous ?\nPassé cette date ou un peu avant ? \nÀ bientôt;Sedorikku62;/ Sedo / ヅ;16158443;;Question technique;2024;10;16;0
1,85E+18;2024-10-14 19:44:54+00:00;@Freebox vous avez l'intention de faire quelque chose au fait que la box se mette en étape 2 sans raison ni explications ??? #freebox #free @free\nSi je n'ai pas d'explication, je me casse.;StefDark;Loutre;490330383;;Autre;2024;10;19;0
1,85E+18;2024-10-14 23:18:23+00:00;@Freebox on est en 2024 bientôt 2025 c’est pas normal d’avoir des sauts de déconnexions tous les jours et de plus avoir de wifi du tout actuellement…;joujounii;joce;2150818031;;Question technique;2024;10;23;0
1,85E+18;2024-10-15 06:27:44+00:00;Par contre @orange on ne vous dérange pas ? @dgccrf, @60millions un avis ? Par ce que la notion de prix indiqué en gros valable 6 mois sur un engagement de 12 mois, si ce n'est pas une volonté claire de tromper le consommateur, je ne sais pas ce que c'est. https://t.co/ByCDyJN3KC;davlgd;David Legrand ☁️ 🤘;875512466;;Autre;2024;10;6;1
1,85E+18;2024-10-15 06:40:37+00:00;@Freebox cher Free on vous donne un bon *unique* pour retourner *un* colis, mais en fait vous en avez deux : la freebox et son décodeur dans un carton *plein*, et le boitier fibre dans un autre petit carton. On fait comment ? Vous fournissez un plus gros;PLCompeau;Cherryblue;7,30E+17;;Question technique;2024;10;6;1
1,85E+18;2024-10-15 08:29:11+00:00;Sinon @Freebox on peut l’équipe de France mal jouer ? https://t.co/IvoCY8q41x;gawouelle;Gayelle Doll;133495166;;Autre;2024;10;8;1
;;;;;;;;;;;
1,85E+18;2024-10-15 09:17:47+00:00;Devoir résilier @free parce que c’est devenu trop cher 🫠 orhhh proposez quelque chose haaa;why_tafia;why bother 🤷🏾‍♀️;47072797;;Autre;2024;10;9;1
1,85E+18;2024-10-15 10:43:55+00:00;Bon, pas de connexion depuis 48h, je suppose que @free en a plus rien à foutre, bien joué à vous, je vais chez @orange  cet après-midi 🫡;Dkzak831;𒉭 KC DK 𓂀;3380936423;;Plainte service;2024;10;10;1
1,85E+18;2024-10-15 11:44:50+00:00;22 HEURES !!!! J’AI EU LA FIBRE QUE PENDANT 22 HEURES AVANT D’ÊTRE COUPÉ À NOUVEAU \nON DOIT ÊTRE SUR UN NOUVEAU RECORD DE MÉDIOCRITÉ LÀ @free @Freebox 👏🏾👏🏾👏🏾👏🏾;ChrismakerMdg;Troublemaker ™️🦊1️⃣7️⃣;7,12E+17;;Question technique;2024;10;11;1
1,85E+18;2024-10-15 14:15:38+00:00;@free DES VOLEURS JAI JAMAIS VU ÇA DE MA VIE FUYEZ LES;MounirNasri11;Mounir Nasri;9,54E+17;;Autre;2024;10;14;1
1,85E+18;2024-10-15 14:47:33+00:00;Convention annuelle des communautés de Free ce vendredi : Abonnés, posez vos questions à Free ! https://t.co/if3WBSVsz7;UniversFreebox;Univers Freebox;56603918;;Autre;2024;10;14;1
1,85E+18;2024-10-15 15:06:34+00:00;je veux stream @free dépêchez d’installer ma fibre PITIÉ;adele__th;Adèle;1,10E+18;;Question technique;2024;10;15;1
1,85E+18;2024-10-15 15:59:56+00:00;Bonjour @free cela fait bientôt 1 semaine que je n’ai pas accès à mes services (wifi, TV) et cela sans aucune explication. À chaque fois que je contacte le service de proximité on me dit qu’on reviendra vers moi et on ne me propose pas de solution. Pouvez-vous m’aider svp ?;kuffarnaum;b (sun ra’s daughter);1,73E+18;;Demande d'aide;2024;10;15;1
1,85E+18;2024-10-15 16:03:19+00:00;@free votre box de merde que y’a marquer 3c mes couilles vous êtes claquer;Dorian28835;Dorian;1,73E+18;;Autre;2024;10;16;1
1,85E+18;2024-10-15 17:26:53+00:00;@Freebox @Free_1337 Bonsoir ! Freebox bloquée en étape 6 depuis ce matin..;kvn_nd;LookInMyEyes;7,83E+17;;Autre;2024;10;17;1
;;;;;;;;;;;
1,85E+18;2024-10-15 18:00:52+00:00;Chez vous non plus l’application @OQEEbyFree n’a jamais fonctionné sur smart TV Samsung ? @free;ericdupin;Eric Dupin;6629062;;Autre;2024;10;18;1
1,85E+18;2024-10-15 18:10:28+00:00;@freebox @Free_1337  problème depuis ce matin routeur bloqué sur 2 ( sud ouest lyonnais);ElNinoo14;El Niño;9,12E+17;;Plainte service;2024;10;18;1
1,85E+18;2024-10-15 18:27:43+00:00;@Freebox votre truc ne marche pas encore depuis 15:20 faites qq chose;1_spotnik;spotnik;1,71E+18;;Autre;2024;10;18;1
1,85E+18;2024-10-15 19:03:09+00:00;@Free_1337 Problème Etape en région Lyonnais, vous pouvez me dire une estimation de reprise de service ?\n\n@free @UniversFreebox;FeelGoodRun;FeelGood;3845908701;;Plainte service;2024;10;19;1
1,85E+18;2024-10-15 19:23:20+00:00;On sait envoyer des fusées avec space X, mais on est incapable de corriger des bugs sur les replays !!! @M6Groupe et @free vos replays buguent !!!! Ça nous balance des publicités en continue dès que ça coupe le programme !!! Impossible de continuer à visionner ! #free #m6;FloMamaBordeaux;Flo Mama;1,35E+18;;Plainte service;2024;10;19;1
1,85E+18;2024-10-15 19:24:34+00:00;@free bonjour,\nSuite à une panne due à un acte de vandalisme dans mon quartier à Lomme, je suis coupé de la fibre et de la ligne fixe depuis le mois de juillet, c'est bien de dire que vous allez réparé mais il faut rétablir le service. Merci;DJSeb17;SEB 𝕝𝕖 𝕡𝕒𝕟𝕕𝕒 🐼 🐦;1,33E+18;;Plainte service;2024;10;19;1
;;;;;;;;;;;
1,85E+18;2024-10-15 23:25:00+00:00;@free y’a moyen d’arrêter dme couper la wifi A CHAQUE FOIS QUE JFAIS UNE GAME DE OUF PTN JVAIS CÂBLER CEST FOU DE FAIRE CA;candyguytv;Candy;1,57E+18;;Question technique;2024;10;23;1
1,85E+18;2024-10-15 23:30:55+00:00;@free je vais changer d’opérateur tout les 2 jours la connexion se coupe et mon forfait je le paye et je suis bloquer en 3G depuis une semaine;LucasRi30896580;IshioW;1,65E+18;;Question technique;2024;10;23;1
1,85E+18;2024-10-15 23:34:00+00:00;@free vous êtes fou ou quoi à couper la connexion comme ça au gens;ywenbh;ywen🇹🇳;1,28E+18;;Question technique;2024;10;23;1
;;;;;;;;;;;
1,85E+18;2024-10-15 23:34:34+00:00;wesh c'est quoi le probleme avec free???? \n#free #wifi @Freebox @free;victorrrMNG;victorrrrrr 🇫🇮;1,82E+18;;Question technique;2024;10;23;1
1,85E+18;2024-10-15 23:34:53+00:00;@free NI VOTRE WIFI NI VOTRE 5G MARCHE C’EST UNE BLAGUE OU QUOI REMETTEZ VITE LA;haachy12;Ava;1,42E+18;;Question technique;2024;10;23;1
1,85E+18;2024-10-15 23:35:13+00:00;Je vous déteste de toute mon âme @free votre co de fdp c’est une singerie ce que je vous souhaite;Obishiw;Obishi 🐉;1,07E+18;;Autre;2024;10;23;1
1,85E+18;2024-10-15 23:35:15+00:00;@free Rendez mes RR j'ai crash pendant ma game;Yaroo_san;yaro;2999014348;;Autre;2024;10;23;1
1,85E+18;2024-10-15 23:39:20+00:00;@free c'est plus possible vos plantages régulier, je travail sur internet et ça m'empeche de travailler correctement avec mes collaborateur.;YouxiLevrai;Youxi;1,43E+18;;Autre;2024;10;23;1
1,85E+18;2024-10-15 23:42:22+00:00;@free @Freebox va falloir m’expliquer ça fait plusieurs mois la connexion coupe régulièrement certains soir ou la nuit plusieurs heures, defois y’a même plus de réseau;onzk28;GITS;1,29E+18;;Question technique;2024;10;23;1
1,85E+18;2024-10-15 23:50:50+00:00;@Xavier75, franchement, mais sincèrement hein, j’aime trop free ! \n\nMais là j’vais finir par exploser ma box si ma connexion continue de sauter toutes les 10 minutes ! 🤯\n\n@free @Freebox svp dites-moi ce qu’il se passe 😢;Hajiwa00; • 𝑯𝒂𝒋𝒊’;1,29E+18;;Demande d'aide;2024;10;23;1
1,85E+18;2024-10-16 00:12:04+00:00;@free c’est quoi ce bordel encore la régler le bug on paye nous;667_mehdi;Mehdi ⁶₆⁷ (Pro-Jäger);1,21E+18;;Plainte service;2024;10;0;2
1,85E+18;2024-10-16 00:13:40+00:00;@free on paye pourquoi enft;YassPedri;Pedrinho🇲🇦🇵🇸;9,73E+17;;Question technique;2024;10;0;2
1,85E+18;2024-10-16 01:28:11+00:00;@free il se passe quoi avec la co ????????? tu m’aides pas la;BrJefilho;𝕵𝖊 𝕱𝖎𝖑𝖍𝖔;1,15E+18;;Autre;2024;10;1;2
;;;;;;;;;;;
1,85E+18;2024-10-16 07:29:53+00:00;Moi qui attends @free en bas de chez moi pour que le technicien puisse voir ce qui bug, il aurait dû être là y’a 20 min https://t.co/m3D3JANeto;sandrajoudi83;𝒮𝒶𝓃𝒹𝓇𝒶 🌹✨;3397579444;;Plainte service;2024;10;7;2
1,85E+18;2024-10-16 08:17:05+00:00;Les chaînes Eurosport pourraient finalement rester dans les offres Canal+, négociations en cours en vue d’un accord https://t.co/Exw6xru8n7;UniversFreebox;Univers Freebox;56603918;;Autre;2024;10;8;2
1,85E+18;2024-10-16 12:58:06+00:00;.@free @Freebox c’est normal que je paye les 49 euros de résiliation alors que je veux passer de la delta à la pop ???? Pitié je veux juste changer de box vous me prenez 100 balles. En plus vous mettez des pub partout sur le streaming pitié !!!!???;Robb1nho;Rob1;8,56E+17;;Autre;2024;10;12;2
1,85E+18;2024-10-16 13:17:11+00:00;@freebox Merci free qui pour chaque réclamation demande d'envoyer un recommandé à 7 euros, c'est la meilleure celle là , si quelque chose ne va pas un recommandé pour chaques demande de compensation #FREEBOX #FREE;soundnaya;sdn60;182734832;;Autre;2024;10;13;2
1,85E+18;2024-10-16 14:33:39+00:00;Oh free vous êtes des grosses merdes mettre 15min rappel quelqu'un c'est quoi ça @free\nArrêter ma Co sans rien dire vous êtes des fdp comment on se débrouille;Boulebizar;🦎🐢;8,00E+17;;Question technique;2024;10;14;2
1,85E+18;2024-10-16 17:09:08+00:00;Bon ça fait 4 x que j'essaie d'appeler et j'ai pas que ça a foutre en période de Worlds @Freebox un tech à vous ou un boulet d'une autre boîte a littéralement cut m'a fibre pour mettre celle d'un voisin ou j'en sais rien\n\nMoyen de régler ça ? J'ai juste besoin de bosser les derniers éléments du show quand je rentre chez moi quoi ^^;Karnagemvp;Karnage;1925660413;;Question technique;2024;10;17;2
;;;;;;;;;;;
1,85E+18;2024-10-16 18:02:44+00:00;Euh free c’est quoi c’est beug de raison depuis hier ?! @free;etaine1805;ℰ𝓉𝒶𝒾𝓃𝑒 🍁🌞;1560594590;;Autre;2024;10;18;2
1,85E+18;2024-10-16 18:13:30+00:00;#telephonelignefreefonctionneplus\nMon téléphone fix ne fonctionne plus alors que la freebox focntionne @Freebox @free;kadraam;kadraam;566635978;;Autre;2024;10;18;2
;;;;;;;;;;;
1,85E+18;2024-10-16 18:56:16+00:00;Les coupures a répétions, ça commence à me courir sur la haricot. Cerise même l’assistance est bugué pas moyen de faire un ticket. le lien whatapp? en berne!... des années chez vous mais je pense qu'on arrive a la fin @free @Xavier75;sebngaz;sebngaz;1975646372;;Plainte service;2024;10;18;2
;;;;;;;;;;;
1,85E+18;2024-10-16 19:52:38+00:00;"@Freebox pourquoi absence de sous titre dans feuilleton ""un soupçon"" sur fr2 ???";Philois83;LOISON PHILIPPE;1019823192;;Question technique;2024;10;19;2
1,85E+18;2024-10-16 21:47:56+00:00;"Bonjour @free et @Xavier75 , avec mes amis nous avons remarqué que les deux seuls à avoir des ""pertes de paquets"" et ""éclatements de paquets"" sur les jeux en ligne sont ceux qui sont chez Free ... Cela dure depuis pas mal de temps, pourrions nous avoir une solution? Merci !";SPQRoy_Mustang;Roy_Mustang;4602052163;;Autre;2024;10;21;2
;;;;;;;;;;;
1,85E+18;2024-10-16 22:01:55+00:00;@free m’a box wifi a crache on fais comment la;2slmn67;🇦🇫🇵🇸;1,62E+18;;Question technique;2024;10;22;2
;;;;;;;;;;;
1,85E+18;2024-10-17 01:00:54+00:00;@free déconnecter la co encore une 5eme fois en 2-2 bande de fdp juste pour voir un truc;nowkezz28;nonori;1,67E+18;;Autre;2024;10;1;3
1,85E+18;2024-10-17 03:40:07+00:00;@freebox déjà deux jour sans internet à Longeville les metz… pas d’info, pas de solution, pas possible de travailler. Est ce que vous faites quelque chose ?;part2reussite;Stéphanie Schmitt;56385390;;Autre;2024;10;3;3
;;;;;;;;;;;
;;;;;;;;;;;
;;;;;;;;;;;
1,85E+18;2024-10-17 10:13:04+00:00;@Freebox\n\nL'étude Jean Benzaken et Associés m'a contacté, et soit dit en passant, sans explication, mal aimable et malpoli.. au sujet d'une facture de 190e par rapport à du matériel que je ne vous aurais pas renvoyé, hors j ai bel et bien déjà r;Isa_BelleGueule;IsaBelleGueule;1,23E+18;;Autre;2024;10;10;3
1,85E+18;2024-10-17 10:21:39+00:00;Bonjour @free moyen de me contacter pls en gros la fibre est installé faut juste la brancher mais vous louez le truc à sfr donc pls moyen de contacter sfr pour leur dire de venir me brancher ( j’vous suis si vous voulez me contacter en pv );snowy_freal;LFT snowy;1,79E+18;;Question technique;2024;10;10;3
1,85E+18;2024-10-17 10:38:41+00:00;"Plus d'une heure au tel avec le SAV @free et bien 50min que le conseiller ne me parle plus!!! que fait @Xavier75 de ses équipes??? Une honte pour ce ""conseiller"" de se moquer ainsi du monde. Est-il payé au temps passé en ligne??? #easymoney https://t.co/K53w4d5Rc7";BrewsImmo;Brew's immobilier;7,60E+17;;Autre;2024;10;10;3
1,85E+18;2024-10-17 13:34:08+00:00;@free vous êtes mort ?\nLe Cm est parti aux soirées de p. Diddy pendant 15 j ?\n\nFaut nous expliquer pourquoi toutes ses coupures d'internet ??\n\nFaites pas les aveugles 🥸;fakkirroun;soulflay;9,45E+17;;Plainte service;2024;10;13;3
1,85E+18;2024-10-17 14:40:53+00:00;Bon @Freebox ça fait 3 jours sans internet, on fait quoi maintenant ?;IliasLec;ilias;9,73E+17;;Autre;2024;10;14;3
;;;;;;;;;;;
;;;;;;;;;;;
1,85E+18;2024-10-17 15:18:45+00:00;Je dirais même que tu mérites 350 Go.;free;Free;252263949;;Autre;2024;10;15;3
1,85E+18;2024-10-17 15:46:55+00:00;@Freebox je n’ai plus d’Internet depuis lundi 14 octobre suite à un soi-disant « incident technique ».\n\nSachez qu’à la fin du mois je résilie et je passe chez @Orange_France \n\nY’en a marre.;itsyaboiOrion;D’Orion;1,62E+18;;Autre;2024;10;15;3
1,85E+18;2024-10-17 17:46:13+00:00;Plus d’@EurosportFrance live sur la TV by canal à partir du 14/11 😭. \nC’est justement pour ces chaînes que j’avais pris cette option, du coup @free @Xavier75 vous baissez le prix !!?;scoty49;Yoann ™;256001790;;Autre;2024;10;17;3
1,85E+18;2024-10-17 17:56:38+00:00;@free hello, je jette une bouteille a la mer, je voudrais migrer (oui c'est dans l'ère du temps) mon offre, d'une révolution a la pop\nJe vais en boutique on me dit d'aller sur mon espace mais .... How do I do? #help #rodolphedefree https://t.co/dK5SesC;Tylerdurden760;Tyler durden;1,55E+18;;Demande d'aide;2024;10;17;3
1,85E+18;2024-10-17 19:02:32+00:00;@Freebox plus d’Internet depuis le 26 septembre. Impossible de joindre vos services par téléphone car un ticket est déjà ouvert donc je dois attendre. Via WhatsApp, quand j’envoie des messages, j’ai des retours 2jours après. A ce jour service, ;raph20201;raph2020;1,19E+18;;Réclamation RDV;2024;10;19;3
1,85E+18;2024-10-17 20:29:29+00:00;@Freebox panne fibre 49120;lechantdesmots;lechantdesmots;1,73E+18;;Plainte service;2024;10;20;3
1,85E+18;2024-10-17 20:47:45+00:00;@free Un prestataire @orange passe chez moi et me dit que la fibre est surchargé dans mon quartier, il propose de décharger la ligne pour une meilleure connexion à condition de passer chez orange ?!?!?\nQu'en dite vous ???;KitklatF;KiTkLaT;1,57E+18;;Question technique;2024;10;20;3
1,85E+18;2024-10-17 21:39:41+00:00;@free un jour j’pourrai jouer à fifa en bonne et due forme ? Ou faut que j’aille voir chez la concurrence si la connexion est de meilleure qualité ?;Ness92izi;Nemesis;4069935863;;Question technique;2024;10;21;3
1,85E+18;2024-10-18 05:30:21+00:00;Énième panne générale de @free sur mon département et les départements voisins. Ils aiment mettre le bordel surtout sur leurs infra. J’ai jamais eu autant de panne d’accès au net https://t.co/QrIWHFsA0g;olivier_bro;Olivier Bro;1,41E+18;;Plainte service;2024;10;5;4
;;;;;;;;;;;
1,85E+18;2024-10-18 08:04:33+00:00;@Free_1337 @Xavier75 @Freebox \n\nMa Freebox encore en panne j’ai souscrit au backup internet mais rien fonctionne \n\nQuand allez vous rendre stable la connexion sur le répartiteur CAV12 ?\n\nhttps://t.co/jko6n2OUQT\n\n#Rembourser #NulFreeANant;Enzo_SAQUET;EnZoSaQ12 ;2825524744;;Plainte service;2024;10;8;4
1,85E+18;2024-10-18 08:08:31+00:00;@Free_1337 @Freebox  Une grande partie de l'Aveyron et du Lot est privée d'internet depuis hier soir 23h. Y a-t-il un délai de rétablissement prévu ?;cm3r;Cmer ⎈ 🐳;292378372;;Autre;2024;10;8;4
;;;;;;;;;;;
;;;;;;;;;;;
1,85E+18;2024-10-18 09:25:04+00:00;@free  c’est normal qu internet coupe depuis 3 jours mais quand on appelle le service client tout est normal ?;KareemDerouich;Karim D;954049016;;Plainte service;2024;10;9;4
1,85E+18;2024-10-18 09:39:26+00:00;@free Abonnée free box révolution, plus aucuns accès aux replays. Free me répond que cette box est trop ancienne pour supporter les replays. Je suggère de prendre la pop la seule avec adsl ! réponse. Il n'y en a pas de dispo! je fais quoi? réponse!;cathyfrfr;frigoli;8,40E+17;;Autre;2024;10;9;4
1,85E+18;2024-10-18 09:55:10+00:00;@free @Freebox  jusqu’à quand allons nous devoir nous retrouver en difficulté ? Sans internet sans tv alors qu’on paie 70€ par mois ? Je dois attendre jusqu’à demain pour une solution vu que j’ai rien d’autre à faire de mon week-end ? Je n;Sdnour20;Sandi.nour;1,65E+18;;Réclamation RDV;2024;10;9;4
1,85E+18;2024-10-18 10:05:00+00:00;#JeuConcours 🎁\n\n@Eurosport_FR , diffuseur officiel du Rolex Paris Masters vous fait gagner 2x2 places pour les demi-finales, le samedi 2 novembre 🎾\n\nPour participer :\n👉Follow @OQEEbyFree \n👉Follow @StreamMaxFrance \n👉 RT ce post\n\nTirage au sort le 25 octobre 🍀 https://t.co/NJnNkB6BEt;OQEEbyFree;OQEE by Free;1,37E+18;;Autre;2024;10;10;4
1,85E+18;2024-10-18 10:07:45+00:00;Se fou pas un peu de la gueule @Freebox 😅 https://t.co/qVJ86yijBw;IronTUX;Laurent (iT-REXpert);161195786;;Autre;2024;10;10;4
1,85E+18;2024-10-18 11:20:37+00:00;@Freebox après plusieurs appel avec vos conseillers le problème persiste sans aucune amélioration https://t.co/lMCyLYx3eF;Evans_mp4;Evans Falck;7,26E+17;;Plainte service;2024;10;11;4
1,85E+18;2024-10-18 13:42:41+00:00;@Free_1337 @Freebox @Xavier75 Voici\nCela fait 3 jours que nous sommes privés de service @Freebox (118 foyers touchés) à cause d’un problème de coupleur. Aucune information sur un délai de rétablissement malgré nos demandes. #Free #ServiceClient;ben_bencorp;Benjamin;298021507;;Plainte service;2024;10;13;4
1,85E+18;2024-10-18 13:44:24+00:00;@Freebox Bonjour, Je n'ai plus d'internet depuis le 20/09/2024 et personne pour résoudre mon problème (fibre coupée à 95m de mon domicile) et ce malgré mes nombreuses sollicitations et vos conditions générales d'abonnement que vous ne respectez pas;geraldrodrigu13;gerald rodrigues;828917532;;Plainte service;2024;10;13;4
1,85E+18;2024-10-18 15:58:04+00:00;Bonjour @Freebox, je rencontre des difficultés avec votre assistance qui n’est pas satisfaisante. Pouvez-vous me contacter en DM pour résoudre cela rapidement, merci.;SalimDjellab;Salim DJELLAB;1,32E+18;;Autre;2024;10;15;4
1,85E+18;2024-10-18 16:34:08+00:00;@Freebox il faut faire quoi pour faire bouger un statut de livraison de colis. Depuis Mardi ma box est installé et câblée mais votre outil déconne et je nai plus d'internet. Au secours...;PasdSalaire;Sephiroth;494479165;;Autre;2024;10;16;4
1,85E+18;2024-10-19 03:15:16+00:00;@Freebox sont les plus nul , j’ai un débit catastrophique, je capte même pas le wifi à fond à 4m de la box et quand je leur demande de venir vérifier sur place il chipote, tous sa avec leur soit disant meilleur box fuyez vite …;Loud_Darkman;🏀⚽️💫Darkman;2409614053;;Question technique;2024;10;3;5
1,85E+18;2024-10-19 09:57:18+00:00;@free jvais bientôt retourner chez oranges qui son bien meilleur @Orange_France https://t.co/3GKIJGNfMf;raptor_bang;Raptor;1,56E+18;;Autre;2024;10;9;5
1,85E+18;2024-10-19 11:00:43+00:00;Mdrrrr @Freebox donc comme c’est le week-end, vous ne pouvez pas faire de raccordement?? Donc le technicien intervient aujourd’hui, mais je n’aurai internet que Lundi??\n\nQuelle incompétence!!!!;_Damah_;🥨Barthélemy Berger🥐;2415926012;;Réclamation RDV;2024;10;11;5
1,85E+18;2024-10-19 11:32:37+00:00;@free en fibre c’est tellement instable;Emreketurr;Yetmisdört;2225705893;;Plainte service;2024;10;11;5
1,85E+18;2024-10-19 11:53:38+00:00;@free En fait vous êtes tout autant incapables que SFR;M4ster_twix;Sagittarius;7,67E+17;;Autre;2024;10;11;5
1,85E+18;2024-10-19 12:12:53+00:00;"Quand @canalplus ne fait aucun effort pour comprendre que je ne vais pas payer 3 mois de Février à Avril 2024 quand j'étais à @orange car je suis passé chez @free au mois de Janvier tout en prenant un abonnement Canal+...\nNon je ne vais pas payer deux fois!\nEt je veux ""My Canal""";ericlethomas;jeanjacqueslethomas;1,27E+18;;Autre;2024;10;12;5
1,85E+18;2024-10-19 12:18:18+00:00;Bonjour @Xavier75 \nJ'ai payer 600 petard pour lancer une demande de fibre ou on ne me répond même pas un peu c pas super sérieux si j'ai pas la fibre ya moyen de me rembourser les 600 balles \nEh merce xavier \nCordialement moi même \n@free;brutos77;Zozo57;8,20E+17;;Question technique;2024;10;12;5
1,85E+18;2024-10-19 13:17:43+00:00;Le réseau @Freebox en panne chez vous aussi ? J’ai plus internet chez moi 😭;chinoir__;Chinoir;1459692535;;Plainte service;2024;10;13;5
1,85E+18;2024-10-20 05:32:55+00:00;@Freebox bonjour \nMa télé comme de ma freebox révolution est cassé j’en voudrais une nouvelle comment cela ce passe si je veux me la faire livrer à domicile ?\nMerci;TheLadyCat9;TheLadyCat9;1128230654;;Question technique;2024;10;5;6
;;;;;;;;;;;
1,85E+18;2024-10-20 12:47:00+00:00;@Free_1337 @Freebox @free Vous faites vraiment payer pour le backup 4g alors que j'ai des pertes de connexion plusieurs fois par mois et que j'ai votre abonnement le plus cher et que vous retirez Disney+ dans pas longtemps ?;FenrisseCSGO;MrUnknownZepam;2354606365;;Question technique;2024;10;12;6
1,85E+18;2024-10-20 14:11:20+00:00;Est-ce que Eurosport 1 et 2 sont incluses dans l'abonnement Freebox Pop ? Si non, comment peut-on l'avoir chez Free ? @Freebox ? @Free ?;GuyD_Mastouille;GuyD;1,24E+18;;Question technique;2024;10;14;6
1,85E+18;2024-10-20 14:19:38+00:00;Non free par contre vous abusez hein ça fait presque 2 semaines qu’on a plus de wifi on les appellent ils nous répondent juste d’attendre depuis 💀;i_nayaaa_;إِنَيَة 🤍;1,27E+18;;Question technique;2024;10;14;6
;;;;;;;;;;;
1,85E+18;2024-10-20 16:38:25+00:00;@free vous pouvez m'aider?\nÇa fait 30 jours que ma box ne fonctionne plus.;Chpii45229;chiitaa;1,73E+18;;Autre;2024;10;16;6
1,85E+18;2024-10-20 17:38:54+00:00;donc là j’ai plus de wifi jusqu’à mercredi @free vous servez à quoi au juste https://t.co/Nng7dEE819;winotheslug;a$ap ★;1,67E+18;;Question technique;2024;10;17;6
1,85E+18;2024-10-20 17:40:53+00:00;Résilier un abonnement @Freebox pour une personne décédée c'est constater que l'humanité ne fait pas partie de leur charte...\n1/ Sur le site c'est indiqué de faire un courrier recommandé, mais l'adresse n'est pas indiquée...;cneqma;cenestquemonavis;7,12E+17;;Autre;2024;10;17;6
;;;;;;;;;;;
1,85E+18;2024-10-20 19:23:17+00:00;@Freebox \n@free \n@free\nC'est quasiment tous les jours ça devient très énervant : https://t.co/2ntrxPAggx;Fredo384450;Fredo038;7,09E+17;;Autre;2024;10;19;6
;;;;;;;;;;;
1,85E+18;2024-10-20 19:36:37+00:00;4 mois que j'ai plus internet chez moi, une backup internet que j'ai eu en vous soûlant pour me dépanner mais qui se déconnecte toutes les demies heures !!\nToujours taxer malgré 0 service !!\nAucune remise aucun geste !!\nC'est normal ? @free @Freebox @freemobile;cerkez_turist;Çerkes Turist ;872234702;;Plainte service;2024;10;19;6
1,85E+18;2024-10-20 20:38:38+00:00;@free Bonjour, j'aurai besoin de vous poser une question en pv svp cordialement;iciKekeGaga;Life is a game/movie/serie/book🎮🃏🎲♟️🎞️📸📖;232567390;;Demande d'aide;2024;10;20;6
1,85E+18;2024-10-20 20:46:35+00:00;Dis @free j'ai pris l'offre TV by canal pour @Eurosport_FR . Dans quelques jours c'est fini. Tu proposes quoi en remplacement?;Telepeache;PHT;2876601989;;Autre;2024;10;20;6
1,85E+18;2024-10-21 07:21:48+00:00;Client va en agence @free pour déménager ligne, confirmation que l'actuelle restera jusque fin du mois : ce matin coupure !!\nLà encore, quel niveau de SEVISSE CLIENT @Xavier75 ? \nHeureusement, prêt de mon hotspot 4G ici, sinon plus de télétravail.\nHaut niveau d'incompétence ! https://t.co/8aY71jaNq4;Monwifi_fr;Monwifi.fr;48688621;;Plainte service;2024;10;7;0
1,85E+18;2024-10-21 09:51:36+00:00;Bonjour plus d’internet depuis ce matin quel est le problème ? Merci 🙏 @Freebox @free;PitG_Officiel;Pit-G-Officiel ⭐️⭐️🇫🇷🇫🇷;847199978;;Plainte service;2024;10;9;0
1,85E+18;2024-10-21 12:00:58+00:00;@Freebox c’est possible de résoudre mon problème de box ??;kxtishou;Katou 🌙;1,07E+18;;Plainte service;2024;10;12;0
1,85E+18;2024-10-21 12:16:50+00:00;Bonjour @free\n\n #FREE #free @Xavier75\n\n #xavier75 @Free_1337\n\n #free_1337 @villepoissy\n\n @Les_Yvelines\n\n @Prefet78 https://t.co/1CDk2Lke8U;maymeric;Aymeric MAHIET;235246871;;Autre;2024;10;12;0
;;;;;;;;;;;
1,85E+18;2024-10-21 14:45:24+00:00;Presque 50minutes avec le service client @free @Freebox et le conseiller m’a coupé depuis plus de 15min, sans explication ! C’est une honte. Comment avoir accès aux enregistrements ? @60millions https://t.co/eqbZJkcgg9;MOUSTROU_Peyo;P.Moustrou;899248663;;Plainte service;2024;10;14;0
1,85E+18;2024-10-21 15:00:45+00:00;@Freebox ça y est vous n’apportez plus aucune assistance à vos abonnés ? Impossible d’avoir un suivi malgré 50€ de frais de mise en service ?\nOn me raccroche au nez avant même d’avoir un conseiller, personne qui répond sur WhatsApp assistan;juliechrlt;Julie Charlotte;3063827891;;Autre;2024;10;15;0
1,85E+18;2024-10-21 15:02:21+00:00;Les gros clowns de chez @free, 5 rendez-vous techniciens dont 3 annulés sans me prévenir et repoussés de 2 jours, tout ça pour qu’un me propose un échange de box après le 5eme rendez-vous, et que le seul matériel défectueux de ma box ne soit pas fourni avec\nTROP DROLE !! 🤡🤡🤡;GetKurse;𝕂𝕦𝕣𝕤𝕖;9,77E+17;;Réclamation RDV;2024;10;15;0
;;;;;;;;;;;
1,85E+18;2024-10-21 15:55:19+00:00;@free et @Freebox\nC'est donc ceci la nouvelle définition du service client?\n#free #freebox #France #internet https://t.co/vmxQaeB1VV;AGBODO_K;Kossi AGBODO;493311587;;Plainte service;2024;10;15;0
1,85E+18;2024-10-21 19:15:55+00:00;Salut @free et @UniversFreebox .\nOqee fonctionne sous Xiaomi mibox s ( 2d gen ) ?\n#freebox;cochonvenere;Nono;1,70E+18;;Autre;2024;10;19;0
1,85E+18;2024-10-21 20:27:59+00:00;merci @sfr NTM LA PUTE;algtv_;alg.;1,55E+18;;Autre;2024;10;20;0
1,85E+18;2024-10-21 21:34:02+00:00;@Xavier75 depuis que j’ai ma nouvelle box @free je n’arrive plus à piloter ma domotique à distance avec mon téléphone. Une solution ?;Guvenipek4;Gven;1,38E+18;;Info/Annonce;2024;10;21;0
1,85E+18;2024-10-21 23:23:50+00:00;@Freebox , normal ? Rupture réseau Freebox et free mobile depuis 1 h du mat sur muret haute Garonne ?;Meysso_seb;Meysso Seb Belette;271343871;;Autre;2024;10;23;0
1,85E+18;2024-10-21 23:25:13+00:00;Panne Free dans le 78 … @Freebox @Xavier75 https://t.co/ocGM9aZhJP;NEOARCHEO;NEO;14901078;;Plainte service;2024;10;23;0
;;;;;;;;;;;
1,85E+18;2024-10-22 00:21:32+00:00;@free pire opérateur internet! Tout les 2/3jours panne générale pas de tv pas d’internet réseau a chier pire que SFR et de treeeeees loins! 2mois que j’ai free j’en suis a au moins 20 ou 25 panne total! Adieu et RE BONJOURS @Orange_France https:;BustaR67;BustaR67;119928103;;Plainte service;2024;10;0;1
1,85E+18;2024-10-22 08:46:31+00:00;@free @Freebox bjr vous trouvez ça normal qu’on me fasse payer des frais de résiliations alors que j’ai indiqué avec preuve du dépôt de plainte avoir perdu mon travail suite à du harcèlement sexuel et physique à mon poste et que de ce fait je ;justdwaeki;𝓪𝓱𝓼𝓮𝓷 𝓮𝓾𝓷𝓷𝓲𝓮 𐙚;1,65E+18;;Autre;2024;10;8;1
1,85E+18;2024-10-22 09:04:34+00:00;@free, @freemobile  une communication par rapport à ceci ? Merci.\nhttps://t.co/ZfCgSoGUxo;xbeaudouin;奇伟;476141622;;Autre;2024;10;9;1
1,85E+18;2024-10-22 09:48:47+00:00;"🚨🔴CYBERALERT, 🇫🇷FRANCE 🔴 | 19M de comptes et 5M d'IBAN de l'opérateur téléphonique Free mis en vente sur le ""Amazon de la cybercriminalité""\n\nHier nuit, un cybercriminel a mis en vente deux bases de données supposées appartenir à Free :\n👉 l'une comportant 19 192 948 de comptes clients\n👉 l'autre constituée essentiellement de 5,11M de coordonnées IBAN\n\nIl n'y a pas de prix affiché. Le cybercriminel appelle les intéressés à négocier avec lui et en passant via un système d'escrow - comprendre système permettant de garantir la transaction !\n\nUn échantillon a été fourni en plus de captures d'écran...\n\nOn retrouve des informations assez sensibles dans cette base de données comme :\n\n👉 Nom,\n👉 Prénom,\n👉 Numéro Téléphone,\n👉 Adresse postale complète,\n👉 Date de naissance,\n👉 Email\n👉 ...\n\nCe supposé piratage et fuite d'informations concernerait les clients Free Mobile et Freebox.\n\nLa fuite d'information daterait selon le cybercriminel de la semaine dernière... à savoir le 17 octobre 2024.\n\nIl est aussi à noter que le profil du cybercriminel a été créé hier...\n\nDernièrement, bcp de ""cybercriminels"" procèdent de la manière en créant leur compte juste avant publication d'infos/piratage/cyberattaque/fuite de données sur la France.\n\nA prendre donc avec des pincettes en attendant conformation. Une autre pratique qui a le vend en poupe, et que je pointais il y a quelques semaines, demeure la génération d'info en s'aidant de l'IA.\n\n⚠️Si c'est avéré ce serait une nouvelle hécatombe après le hack de SFR il y a quelques semaines...\n\n💡 Par principe de précaution, voici quelques conseils, et ce serait l'occasion pour vous si vous êtes chez Free, d'appliquer une passe de sécurité pour votre vie privée numérique  :\n\n📌 Changez vos mots de passe\n\n📌 Utilisez un gestionnaire de mots de passe / coffre-fort numérique\n\n📌 Activez le fameux MFA/2FA (c'est ce code que vous recevez la plupart du temps par sms pour confirmer un achat par internet)\n\n📌 Mettez à jour vos systèmes (ordi+tel)\n\n📌 Ne cliquez pas sur des liens reçus par SMS ou par email\n\n📌 Ne téléchargez pas de logiciels craqués ! Ils sont piégés et contiennent des stealers (infostealers) qui vont pomper tous vos identifiants et mots de passe\n\n📌 Restez vigilants\n\n📌 Alertez votre entourage (parents, grands-parents, etc.)\n\nCybèrement vôtre,\n\nSaxX ¯\_(ツ)_/¯";_SaxX_;SaxX ¯\_(ツ)_/¯;948065251;;Info/Annonce;2024;10;9;1
1,85E+18;2024-10-22 09:54:29+00:00;Cela reste à confirmer par @free/@Free_1337, mais il semblerait que des données soient sorties de chez eux… 😦\n\nSoyez vigilants !;AlphaGeekV2;AlphaGeekV2 (Steff) ◢◤;397195087;;Autre;2024;10;9;1
1,85E+18;2024-10-22 09:57:31+00:00;Après SFR... c'est Free !\n\nQui sera le prochain opérateur avec des ventes d'IBAN... Bouygues ?;P4mui;P4mui ;1420358808;;Autre;2024;10;9;1
;;;;;;;;;;;
1,85E+18;2024-10-22 10:19:05+00:00;Bonjour @free il serait utile d'avoir une communication rapide de votre part pour savoir si c'est vrai ou une intox;gchampeau;Guillaume Champeau;23457312;;Autre;2024;10;10;1
;;;;;;;;;;;
1,85E+18;2024-10-22 10:41:28+00:00;Coucou @free, je dois m'inquiéter ou bien ?;Denisss000;Denis ツ;114177932;;Autre;2024;10;10;1
1,85E+18;2024-10-22 10:41:33+00:00;Un hacker revendique le vol des données de 19 millions d’abonnés Free et de 5 millions d’IBAN https://t.co/9iCDvR1edi;UniversFreebox;Univers Freebox;56603918;;Autre;2024;10;10;1
1,85E+18;2024-10-22 11:22:53+00:00;Potentielle violation de données massive subie par @Freebox ? Auriez-vous plus d'informations, @Xavier75 ?;Hedteur;Hedteur/Hedi;584723974;;Autre;2024;10;11;1
1,85E+18;2024-10-22 11:32:19+00:00;C’est sympa de nous donner des conseils comme activer le MFA/2FA mais y’a pas de MfA chez Free @lesjoiesducode @_SaxX_ \n\n@free @Xavier75 merci de nous informer de la véracité de cette fuite de données. Genre vous savez pas chiffrer un mdp ?;potti_jaguar;Jaguarine;1,06E+18;;Autre;2024;10;11;1
1,85E+18;2024-10-22 11:39:40+00:00;🚨 Énorme fuite de données chez Free 🚨\n\nUne base de données clients Freebox/Free Mobile serait en vente sur un site spécialisé !\n\nSi cela est avéré, 19,2 millions de clients pourraient être concernés, ainsi que 5,11 millions d’IBAN !\n\n@Free_1337 des infos ? https://t.co/6Ss12SWtRS;TiinoX83;Tiino-X83;158739202;;Autre;2024;10;11;1
1,85E+18;2024-10-22 11:53:52+00:00;Bonjour @free à quand la communication sur la cyber attaque que vous avez subie et la fuite de données ?;UnKmerQuiTweet1;🇨🇲;1,14E+18;;Autre;2024;10;11;1
1,85E+18;2024-10-22 12:10:00+00:00;Bonjour @free @Xavier75 c’est vrai ?\n- et si c’est vrai il faut nous expliquer avec les termes simples quelles mesures avez vous pris pour protéger nos données et quel geste commercial vous effectuerez pour les abonnés au vu de cette éventuelle faille de sécurité ? Merci par avance;ntwolfmother;Nat de Wolf;493031776;;Autre;2024;10;12;1
1,85E+18;2024-10-22 12:15:11+00:00;EUHHHH ..... @FREE ??;hideunwon;히든원;1,66E+18;;Autre;2024;10;12;1
1,85E+18;2024-10-22 12:32:30+00:00;Bonjour @free @Freebox, j'ai 6 déconnexions en un mois sur ma ligne Freebox. Six fois que votre technicien se déplace pour me rebrancher et à chaque fois je suis débranché 24h après. Il serait temps de missionner un technicien qui s'occupe correctement du dossier non ?\nÇa coûte !;SylvC83;S Crouzet;19782096;;Question technique;2024;10;12;1
;;;;;;;;;;;
;;;;;;;;;;;
1,85E+18;2024-10-22 13:06:51+00:00;@illaninspire @Xavier75 @free C’était pas l’année dernière ça ?;MeloarFreilhec;Meloar Freilhec 🌏🌳🪷🕊️🎗️ 🏳️‍🌈🏳️‍⚧️#🟦;1,41E+18;;Autre;2024;10;13;1
;;;;;;;;;;;
1,85E+18;2024-10-22 13:18:26+00:00;@free @Freebox @Free_1337 le #RGPD impose à une entreprise de déclarer dans les 72h si les comptes de ses utilisateurs ont été compromis...\n\nhttps://t.co/KKG4Q0qXR1;PrRoumanet;pr. Roumanet 🌐🎓💻;4367784801;;Autre;2024;10;13;1
1,85E+18;2024-10-22 13:18:58+00:00;Sachant que ni @LDLC ni @materielnet ne m'ont prévenue que mes données avaient fuité (mais vu le nombre de spam reçu sur leurs alias dédiés... ), j'attends donc les spams de @free (alors que je n'ai pas non plus reçu d'avertissement).\nC'est pas vraiment #rgpd friendly @CNIL;Kitishin;Kitishin;268173109;;Autre;2024;10;13;1
;;;;;;;;;;;
1,85E+18;2024-10-22 13:42:18+00:00;Aaaaaah putain d'merde!!!!\n@free bordel!!!???;KennethJKitsom;Kenneth J. Kitsom;1435753219;;Autre;2024;10;13;1
;;;;;;;;;;;
1,85E+18;2024-10-22 14:07:09+00:00;On fait quoi? @free @Xavier75 ?;12-janv-19;#ruedetrevise;1,21E+18;;Autre;2024;10;14;1
;;;;;;;;;;;
1,85E+18;2024-10-22 14:11:41+00:00;@free, @Xavier75, un mot d’explication peut-être ?;ap3375;AP3375;68148262;;Autre;2024;10;14;1
;;;;;;;;;;;
1,85E+18;2024-10-22 14:22:03+00:00;Ah bah génial @free moi qui venait de faire transférer mes contrats chez vous, un mois après vous vous faites voler des infos clients.;Djoe___;Djoe 🇨🇵;1,53E+18;;Autre;2024;10;14;1
;;;;;;;;;;;
;;;;;;;;;;;
1,85E+18;2024-10-22 14:38:41+00:00;Tranquille @free et @Xavier75;Outman_echarki;jeune entrepreneur;7,67E+17;;Autre;2024;10;14;1
1,85E+18;2024-10-22 14:49:54+00:00;Bonsoir @Freebox des nouvelles sur l’absence de service depuis ce matin dans le 13 ?! \n\nMerci;AurL_Swx;𝑨𝒖𝒓𝑳 ⚡;1,05E+18;;Info/Annonce;2024;10;14;1
1,85E+18;2024-10-22 15:20:38+00:00;Bonjour @free @Freebox Depuis hier midi, la chaîne @equidia numéro 176, l'image n'arrête pas de sauter.\n\nC'est la 1ère fois que cela arrive. J'espère que vous allez rapidement régler le problème car c'est compliqué de suivre une course avec une image qui saute et un son strident comme sur la vidéo.\n\nMerci de retweeter ceux qui ont le même problème pour remonter rapidement l'information. Merci à vous, Bonne journée 🏇🏇;MickaelPinte;Flambeau59 Turf;902211260;;Plainte service;2024;10;15;1
1,85E+18;2024-10-22 15:25:40+00:00;@Freebox  salut bande de blaireaux ! Possible de vous sortir les doigts du derche et de m’envoyer un technicien qualifié pour me raccorder ! J’attends toujours Internet depuis le 28 juin !! Au lieu de m’envoyer vos grosses chèvres de prestataires ;MoOoviciii;tim;4893028498;;Réclamation RDV;2024;10;15;1
1,85E+18;2024-10-22 15:57:02+00:00;depuis le mois de juillet le réseau @free dysfonctionne sans cesse dans le 18e et @free ne fait rien (à part encaisser les abonnements, bien sûr) 💀;CazierJP;Jean-Philippe Cazier;48277407;;Autre;2024;10;15;1
1,85E+18;2024-10-22 16:08:44+00:00;@free Depuis le 3 octobre je n’ai plus d’internet, j’en peux plus !!! Le service client inutile me donne aucune solution chaque fois des excuses différentes et des promesses en l’air !!!;MxlleSoPereira;Doudouille;585865428;;Plainte service;2024;10;16;1
1,85E+18;2024-10-22 16:09:13+00:00;Hey @Freebox j'ai envoyé un message WhatsApp hier à 18h j'ai toujours pas de nouvelles, et toujours pas internet car il y a un câble coupé.;GaetanCopine;Gaëtan Copine;1069436460;;Info/Annonce;2024;10;16;1
;;;;;;;;;;;
1,85E+18;2024-10-22 16:34:54+00:00;@Freebox plus dinternet depuis le 3 octobre !!! Je dois faire quoi passer chez @SFR  ?;MxlleSoPereira;Doudouille;585865428;;Autre;2024;10;16;1
1,85E+18;2024-10-22 17:08:18+00:00;"""Alerte rouge chez #Free ! Les données bancaires de 5 millions de clients en vente sur le web""📍 https://t.co/xu2QAOhjl7 via @pressecitron";RLDI_Lamy;Lionel Costes;297316043;;Autre;2024;10;17;1
;;;;;;;;;;;
1,85E+18;2024-10-22 17:56:38+00:00;Faut le faire pour avoir une pire connexion que @free;jnnr243;JNR;1,12E+18;;Question technique;2024;10;17;1
;;;;;;;;;;;
1,85E+18;2024-10-22 20:43:05+00:00;Combiens seront les prix en 2027 ? @free \nMerci.;Mr_Yaourt_Xw;MrYaourtXw 💪;3231316623;;Autre;2024;10;20;1
1,85E+18;2024-10-22 22:42:32+00:00;@free ça commence a me gonfler les pannes a répétition, je pense que je vais aller chez Bouygues 🤡;Aralissou;Aralissou 🐀✊🏿✊🏽✊🏻;9,28E+17;;Plainte service;2024;10;22;1
1,85E+18;2024-10-22 22:46:23+00:00;@free ya toujours des probleme chez vous c’est incroyable https://t.co/nqIwkGFM2l;092MLBOOA;la F;1,60E+18;;Autre;2024;10;22;1
1,85E+18;2024-10-22 22:48:50+00:00;Ya une panne free ? @free;majin_25;Majin_tv;1,28E+18;;Plainte service;2024;10;22;1
1,85E+18;2024-10-23 00:37:37+00:00;@free pire opérateur 🤬;SarahFN__;.;1,38E+18;;Plainte service;2024;10;0;2
1,85E+18;2024-10-23 06:02:10+00:00;@free C’est bien joli de lire que Free est inventeur et tout le baratin, mais quand il faut joindre Free c’est galère. Après avoir passé en revue les tapez 1, tapez 2 et compagnie, Free vous raccroche au nez. \nSur WhatsApp c’est encore pire. Inc;TessierCarolin8;C_Moi;1,36E+18;;Autre;2024;10;6;2
1,85E+18;2024-10-23 07:51:54+00:00;Donc la tout mon quartier est blacklisté de fibre (???) mais j’ai pas un seul mail de @free pour m’en informer. J’ai juste plus internet et je dois faire les recherches moi même et en attendant il prenne l’argent de mon abonnement. Ça me dégoûte;cestclaudia;.;161303861;;Question technique;2024;10;7;2
1,85E+18;2024-10-23 08:30:14+00:00;@free votre service est nul, sans  wifi et sans téléphone mobile pour les habitants de la ville d’Argenteuil depuis une semaine 0/5. Pas de prise en charge et en plus vous jeter le tort sur @SFR  comme étant votre fournisseur d’infrastructure.;Otm923;Otm92;1,39E+18;;Question technique;2024;10;8;2
1,85E+18;2024-10-23 09:02:01+00:00;Hello @Freebox problèmes de réception de ma chaîne essentielle canal 176 @equidia. Un problème général ? Merci de votre réponse;ctarkos;joel Coché;20541647;;Plainte service;2024;10;9;2
1,85E+18;2024-10-23 09:12:51+00:00;Hello @free pourquoi vous me privez de 5G ou tout simplement de me permettre d’appeler quand je suis à l’extérieur ?\nC’est parce que je me barre bientôt chez la concurrence ?\nMalhonnête vos pratiques commerciales !!!;oiseauduvent;Marie 💫;1,25E+18;;Question technique;2024;10;9;2
1,85E+18;2024-10-23 09:23:09+00:00;Impossible de se connecter à Zimbra Free encore ce matin… y a t-il des soucis ? @Freebox #free #zimbra #mail;FeeSur;La Fée sur le Cèpe;3841323015;;Autre;2024;10;9;2
1,85E+18;2024-10-23 09:46:34+00:00;@free bonjour,\nJe viens de m'abonner à la fibre et je suis déjà à l'étape 4 👍 par contre le rdv avec le technicien est fixé à lundi 28/10/2024 et la Freebox n'est toujours pas partie. Arriveras-t-elle à temps ?;krakoO0;krakoO;2967401027;;Question technique;2024;10;9;2
;;;;;;;;;;;
;;;;;;;;;;;
;;;;;;;;;;;
;;;;;;;;;;;
1,85E+18;2024-10-23 11:17:02+00:00;vachement utile les chatbot, ca fait 4 essais et 1h d'attente comme ca.\n@Freebox au top... (ou pas) https://t.co/hb7v75H4vy;f4tug;F4TUG;7146172;;Autre;2024;10;11;2
1,85E+18;2024-10-23 11:25:23+00:00;@Freebox @free AVEC VOS BRANCHEMENTS SAUVAGES, DE LA FIBRE PAR DES SOUS TRAITANT SANS AUCUN DIPLÔME, VOUS FAITES DE LA MEEEEEEEERDE 💀🤬;Carthagi_one;Le nom ne peut pas être vide.;1,26E+18;;Question technique;2024;10;11;2
;;;;;;;;;;;
1,85E+18;2024-10-23 13:39:16+00:00;@free vous n’avez pas des abonnements, fibre optique, sans décodeur TV comme vos concurrents ?;memsk91;Technicien;1,17E+18;;Question technique;2024;10;13;2
1,85E+18;2024-10-23 14:45:05+00:00;@free coupe encore aujourd’hui ,je ne peux plus bosser et toujours l assitance en PLS et whatapps ...rien le néant !!!;sebngaz;sebngaz;1975646372;;Autre;2024;10;14;2
1,85E+18;2024-10-23 15:17:46+00:00;@free après 12 jours d'attente (le délai prévu est - de 8H sur le contrat) pour 1 ligne PRO et de multiples relances je n'ai toujours pas de réponses, une Freebox  qu'affiche des messages d'erreur 650, une Box 4G+ Backup qui ne se connecte plus au ré;pmj;PMJ™;15131966;;Autre;2024;10;15;2
1,85E+18;2024-10-23 17:30:38+00:00;Un petit indice sur la surprise que lancera Free le mois prochain pour ses 25 ans https://t.co/UaGZMJf7Hx https://t.co/D5UvoHRPjW;UniversFreebox;Univers Freebox;56603918;;Autre;2024;10;17;2
1,85E+18;2024-10-23 17:49:24+00:00;@free @Freebox normal que depuis hier on est que des coupures et plus de wifi ? \nJ’attends des réponses;tibooob93;𓂆;2459516671;;Plainte service;2024;10;17;2
1,85E+18;2024-10-23 18:04:01+00:00;@Freebox on n’a pas eu de connexion pendant 2 heure et pourquoi ?;Merwanle;Merwan Le Saint;2816217659;;Question technique;2024;10;18;2
1,85E+18;2024-10-23 19:11:02+00:00;Pourquoi je ne peux pas voir le match du lille sur @canalplus alors que j'ai la chaine avec la freebox ultra ??? @free;JuskoBDM;Etienne;1262183214;;Question technique;2024;10;19;2
1,85E+18;2024-10-23 19:52:42+00:00;@free des pannes de wifi tous les jours vous allez payer pour mon thérapeute;matthieu505;matthieu ⚓️;1,60E+18;;Plainte service;2024;10;19;2
1,85E+18;2024-10-23 22:01:38+00:00;Encore une panne #Freebox #Freemobile à #cholet. Quelqu'un a des infos sur les raisons ? 🔴;Shinys5;Shining Angel;225432783;;Plainte service;2024;10;22;2
1,85E+18;2024-10-23 22:20:52+00:00;Et allé..... Encore une coupure territoriale de @Freebox..... https://t.co/B3wkqpG9Wh;ECHASSERY;Ewen CHASSERY;2490541617;;Plainte service;2024;10;22;2
;;;;;;;;;;;
1,85E+18;2024-10-23 23:02:39+00:00;"Hello @free je me demandais cette Freebox Ultra, elle est sans coupure internet tous les soirs de minuit à 5 heures ? Comme c'est écrit ""comme un air de jamais vu""";vicofaria73a;Victor Faria;3259266355;;Plainte service;2024;10;23;2
;;;;;;;;;;;
;;;;;;;;;;;
1,85E+18;2024-10-24 11:23:16+00:00;@Freebox bonjour, est-ce normal que je n'ai pas de réseau depuis 10h, j'ai un oral très important à passer et je ne peux pas me connecter. Je suis en h+ alors que normalement,je suis en 5G sur mon forfait mobile donc c'est impossible pour moi de me con;Compas84;Compas;1,09E+18;;Demande d'aide;2024;10;11;3
1,85E+18;2024-10-24 11:25:52+00:00;@free Quand Free refuse de déménager votre abonnement parce que leur matériel est bloqué au point relais depuis plus de 20 jours. Ben tu n'as pas d'autre choix que d'aller voir un autre opérateur non ?;cecyle73;Cecyle;710891789;;Autre;2024;10;11;3
1,85E+18;2024-10-24 11:32:26+00:00;@Freebox Où est passé le sens commercial, aucune réponse par un être humain sur appli et aucune considération par la hotline 3244. Client depuis pas mal d'années box et mobile, contraint de résilier, aucun geste commercial proposé, on préfère pe;Petit_filou_tub;Marian 🔻🇫🇷🇵🇸 (du Bigdil);872320177;;Autre;2024;10;11;3
;;;;;;;;;;;
1,85E+18;2024-10-24 12:30:27+00:00;hello @Xavier75 @Freebox  la ultra marche très bien, franchement merci ! juste un truc, les imprimantes n'aiment pas le 6Ghz, est-ce qu'il y a moyen de séparer la bande passante en 6 et 2,4 pour éviter de tout recâbler pour sortir une impression tout en gardant les perfs du 6GHz?;arsouille;Jérôme Lemarié;23349848;;Autre;2024;10;12;3
;;;;;;;;;;;
1,85E+18;2024-10-24 12:32:47+00:00;Webmail de @free en panne. Impossible de se connecter depuis presque une heure. https://t.co/GEgcvDJmqf;AlexLeMagnifik;Alex Le Magnifique;1,49E+18;;Plainte service;2024;10;12;3
1,85E+18;2024-10-24 13:58:56+00:00;@free vous me faites péter mon crâne sérieux, des pannes tout les jours, toutes les semaines des RDV avec des techniciens qui sont annuler ... Vous jouez à quoi sérieux ?;xLiveYourDreamx;Magou. 🪐🫧;2809301934;;Plainte service;2024;10;13;3
;;;;;;;;;;;
;;;;;;;;;;;
;;;;;;;;;;;
1,85E+18;2024-10-24 16:31:10+00:00;2e technicien qui bouge chez moi pour m'installer ma prise fibre et TOUJOURS pas d'installation de faite pcq les techniciens de @free sont des branleurs\n\nVous misez sur combien de passage avant que j'ai ma fibre sachant que c'est assez urgent ?;MinayPv;MINAY 🙋;1,61E+18;;Question technique;2024;10;16;3
1,85E+18;2024-10-24 17:01:38+00:00;@free j ai plus internet depuis hier 22h50. Impossible de joindre Free, téléphone, assistance Free , et whatsapp aucune réponse.;MegNEPAUL;Meghraj NEPAUL;592676875;;Autre;2024;10;17;3
1,85E+18;2024-10-24 17:44:52+00:00;Bsr @Xavier75. Désolé de vous écrire mais cela fait 03 semaines que mes services @Freebox Ultra Fibre Optique sont HS à Paris 75017 et la date de remise en service est repoussée d’une semaine à chaque fois que je demande. (1/3);jhmaurice;Julien-Henri Maurice;24834420;;Plainte service;2024;10;17;3
1,85E+18;2024-10-24 17:46:21+00:00;@free  Vous mettez 20min à répondre au tel tout sa pour avoir quelqun a l’appareil.. \nEn plus ils nous laissent dans la 💩car il a aucune solution et quand sa commence a lui parler cru il raccroche au nez. On veut la connexion;haskoo_psg;Haskoo_psg ❤️💙;1,09E+18;;Question technique;2024;10;17;3
;;;;;;;;;;;
1,85E+18;2024-10-24 20:56:49+00:00;Les enfoirés de @Free_1337 @free qui m’envoient un spam pour DAZN alors que j’ai explicitement dit non\n\nIls vous payent combien @DAZN_FR pour ne pas tenir compte de l’out_out explicte ? \n\nCoucou @CNIL \n\nEt expliquez nous la différence entre ne pas recevoir et recevoir aucun ? https://t.co/ujORMLjSzV;_fyr;Fyr ☣;76173195;;Autre;2024;10;20;3
1,85E+18;2024-10-24 21:13:57+00:00;@free en l’espace de même pas un mois je rencontre 3/4 coupure internet intempestives ?! Si vous ne pouvez pas me fournir une qualité de service continue je vais devoir résilier;konkroumol;Konkroumolof;1,66E+18;;Plainte service;2024;10;21;3
1,85E+18;2024-10-24 21:32:50+00:00;@Freebox encore plus de fibre comme hier;kakkz350184;diduyps;1,74E+18;;Question technique;2024;10;21;3
;;;;;;;;;;;
;;;;;;;;;;;
1,85E+18;2024-10-25 06:53:52+00:00;@Freebox j’ai besoin d’un renseignement en mp;Obonok1;Obonok;1,22E+18;;Autre;2024;10;6;4
1,85E+18;2024-10-25 07:14:16+00:00;@free décidément... qui coupe la ligne à tord, sans notre accord, c'est la 2eme fois en 1 mois et demi. C'est inadmissible, je n’avais encore jamais vue autant d’incompétence et de je m’en foutisme au meme endroit!!;Roryacnh;𝚁𝚘𝚛𝚢 🌙;1,14E+18;;Autre;2024;10;7;4
1,85E+18;2024-10-25 07:15:55+00:00;@Free_1337 @Freebox une explication concernant les pannes recurrentes la nuit sur la fibre et le mobile sur le sud du Maine et Loire (3 pannes de plusieurs heures en une semaine) ?;twced101;ced101;286120156;;Plainte service;2024;10;7;4
;;;;;;;;;;;
1,85E+18;2024-10-25 09:51:59+00:00;@Freebox \n\nBonjour, pourquoi un pack freeboxpop TV by canal (ce n’est pas une option) souscrit depuis plusieurs années à 44,99€ ne peut il pas être transformé en freeboxpop 39,99€?;freber34;Fred Ber;1,71E+18;;Question technique;2024;10;9;4
1,85E+18;2024-10-25 10:43:12+00:00;2e fois dans la semaine que j'ai plus internet et bien évidemment pas d'intervention avant lundi ! \nInadmissible @Freebox \nEngagez plus de technicien je sais pas ?!;__lissahong;salted fish;2863669979;;Réclamation RDV;2024;10;10;4
1,85E+18;2024-10-25 11:41:17+00:00;@Freebox suite résiliation, j'ai retourné en point relais le matériel. Je reçois un message de votre part m'indiquant que vous n'avez rien reçu + pénalité financière si vous ne recevez pas le matériel.... quoi faire....;Vin_centValence;Vin Cent;3446485763;;Autre;2024;10;11;4
1,85E+18;2024-10-25 13:20:34+00:00;@Freebox bonjour.l'assistance abonné freebox est toujours opérationnelle?;lmondeestfou;🇫🇷⭐⭐n'importe quoi🏆🏆🇫🇷⚽⚽;268725179;;Autre;2024;10;13;4
1,85E+18;2024-10-25 14:22:05+00:00;@free pitié j’ai ni de 5g ni de wifi depuis bientôt 15 minutes qu’est ce qu’il se passe https://t.co/jK6mo3omUb;kab0shi;‏ً;1,54E+18;;Question technique;2024;10;14;4
1,85E+18;2024-10-25 15:34:33+00:00;@free pas de tv, pas d'internet et impossible de joindre l'assistance ! Bravo ça fonctionne bien 😡;pucelily;koko;819381356;;Autre;2024;10;15;4
1,85E+18;2024-10-25 15:57:49+00:00;Je n'ai jamais été autant emmerdé avec la fibre interne, depuis que je suis passé chez @Freebox @free !! Même chez @SFR j'étais pas emmerdé à ce point ! https://t.co/CFbr0mR2J4;Bob3404;Christophe Bob;3643688416;;Question technique;2024;10;15;4
1,85E+18;2024-10-25 16:17:59+00:00;Panne #fibre chez @free sur le 54 depuis deux bonnes heures 😡.\nLes prix de la fibre, eux, ne sont pas en panne !;MichaelKael14;✊🏻 Michael Kael 🏴‍☠️;1,32E+18;;Plainte service;2024;10;16;4
1,85E+18;2024-10-25 16:50:34+00:00;Bonjour @free impossible de se connecter au site aujourd’hui, soit disant que l’identifiant ou le mot de passe est incorrect. Impossible puisqu’enregistré dans mon browser, qui remplit automatiquement ces champs. Que se passe t’il ?;stephanie_srl;Stéphanie;564062293;;Autre;2024;10;16;4
1,85E+18;2024-10-25 16:53:21+00:00;@free \nVu qu'appeler le 3244 ne sert a rien, je vous écris ici. Depuis le moi de mai j'essaie d'être raccordé à la fibre. Tout commence bien avec un rdv rapide. Pas de chance, fourreau bouché. Au 3244 on me dit pas de souci, une autre équipe va ven;MPERRIN73;snowman73;569765225;;Question technique;2024;10;16;4
1,85E+18;2024-10-25 17:40:50+00:00;@free c’est quoi ce bordel même pas un mois et on a plus internet à la maison?;gkybrs10;Gökay;1,17E+18;;Autre;2024;10;17;4
1,85E+18;2024-10-25 17:47:48+00:00;@free Toi aussi tu as tout compris, sauf internet ? #free #panne #internet;aloptimix;Alexandru Munteanu;4186714161;;Plainte service;2024;10;17;4
1,85E+18;2024-10-25 17:54:52+00:00;@free ça va les pannes a répétition ça vous gêne pas vous en tout cas hein ... T'en a marre de payé pour avoir internet a mi-temps seulement !!! Va falloir réglé vos problèmes de serveurs et vite , depuis 16h là c'est en panne dans des milliers ;NicolasNolay;Nicolas;1,50E+18;;Plainte service;2024;10;17;4
1,85E+18;2024-10-25 18:13:57+00:00;@free Une panne le jour de la sortie de BO6 je vous pardonnerai jamais, il est encore temps de pas gâcher ma soirée ça fait 6h maintenant, vos techniciens sont entrain de jouer eux aussi?;AlexandreVoltz;Alex V;483978464;;Plainte service;2024;10;18;4
;;;;;;;;;;;
1,85E+18;2024-10-25 19:09:55+00:00;Merci @free @Freebox pour la panne fibre depuis cet après-midi… Aucune nouvelle mais par contre le prix lui est toujours là 👀;Legolas_HB;Lucas;9,25E+17;;Plainte service;2024;10;19;4
1,85E+18;2024-10-25 19:31:14+00:00;Trop bien la @Freebox qui te coupe internet un vendredi soir, pile quand tu veux te reposer le weekend 🤡;xDarkioE4T;Darkio;3996866181;;Autre;2024;10;19;4
;;;;;;;;;;;
1,85E+18;2024-10-25 19:50:26+00:00;@Freebox la box free et le réseau free fonctionne très mal ,de plus la fibre arrive chez moi avec tous les autres opérateurs sauf free ,je vais devoir changer d opérateur si vous n arrivez pas à suivre .que proposez vous ?;AnneDervout17;charlotte le bris;1,34E+18;;Question technique;2024;10;19;4
1,85E+18;2024-10-25 20:02:34+00:00;@free et sinon vous n'avez pas des infos sur la panne ? Car ça fait 5h qu'on attend la 😅;Inconnudejapris;🇨🇵 Thierry🇨🇵;1,74E+18;;Plainte service;2024;10;20;4
1,85E+18;2024-10-25 20:57:52+00:00;@free effrayant les freebox 1er mois chez eux et déjà plus de réseau internet pas un seul effort ça donne pas envie de rester;Vype_Nicou;Vype Nicou;1,51E+18;;Autre;2024;10;20;4
1,85E+18;2024-10-25 22:10:45+00:00;@free ça va ? On vous dérange pas trop d’avoir des pannes limite toutes les semaines alors qu’on paye tous les mois ? + aujourd’hui avec la sortie de bo6 ?\nFinalement orange m’intéresse de plus en plus et j’pense que je suis pas le seul..;jimmy_wtkns;Jimmy Watkins;1,77E+18;;Plainte service;2024;10;22;4
1,85E+18;2024-10-25 22:19:58+00:00;@free vous pouvez améliorer votre service de connexion ? j’en ai marre des freeze sur mon fut champion;kyzslss;kyz s1plike grAve;1,11E+18;;Question technique;2024;10;22;4
1,85E+18;2024-10-26 07:19:40+00:00;@free @free_1337 @Xavier75 \nMais elles sont où mes données maintenant ? https://t.co/mBdzsYU7ba;AdrienGon62720;Gonzuela;1,73E+18;;Autre;2024;10;7;5
;;;;;;;;;;;
;;;;;;;;;;;
;;;;;;;;;;;
;;;;;;;;;;;
;;;;;;;;;;;
;;;;;;;;;;;
;;;;;;;;;;;
;;;;;;;;;;;
;;;;;;;;;;;
;;;;;;;;;;;
;;;;;;;;;;;
;;;;;;;;;;;
;;;;;;;;;;;
;;;;;;;;;;;
;;;;;;;;;;;
;;;;;;;;;;;
;;;;;;;;;;;
;;;;;;;;;;;
;;;;;;;;;;;
;;;;;;;;;;;
;;;;;;;;;;;
;;;;;;;;;;;
;;;;;;;;;;;
;;;;;;;;;;;
;;;;;;;;;;;
;;;;;;;;;;;
;;;;;;;;;;;
;;;;;;;;;;;
;;;;;;;;;;;
1,85E+18;2024-10-30 08:49:29+00:00;@Orange_conseil @free Messieurs les OI et les OC, je suis raccordable sur demande à la FTTH, donc je vous le demande... Raccordez-mois s'il vous plait. https://t.co/fFBsykSabH;alex033087;Alex Bl;334516253;;Autre;2024;10;8;2
1,85E+18;2024-10-30 10:45:21+00:00;🤳🇫🇷 Selon vous, quel est le pire opérateur en France et pourquoi ?;AlertesInfos;AlertesInfos;9,60E+17;;Plainte service;2024;10;10;2
1,85E+18;2024-10-31 01:26:47+00:00;Freebox je paye un abonnement chaque mois pour qu'au final voila 2h qu'internet a coupé et pourtant j'ai pris votre fibre et tout.\nBref toujours bloqué a l'étape 3 de la box quel service de merde sérieux @Freebox;al_betino;Al Betino;1,41E+18;;Question technique;2024;10;1;3
;;;;;;;;;;;
;;;;;;;;;;;
1,85E+18;2024-11-01 08:25:15+00:00;@free ou l’entreprise de l’arnaque;PKN_studio;🎼PRØD°KRA$T¥~NATIØN🎶;2465881367;;Autre;2024;11;8;4
1,85E+18;2024-11-01 08:29:20+00:00;Si vous faites (comme moi) partie des victimes du vol de données chez @Free_1337 alors je ne peux que vous recommander de lire l'article suivant, puisque chez @Xavier75 on a l'air de s'en battre les reins ⬇️;ponceto91;Olivier Poncet 🦝;7,31E+17;;Autre;2024;11;8;4
1,85E+18;2024-11-01 08:57:25+00:00;@Freebox @free on peu rattâcher une Freebox devialet a un autre compte ultra sans résiliation ?\n\nCordialement.\n\nLe 3244 m'a deja refusé un rattachement d'un autre boîtier tv devialet... https://t.co/9dxIc4ZbXD;dlnraja;dlnraja;183948103;;Autre;2024;11;8;4
1,85E+18;2024-11-01 10:15:45+00:00;N'allez jamais chez free, sa pue la merde, 10 jours sans internet, ils installent des backup qui ne fonctionnent même pas. Plus jamais free ! @Freebox;BonplanIDF75;Bon plan FR;1,45E+18;;Autre;2024;11;10;4
1,85E+18;2024-11-01 19:44:58+00:00;@free Encore une soirée sans internet. Ça fait un an que le problème perdure. Un an que je vous envoie des messages, un an que vous ne faites rien vous ne réglez pas mon problème. L’an dernier une conseillère me dit « août 2023 la fibre arrive ;dubois_jason_77;Dubs_Jas;1,72E+18;;Plainte service;2024;11;19;4
1,85E+18;2024-11-01 19:58:46+00:00;@free @Freebox  je me tape des gros bugs de connexion toutes les 10 minutes malgré mon réseau fibré. Ça commence vraiment à m'énerver là. https://t.co/sUjgUgikzp;CreepyOni_;CreepyOni;3227047615;;Plainte service;2024;11;19;4
1,85E+18;2024-11-01 20:00:22+00:00;@free c normal ma connexion bug alors que d'habitude ça marche bien ?;1MaS_lovebillie;ɪᴍᴀꜱ (ʙɪʟʟɪᴇ’ꜱ ᴠᴇʀꜱɪᴏɴ) 🇵🇸🇫🇷;1,60E+18;;Plainte service;2024;11;20;4
;;;;;;;;;;;
1,85E+18;2024-11-01 20:10:09+00:00;Je regarde la pub @free et je suis en train de me demander si je ne suis pas plutôt abonné a @reef_telecom ?\nJ'ai le player relié a la @Freebox qui saute tous les 1/4 d'heure, impossible de regarder un truc en continu ..\nJe suis reparti sur la TNT 🥴 https://t.co/RV9XZppkK3;TonneFoudre;De_Gilead;1541433085;;Autre;2024;11;20;4
1,85E+18;2024-11-01 21:07:41+00:00;@Freebox  @free Venez privée svp;Nywox75;🏴‍☠️;1,80E+18;;Demande d'aide;2024;11;21;4
1,85E+18;2024-11-01 21:57:47+00:00;@free vous êtes des bons a rien laisser moi jouer à la Play bordel;Thiibau_lt;Tib;1,68E+18;;Autre;2024;11;21;4
;;;;;;;;;;;
1,85E+18;2024-11-02 09:44:09+00:00;Sympa @free \n1 mois que je suis dans mon nouveau logement j ai passer 1 semaine et demi sans réseau ni 5 g et maintenant 3 jour sans box télé \nEt quand on appelé on nous dis que le problème et en cour de traitement \nOn fais comment ?;fontaineantoin8;antoineee✊;1,16E+18;;Plainte service;2024;11;9;5
1,85E+18;2024-11-02 11:36:54+00:00;Allo @Freebox ?? Vous annulez rdv intervention prévue a domicile suite souci connexion  sans me dire pourquoi ! Et zéro info sur mon compte en ligne, rubrique assistance, zéro conseiller joignable ! Contactez moi en mp!;sillon03;sillon03;434217920;;Question technique;2024;11;11;5
1,85E+18;2024-11-02 13:10:47+00:00;@free abonne à la free pop fibre depuis 1 mois … ma fille attend toujours que ça marche !!! Appel tous les jours… problème toujours pas résolu ! Bravo Free! Service client et technique d’une incompétence rare !;Hnry_69;Hnry_69🇫🇷;1,06E+18;;Plainte service;2024;11;13;5
;;;;;;;;;;;
;;;;;;;;;;;
1,85E+18;2024-11-02 14:37:57+00:00;@free ma box qui coupe tous les 3j ça va aussi je peux avoir internet ouuuu ?;ShopeLeLion;PCS Shope Le Lion;3230380570;;Autre;2024;11;14;5
1,85E+18;2024-11-02 14:50:13+00:00;C'est génial @free maintenant tu dois attendre que le conseiller te réponde t'as même plus de contact téléphonique je pense qu'on va très vite changer d'opérateur vous êtes trop des clowns;Risjo_Ozil11;Risjo;2835079091;;Réclamation RDV;2024;11;14;5
1,85E+18;2024-11-02 15:50:41+00:00;@free 2 semaine sans internet catastrophique !;Chareyron12;Chareyron;7,60E+17;;Autre;2024;11;15;5
1,85E+18;2024-11-02 18:26:51+00:00;@freemobile @Free_1337 l assistance free par whatsapp, c'est 1 reponse 3j + tard pour te demander si ton pb est tjrs d actu, et redisparaitre 3j pour recommencer. L assistance par tel, c'est on ne comprend pas, mais suffit de prendre une box plus cher. Me;PabloRaclette;PabloRaclette;1,56E+18;;Question technique;2024;11;18;5
;;;;;;;;;;;
1,85E+18;2024-11-02 20:18:04+00:00;Bon @Free, il serait temps de sortir une box 5G illimitée ! \n\nUne box 4G+ avec 250 Go par mois, ce n’est pas terrible, surtout comparé aux concurrents … https://t.co/1P0Vk4IlIF;TiinoX83;Tiino-X83;158739202;;Autre;2024;11;20;5
;;;;;;;;;;;
1,85E+18;2024-11-02 20:37:25+00:00;bonjour @free @Xavier75 cela fait 7 mois qu'on nous balade pour notre connexion fibre. Le passage de plusieurs technicien n'y change rien. Devra t'on résilier? l'assistance a deja été contacté a plusieurs reprise, mais aucune solution de proposer a part patienter...;steven_bellier;Steven;1,65E+18;;Question technique;2024;11;20;5
1,85E+18;2024-11-02 20:56:33+00:00;Bonjour @Freebox\nDepuis hier soir j'ai des déconnexions et synchronisations intempestives sur ma Freebox Pop c'est un calvaire!!!!\nPouvez vous m'aider a résoudre ce problème qui me tue je suis à bout.... https://t.co/Giw4Xf7AD3;UnSeulMo;#WeRiot;76015734;;Plainte service;2024;11;20;5
1,85E+18;2024-11-02 21:18:27+00:00;Depuis 20h30 plus de réception e-mail de free @UniversFreebox @free peux être problème réseau server @TiinoX83 ??? https://t.co/zW2mr1ibQA;pharaon_alain;alain🔺🔺🔺👁🌍✨;4387529422;;Plainte service;2024;11;21;5
1,85E+18;2024-11-02 21:43:01+00:00;@free @Xavier75 @Freebox Depuis 1 heure, + ou - 21H40 ce samedi 2/11. Impossible de se connecter aux mails de free. Ça commence à faire beaucoup free ! https://t.co/RyXa4DAKvM;LC_RECODE;LC-RE.CO.DE;1,65E+18;;Autre;2024;11;21;5
1,85E+18;2024-11-02 22:36:44+00:00;Dites, pour ceux qui vivent en région parisienne et ont un abonnement mobile avec @free , internet a été rétabli pour vous ? Plus de 15 jours que la coupure dure....;Poissonhamsa;Baba Meowtzia צדק תירדוף🎗🇫🇷🇮🇱🇬🇧;740192689;;Plainte service;2024;11;22;5
;;;;;;;;;;;
1,85E+18;2024-11-02 23:44:57+00:00;Il a piraté ⁦⁦@free⁩ , il a tout compris. https://t.co/XWLocDkenW;Badre_Amine;Amine BADRE ۞;59310835;;Autre;2024;11;23;5
;;;;;;;;;;;
1,85E+18;2024-11-03 11:11:01+00:00;@Freebox je vais commencer à insulter vos mère ça fait 24h que ma free est bloqué à l’étape 2;Captain_Misaki;Misaki;1,16E+18;;Autre;2024;11;11;6
;;;;;;;;;;;
1,85E+18;2024-11-03 13:18:51+00:00;Depuis hier, la connexion ADSL de @free coupe, aujourd'hui, jour où je travaille sur le site de l'associations, c'est impossible de bosser. Nous payons cher pour des coupures ! @60millions #Internet;PoupetJoris;Joris POUPET;1,48E+18;;Plainte service;2024;11;13;6
1,85E+18;2024-11-03 15:02:09+00:00;@free pourquoi j’ai des bugs de connexion comme si je payais pas la fibre tout les mois ?;Pharell2X;Pharell;1,77E+18;;Plainte service;2024;11;15;6
1,85E+18;2024-11-03 18:06:17+00:00;Pas de Wi-Fi jusqu'à JEUDI car certains fils de pute (oui je parle de vous @free ) arrivent pas à régler un problème de connexion que je signale depuis 2 mois car ils n'y ont pas prêté attention. Je répète CA FAIT 2 PUTAINS DE MOIS QUE JE LE SIGNALE EN BOUCLE BRJRGHFJKDB;KiyoroYT;Cooper D. Kiyoro;760092433;;Plainte service;2024;11;18;6
1,85E+18;2024-11-03 21:39:22+00:00;@Freebox Bonjour, je n'ai plus internet depuis le 24 Octobre et un ticket à été ouvert le même jour mais je n'ai aucune nouvelle.\nJ'ai essayé d'appeler mais vu qu'il y a un ticket d'ouvert le répondeur téléphonique a raccroché.\nEst-il possible ;mike5925;mickael LEBLANC;108232912;;Info/Annonce;2024;11;21;6
1,85E+18;2024-11-04 09:17:49+00:00;"@Freebox \nC'est une blague votre service d'assistance par whatsapp. \n\n""Désolé pour les 2 jours d'attente, nous avons pas de réponse à vous apporter. Si vous en voulez une, merci de renvoyer un autre whatsapp"" \n\nLa blague. https://t.co/74j5mAgvAp";Les_Bogdan_OFF;les Bogda;1,48E+18;;Autre;2024;11;9;0
1,85E+18;2024-11-04 09:36:49+00:00;@free \nBonjour,\n\nJe rencontre des difficultés pour contacter l’assistance Free. (nouveau client)\nj'appelle le 3244, je saisis mon identifiant et mon mot de passe en 4 chiffres comme demandé. Ensuite, un message automatique m’informe qu’un SMS ;Utilisateur2184;123 Soleil;2235179646;;Plainte service;2024;11;9;0
1,85E+18;2024-11-04 11:20:09+00:00;@free @Orange_France Bon ça fait trois semaines que la fibre free ne fonctionne  plus sur Avon 77210. Une panne visiblement au niveau de l'armoire sur la voie publique.\nC'est assez scandaleux non seulement ce délai, mais surtout de n'avoir aucune date ;NicoZudin;Nicolas;1,30E+18;;Plainte service;2024;11;11;0
1,85E+18;2024-11-04 11:42:31+00:00;@Freebox Hello vous! \n15 jours sans services, 15 jours sans geste commercial de l'entreprise, ni proposition d'une clef 4G ou quoi, pas d'information sur l'incident ni le pourquoi. Bref, on fait quoi les copains ? (À part me prendre pour un faisan, bien;NedxMacBethx;NedxBarker;183250603;;Question technique;2024;11;11;0
1,85E+18;2024-11-04 15:10:41+00:00;@free bonjour. Je suis dans l'attente de l'intervention demandée depuis le 23 octobre. Je me suis mis en congé pour que le technicien puisse passer entre 14 et 16. Il est 16h07.  \nC'est beau. Entre rapidité et efficacité. Bravo;Bueteric;Eric Buet;60721176;;Réclamation RDV;2024;11;15;0
1,85E+18;2024-11-04 15:15:40+00:00;@Freebox Bravo. \n1 appel le 23 octobre pour soucis connexion. \nPas de rdv avant le 4.11. \nRdv pour 14-16h. \nJ'ai posé congé, il est 16h16 et toujours personne. \nFoutage de gueule ?;Bueteric;Eric Buet;60721176;;Question technique;2024;11;15;0
1,85E+18;2024-11-04 15:54:39+00:00;@free 2 eme fois en 3 semaine que j'ai plus ni de Wi-Fi ni de TV, le télétravail avec vous ça existe plus ... et plus moyen d'avoir quelqu'un au téléphone non plus... quel bonheur!;Serievoreverse;Lea culpa🦸🏻‍♀️🐥;77030337;;Autre;2024;11;15;0
1,85E+18;2024-11-04 16:28:52+00:00;@Freebox  je n’ai pas internet depuis 1 mois malgré plusieurs appels SVP AIDEZ MOI;Salvatorrreeeee;Salva;8,77E+17;;Demande d'aide;2024;11;16;0
1,85E+18;2024-11-04 16:38:58+00:00;@Freebox Depuis jeudi dernier je suis privé de services internet. Pas de téléphone, pas de télévision, pas d'internet. Votre service assistance de proximité m'a annoncé une intervention pour ce lundi entre 15h et 17h. Il est 17h40, toujours personn;Fladiosbangs;B. Cyr F;312901734;;Autre;2024;11;16;0
1,85E+18;2024-11-04 18:25:50+00:00;@Freebox Internet installé le 25 octobre et n'a fonctionné que 2 jours. J'ai enregistré le cas d'assistance sur le tableau de bord à plusieurs reprises, mais la réponse est de Free. Un service absolument terrible !;russellbanni;Russell Bannister;603721094;;Autre;2024;11;18;0
1,85E+18;2024-11-04 18:32:42+00:00;@free Il c'est passé quoi ? J'ai plus eu de connexion internet ni de téléphone pendant 15mn ???;QuenKGrande;QuenK 🇫🇷💸;1,58E+18;;Question technique;2024;11;18;0
1,85E+18;2024-11-04 19:08:12+00:00;@free c’est vraiment le pire opérateur. 1 mois que notre box est en panne (aucun service dispo, aucune wifi) et aucune solution n’a été trouvée. On est tous en hors forfait a la maison. J’ai qu’une hâte c’est de résilier !;922Myrtille;Myrtille;1,66E+18;;Plainte service;2024;11;19;0
1,85E+18;2024-11-04 20:11:15+00:00;@Freebox  bonjour, ma box marche pendant 2h ensuite elle se déconnecte il faut que je l’éteigne et que je la rallume pour que ça remarche et ainsi de suite. Pouvez-vous m’aidez svp ?;AndreaCavagni7;Andrea;1,10E+18;;Demande d'aide;2024;11;20;0
1,85E+18;2024-11-04 20:38:05+00:00;Bonjour @Freebox , vous avez pris un abonnement sans sous-titres pour les James Bond? toujours pas de sous-titres pour Quantum of Solace... https://t.co/aZymDjcGst;YoU__NeS;Younès 🦄 ⵣ🏳️‍🌈;514453296;;Autre;2024;11;20;0
1,85E+18;2024-11-04 20:51:36+00:00;Ça se précise, pour bientôt ✨📱 https://t.co/CDc1qWj37X;Free_1337;Free 1337;1,44E+18;;Autre;2024;11;20;0
1,85E+18;2024-11-05 00:03:33+00:00;@free ehhh c’est quoi ces bug de connexion ???;kass_chpx;K;1,05E+18;;Plainte service;2024;11;0;1
1,85E+18;2024-11-05 00:05:23+00:00;@free @Free_1337 @Xavier75 Encore une panne fibre optique Free sur Épinal dans le 88 il se passe quoi sérieusement ça fait la 2ème panne depuis le 25 octobre dans la région faites-quelque chose stv vraiment !!!!;SkynozYT2;M8 Skynoz;1,47E+18;;Plainte service;2024;11;0;1
1,85E+18;2024-11-05 05:41:41+00:00;Bonjour @free je n’arrive pas à faire le déménagement de ma box, pouvez-vous m’aider ? Merci;xAureelie;Its just indifference🦋;115334533;;Autre;2024;11;5;1
1,85E+18;2024-11-05 06:00:09+00:00;@Freebox  bonjour, je téléphoné hier au alentours  de 17h10  ces derniers mois plusieurs  coupures de plusieurs  jours sans solution  et sans  compensation. Lors de mon appel j'ai  5 minutes d attente et je constate qu'une personne me raccroche au nez.;mansorvarois91;Man'se;3191943122;;Plainte service;2024;11;6;1
;;;;;;;;;;;
1,85E+18;2024-11-05 08:38:05+00:00;@Freebox vous trouvez ça normal ? J’ai fais une demande de box fin septembre. Je suis toujours bloqué en étape 1. Je n’ai toujours pas eu la box. Je suis allé en boutique deux fois déjà ou on doit me rappeler mais personne ne le fait. Je dois fa;LangDylan3;Dylan LANG;1,07E+18;;Autre;2024;11;8;1
1,85E+18;2024-11-05 09:18:43+00:00;@free #mayday #mayday\n9.48 Mbps de débit en plein coeur de Paris (TV éteinte) vs. 8 Gbit/s promis!!\nEn attente de l'assistance depuis 5 jours, sans nouvelles.\nWTF?!! https://t.co/HIJYIcXBzI;Cyril_EN;Cyril EN;45338543;;Question technique;2024;11;9;1
;;;;;;;;;;;
1,85E+18;2024-11-05 09:52:33+00:00;#bouygues vienne de sortir leur box B&amp;;;;;;;;;
1,85E+18;2024-11-05 11:46:11+00:00;Il y a le live ankama a 16h @free vous avez intérêt a réparer ma connexion avant;Kouameahh;KDS;1,55E+18;;Question technique;2024;11;11;1
1,85E+18;2024-11-05 12:10:53+00:00;#free perce mur et fenêtre pour installer sa fibre.  Lettre au DG @free @Freebox @Xavier75 en juin et toujours pas de réponse..  Les sous-traitants de sous-traitants sont aux abonnés absents, surtout quand ils ne parlent pas français et sont sans papier..;Tubbydev;Tubbydev;449802600;;Question technique;2024;11;12;1
;;;;;;;;;;;
1,85E+18;2024-11-05 12:54:09+00:00;Je viens de compter… 18 fois le même problème depuis le 25 Décembre 2023 et personne n’est foutu de régler ce problème, @Xavier75 @free @Freebox vous trouvez ça normal ??;R1RT_35;Rirteez;8,54E+17;;Plainte service;2024;11;12;1
;;;;;;;;;;;
1,85E+18;2024-11-05 15:40:36+00:00;"Eh Mr @free lorsqu'on perd la connection 5 fois depuis 3 jours sans raison apparente, que l'on téléphone et qu'on se fait insulter voir même raccrocher au nez par vos ""conseillers"",  est-ce vraiment là votre nouvelle méthode clientèle ?";no_one38;NoOne38;571692776;;Info/Annonce;2024;11;15;1
1,85E+18;2024-11-05 16:01:38+00:00;Voilà pourquoi je ne suis pas resté chez @SFR_SAV, samedi 26/10 8h45 plus de fibre (chez FREE) inter @Freebox lundi 28/10 fibre détériorée dans l'armoire de rue, dossier transmis à @SFR_SAV (SFR gère l'infrastructure dans la commune) \nOn est le 29/10 et toujours pas réparé;mathieu_yves;Yves MATHIEU;1648561758;;Question technique;2024;11;16;1
1,85E+18;2024-11-05 16:35:02+00:00;Bravo @Freebox .\n\n2 x étape 2 en 10 jours, y'a pas a dire c est champion.\n\nIntervention prévue dans 48h.\n\nDédommagement : aucun\nJe paye, j ai pas accès à ma prestation et je vais me faire voir.\n\nJe vais pas être le seul si ça continue;gibson_7785586;gibson_77 gibson;1,67E+18;;Autre;2024;11;16;1
1,85E+18;2024-11-05 16:57:39+00:00;@free @Freebox La boutique de Mulhouse comporte des personnels qui sont totalement irrespectueux de leur client. Une honte. Sans parler de votre service free proxy qui est un scandale à lui tout seul car il nous donnent des informations erronées..;zeyrniyx;Zeyrniyx;1,73E+18;;Autre;2024;11;16;1
1,85E+18;2024-11-05 17:10:55+00:00;@free Bonjour, j'ai un soucis parce que j'ai besoin d'un être humain pour parler de ma problématique. J'ai appeler le 1044 et le 3244 mais je n'ai pas de proposition qui correspond. J'ai besoin d'aide s'il vous plaît;TheBlue2B;Totophe;610832988;;Demande d'aide;2024;11;17;1
1,85E+18;2024-11-05 17:13:06+00:00;@free alerte info, encore la panne ! Bloqué sur etape 2\nCa va etre tous les mois le piratage ? \nEn plus vous ne connaissez pas le geste commercial qd on n'a plus de service pendant 4 jours;Ticharinesse;Cat Black;8,97E+17;;Plainte service;2024;11;17;1
1,85E+18;2024-11-05 17:21:14+00:00;Je devrais avoir un pass avec @Freebox, j'appelle au moins 1 fois par mois pour diverses problèmes !!! https://t.co/zn3JGp5KNZ;MxlleMacrelle;Béné Dicte;1,62E+18;;Plainte service;2024;11;17;1
1,85E+18;2024-11-05 17:53:22+00:00;C est pas les coupures de courant et d internet qui m arrêteront cette année.\nC'est de l'eau.\n\nPs :\n@Freebox faites un effort des fois quand même hein;CoolWxve16;CoolWxve.;20175545;;Plainte service;2024;11;17;1
1,85E+18;2024-11-05 17:57:23+00:00;@free On est sans connection internet depuis samedi et on doit attendre jeudi pour que vous envoyez quelqu'un? Ca va vous vous foutez pas trop de la gueule des gens?;HobbesCS2;Hobbes;1,69E+18;;Réclamation RDV;2024;11;17;1
1,85E+18;2024-11-05 18:14:37+00:00;@free\n#Free #panne\nÇa vous dirait un jour de réparer votre réseau #BoxFree est en rade depuis  2 jours chez moi notamment (et plein d'autres gens)?\nJe dis ça juste comme ça parce que la facture,elle, vous ne l'oubliez pas. \nMerci hein 🙏;Diabo_LOL;DiaboLOL;1,68E+18;;Plainte service;2024;11;18;1
1,85E+18;2024-11-05 18:29:26+00:00;1 mois que j’ai déménagé et toujours pas d’internet 🤙\n\n@free joue au ping pong avec mon dossier j’ai bien l’impression 🏓;kyomifn;kyomi ツ;1,00E+18;;Autre;2024;11;18;1
1,85E+18;2024-11-05 19:16:00+00:00;Ça fait une heure que ma box fait un bruit de moteur péter.\n\n@Freebox une solution svp ?;__Kaiden__;Kaiden ;1,44E+18;;Demande d'aide;2024;11;19;1
1,85E+18;2024-11-05 20:03:28+00:00;Ah mais @free ils envoient quand même la facture ce mois-ci ?? https://t.co/Tvi6eoyVT9;Tic_de_perm;Ex Tic_de_perm;1,21E+18;;Autre;2024;11;20;1
;;;;;;;;;;;
1,85E+18;2024-11-05 20:15:11+00:00;@free PARDON ? \n- J'ai dû attendre casi un mois pour être raccordé\n- Une fois raccorder j'ai internet pendant 3 jours et de nouveau une coupure. Je décide donc de me rétracter en appelant le 3244 \n\n(1/1) https://t.co/l0BKIOov7k;na66765;Nathan;1,78E+18;;Plainte service;2024;11;20;1
1,85E+18;2024-11-05 21:11:22+00:00;Hello @free @Freebox ça va d'éditer les factures de box le 5 à 19h et dire payable le 4 sérieusement les remise à 0 se font le 1er à minuit et à chaque mois il faut 3 à 4 jours pour éditer une facture c'est lassant...;_Christophe_S;Christophe S.;1,00E+18;;Autre;2024;11;21;1
1,85E+18;2024-11-05 22:15:31+00:00;@free ça fais 3j que je reçois plus aucun mail ce qui est extrêmement embêtant !! C'est quoi la solution ???!!!;melvdrs;melv1n;2510051132;;Autre;2024;11;22;1
;;;;;;;;;;;
;;;;;;;;;;;
1,85E+18;2024-11-06 12:23:26+00:00;Et moi, je n'y ai pas droit @Freebox ?\n\nhttps://t.co/hJkrUIu2OO;Verdicts1;Un ange passe ...;2489903556;;Autre;2024;11;12;2
1,85E+18;2024-11-06 12:51:04+00:00;@free 1 semaine que leur box ne fonctionne pas \nIl prévoit l'installation d'une 4G box (1 semaine après 💀💀) mais leur 4G ne marche pas non plus 🤣🤣\nLeur solution : patienter  \nLa morale : heureusement que j'ai un forfait mobile sfr sinon m;Manaaaaaaaw;WoM 🦅;3156615153;;Plainte service;2024;11;12;2
1,85E+18;2024-11-06 13:00:59+00:00;@Freebox \nBonjour,\nil se passe quoi en seine et marne depuis ce matin ? La navigation internet est tres difficile pour ne pas dire impossible. même contacter votre support est une mission ardue. Un peu de visibilité serait plus que bienvenue. Merci.;supercocorico;SuperCoco;1322910290;;Autre;2024;11;13;2
1,85E+18;2024-11-06 13:10:26+00:00;@Freebox @free si on déménage à l’étranger et que l’on est logé, pourquoi doit-on payer les frais de résiliation ?;trop_est13575;Paris est trop petit…;1,72E+18;;Question technique;2024;11;13;2
1,85E+18;2024-11-06 13:29:02+00:00;@free  pouvez vous arrêtez de me voler ?\nJ’ai résilié mon abonnement le 29 juillet et vous ai renvoyer votre matériel dans la foulée.\nRemboursez moi tous les prélèvements fait jusqu’en Octobre!;YannSidney;ysy09;439029988;;Autre;2024;11;13;2
;;;;;;;;;;;
1,85E+18;2024-11-06 13:54:26+00:00;@Freebox un problème de serveur dans le 75018 ?;h3r3tik1;h3r3tik;1,38E+18;;Plainte service;2024;11;13;2
;;;;;;;;;;;
1,85E+18;2024-11-06 15:54:11+00:00;@free vous etes les pires opérateurs de france je vais resilier à tout jamais;Zeppelissvm;issam 🌊;1,45E+18;;Autre;2024;11;15;2
;;;;;;;;;;;
1,85E+18;2024-11-06 17:27:50+00:00;@free je paye une blinde par mois pour avoir que des soucis, c’est trop là 🤦🏻‍♀️;Karen_h_21;Karen;219728085;;Autre;2024;11;17;2
1,85E+18;2024-11-06 17:57:00+00:00;@free salut la team,\nUne âme charitable pour résoudre mon souci :\nJ'ai beau débrancher et rebrancher mon player Pop et toujours cette page. \nTentatives pour en sortir avec télécommande Android et télécommande Free ! Rien ne se passe...\nHelppppp;chrisdu421;φ Insoumis ✊ Stéphanois φ matricule 4357;572411170;;Demande d'aide;2024;11;17;2
1,85E+18;2024-11-06 18:41:43+00:00;@free  ca va free les abonnements involontaires ? J'ai prime et TF1 pour rien au monde je ne paierai pour ca https://t.co/WJuVY8KwTx;BreveRupture;Brève Rupture;1,43E+18;;Autre;2024;11;18;2
1,85E+18;2024-11-06 18:48:28+00:00;Ko yen na marre do @free ko ça capte keudale. 😾\nPapou kil va retourner chez oronge.😾 https://t.co/pOwJgSsu0w;lynx_grizzly;Don Grizzly Modeste;1,59E+18;;Autre;2024;11;18;2
1,85E+18;2024-11-06 20:38:53+00:00;@free Ça y est vous, toujours plus longue la coupure internet;lecudz;Florian 🇵🇱🇮🇹;1,51E+18;;Plainte service;2024;11;20;2
1,85E+18;2024-11-07 06:40:35+00:00;"@Freebox @free je suis furax !!! Prélèvement non conforme à l'offre indiqué par mail de vos services qui précise bien ""que je n'ai rien à faire, l'offre sera mise en place automatiquement"" !!!!! MP svp. Réclamation et remboursement. J'ai 4 abos che";Albariiiixx;Alba;1,72E+18;;Demande d'aide;2024;11;6;3
1,85E+18;2024-11-07 06:55:25+00:00;#Liberté #Vérité #Simplicité pour vos abonnés @free ❗️\n\n🔴 Du « chaos » est également née la situation actuelle de vos abonnés après la #CyberAttaque de #Free❗️\nAlors que faire à présent avec nos données personnelles❓\n\n#CyberVictimes #RGPD #DPO #CNIL #DonnéesPersonnelles https://t.co/PSAVwWogMy;TousConquerants;Tous Conquérants ! ⚔️;8,03E+17;;Autre;2024;11;6;3
1,85E+18;2024-11-07 08:52:32+00:00;@Freebox y a t’il moyen de parler à quelqu’un d’autres qu’un robot dans votre service client ? Pckon essaie de vous joindre depuis hier et impossible !!!;FannyReig;Fansnow;1156949844;;Plainte service;2024;11;8;3
1,85E+18;2024-11-07 09:01:37+00:00;@free vous êtes le pire opérateur à partir de mtn;AminBendjebara;Amin;1,15E+18;;Plainte service;2024;11;9;3
1,85E+18;2024-11-07 09:13:02+00:00;@Freebox bonjour ! 15 j sans internet, et impossible d'avoir votre assistance ??  Sur votre application, impossible de prendre rdv avec un technicien et de changer mon n° de téléphone de contact... Impossible d'avoir qqun en ligne ! Une solution ? Avan;Duneuf95;Océane;1172594791;;Réclamation RDV;2024;11;9;3
1,85E+18;2024-11-07 10:26:40+00:00;@free \nC’est sympa de me donner RV téléphonique à 10h aujourd’hui pour déterminer si mon pb vient de la ligne ou de la box &amp;;;;;;;;;
1,85E+18;2024-11-07 10:43:39+00:00;En cette journée nationale de lutte contre le harcèlement, faisons ensemble du #numérique un espace de confiance pour les plus jeunes 🤝;bouyguestelecom;Bouygues Telecom;16557431;;Autre;2024;11;10;3
1,85E+18;2024-11-07 11:53:55+00:00;@Freebox @free \nJ'appelle votre service qui me dit que soit disant je n'ai pas fait de demande de résiliation, et que ça serait pour cette raison que vous continuez à me prélever, voici la preuve que c'est faux. https://t.co/3eVroWpP4Q;Julie_Trincat;Jupiter 🪐;1,70E+18;;Autre;2024;11;11;3
1,85E+18;2024-11-07 11:56:42+00:00;@Freebox bonjour, ma freebox One est bloquée à l'étape 3 depuis 10h40.\nHier déjà il y a eu quelques étapes 3 très courtes mais cette fois c'est permanent.;DamienS725;Damien;7,53E+17;;Autre;2024;11;11;3
;;;;;;;;;;;
1,85E+18;2024-11-07 13:19:18+00:00;@free @Freebox  Bonjour, suite à ma résiliation, j'ai été facturé par erreur pour une télécommande manquante. Mon numéro client est le suivant : 33729874\n\nDans le colis, il y avait deux télécommandes car l'une d'elle fût défaillante penda;Gugu4000;Gugu4000;1510364124;;Autre;2024;11;13;3
;;;;;;;;;;;
1,85E+18;2024-11-07 14:45:30+00:00;Nous avions accès aux chaînes canal + gratuitement sur freebox pour tout le mois de novembre, depuis ce matin plus rien du tout. ça n'aura pas duré longtemps ce cadeau.;tomtomgad;Tom1983;1286371956;;Autre;2024;11;14;3
1,85E+18;2024-11-07 15:18:05+00:00;@free ‼️‼️scandale \nPlus de 200 maisons sans internet 🛜 depuis dimanche et vous oser nous dire que y pas de problème 😫!\n\n#freeclientmerde #freeoperateur #telecom #France;ferielyasmina;Yasmina 💕🦕;51028382;;Plainte service;2024;11;15;3
1,85E+18;2024-11-07 16:24:38+00:00;@Freebox c’est normal que plus personne ne réponde après plis de 24h bloqué à l’étape 6 ?;V_Ner;V-Ner;363136429;;Autre;2024;11;16;3
1,85E+18;2024-11-07 16:40:38+00:00;@free \nBonjour\nJe ne reçois plus les chaînes canal plus en clair alors que ça marchait avant. Avez vous une explication ?\nMerci;PhMAURICE;MAURICE Philippe;421243984;;Autre;2024;11;16;3
1,85E+18;2024-11-07 18:39:15+00:00;La box est arrivée, mais je dois attendre que France Telecom raccorde la ligne. Ptet que je vais jamais avoir internet on sait pas. @free oskour svp https://t.co/7LXqa0vNb3;monir_mktr;Monir Miktar 𓂆;4877159073;;Demande d'aide;2024;11;18;3
1,85E+18;2024-11-07 18:50:00+00:00;🚨 DERBY #OLASSE : Supporters de l'@OL, ce message est pour vous !\n\nRDV ce vendredi à la boutique @free Bellecour, tirez la bonne enveloppe et remportez des places pour le derby 🎟️🔥\n\n📍 10 Rue de la Barre, 69002 Lyon https://t.co/s3w6ntKjz8;FreeFoot;Free FOOT;1,29E+18;;Réclamation RDV;2024;11;18;3
1,85E+18;2024-11-07 19:17:24+00:00;"Hé, @free @Freebox c'est quoi ce délire ?\nUne notification de l'appli,  @PrimeVideoFR, m'informe de la ""fin proche"" de mon abonnement.\nLe compte @AmazonFrance dit, abonné avec free.\nSur le portail Free, je suis bien abonné ! 🤔 🧐\n🚨J'ai rien compris !\n#PrimeVideo\n#Freebox\n#Free";MoBou75;MoBou;1,25E+18;;Autre;2024;11;19;3
1,85E+18;2024-11-07 19:40:30+00:00;@freemobile besoin d'aide j'en ai assez d'avoir 5mo/s en filaire sur répéteur alors que je paye la fibre depuis 2 ans et que jusqu a y'a 1 mois j'ai tjr eu un réseau et un débit très correct (environ 70mops en téléchargement );Hugoooo32901010;yessir;1,30E+18;;Demande d'aide;2024;11;19;3
1,85E+18;2024-11-07 19:51:40+00:00;@Freebox bonsoir j'ai trouvé une freebox à la poubelle, est ce que vous voulez que je vous l'envoie ? https://t.co/mjiVvqNtip;Banana33X;Charles s'en charge;9,71E+17;;Autre;2024;11;19;3
1,85E+18;2024-11-07 21:55:22+00:00;@Freebox honteux !!!!\nJe suis client depuis des années. \nJ’ai la box delta. Ça fait maintenant 1 semaine que je n’ai + de connexion. \nJ’ai appelé l’assistance à plusieurs reprise. À ce jour tjrs rien !!!\nOn me considère tellement qu’on;Jewel9The;the jewel;1088992062;;Question technique;2024;11;21;3
1,85E+18;2024-11-07 22:11:24+00:00;Bon ils cassent les couilles @Freebox\nY'a que des pb ces derniers temps. Plein de coupures et bien longues @free \nOn est censé bosser comment ??;misterlittlenem;l'asperge jaune;1,02E+18;;Plainte service;2024;11;22;3
1,85E+18;2024-11-07 22:22:58+00:00;@Freebox je vous déteste tellement ma haine contre vous m’empêche de dormir;kyumaudite;kyu92;9,96E+17;;Autre;2024;11;22;3
1,85E+18;2024-11-08 05:11:07+00:00;@Freebox bonjour, panne internet bloqué à l'étape 2 depuis 3 jours au 17 clos de la bataille 14600 Honfleur.! Je suis à 2 doigts de changer d'opérateur;TedEbayeur;CollecTed14;1,20E+18;;Plainte service;2024;11;5;4
1,85E+18;2024-11-08 05:11:30+00:00;@Free_1337 @Freebox bonjour, panne internet bloqué à l'étape 2 depuis 3 jours au 17 clos de la bataille 14600 Honfleur.! Je suis à 2 doigts de changer d'opérateur;TedEbayeur;CollecTed14;1,20E+18;;Plainte service;2024;11;5;4
1,85E+18;2024-11-08 07:55:35+00:00;@free pk avoir du mal à vous contacter ?;Leparlementaire;TAO PAÏ PAÏ;320987536;;Autre;2024;11;7;4
;;;;;;;;;;;
1,85E+18;2024-11-08 09:51:59+00:00;@Freebox hello free\nLorsque j'utilise oqee toute les 30min environ j'ai ce message d'erreur.\nÇa devient très pénible. Pourriez vous m'aider svp https://t.co/AlvhXZoKHV;Tae_Yang93;Yoda_Kazama;706345215;;Demande d'aide;2024;11;9;4
1,85E+18;2024-11-08 11:12:01+00:00;Bonjour, \nJe n'ai plus internet et sa reste en étape 2. C'est pénible !  @Freebox\n#freebox https://t.co/fu2Vs9ZFlT;CShabyne;Lady_ PSG🇲🇶🇸🇷🇫🇷❤️💙;1,36E+18;;Autre;2024;11;11;4
;;;;;;;;;;;
1,85E+18;2024-11-08 12:13:02+00:00;2 semaines à me battre pour avoir de la connexion, me débrouiller pour pouvoir venir au raccordement d’un technicien pour qu’on me dise que y’a un problème et que je dois refaire venir quelqu’un pas avant la semaine prochaine. Merci @free 😊 @Xavier75;Natra_rl;MKOI | Natra;1,14E+18;;Plainte service;2024;11;12;4
1,85E+18;2024-11-08 12:25:36+00:00;@Freebox Bonjour, j'ai besoin de quelqu'un de compétent dans mes dm pour échanger sur un problème de facturation. Merci d'avance;Path80s;Path;1596316172;;Plainte service;2024;11;12;4
1,85E+18;2024-11-08 13:46:49+00:00;Le service client de @free c'est le pire de tous. Les opérateurs eux-mêmes me disent qu'ils mentent. 1 mois sans internet, aucune info sur le ticket incident. Des mensonges. Des faux rdv. #free;julagu123;Lou;863415074;;Plainte service;2024;11;13;4
1,85E+18;2024-11-08 13:58:36+00:00;@Orange_France @orange Coupure fibre optique depuis le 14/10 sur le secteur Orsay Moulon. En tant que gestionnaire de l'infra fibre, vous ne voudriez pas donner un peu de visibilité aux opérateurs ? @Freebox et @bouyguestelecom dans le flou total sur le;ShootNet;Yannick L. 🇫🇷🇪🇺;6343622;;Plainte service;2024;11;13;4
1,85E+18;2024-11-08 16:50:44+00:00;@Freebox @free 3 jours sans internet au 307 av d Argenteuil 92270 offre Ultra… toujours pas de résolution, les copropriétaires s’impatientent et songent à passer chez Orange..;andokaiii;Romain L.;1,12E+18;;Autre;2024;11;16;4
1,85E+18;2024-11-08 17:30:12+00:00;@Freebox @free on peut savoir pourquoi depuis quelques semaines, quand on regarde un programme on a de la pub pour @OQEEbyFree qui s’affiche d’un coup et coupe le programme ?! C’est quoi ce délire ? 😠 https://t.co/iHxKwYHEFJ;Openyourseyes;Free;561629457;;Question technique;2024;11;17;4
;;;;;;;;;;;
1,85E+18;2024-11-08 19:19:50+00:00;@Xavier75 @free je vis dinternet et 5 jours que j’peux pas travailler ?!  ALLÔ!!!!!!!;MyriamK63641314;Myriam K;1,27E+18;;Autre;2024;11;19;4
1,85E+18;2024-11-08 19:20:29+00:00;Alors comment vous dire que a 1h de la course j'ai @Freebox  qui a un coup de mou .....\n\nPlus d'internet depuis 15 min 😭;Hilliuss;Hilliuss;2858528563;;Question technique;2024;11;19;4
1,85E+18;2024-11-08 19:45:08+00:00;@Freebox bonjour, pourriez-vous m’indiquer pourquoi je n’ai plus accès à certaines chaînes comme Nickelodeon alors qu’elles sont incluses dans mon abo ?;MrRobiiin;Robin 🤍 PARIS N1 ✨;105531908;;Question technique;2024;11;19;4
1,86E+18;2024-11-08 23:59:52+00:00;Jai essayé tous @bouyguestelecom @SFR @orange les pires des pires reste @free avec leur boxe de merde la ultra ne prenez jamais une box chez eux jamais;Loud_Darkman;🏀⚽️💫Darkman;2409614053;;Autre;2024;11;23;4
;;;;;;;;;;;
1,86E+18;2024-11-09 00:35:04+00:00;@free j'ai demandé a resilier mon ancienne ligne vous avez resilié ma nouvelle qu'est cqui va pas chez vous ?;ayclayl;a y cl a yl;1,73E+18;;Info/Annonce;2024;11;0;5
;;;;;;;;;;;
1,86E+18;2024-11-09 08:01:03+00:00;@MrRobiiin @Freebox J’appellerai lundi;;;;;;;;;
;;;;;;;;;;;
1,86E+18;2024-11-09 08:54:53+00:00;@Freebox cela fait des mois que je n’ai plus Internet avec 1, passage à la fibre catastrophique ou l’on me dit que l’on va me rappeler à chaque fois que j’ai une personne au téléphone. Si ça continue, je vais vraiment en parler sur des résea;Pepsou_Breezy;Thomas P;191943615;;Question technique;2024;11;8;5
1,86E+18;2024-11-09 09:44:38+00:00;@free 14 jours sans box malgré les nombreux appels avec seulement 1 interlocuteur une fois,  ET AUCUN TECHNICIEN qui se déplace c'est normal pour @Freebox ?;AnnaCasella;Anna Maria Casella;89039398;;Réclamation RDV;2024;11;9;5
;;;;;;;;;;;
1,86E+18;2024-11-09 14:47:09+00:00;2H que je me fais baladé de numéro en numéro @free personne pour m'aider à régler mon problème de box, ça se refile la patate chaude et me fait appeler des numéros surtaxés qui me disent d'appeller le 3244 (avec qui j'ai déjà était au telephone 1 (une) H....;CtsNono;CTS Nono // Axel;1,49E+18;;Plainte service;2024;11;14;5
1,86E+18;2024-11-09 16:05:03+00:00;@Freebox pas mal le service fibre, installation hier ne fonctionne déjà plus.\nc'est encore plus fun quand on es en télétravail et d'astreinte;AngelCyrusLive;AngelCyrusLive;1,01E+18;;Question technique;2024;11;16;5
1,86E+18;2024-11-09 16:55:53+00:00;Bonjour @Freebox c'est normal de laisser vos clients sans internet ni solution tout ça parce que c'est un long week-end ? C'est tout simplement honteux !;UNDERTAKER2812;Sid;149247898;;Autre;2024;11;16;5
1,86E+18;2024-11-09 17:47:57+00:00;.@free c'est vrm la pire connexion toute les semaines j'ai des coupure d'internet 🤡;Synken7;Synken7;1,16E+18;;Plainte service;2024;11;17;5
1,86E+18;2024-11-10 09:21:41+00:00;@free honteux !!!!\nJe suis client depuis des années. \nJ’ai la box delta. Ça fait maintenant 1 semaine que je n’ai + de connexion. \nJ’ai appelé l’assistance à plusieurs reprise. À ce jour tjrs rien !!!\nOn me considère tellement qu’on m�;Jewel9The;the jewel;1088992062;;Question technique;2024;11;9;6
1,86E+18;2024-11-10 12:13:33+00:00;@Freebox \nBonjour ma box ultra est bloqué sur l’étape 3D, normal ?;HaKao94_;Will;1,59E+18;;Autre;2024;11;12;6
1,86E+18;2024-11-10 15:38:27+00:00;@GroupeSonatel \n@orange_sn \nFranchement c'est la galère depuis 3 mois on demande notre fibre leur seule réponse c'est les boitiers sont pleins si @free était actif 😭😭;Hacktivate_;Dimitri Fiodore🇸🇳🇸🇳;1,68E+18;;Question technique;2024;11;15;6
1,86E+18;2024-11-10 17:44:40+00:00;@free  Comment peut-on faire pour avoir la fibre dans son nouveau logement ? demande de déménagement de la ligne fin septembre, aujourd'hui 10 novembre, toujours rien ....;Alexand40685534;Alexandre;1,64E+18;;Question technique;2024;11;17;6
1,86E+18;2024-11-11 09:24:41+00:00;@free Qui contacter pour proposer des améliorations du service TV avec le player TV. Y a 2, 3 petites choses qui ne marche pas bien et qui ne nécessite pas grand chose pour être résolue.;MARTINS89310139;#HelloQuitteX;1,23E+18;;Autre;2024;11;9;0
1,86E+18;2024-11-11 09:24:48+00:00;@free @Freebox vous prenez vraiment vos abonnés pour des putains de pigeons?\nFreebox sans internet depuis le 14 août avec 3 fausses informations de rétablissement 2 rdv annulés. Pas moyen d'avoir une réponse par un de vos conseillers mal informés!;Keria26358;Kériké;1,78E+18;;Réclamation RDV;2024;11;9;0
1,86E+18;2024-11-11 11:55:14+00:00;@free vous êtes le pire opérateur de France ! \nVotre réseau mobile est médiocre on capte rien nulle part mais parlons même pas de vos box. Ça fait depuis le premier novembre que j’ai plus de wifi et qu’on a aucune informations mais quand il s�;un_cauchxmar;Cybelle la plus belle 🇧🇯🇫🇷;1,27E+18;;Plainte service;2024;11;11;0
1,86E+18;2024-11-11 13:50:33+00:00;@free Pourquoi MTV chaîne 84 est maintenant bloquée ???;MikeIAm8;Mike_I_Am;1,37E+18;;Question technique;2024;11;13;0
1,86E+18;2024-11-11 19:01:08+00:00;Hallucinant @Freebox ma box est plantée depuis 15h30 j’ai essayé d’appeler Free j’ai envoyé des messages et personnes ne répond à rien. J’ai un code erreur 80 je dois télétravailler et Free ne réponds pas #Free;Sparks5_;Clo 🎗️;379687780;;Autre;2024;11;19;0
1,86E+18;2024-11-11 19:15:25+00:00;@free au secours, j'ai plus internet à la maison 🤧🤧;MmeGarrisson;Alsace Hate Account;1,78E+18;;Autre;2024;11;19;0
1,86E+18;2024-11-12 05:35:48+00:00;HAHAHAHAHGAGAGGA \n\n40 EUROS CONSTRUCTION DE LIGNE MAIS JE PLEURE JE JURE LE TECHNICIEN IL EST VENU CHEZ MOI 5MN, IL A BU LE CAFÉ ET IL EST REPARTI\n\nET PRORATA MES COUILLES JE SUIS RESTÉE 1 MOIS SANS INTERNET J'AI DEMANDÉ LA FIBRE ILS ONT MIS L'ADSL \n\n@free VOUS ÊTES PAS PRETS https://t.co/pxxXwp20mi;KisakiLao;Laura 🥀;8,04E+17;;Question technique;2024;11;5;1
;;;;;;;;;;;
1,86E+18;2024-11-12 09:38:03+00:00;Purée @free me faite pas regretter d’être venue chez vous, j’ai mm pas de 4g;floketekuqe;Do.slmni;1,55E+18;;Autre;2024;11;9;1
1,86E+18;2024-11-12 12:02:00+00:00;Dites @free @freemobile vous pouvez dire à Maria du service commercial d'arrêter de me droper des msg sur répondeur non sollicités? Le #RGPD et le #consentement ça vous parle? #OptIn #OptOut;Nounourrrs;Nounourrrs;1300880600;;Autre;2024;11;12;1
1,86E+18;2024-11-12 12:53:59+00:00;@Xavier75 @free @Freebox\nBonjour je vous envoie ce message dans un élan de désespoir en sachant très bien que la probabilité que vous le voyez est nulle, \nJe possède actuellement un forfait mobile et un box chez free, ça fait 2 mois que j'ai dém�;Somyos7798;Somyos;1,25E+18;;Autre;2024;11;12;1
1,86E+18;2024-11-12 14:34:17+00:00;@Freebox VOUS ÊTES LA PIRE PLATEFORME D’ASSISTANCE QUI EXISTE !!!!!!!;faiza_madrid;Faiza Madrid;1,34E+18;;Autre;2024;11;14;1
1,86E+18;2024-11-12 14:37:13+00:00;Franchement, le sav @free  ça devient n’importe quoi…  tu reçoit un message, demandant d’appeler le 3244 pour avoir un conseiller;;;;;;;;;
1,86E+18;2024-11-12 15:39:43+00:00;@free Bonjour,\nFree a bloqué mon adresse mail depuis samedi pour tentative de piratage et je n’arrive pas à la débloquer car je suis en vacances à l’étranger.\nJ’ai besoin d’y avoir accès urgemment car mon billet retour est dans ma boîte m;JMB_74;Jean-Matin Bomboh;3236339249;;Autre;2024;11;15;1
1,86E+18;2024-11-12 16:02:01+00:00;"""Face à la Pure Fibre de @bouyguestelecom , la réponse timide de Free : une offre triple play sans révolution"", via @Frandroid #PureFibre\n\nhttps://t.co/jOBRIBbF8p";aColombani;Anthony Colombani;49353185;;Question technique;2024;11;16;1
;;;;;;;;;;;
1,86E+18;2024-11-12 18:46:46+00:00;@Freebox bonjour, normal que vos conseillers soient injoignables quelle que soit l'heure?;Gevaudan43;Sebastien Vllrd;228835602;;Autre;2024;11;18;1
;;;;;;;;;;;
1,86E+18;2024-11-13 07:11:36+00:00;C'est quoi le problème avec la @freebox depuis ce matin je bloque à l'étape deux !!!;taylo25729;Ayla Taylor 🕊️🩵🏳️;1,67E+18;;Plainte service;2024;11;7;2
1,86E+18;2024-11-13 07:21:01+00:00;Je suis dépité! Je regrette tellement d'avoir pris une boxe @free pour mes studios. Wifi instable et maintenant wifi en panne depuis hier, personne chez @Freebox n'est en mesure de lancer une intervention rapidement afin de régler le problème. Donc pas de live certainement ce soir. 😔;SamZirah;Sam Zirah;572727737;;Plainte service;2024;11;7;2
1,86E+18;2024-11-13 08:23:35+00:00;@free ça fait 1 semaine j’attends votre signal dans mon immeuble ! Tous les autres opérateurs ont été réactifs !\nVous avez envoyé 5 techniciens dans un immeuble ! Quelle organisation dis donc \nJe comprends mieux pourquoi ça traine;Azzenbil;Azen;1,73E+18;;Question technique;2024;11;8;2
1,86E+18;2024-11-13 08:52:23+00:00;@free Vous êtes TELLEMENT dingue de couper le réseau comme ça vous !!!!;Shanicebebe;✨ WOUNDED HEART ✨;634858904;;Autre;2024;11;8;2
1,86E+18;2024-11-13 09:28:28+00:00;@Freebox @free bon vos techniciens incapable d'installer une prise fibre on fait comment du coup ??;Its_Me_Jay3;Jay ✊🏽✊🏾✊🏿;301562286;;Question technique;2024;11;9;2
;;;;;;;;;;;
1,86E+18;2024-11-13 09:58:41+00:00;@free on fait comment pour résilier chez vous pour la box ?;JohnEMalm;S.Y.G.;1,45E+18;;Question technique;2024;11;9;2
1,86E+18;2024-11-13 11:34:32+00:00;@free  problème  portables  et freebox\nDans le  93   ???;ThomassinMarti4;manou;1,37E+18;;Plainte service;2024;11;11;2
1,86E+18;2024-11-13 13:43:05+00:00;⚠#PANNE  FREEBOX EN COURS⚠\n 📡20 freenautes ont signalé des pannes #Internet dont 15 sur le réseau #fibre de #Free depuis 11h49\n🌍Ville concernée : Cavaillon (84300)\n⬇️⬇️⬇️\nhttps://t.co/5syXsuGnbR;zoneadsl_panne;Pannes Internet et Mobile;1,59E+18;;Plainte service;2024;11;13;2
;;;;;;;;;;;
1,86E+18;2024-11-13 15:29:04+00:00;@Xavier75 t’en pense quoi de ta connexion @free de merde;thomascbienmoi;KB9;2942144373;;Question technique;2024;11;15;2
1,86E+18;2024-11-13 16:33:05+00:00;@freemobile  @Freebox depuis ce matin 11h plus de réseau mobile et internet , je pense sérieusement à changé d’opérateur .;DatDraz;DatDraz;1,45E+18;;Autre;2024;11;16;2
1,86E+18;2024-11-13 16:36:45+00:00;@Freebox 1 fois par trimestre on se retrouve pendant quelque jours sans internet. Et constamment ont doit se retrouver à vous appeler, vous courir après pour des réparations ou de la maintenance. Ça devient épuisant ! La sensation de payer pour rien�;MlleSaf17;Safia 🇩🇿 🍉 🇵🇸;1,28E+18;;Autre;2024;11;16;2
1,86E+18;2024-11-13 16:43:34+00:00;@free je n'arrive pas à vous contacter pour ma box internet;Alejandro_TrPr;Alejandro Torres;1,03E+18;;Autre;2024;11;16;2
1,86E+18;2024-11-13 16:57:01+00:00;@Freebox @free \n29 jours à attendre l’installation de la fibre \nUne freebox toujours pas reçue? \nMais par contre, un premier prélèvement de fait? \nVous trouvez ça normal?;ludovicle;Ludo;34910836;;Question technique;2024;11;16;2
;;;;;;;;;;;
1,86E+18;2024-11-13 17:31:15+00:00;@free hey c’est normal que votre numéro de support client ne soit plus attribué? \nJ’ai plus d’internet depuis hier et impossible d’avoir quelqu’un en assistance…;Djeufuii;Djeufuii;2170563255;;Autre;2024;11;17;2
1,86E+18;2024-11-13 17:52:33+00:00;🚨#PANNE MAJEURE  FREEBOX EN COURS🚨\n 📡99 freenautes ont signalé des pannes #Internet dont 81 sur le réseau #fibre de #Free depuis 11h35\n🌍Villes concernées : Pertuis (84120), La Bastidonne (84120)\n⬇️⬇️⬇️\nhttps://t.co/5syXsuGnbR;zoneadsl_panne;Pannes Internet et Mobile;1,59E+18;;Plainte service;2024;11;17;2
;;;;;;;;;;;
1,86E+18;2024-11-13 18:06:38+00:00;Et sinon @Freebox tu comptes refonctionner aujourd'hui ?\nParce que bon en panne depuis ce midi ca commence à faire long ?\n#free #freebox #panne;donmarco84370;donmarco84 ⭐⭐;8,27E+17;;Plainte service;2024;11;18;2
1,86E+18;2024-11-13 18:52:32+00:00;@freemobile @Freebox @free  pouvons-nous savoir pourquoi et quand est-ce que ça va être résolu ??;BraxoPasDjeuMot;BRAXO;602235314;;Question technique;2024;11;18;2
1,86E+18;2024-11-13 19:16:37+00:00;@Freebox @free ça fait 1 semaine j’ai pas internet vous comptez faire quelque chose ou faut que j’aille voir la concurrence ça commence à me monter en pression;Max95SLB;Maxx;363863945;;Autre;2024;11;19;2
1,86E+18;2024-11-13 19:17:30+00:00;@free ça fait 4h que j’ai aucun réseau uniquement dans ma ville et 2 jours que ma box ne fonctionne plus ???? Rendez mes sous ???;milla___0;milla;1,18E+18;;Autre;2024;11;19;2
1,86E+18;2024-11-13 21:19:10+00:00;Sinon @free @Freebox toujours vous écrivez des Tweets quand tout fonctionne mais là depuis 24h j’ai plus de co? On débat sur ça ou pas;kronnikeTV;Kronnike;1,67E+18;;Autre;2024;11;21;2
1,86E+18;2024-11-13 21:29:01+00:00;on en a marre de payer la box + la fibre pour qu'au final le wifi marche pas c'est grave @free;lilknww;Lil.✰⁵;1,34E+18;;Question technique;2024;11;21;2
1,86E+18;2024-11-13 21:30:39+00:00;@free c’est quand vous voulez que vous remettez en service le web ?;mdanslesang13;Om Forever;626208281;;Autre;2024;11;21;2
1,86E+18;2024-11-13 21:56:21+00:00;@free  pas d’internet sur Livry Gargan. Je suis en télétravail et je n’ai pas pu travailler aujourd’hui. Comment je fais maintenant ? Je vous paye vous êtes censé me fournir internet;Ilkevv;ilke;2284448765;;Question technique;2024;11;21;2
1,86E+18;2024-11-14 01:04:48+00:00;@free un jour on va en découdre je vous le jure, j’en ai plus qu’assez de vos incompétences;jnnr243;JNR;1,12E+18;;Autre;2024;11;1;3
;;;;;;;;;;;
;;;;;;;;;;;
;;;;;;;;;;;
1,86E+18;2024-11-14 12:55:40+00:00;C’EST QUOI VOTRE PROBLÈME FREE ????! @free @Freebox \nJ’ai un problème avec ma box parce qu’il il y’a eu une mauvaise manipulation d’un technicien!!!! Et maintenant on me dit qu’on technicien dois passer SAMEDI c’est déjà bien loin mais ok j’ai pas le choix …1/2;ChooupsLulu;Mia 💕👸🏽;1911151788;;Plainte service;2024;11;12;3
1,86E+18;2024-11-14 13:22:26+00:00;@Freebox pas de news sur l'incident depuis mardi 18h!!!! Pas très commercial #livrygargan;mistermatth93;matth93;1907494322;;Autre;2024;11;13;3
1,86E+18;2024-11-14 14:34:18+00:00;ptn mais vraiment @free ça bouge pas c’est le pire FAI de france frère j’ai jamais vu ça, un mois sans internet mais tout est normal hein;chr1svtv;arsenal fan account;527356262;;Autre;2024;11;14;3
1,86E+18;2024-11-14 18:56:49+00:00;Freebox Delta bloquée étape 2 depuis cet après-midi 😣 suis-je la seule en galère? @free @Freebox #freebox;noel_y_ne;Noëlyne;1561081040;;Autre;2024;11;18;3
;;;;;;;;;;;
1,86E+18;2024-11-14 20:03:55+00:00;help logement raccordable à la fibre, un technicien est venu il y a 6 mois disant que ce n’était pas possible et jamais eu de retour depuis.. à chaque fois que j’appelle je n’ai personne qui ne peut me renvoyer quelqu’un @free @Freebox @Xavier75 🙏🙏;vezzen_;KC Vezzen;1,07E+18;;Demande d'aide;2024;11;20;3
;;;;;;;;;;;
;;;;;;;;;;;
1,86E+18;2024-11-15 05:29:22+00:00;@Freebox sympa vous m'avez deja coupé la connexion alors que j'avais demandé jusqu'à la fin du mois, du coup je suspend les paiements aussi non ?;MayonnaiseCrabe;Paterne austere;1,59E+18;;Question technique;2024;11;5;4
1,86E+18;2024-11-15 10:49:35+00:00;Donc chez @free , pour une personne malentendante, en aucune façon on ne peut joindre le service commercial ! le seul moyen est un numéro de téléphone !\n-ou comment @Orange_conseil va récupérer 2 lignes mobile et une ligne fixe !\n@Freebox;j_capdevielle;𝕁é𝕣ô𝕞𝕖 ℂ𝕒𝕡𝕕𝕖𝕧𝕚𝕖𝕝𝕝𝕖 🇫🇷 🫒;526905809;;Question technique;2024;11;10;4
1,86E+18;2024-11-15 14:01:40+00:00;@Freebox Gros souci avec ma wifi depuis 3 jours. Peut-être du à la dernière mise à jour de la box serveur ? Suis-je le seul dans ce cas-là. @free @freemobile;RachidDerbel;Rachid Derbel;78270817;;Question technique;2024;11;14;4
1,86E+18;2024-11-15 15:23:53+00:00;Bonjour @Xavier75 nous n'avons toujours pas la fibre dans mon lotissement à Givry (71640) ... 3j pour télécharger mes jeux, on est en 2012 ouuuu ? \nY'a moyen de faire quelque chose ? En échange de quelques bouteilles de Givry 1er Cru 👀 ... @free https://t.co/Pz4AQSmNlk;Ragonss4;Ragonss;1,78E+18;;Question technique;2024;11;15;4
1,86E+18;2024-11-15 16:06:35+00:00;@Xavier75  \n@free \n@freemobile \nChez Free depuis à peine plus d'un mois, que des problèmes. \nC'est peut être mieux chez Reef finalement. \n#panne \n#problème;Louglo_Did;Louglo_Did;168217691;;Plainte service;2024;11;16;4
1,86E+18;2024-11-15 16:11:49+00:00;Faut venir récupérer le monsieur qui tweet depuis ce matin devant le magasin rue Sainte à Marseille svp;lidlfrance;Lidl France;468416706;;Demande d'aide;2024;11;16;4
1,86E+18;2024-11-15 18:51:36+00:00;@free ça fait 3 jours que j’ai ni télé ni internet et personne au bout du fil. \nOn fait comment ?;Marechal_YL;YLN⚡️;630623152;;Question technique;2024;11;18;4
1,86E+18;2024-11-16 10:34:22+00:00;@free  j’ai plus internet depuis lundi car quelqu’un a coupé volontairement mon fil fibre , on m’a dit qu’un technicien allait passé avant samedi , j’attend toujours ! En attendant je paye une box un abonnement etc alors que j’ai accès à r;ade_ntj;ade;3101571400;;Question technique;2024;11;10;5
1,86E+18;2024-11-16 11:16:06+00:00;@free a genre vous voulez pas répondre sur le 3244? Je vais appeler toute les boutiques;Loutcho77;Le Zindiien 🌴;319820617;;Autre;2024;11;11;5
1,86E+18;2024-11-16 11:29:03+00:00;@free Bonjour, suite à la résiliation de mon contrat chez vous, j’ai renvoyé tout le matériel il y a plus d’une semaine dans un point relais et je n’ai reçu aucune confirmation ni d’envoi ni de réception de votre part… pouvez-vous me confi;Jeanfilaf;jeanfilaf;1028302008;;Autre;2024;11;11;5
;;;;;;;;;;;
1,86E+18;2024-11-16 18:29:24+00:00;@free Ça fait depuis mardi que ma box est bloquée a l’étape 2 donc pas de wifi depuis presque une semaine et votre service client par téléphone fait mine de rien, il serait temps de régler le problème  car c’est archi pénible;TunisienMesquin;Red BMS TunisienMalin |;1,25E+18;;Plainte service;2024;11;18;5
;;;;;;;;;;;
1,86E+18;2024-11-16 20:09:50+00:00;@free bonjour, je suis  abonné free box et j'ai perdu mes identifiants.\nQuelle est la procédure pour les récupérer ?\nMerci;BalaganToni;Toni;1,60E+18;;Autre;2024;11;20;5
1,86E+18;2024-11-17 06:12:58+00:00;@Freebox @free @freemobile svp ou sont les replays de la chaine RTL9 ? La chaine n'est plus dans les replay depuis ce matin merci de votre aide;RubenAl200;PycobraZ66;1,39E+18;;Demande d'aide;2024;11;6;6
1,86E+18;2024-11-17 12:40:15+00:00;@free @Freebox  Plusieurs jours que notre box reste bloquée à l'étape 2 sans que rien ne soit fait pour régler la situation. Vous trouvez ça normal ? Non parce que si nous on ne paye pas, notre accès à internet est directement coupé. Je pense que ;saucykatana;plume;1,23E+18;;Autre;2024;11;12;6
1,86E+18;2024-11-17 12:56:17+00:00;Donc moi je paie 40e par moi pour avoir ça comme débit ? @Freebox venez par là on a des trucs à se dire https://t.co/ZUNZfxkdS3;denztv1;Denz;1,69E+18;;Question technique;2024;11;12;6
1,86E+18;2024-11-17 15:21:38+00:00;Hey @free , on vient d'installer la fibre dans mon immeuble. Quelles sont vos promos actuelles ? Et quels sont vos délais pour raccorder mon appartement à la fibre  et avoir accès à la fibre ?;LulluBellule;Lulu-bellule;3380485455;;Question technique;2024;11;15;6
1,86E+18;2024-11-17 16:30:02+00:00;Toujours bien de dire que j’ai toujours pas vu l’once d’un Go hein @Freebox rendez ma connexion pitié;Zeltox1;Waiks_ 🎋;1,06E+18;;Question technique;2024;11;16;6
1,86E+18;2024-11-17 21:43:50+00:00;Bonjour @free, toujours pas de raccordement ok pour une demande faite le 31/08 et une adresse éligible depuis septembre. Loin de votre délai annoncé de 15 jours. Nos relances sont restées sans réponse ! Faut il s’adresser à vos concurrents pour bénéficier de la fibre ? @Xavier75;Fred_Dumoulin;Fred Dumoulin;1675570614;;Question technique;2024;11;21;6
1,86E+18;2024-11-17 23:17:59+00:00;@Freebox vous n'avez pas de solution pour un fidèle abonné qui n'a plus internet depuis le 24/10 ? Je n'en peux plus. Je vais devoir partir de chez vous... :-(;Ladyeleanne;Ladyeleanne;41104602;;Autre;2024;11;23;6
1,86E+18;2024-11-18 08:58:31+00:00;Bonjour @Free et @Freebox , malgré mes relances, depuis 1 an, je n'ai toujours pas de technicien pour installer la fibre à mon bureau situé dans le 1er arrondissement de Paris. Pouvez-vous m'aider à résoudre ce problème rapidement ? Merci.;arnouvion;arnaud nouvion;25800563;;Plainte service;2024;11;8;0
1,86E+18;2024-11-18 09:04:59+00:00;Incident Free réseau sur @aixlesbainsfr et #73100 ?\nIncident sur câble semble t'il ?\n@Free_1337 @Freebox;whymper_conseil;Pierre-Loïc Carette;2275137313;;Autre;2024;11;9;0
1,86E+18;2024-11-18 10:17:51+00:00;@free je vais vriller, ça fait des semaines ma connexion se coupe, votre service client inexistante, aussi vide que une game en ranked sur sparking zéro\n\noù sont votre assistance technique ?;WalidzMomobami;𝓦𝓪𝓵𝓲𝓭𝔃 🌙;1,01E+18;;Plainte service;2024;11;10;0
1,86E+18;2024-11-18 13:42:35+00:00;@free bonjour je veux migrer vers la fibre mais l’offre avec réduction n’est apparemment que pour les nouveaux clients. Donc pas d’autre choix que de partir chez la concurrence?pour être appelé après pour se voir offrir des reduc ou est la logiq;HasnaAtif;atif hasna;564061965;;Question technique;2024;11;13;0
1,86E+18;2024-11-18 15:35:41+00:00;@Xavier75 @free Indadmissible, 1 mois que j'ai déménagé et ma co internet est instable au maximum, des déco tout les jours, aléatoire et rien de fait, 5 techniciens sont passé et rien, un changement de box, rien non plus ! Jvous aime bien mais la jc;raz3N;razeN;419486538;;Plainte service;2024;11;15;0
1,86E+18;2024-11-18 16:33:59+00:00;"@Freebox ""nous constatons qu'un ticket d'incident à été ouvert du 31/10 au 19/11 (17 jours)"" y a comme un problème de math non ?";beng75018;BG75018;4153826188;;Plainte service;2024;11;16;0
;;;;;;;;;;;
1,86E+18;2024-11-18 18:41:47+00:00;@Freebox  Bonjour à vous alors voilà votre mail et je veux bien vous contacter au 3244 mais vous ne voulez pas, vu que je n'ai pas de code secret 😅 https://t.co/RNaqKWTEmV;sg_mister;MisterSG;1,31E+18;;Autre;2024;11;18;0
1,86E+18;2024-11-18 20:18:59+00:00;@free @Freebox normal que je paie un abonnement 50 balles par mois pour avoir soit disant la meilleure fibre optique de France mais que ça dépasse pas les 10mb/s ?? Vous vous fouteriez pas un peu de notre gueule pr hasard ?;kebabsaucebiggy;Alexis;1,35E+18;;Question technique;2024;11;20;0
1,86E+18;2024-11-19 00:55:57+00:00;Nous n’avons pas Internet pendant plus d’une heure, et la réception téléphonique non plus. ce qui se passe? \n@free;Haangladius;Hadrian;254578990;;Autre;2024;11;0;1
1,86E+18;2024-11-19 09:35:11+00:00;Chez @free @Xavier75 tu résilies ta box, ils te prélèvent encore le mois suivant. En +, le SAV coûte 0,45€/min car t’es plus abonné. 👍 !! 10 min d’attente pour rien, 4,5€ de perdu x2 + appels où je n’ai pas le temps d’attendre… Des génies ou des voleurs ?;Appelmoi_leDuc;Appelmoi_Leduc;1,78E+18;;Réclamation RDV;2024;11;9;1
1,86E+18;2024-11-19 10:17:29+00:00;@free bonjour je suis abonné mobile catel François pourriez vous me joindre svp;CatelDebo;Debo Catel;1,49E+18;;Demande d'aide;2024;11;10;1
1,86E+18;2024-11-19 11:58:56+00:00;Pourquoi je suis en débit réduit encore @free ?;wikenH;Kenny 🕷️;3866115424;;Question technique;2024;11;11;1
1,86E+18;2024-11-19 12:24:01+00:00;Depuis le 9 oct, fils arrachés, box qui ne fctne plus. 4 techniciens sont venus, pour dire qu'il fallait une nacelle, mais jamais de nacelle. Aucun contact possible hormis l'assistance de proximité qui ne fait rien. Un suivi nul. Je fais quoi ??! @free @Freebox @Xavier75 #freebox;Nathathoustra;natc;2863898663;;Réclamation RDV;2024;11;12;1
;;;;;;;;;;;
;;;;;;;;;;;
;;;;;;;;;;;
1,86E+18;2024-11-19 13:28:56+00:00;@free @Freebox pourquoi votre service réclamation n’est pas joignable par téléphone ? J’ai eu 3 semaines de coupures internet et faut encore que j’envoie un courrier pour être dédommagée ?;juliem003;Ju’;1872257288;;Plainte service;2024;11;13;1
1,86E+18;2024-11-19 13:29:30+00:00;Free je n'en reviens pas après l'orage plus de connexion c'est dingue apenne 2 semaine et déjà des problème 0 technicien \n@free @SFR;tiger28officiel;lesexperiences de_dream;1,77E+18;;Plainte service;2024;11;13;1
1,86E+18;2024-11-19 16:55:34+00:00;Quelqu’un aurait la ref du forfait ? C’est pour un pote.;free;Free;252263949;;Autre;2024;11;16;1
1,86E+18;2024-11-19 17:12:07+00:00;@Freebox pourquoi me priver de services 3 jours avant la date de résiliation ???\nMerci de me répondre SVP;oiseauduvent;Marie 💫;1,25E+18;;Demande d'aide;2024;11;17;1
1,86E+18;2024-11-19 17:32:39+00:00;@free vous venez de perdre un client, ciao.;Dypapopoulos;🫡;1,64E+18;;Autre;2024;11;17;1
;;;;;;;;;;;
1,86E+18;2024-11-19 18:01:39+00:00;@OQEEbyFree @free Bonjour je m'abonne à @beinsports_FR pour suivre la @daviscup  mais le stream est totalement boggué sur Android... il y a un décalage énorme entre le son et l'image.  Donc soit vous régler le problème soit vous me remboursez. Merci;HD_Solution;HDSolution;372895303;;Plainte service;2024;11;18;1
;;;;;;;;;;;
1,86E+18;2024-11-19 19:40:06+00:00;@free est ce quelqu'un de chez vous peut m'aider. Free me laisse internet depuis le 24 octobre sans aucun suivi, aucune aide. Sachant que mon mobile ne capte pas sans la box. Fidèle cliente depuis le 1er abonnement free.. Pour rien;Ladyeleanne;Ladyeleanne;41104602;;Autre;2024;11;19;1
1,86E+18;2024-11-19 20:00:59+00:00;@free c possible de se parler en dm ?;jujubilel;Julien Champion d’Europe 🇵🇸🇱🇧🇫🇷♥️💙;2727545213;;Autre;2024;11;20;1
;;;;;;;;;;;
1,86E+18;2024-11-19 21:13:56+00:00;Help @Freebox @free @Xavier75 https://t.co/XnTrQdNATZ;mvto_vyu;matéo;1,14E+18;;Demande d'aide;2024;11;21;1
1,86E+18;2024-11-19 22:06:53+00:00;@free c’est quoi cette connerie ? On ne peut plus passer les pubs si on regarde en différé.\nEnlevez ça de suite ou je me désabonne !\n@Arcom_fr https://t.co/ebuCA75FYF;Mehdiyeah;Trafalgar;803099222;;Autre;2024;11;22;1
1,86E+18;2024-11-20 00:27:06+00:00;@free @Freebox @freemobile @Xavier75\n\nY'a une Panne free à Fontaine dans le 71 ? 🤔;JVTatsuyaGaming;M8/KC JV - Tatsuya Gaming;1,62E+18;;Plainte service;2024;11;0;2
;;;;;;;;;;;
1,86E+18;2024-11-20 08:28:18+00:00;@free  c’est vraiment de la merde que des problèmes;mannschaft944;venom;1,23E+18;;Plainte service;2024;11;8;2
1,86E+18;2024-11-20 11:07:01+00:00;PUTAIN @free, RAS LE FIACOS.\nJe me suis dis vas-y je vais stream un coup et après dodo, je peux même pas.\nJ'ai la FIBRE pourtant, je vois ping à 7 je me dis c'est bon ça passe, et ben NON. J'AI MÊME PAS 40 MÉGA BORDEL DE MERDE, COMMENT C'EST POSSIBLE D'AVOIR ÇA EN AYANT LA FIBRE. https://t.co/T83wEV0mep;Juste_Bebz;Juste_Bebz;1,37E+18;;Question technique;2024;11;11;2
1,86E+18;2024-11-20 13:27:51+00:00;@M6 pour info le replay de votre chaîne ne fonctionne plus chez @free. Message affiché : Contenu indisponible.;Elisaperei46275;🇫🇷🌿Elisapereira #JamaisSansZemmour;1,80E+18;;Autre;2024;11;13;2
;;;;;;;;;;;
1,86E+18;2024-11-20 14:22:48+00:00;@free bonjour \nJ'ai un problème avec un nouveau contrat \nJ'attends le technicien depuis 3h. Toujours personne. Impossible de joindre quelqu'un \nImpossible de me connecter à mon compte \n\nEst-ce qu'on peut me rappeler ?;Maya_RSJ;🦊🦌;100870691;;Plainte service;2024;11;14;2
1,86E+18;2024-11-20 14:56:41+00:00;@free comme personne ne veux que je converse avec le service résiliation ne répond chez free il veulent sans doute que je parte à la concurrence comme on donne rien au abonnés actuel on fait marcher la concurrence;Delattre74Lolo;LOLO;1316835038;;Autre;2024;11;14;2
1,86E+18;2024-11-20 16:09:49+00:00;Coucou @Freebox  cela fais deux jours que je n’ai plus internet il serait possible de voir le problème avec vous ?;AlexandreNamz;Namzork;1,42E+18;;Plainte service;2024;11;16;2
1,86E+18;2024-11-20 16:18:32+00:00;@free c’est quoi ce bordel ? Vous prenez l’argent des gens bien rapidement et en en échanges on a une connexion internet de merde ! Faut cessez l’abus là quand même !;MMadjes;madjes 🇲🇱🦅;2764824970;;Question technique;2024;11;16;2
1,86E+18;2024-11-20 16:41:49+00:00;2 semaine pour avoir un rendez vous installation \nLe colis indiqué livré dans ma boîte au lettre est absent \n\nTu commences bien @free, dire que j’avais le choix entre ça et @SFR je pensais pas trouver aussi pire que le démon rouge;ByMaxTalk;Bymax;3058472415;;Question technique;2024;11;16;2
1,86E+18;2024-11-20 16:50:13+00:00;@Freebox  problème de connexion. Sur ma box n’arrive pas à joindre service assistance;HawaDram9;Hawa Dramé;1,54E+18;;Plainte service;2024;11;16;2
1,86E+18;2024-11-20 17:21:38+00:00;Bonsoir @free \nAvez vous une solution à proposer à un client fidèle depuis 20ans ?\n#free #fidelite #freebox;NAJJARIM;Mohammed NAJJARI;140406183;;Autre;2024;11;17;2
1,86E+18;2024-11-20 19:05:30+00:00;@Freebox Bonsoir, depuis plusieurs jour service tv très dégradé. Un problème sur le secteur de Sélestat ?;phertzog;Philippe HERTZOG;38915013;;Plainte service;2024;11;19;2
1,86E+18;2024-11-20 19:09:07+00:00;@free plus possible de zapper les pubs sur TMC quand on regarde un programme en décalé 😡.\nJ'espère que celà ne va pas se généraliser sur toute les chaînes 😡😡😡;vainvain58;Sylvain;2965922357;;Autre;2024;11;19;2
1,86E+18;2024-11-20 19:11:05+00:00;C'est une dinguerie j'ai pas de connexion avec free alors que je dois envoyer un devoir ce soir ??? @free;kay_xvr_;💗🧸🧬;1,00E+18;;Plainte service;2024;11;19;2
1,86E+18;2024-11-20 19:38:48+00:00;Je peut avoir acces a Internet ouuuuu @Freebox;Emre_wsh;Emre;417037859;;Autre;2024;11;19;2
1,86E+18;2024-11-20 21:29:41+00:00;@free j’aimerais savoir ce que vous faites de vos journées sérieusement on passe plus de temps en ayant des pannes de réseau et d’Internet que le moment ça fonctionne bien évidemment on paye toujours le même prix…;BasstosAdrien;Adrien BaSstos;7,05E+17;;Plainte service;2024;11;21;2
1,86E+18;2024-11-20 21:39:06+00:00;Ma freebox tv bug tous les soirs vers 22h30 depuis 2 semaines. Ecran noir. Je suis obligé de faire un va-et-vient pour que ça refonctionne sur d’autres chaines, voire devoir redémarrer le décodeur tv. Que se passe t-il ?? @free @Xavier75 #freebox mini4k;HLebontuillot;HDsf;1071240230;;Plainte service;2024;11;21;2
1,86E+18;2024-11-20 23:08:56+00:00;Je suis obligé de contacter @free toutes les 2 semaines depuis que je suis chez eux pour divers problèmes, encore ce soir j'ai des déconnexions en boucle pendant plusieurs heures mais vous inquiétez pas ils ont LA solution. J'enverrai la facture internet mobile à la fin du mois🤡 https://t.co/OEtZK17u1m;xZiqouille;Ziqa 👑;1033320685;;Plainte service;2024;11;23;2
1,86E+18;2024-11-20 23:51:19+00:00;La vie de ma mère @free jvais cabler srx ça pue la merde la co depuis 1 mois et j'ai la fibre jsp faites un effort nn ? en plus là c'est bloqué étape 6 ptn;ranPomm;Pom 🏳️‍⚧️;1,78E+18;;Question technique;2024;11;23;2
1,86E+18;2024-11-20 23:51:32+00:00;@free il se passe quoi encore ? #free #down;loismarcin;Ɩᗰ ⌽ᵐˢ;194237450;;Autre;2024;11;23;2
1,86E+18;2024-11-21 00:03:23+00:00;Coucou @free pb de connexion #pasdecalais dans pas de calais (62) depuis 5/10 minutes, #ultra led rouge allumée normal ? Merci pour votre réponse 😉 bon courage si c'est un PB sur le réseau 👍;Gabydebur;Westrelin Gabriel;861195258;;Question technique;2024;11;0;3
;;;;;;;;;;;
1,86E+18;2024-11-21 00:06:24+00:00;Moi qui voulais lancer Cs2, quand la mise à jour s’arrête et je vois plus de réseau sur mon ordi et mon téléphone. Faite quelque chose @free laisser moi lancer ma Game;RegniezTony;ｲo刀ﾘﾒd🇫🇷;8,23E+17;;Autre;2024;11;0;3
1,86E+18;2024-11-21 00:42:05+00:00;@Freebox need help j'ai plus de co https://t.co/SyHfX0ypFJ;Hirowh_;KC Hirowh;8,20E+17;;Demande d'aide;2024;11;0;3
;;;;;;;;;;;
1,86E+18;2024-11-21 05:46:20+00:00;Hey oh … @Freebox  @free  vous êtes où ? Plus d’internet !;yannkervarec;YannK;1364481;;Autre;2024;11;5;3
;;;;;;;;;;;
1,86E+18;2024-11-21 09:18:55+00:00;@Xavier75 je suis bloqué avec un opérateur éclaté au rez-de-chaussée encore 1 an car j'avais pas le choix, tu peux pas m'aider à m'en débarrasser pour passer chez @free \nJe paye plus cher et j'ai que Netflix Meskine 🙁;kisskoul;KISsscoOOL;111865644;;Autre;2024;11;9;3
;;;;;;;;;;;
1,86E+18;2024-11-21 11:03:49+00:00;@Freebox possible d’avoir une assistance ou un retour sur la situation j’ai plus internet / tv depuis hier soir;r0uf0u;Jp'z 🇵🇸;1,13E+18;;Autre;2024;11;11;3
1,86E+18;2024-11-21 13:19:24+00:00;Encore des soucis de connection chez @free ou je suis le seul ? Secteur Sorgues (84).;VBPix84;VBPix84;480731031;;Autre;2024;11;13;3
1,86E+18;2024-11-21 13:20:20+00:00;Bonjour @free pas de connexion télé internet téléphone, j’ai appelé laisser un message sur votre répondeur et un message écrit sur l’application pas de réponse (les 45 minutes sont dépassés) vous pouvez réagir ? C’est chez une personne âgé. Merci !;JTLCD59;Julie #CB42Forever 🕊️💚🩶🧡;34894041;;Plainte service;2024;11;13;3
;;;;;;;;;;;
1,86E+18;2024-11-21 14:22:41+00:00;Ma ligne @free qui retombe en panne, pas de technicien pour le diagnostic avant le 2 décembre, Orange m'installe la fibre dans 1 semaine pour moins cher, à dégager @free;BruceWayne055;Bruce Wayne 😜 🧦🧦♿;1,34E+18;;Plainte service;2024;11;14;3
1,86E+18;2024-11-21 14:48:16+00:00;@Freebox  interruption de service ( plus d’internet ) dans les zones d’evry courcouronnes ? Que faire?;Heuss_Ketama;CHAMPION 24/25🏆🥇🔴;445895995;;Autre;2024;11;14;3
1,86E+18;2024-11-21 16:13:30+00:00;@free Vos serveurs de mail sont HS ?;ricou44330;Eric KOLESNIKOFF;1,58E+18;;Plainte service;2024;11;16;3
1,86E+18;2024-11-21 16:15:04+00:00;Ya moyen que je recupere ma co ouuu ? @free @Freebox;Emre_wsh;Emre;417037859;;Autre;2024;11;16;3
1,86E+18;2024-11-21 16:25:01+00:00;Depuis que je suis chez @free j’ai tellement de bug 😟😱😱😱 putain les coupures de tv et internet c’est hallucinant ! Franchement c’est même pire que @SFR ! Et pour être pire que SFR c’est quelques chose.;manavaeva;ma;167522284;;Plainte service;2024;11;16;3
1,86E+18;2024-11-21 18:33:44+00:00;Le conseiller @Freebox me dit qu'il va gérer la résiliation de ma box red by sfr (mai 2023), sauf que non.\n\nEntrainant ainsi 18 mois d'abonnement chez les deux. 540 euros de perdu.\n\nJe résilie de suite.;AmiineHamrawa;Amine🇩🇿;320748258;;Autre;2024;11;18;3
1,86E+18;2024-11-21 19:21:41+00:00;Encore une panne depuis 11h30 aujourd’hui @free @Freebox !!! Devient lassant !!! 🙄 https://t.co/r7rRkR50bA;S_H_Y_6913;S.H.Y;1,21E+18;;Plainte service;2024;11;19;3
;;;;;;;;;;;
1,86E+18;2024-11-21 22:09:59+00:00;@free @Orange_France @SFR je sais pas qui contacter mais j’en ai ras le cul de jouer à 150 de Ping tout les jours elle arrive quand la fibre là ça fait 10 ans j’attends tout les villages du coin sont fibrés…  ça devient invivable aidez moi je s;NoLpeYu;Nolpeyu;1,17E+18;;Question technique;2024;11;22;3
1,86E+18;2024-11-21 23:35:13+00:00;Sympa la VOST chez @free merci @Xavier75 https://t.co/vAqV5atz6D;RigolTv;Rigol TV;587767719;;Autre;2024;11;23;3
1,86E+18;2024-11-22 01:41:56+00:00;"@Freebox j'ai toujourS deS problèmeS avec vouS, avec la "" révolution "" et même maintenant avec la "" delta "" j'ai deS erreurS de connexion le disant que je n'ai paS assez de débit et là maintenant j'ai encore le son qui est décalé de l'image, super ";serwalfang;ƨεяшαʟ;212406466;;Plainte service;2024;11;1;4
1,86E+18;2024-11-22 06:57:16+00:00;"Bonjour @Xavier75,\nDepuis que j’ai souscrit à une offre @free pour ma permanence parlementaire, j’ai ""perdu"" mon numéro de téléphone. \nJe ne suis plus joignable et vos services me promettent chaque jour une solution rapide, sans résultat.\n\n@Freebox";YoannGillet30;Yoann Gillet;98735932;;Autre;2024;11;6;4
1,86E+18;2024-11-22 08:46:52+00:00;@Sosh_fr @Freebox vous allez vous renvoyer la balle combien de temps ? C’est qui le stagiaire qui a pas fait son boulot de résiliation ?;lemykillmistrss;LEMY - エミリア;1851289748;;Autre;2024;11;8;4
1,86E+18;2024-11-22 09:14:02+00:00;Vraiment j’espère que free va quitter le marché. Depuis le 30/10 j’ai pas de wifi et je n’ai que peu de 4G chez moi (mon téléphone aussi est chez free) je fais un examen blanc en distanciel actu mais j’ai PAS DE CONNEXION POUR L’ENVOYER \n@free si je valide pas, vous allez payer https://t.co/dEzEKpym53;un_cauchxmar;Cybelle la plus belle 🇧🇯🇫🇷;1,27E+18;;Plainte service;2024;11;9;4
1,86E+18;2024-11-22 12:20:24+00:00;@free bonjour,\nJe ne peux pas débloquer mon adresse mail Free suite à une possible utilisation malveillante. Le service recupcompte n’est plus disponible, est-ce normal ?;Tifosi62;Anthony Tifosi;3198350879;;Autre;2024;11;12;4
1,86E+18;2024-11-22 13:00:31+00:00;Les gars est ce que quelqu’un travail chez @Orange_France (dans le nord) c’est une dinguerie, problème de fibre (que chez moi les voisins 0 problemes) et les chiens au téléphone me donne 0 solution et je dois attendre jusqu’à MARDI mdrrrrrrrr et j’boss comment ??;ImmigreParisien;L’immigré Parisien;1,48E+18;;Plainte service;2024;11;13;4
;;;;;;;;;;;
1,86E+18;2024-11-22 15:19:27+00:00;On dit « le » Wi-Fi. https://t.co/Q6N0xkgSHv;free;Free;252263949;;Autre;2024;11;15;4
;;;;;;;;;;;
;;;;;;;;;;;
1,86E+18;2024-11-22 15:58:55+00:00;Petit échange avec le Service Free, pour avoir un geste commercial, suite à ma fidélité à @free .\nJe pense que @Xavier75 appréciera comment ses conseillers proposent à ses fidèles clients de résilier leur contrat, pour avoir un geste commercial. https://t.co/cUdlobZbPx;Verdicts1;Un ange passe ...;2489903556;;Question technique;2024;11;15;4
1,86E+18;2024-11-22 16:05:30+00:00;Bonjour @free comment on fait quand un sous-traitant nous débranche la fibre pour brancher quelqu’un d’autre (notre voisin), l’admet clairement, mais remet la faute sur vous ? Au final ni notre voisin ni nous n’avons la fibre maintenant 👍 @Free_1337 @Xavier75 https://t.co/Mw5TEeFMxo;MargotWarrior;Gomarf;295249365;;Question technique;2024;11;16;4
1,86E+18;2024-11-22 16:40:24+00:00;Sinon chez @free, vous avez pensé a réparer vos équipements pour assurer le service de vos clients au lieu de chercher la bagarre devant des supermarchés?;math_cheminais;mathieu;106466506;;Autre;2024;11;16;4
;;;;;;;;;;;
1,86E+18;2024-11-22 17:30:41+00:00;@free bonjour \nJe ne retrouve plus mon mot de passe zimbra . Help!!!!!!!!!;RemyTwitt83;Rémy;1,58E+18;;Demande d'aide;2024;11;17;4
1,86E+18;2024-11-22 19:03:49+00:00;@Freebox ma box est bloquer à l’étape 6 que puis je faire ?;DeepDarck_Arrow;pierrique;1,38E+18;;Autre;2024;11;19;4
1,86E+18;2024-11-22 19:27:58+00:00;@free c est quoi ce réseau !!!!!! https://t.co/pE4jumzPmo;Kro07543978;Kro;9,86E+17;;Autre;2024;11;19;4
1,86E+18;2024-11-22 20:33:55+00:00;@free peut m'expliquer c'est quoi son délire à passer toutes les chaînes payantes !? Tu paies soit disant un abonnement internet + télé pour au final avoir que les chaînes de la TNT disponibles mais KOUNIA MANMAN ZOT !;KitKatCaramiel;𝓥𝓲𝓿𝓻𝓮 𝓭'𝓮𝓪𝓾 𝓯𝓻𝓪î𝓬𝓱𝓮 🏔;1,52E+18;;Autre;2024;11;20;4
1,86E+18;2024-11-22 21:12:44+00:00;⚠#PANNE  FREEBOX EN COURS⚠\n 📡20 freenautes ont signalé des pannes #Internet sur le réseau #fibre de #Free depuis 20h52\n🌍Ville concernée : Bussy-Saint-Georges (77600)\n⬇️⬇️⬇️\nhttps://t.co/5syXsuGnbR;zoneadsl_panne;Pannes Internet et Mobile;1,59E+18;;Plainte service;2024;11;21;4
;;;;;;;;;;;
1,86E+18;2024-11-23 09:06:55+00:00;Quand le sav de @free me dit que la fibre sera installée avant la fin de l'hiver promis même si on vous le dit tout les ans et qu'on fait rien.\nVous inquiéter pas  ! https://t.co/gk0bt5eFo5;clippydaclip;Clippy Daclip;1,03E+18;;Question technique;2024;11;9;5
1,86E+18;2024-11-23 09:51:52+00:00;@free Bonjour, je suis déjà client chez Free.\nJ’ai tenté de joindre vos services à plusieurs reprises sur Whatsapp pour une question sur le changement d’offre à la fibre Ultra. Pas de réponse depuis plus d’une semaine et 4 messages. Pouvez-vo;Chop19211;11;1,61E+18;;Question technique;2024;11;9;5
1,86E+18;2024-11-23 09:53:20+00:00;Bonjour @free, panne depuis plus de 48h dans le secteur Vitry-sur-Seine/Villejuif (94) et aucune information de votre part malgré des mails et appels téléphoniques. Est-ce possible d'avoir un suivi de la situation svp ? Merci.;kevintsigbe;Kévin;1,16E+18;;Plainte service;2024;11;9;5
1,86E+18;2024-11-23 10:14:48+00:00;@free je profite de la visibilité lol, ça fait UNE semaine que j’ai plus de boxe internet non plus et ce tous les 2 mois 🥱🥱🥱 @Freebox ‼️‼️;Fionaadlg;Fio;1872331494;;Autre;2024;11;10;5
1,86E+18;2024-11-23 15:52:10+00:00;@Freebox j'ai actuellement un incident entre le PB et le PM dont le réseau est géré par @SFR qui ne semble pas pressé de réparer la rupture de fibre. Toutefois, sans connexion, impossible de démarrer la Delta. Une idée pour démarrer ma VM domotiqu;christophe_PTS;Christophe PTS;957512126;;Question technique;2024;11;15;5
1,86E+18;2024-11-23 17:07:39+00:00;@Freebox  vous avez une idée de la résolution de votre panne vers Bussy tout mon quartier est impacté, je vous rappelle que je paye votre abonnement que je dois absolument travailler ça commence à faire long depuis hier soir plus de réseau. 💀;Cikfilasc7;ambatabuzz;1,42E+18;;Plainte service;2024;11;17;5
1,86E+18;2024-11-23 17:22:33+00:00;@NicolasBeck4 @free Jeudi au tel (box télé + 2 forfaits mobiles) pour se plaindre du prix hein, j'ai obtenu 7€ de moins sur un abonnement pendant 1 an. On va résilier hein  !!!;balancetonehpad;PeyrousesDesCévennes;9,22E+17;;Autre;2024;11;17;5
1,86E+18;2024-11-23 19:07:56+00:00;@free je vous aimes bien les gars mais les micro coupure de connexion internet c’est pq faire;k_nji750;Oui.;592064796;;Plainte service;2024;11;19;5
1,86E+18;2024-11-23 20:20:24+00:00;@free c normal de pas avoir de wifi depuis mercredi mdr ? pas de wifi pas de télévision ?;ina_gzii;lorelai;1,70E+18;;Question technique;2024;11;20;5
;;;;;;;;;;;
;;;;;;;;;;;
1,86E+18;2024-11-24 14:03:21+00:00;@free votre réseau wifi pu la merde;louixdks1;🐺is;1,27E+18;;Question technique;2024;11;14;6
1,86E+18;2024-11-24 15:08:49+00:00;@Freebox bonjour je n’ai plus d’internet 77860 et aucune réponse de l’assistance a priori je ne suis pas le seul sur mon secteur.;herv964;Herve Berthault;281046407;;Autre;2024;11;15;6
1,86E+18;2024-11-24 15:32:30+00:00;@free svp faite quelque chose avec votre connexion psk même si c’est que 10€ par mois ya aucune connexion avec la pop zebi prenez exemple sur @Orange_France nan;ZakariaBekhtao4;zkrbkht;1,45E+18;;Demande d'aide;2024;11;15;6
1,86E+18;2024-11-24 18:05:25+00:00;@free je suis abasourdi de voir votre insistance et en plus me sortir que je vous quitte en 2024 alors je suis chez un nouvel opérateur depuis le 17/08/2023 et je dis bien 2023 mes factures faisant foi. Vous me demandez de vous rendre la box alors que je;basher1822;rer14 🇮🇱🎗️🇨🇵;1,52E+18;;Autre;2024;11;18;6
1,86E+18;2024-11-24 19:11:51+00:00;@free Impossible de passer de l’offre Freebox révolution à l’offre light ? J’ai une connexion de bouseux dans ma petite campagne et donc prendre l’offre light me reviendrais moins chère pour le même résultat… Mais on me dit qu’il faut ré;kilian_dubot;Kilian Dubot;2902750173;;Question technique;2024;11;19;6
1,86E+18;2024-11-24 19:50:28+00:00;@free depuis se matin ma freebox ne fonctionne pas. J’aimerai des explications.;Tiimera_;Rokhaya 🇸🇳;1861738783;;Plainte service;2024;11;19;6
1,86E+18;2024-11-24 21:24:23+00:00;@Xavier75 Bonsoir Monsieur,\nPlus de 2 mois que j’ai souscrit à la fibre chez @free et toujours pas raccordé. Honteux. Je vais aller chez Reef moi vous allez voir 😡 #PasContent;alessio_alpha;Alessio ✞;4817100627;;Question technique;2024;11;21;6
1,86E+18;2024-11-25 07:44:31+00:00;@Freebox  SFR refait la fibre dans mon bâtiment et depuis plus de fibre...service proxy me dit qu'ils ne peuvent pas intervenir parce que incident collectif et a côté de ça des voisins se font raccordé par free.  C'est quoi ce bordel? On cherche à m;gargouilleland;🇨🇵ⓩDraco;966114380;;Question technique;2024;11;7;0
1,86E+18;2024-11-25 08:09:39+00:00;@free Je me casse des chez vous. Je vais rejoindre la @Orange_France;BanDy_CoD;BanDy;925773618;;Autre;2024;11;8;0
1,86E+18;2024-11-25 08:17:38+00:00;@Freebox \nBonjour\n\nCela fait maintenant 3 jours que nous n’avons plus internet (77)\nD’après certains sites c’est notre zone car il y a plus de 300 signalements. \nAvez vous une estimations de la reprise ?\n\nMerci.;GeekFamilyCorp;GeekFamilyCorp;8,13E+17;;Autre;2024;11;8;0
;;;;;;;;;;;
1,86E+18;2024-11-25 10:02:19+00:00;Free box c'est de n'importe quoi depuis plus d'un mois on a pas ni d'internet ni tv dans la maison et quand vous les appelez jamais de réponse c'est de n'importe quoi \n@free à fuir sont pas de tout sérieux vivement @bouyguestelecom;Mohamed46435314;محمد الجزائري;1,43E+18;;Autre;2024;11;10;0
1,86E+18;2024-11-25 10:37:58+00:00;Et c’est parti pour troisième panne générale de #Free @free sur mon département en 6 mois environ. Avec le piratage de mes données perso je vais commencer à chercher un nouvel FAI. https://t.co/kvUFerjJez;olivier_bro;Olivier Bro;1,41E+18;;Plainte service;2024;11;10;0
1,86E+18;2024-11-25 10:50:55+00:00;Bonjour, une interruption de service a été constatée sur les communes de Cahors, Figeac et leurs environs (46). Nos équipes sont déjà mobilisées et nous vous tiendrons informés de l'évolution, merci pour votre patience https://t.co/qvEk3aCfFO;Free_1337;Free 1337;1,44E+18;;Autre;2024;11;10;0
;;;;;;;;;;;
1,86E+18;2024-11-25 11:23:07+00:00;J’avais pas le choix que d’aller chez @free pour mon emménagement et c’est le pire. \n\nJ’ai pas internet depuis 2 semaines, et je suis en TT 3 fois dans la semaine… \n\nFranchement 0 @Freebox \nGo voir pour changer d’opérateur;mathildecmra;Mathilde;137998462;;Autre;2024;11;11;0
;;;;;;;;;;;
1,86E+18;2024-11-25 13:07:06+00:00;@free \nBonjour Free \nPlus d’internet depuis 3 semaines et toujours pas de nouvelles, aucune information, la freebox adsl tourne dans le vide \nJe sens que je vais aller voir ailleurs !;KasojW;Kasoj 🇫🇷 🇬🇪 ✝️ 🎗️;1,26E+18;;Info/Annonce;2024;11;13;0
1,86E+18;2024-11-25 13:19:16+00:00;Désormais 6 semaines avec la fibre coupée. @orange\net @Freebox\nsemblent dans l'incapacité de traiter cet incident sur l'infrastructure gérée par #orange #fibre et un jeu de ping-pong s'est installé. La blague c'est jusqu'à quand ?\ncc @Arcep @free\n@UFCquechoisir @Xavier75;ShootNet;Yannick L. 🇫🇷🇪🇺;6343622;;Question technique;2024;11;13;0
1,86E+18;2024-11-25 13:48:15+00:00;La chaîne MTV qui et  devenue payante Prcs elle appartient à canal+ niquer bien vos mere !!! Je payerai pas votre abonnement flemme et @free  jvai également me casser 40 balle la boxe pour avoirs les 3/4 des chez payante flemme #MTV #Canal+ #Free;oceceThePooh;🩷🐻 oceane The Pooh 🐻 🩷;2763434125;;Autre;2024;11;13;0
1,86E+18;2024-11-25 14:34:08+00:00;Visiblement j'ai l'air de faire chier la conseillère téléphonique de @free puisqu'elle m'appelle pour changer ma box et elle me raccroche à la gueule en me faisant croire qu'elle va me passer quelqu'un d'autre.;Givrol;Givrol;8,98E+17;;Autre;2024;11;14;0
;;;;;;;;;;;
1,86E+18;2024-11-25 16:19:01+00:00;@free \nGrosse dégradation sav free pas habitué à çà depuis +de 20 ans à FREE!;sandromichel19;sandro michel;1,21E+18;;Autre;2024;11;16;0
1,86E+18;2024-11-25 16:23:31+00:00;« T’es trop sur ton tel » alors que t’es juste un mec chill qui ponce son Forfait Free 5G https://t.co/stQxQhlwHm;free;Free;252263949;;Autre;2024;11;16;0
;;;;;;;;;;;
1,86E+18;2024-11-25 18:53:49+00:00;1) Petit aperçu de la coulisse de @Free , pourvoyeur d'internet proposé par @xavier75 aka Xavier Niel. Notre agence Premières Lignes a souscrit un contrat pro chez eux. Malheureusement, ça tombe en panne. Plus d'internet... Au début, ils interviennent en 24 heures, puis 48h...;PaulMoreiraPLTV;Paul Moreira;384267433;;Plainte service;2024;11;18;0
;;;;;;;;;;;
1,86E+18;2024-11-25 20:10:29+00:00;w’ الله Free c’est une dinguerie comment sa pue smr y coupe la co chaque semaine 1 journée entière sans wifi @free;faresrma_;🇵🇸;1,75E+18;;Question technique;2024;11;20;0
1,86E+18;2024-11-25 20:42:14+00:00;@free \n\nBonsoir.\n\nDes cyber-criminels ont pris le pouvoir dans le firmware de ma freebox revolution et affichent des conneries qui n'ont rien à y faire sur son écran. Vos mises à jour incrémentales n'y changent rien. Comment reinstaller totalement;stmanfr;★ STMAN ★ 🏳️‍🌈;1022010560;;Question technique;2024;11;20;0
1,86E+18;2024-11-25 22:08:13+00:00;@free vous êtes vraiment des rats. Je vous appelle pour souscrire une offre fibre et je vois quelques heures après que vous m’avez mit sur une offre adsl. Demain j’annule tout et je peux vous dire que la publicité ne sera pas bonne!;Eric_Vanwa;エリック;214249013;;Question technique;2024;11;22;0
1,86E+18;2024-11-25 22:53:39+00:00;@Freebox J’ai plus de co À L’AIDEEEEE;Driwx_;Yahia🇩🇿;1,26E+18;;Autre;2024;11;22;0
;;;;;;;;;;;
1,86E+18;2024-11-25 23:47:49+00:00;"@free Installation de la fibre par "" technicien "" Free ";;;;;;;;;
;;;;;;;;;;;
;;;;;;;;;;;
1,86E+18;2024-11-26 01:10:52+00:00;@free demain vous perdez 5 clients à cause de vos pannes de réseau;Nawmfell1;Bwo;1,14E+18;;Plainte service;2024;11;1;1
1,86E+18;2024-11-26 03:47:10+00:00;@free faite un effort merde j’étaie entrain de regardé blacklist la https://t.co/pDSaHcALso;tounsi91111;tounsi 91;1,53E+18;;Autre;2024;11;3;1
1,86E+18;2024-11-26 05:16:38+00:00;4 semaines sans internet et plus de gigas dans mon forfait mobile.. pff merci @free  et merci #iserefibre;petitelili69;Elisabeth 🐝;263272937;;Question technique;2024;11;5;1
1,86E+18;2024-11-26 10:43:45+00:00;Le service mail @free est en panne ?\nJe n’arrive pas à me connecter…;PierrickRenoult;Pierrick Renoult;50779049;;Plainte service;2024;11;10;1
1,86E+18;2024-11-26 11:30:57+00:00;Ma Freebox est bloquée à l’étape 4 😠 @free @Freebox;yasssinesss;ne si ya;1,19E+18;;Autre;2024;11;11;1
1,86E+18;2024-11-26 12:06:07+00:00;Cher @free @Freebox , après plus de 20 ans de vie commune, je suis au regret de t'annoncer que je vais partir, depuis 18 mois, tu es incapable de me fournir une ligne fibre stable, j'enchaîne les connexions et ton indifférence, et tu es incapable de résoudre le problème #Etape3…;LvP;Louis van Proosdij;6522972;;Plainte service;2024;11;12;1
1,86E+18;2024-11-26 12:34:56+00:00;Merci @free pour la publicité mensongère, vous diffusez partout des CP à tous les médias qui font croire qu'on à desormais accès à My Canal gratuitement mais c'est juste faux... la @dgccrf est elle au courant ? https://t.co/G28KkI708b;UnVisible_Of;Un Visible;1,21E+18;;Autre;2024;11;12;1
;;;;;;;;;;;
1,86E+18;2024-11-26 13:09:48+00:00;@free @Xavier75 comment en une journée impossible d’accéder à mes mail depuis 14 jours ??;Nizardisabelle;Nizard isabelle;549228154;;Question technique;2024;11;13;1
1,86E+18;2024-11-26 14:05:32+00:00;@free @Freebox Est-ce que je suis le seul à avoir ce problème ? J'ai contacté l'assistance, qui devait me rappeler, mais cela fait une semaine et toujours rien. C’est prévu pour l’année prochaine ? (J'ai demandé un changement de box.) https://t.;julienthemonkey;Julien Allexandre;1,12E+18;;Plainte service;2024;11;14;1
1,86E+18;2024-11-26 16:24:12+00:00;Si riot games me ban car déconnexion en pleine game je me désabonne de chez @bouyguestelecom \nDonc si @free ou autre ont un meilleur prix/qualité faite moi savoir :D;Angela_flr;Supergirlii 🦋;993581030;;Question technique;2024;11;16;1
1,86E+18;2024-11-26 16:39:56+00:00;@free @Xavier75 @Freebox remettez moi mon wifi svp;raydl_;₊˚⊹♡₊;1,59E+18;;Demande d'aide;2024;11;16;1
1,86E+18;2024-11-26 17:48:04+00:00;@free Salut free, possible de passer en DM? J'ai résilié mon abonnement mais je cherche à vous contacter! Merci;GFdj201770157;Supositwar;1,81E+18;;Autre;2024;11;17;1
1,86E+18;2024-11-26 18:26:47+00:00;10j sans internet en France en 2024 c’est un SCANDALE @free;AmineHafrit;le M;1,23E+18;;Autre;2024;11;18;1
1,86E+18;2024-11-26 20:18:19+00:00;@free votre réseau internet qui coupe tout le temps on a beau redémarrer la box plusieurs fois rien n’y fait et bien sûr impossible de joindre un conseiller car les services sont fermés https://t.co/QrXKE8TK8j;pauline_loicia;Pauline 🇫🇷;4909052506;;Autre;2024;11;20;1
1,86E+18;2024-11-26 22:17:35+00:00;J’ai plus de télé!!!  T’as @free t’as juste rien compris!!! https://t.co/nsRLjJ31Ha;sanga_kai;Me SangaKai 👠🥑🦁;2966396663;;Autre;2024;11;22;1
1,86E+18;2024-11-26 23:44:40+00:00;@free c’est normal les coupures réseau + internet pendant 10 min ? Faut prévenir;Noumiyo_;Noum;1,34E+18;;Plainte service;2024;11;23;1
1,86E+18;2024-11-27 09:35:01+00:00;@free pas de service depuis deux semaines, manque de solution de votre part! Le service client est à pleurer!!!;BetweenTimein;TimeinBetween;1,18E+18;;Plainte service;2024;11;9;2
;;;;;;;;;;;
1,86E+18;2024-11-27 10:19:22+00:00;@Freebox bonjour, mon rdv de ce matin a été pourquoi ?;KaTaNaCorleone;Katana;634916703;;Question technique;2024;11;10;2
1,86E+18;2024-11-27 10:48:25+00:00;@free \nAttention à FREE le Sav en cas de panne est devenu pire que les autres : pas de technicien dispo, centre d appel incohérent sur les diagnostic , pas de délais de réparation. Bref depuis plus de 20 ans chez Free et vraiment gros déclin;sandromichel19;sandro michel;1,21E+18;;Plainte service;2024;11;10;2
1,86E+18;2024-11-27 11:50:28+00:00;@Freebox vraiment de la merde free perte de connexion tous les jour pourtant en fibre ces pas cher m1is ces de la merde go résiliation;BlackPowder44;La poudre noire par Alex;2365221648;;Question technique;2024;11;11;2
1,86E+18;2024-11-27 12:37:24+00:00;"🤬🤬HONTE 🤬🤬Y a 10 jours @free me demande de confirmer ""ma demande d'écrasement de mon compte"" je reponds ne  pas en être l'origine, 3 jours après demande d'envoyer ma quittance de loyer pour  prouver ma ligne, á 7 jrs coupure qd même  rétablit dans 1 semaine SEULEMENT😡😡😡 https://t.co/BSZ6i1gHU1";GurPier;Thierry Pommier;184799653;;Plainte service;2024;11;12;2
;;;;;;;;;;;
1,86E+18;2024-11-27 13:42:36+00:00;#Brèves Player Freebox Pop et Ultra : lancement d’une nouvelle mise à jour d’Oqee pour résoudre un plantage gênant pour les abonnés https://t.co/Kgnjiu7jMX https://t.co/HRF3CrP6z7;UniversFreebox;Univers Freebox;56603918;;Info/Annonce;2024;11;13;2
1,86E+18;2024-11-27 19:54:59+00:00;@Free_1337 @Free_PaysLoire @free connection fibre HS erreur 2, proposition de dépannage dans 1 semaine @Xavier75  vos équipes sont restées sur 3615 ULLA ? Faut les passer à la fibre ! Enfin quand cela fonctionne… ma domotique full HS, merci , au niv;NiK44fr;Nicolas;528879868;;Plainte service;2024;11;19;2
1,86E+18;2024-11-27 20:19:52+00:00;Bonjour @Freebox depuis plusieurs semaine ma Freebox fait des siennes, elle se déconnecte sans arrêt, redémarre et reste bloquée à l’étape 2. Un redémarrage complet résout le problème pendant quelques jours et ça recommence. Un rdv avec un de vos techniciens était prévu et…;el_manouch59;Mr Potjevleesch;835222494;;Plainte service;2024;11;20;2
;;;;;;;;;;;
1,86E+18;2024-11-28 10:19:32+00:00;@Freebox Vous avez trouvé le moyen de me facturer 49€ de résiliation suite à une résiliation demandée pour cause de décès de l'utilisateur à qui je payais l'abonnement depuis 10 ans car j'ai utilisé la box en étant de passage pour l'enterremen;EseOne92;🏴‍☠️Tous locataires🇫🇷🌍🇩🇿92/93/75/40;3020290576;;Autre;2024;11;10;3
1,86E+18;2024-11-28 13:02:28+00:00;Bonjour @free, @Freebox, @Free_1337 ainsi que @Xavier75.\n\nJuste un petit coucou pour vous rappeler que je vous déteste et que je déteste également l’étape 2 de vos Freebox qui a manifestement décidée d’être plus présente dans ma vie que mon père.;_Milazz;Milazz;1,27E+18;;Autre;2024;11;13;3
1,86E+18;2024-11-28 13:23:48+00:00;@free @Freebox c’est normal qu’on me douille depuis plusieurs mois sur les factures et que je n’arrive à joindre personne à ce sujet??;invmorata;inamorata 🕷️;8,08E+17;;Autre;2024;11;13;3
1,86E+18;2024-11-28 13:30:48+00:00;@free bonjour j'ai un problème pour accéder à ma boîte de courriels \n\nErreur 302\n\nAvec cette fenêtre d'erreur \n\nSur PC et mobile pareil\n\nSi on clique sur here\nLa même page s'affiche en boucle\n\nY a-t-il un problème chez Free https://t.co/;HistoireDaniel;HistoireDaniel;1,46E+18;;Plainte service;2024;11;13;3
1,86E+18;2024-11-28 13:43:48+00:00;@Freebox bonjour free, j'essaye de vous contacter depuis 11h50 ce matin sur votre WhatsApp. Est-ce que la messagerie est off? Merci;tayshin_n;tayshin / タイシン;1,02E+18;;Autre;2024;11;13;3
1,86E+18;2024-11-28 14:18:42+00:00;Depuis 1 semaine qu’on doit raccorder ma ligne @free vous abusez;Tinki_Winki237;Tinki Winki 💜;1,34E+18;;Autre;2024;11;14;3
;;;;;;;;;;;
1,86E+18;2024-11-28 17:46:40+00:00;@Freebox il y a des pbs de streaming de certaines chaînes sur le réseau fibre en Normandie à partir de 18:45 tous les jours;fabrice78630;Fabrice_F;29943552;;Question technique;2024;11;17;3
1,86E+18;2024-11-28 18:02:19+00:00;@free bonjour je rencontre un problème avec l une de mes adresse mail est il possible m aider merci;calimero76750;olivier;1602851126;;Plainte service;2024;11;18;3
;;;;;;;;;;;
1,86E+18;2024-11-28 21:29:00+00:00;Coup de gueule, payer 40€ d’abonnement de box internet pour souffrir merci @free \n\nPs: j’ai plus de beug que de connexion internet 🫠 #réseauxDeMerde;SavastanoPepito;7 FACES;8,02E+17;;Question technique;2024;11;21;3
1,86E+18;2024-11-29 00:09:27+00:00;MON RÉSEAU NE MARCHE PLUS @free BANDE D'INCAPABLES;zzzzzzzzzzzxd;🇻🇦;1,56E+18;;Autre;2024;11;0;4
1,86E+18;2024-11-29 08:11:43+00:00;@Freebox  c’est plus drôle la, à ce jour cela fait une semaine que j’ai pas internet chez moi, comment on fait maintenant ??🤬;VinGasoil31;POSITIVE BOYZ🇾🇹㋛ 🌟🌟💫;2432027308;;Question technique;2024;11;8;4
1,86E+18;2024-11-29 08:30:10+00:00;@Freebox il faut changer votre système de suivi de ticket. Car il y a aucune info, aucune évolution sur le sujet du ticket. \nC’est frustrant pour nous utilisateurs de ne pas connaître l’avancement de notre problème.;PriscaJufre;Pwipwi;471694476;;Plainte service;2024;11;8;4
1,86E+18;2024-11-29 09:24:01+00:00;@free qui decide me couper internet et de me ghost sur l'assistance parce que j'ai demandé à changer de fai dans une semaine 👍;asaron_;Aymeric 🇫🇷🇺🇦🔰🏗️;53425276;;Autre;2024;11;9;4
1,86E+18;2024-11-29 09:36:27+00:00;@Freebox il faut qu’on parle;dailychieuse;Meg on the web;3248978753;;Autre;2024;11;9;4
1,86E+18;2024-11-29 13:42:56+00:00;@Freebox \nBonjour \nInternet qui tombe en panne tous les jours, ça s'arrête quand?;dil681;Christine A;1,25E+18;;Plainte service;2024;11;13;4
1,86E+18;2024-11-29 14:26:15+00:00;Bonjour @free, @freemobile, est-ce possible svp de dire à votre service client D’ARRÊTER de m’appeler tous les jours pour me proposer offres de box, forfaits ou que sais-je ?? Ça fait 3 semaines que ça dure, c’est GONFLANT et ça va finir par faire fuir un client fidèle…;AnnoyedUsager;Usager Insatisfait;1,44E+18;;Plainte service;2024;11;14;4
;;;;;;;;;;;
1,86E+18;2024-11-29 16:39:37+00:00;@free panne de réseau fixe ou mobile qui dure depuis plusieurs heures a Saint Gély du fesc;dutchindesign;dutchindesign;24777273;;Plainte service;2024;11;16;4
1,86E+18;2024-11-29 16:51:35+00:00;@free vos démarchages téléphoniques peuvent cesser ? Quand un client n'est pas intéressé le mardi il ne l'est toujours pas le jeudi et encore moins le vendredi après 4 appels.;Chaacha_Psg;Chacha;9,83E+17;;Autre;2024;11;16;4
1,86E+18;2024-11-29 17:02:05+00:00;@Freebox bonjour j'ai une Freebox révolution mon débit actuellement est de 100M, votre conseillé me demande d'investir dans des câbles ethernet de qualité au lieu de m'aider à résoudre le problème , j'ai besoin d'aide merci https://t.co/16o7b5Wzt0;w_Black_Brid_w;BalckBird;2543164223;;Plainte service;2024;11;17;4
1,86E+18;2024-11-29 17:09:24+00:00;@Freebox hello,\nOn me facture 49€ si je suis absent à un rdv technicien, par contre vous me donnez combien pour un technicien qui ne vient pas sans prévenir? Et qui clôture le ticket alors que le problème persiste ?;goully63;MaT MaT;93924365;;Plainte service;2024;11;17;4
1,86E+18;2024-11-29 17:58:02+00:00;@free Ça beugue free depuis hier non ?;lebinkz;lebinkz;1,74E+18;;Autre;2024;11;17;4
1,86E+18;2024-11-29 18:28:22+00:00;@free \nFreebox HS forfait pas de connection internet service client injouable , envois 127 message identiques en 5min, tu appel le service client ils comprennent rien... @Xavier75 je suis pas chaud pour le rdv au lidl mais fais qqch bg;NabilBenet;Nabil Benet;601934188;;Plainte service;2024;11;18;4
1,86E+18;2024-11-29 18:53:44+00:00;Panne #free 92 blocage étape 2 merci @free @FreenewsActu;g0lden92;Gold;294782119;;Plainte service;2024;11;18;4
1,86E+18;2024-11-29 19:00:07+00:00;@Freebox qu'on m'explique le principe de l'assistance qui pose une question à laquelle on ne peut pas répondre parce que le chat est grisé. Problème de player depuis 4 jours impossible d'avoir une solution c'est lourd!;milkarat;Mille carats;255403837;;Plainte service;2024;11;19;4
1,86E+18;2024-11-30 10:27:30+00:00;@Freebox bonjour, un moyen de connecter les appareils wifi, imprimante télé a la freebox ultra ? le ssid est detecter mais a cause du niveau de sécurité impossible de connecter ces appareils. Une manip pour récuperer ?;olloudios;Olloudios;2614556111;;Question technique;2024;11;10;5
1,86E+18;2024-11-30 10:33:47+00:00;On en parle du niveau du service client de @free @Freebox qui est de plus en plus médiocre 🤦‍♂️😡\n4 jours sans internet et aucune information fournie à part « incident collectif »\nOn dirait je suis abonné à @REDbySFR 🤦‍♂️🤦‍♂️🤦‍♂️;WalidNEHAL;Walid NEHAL;4633188754;;Plainte service;2024;11;10;5
1,86E+18;2024-11-30 10:51:41+00:00;Hey @Freebox,\n\nSerait-il possible de faire passer quelqu'un dans notre immeuble pour réparer ce boîtier svp ? https://t.co/mqRqkvFRtr;MrExalight;exalight;329354289;;Demande d'aide;2024;11;10;5
1,86E+18;2024-11-30 12:29:36+00:00;@Freebox pas de connexion sur Kerlaz (29) depuis deux jours et aucune réponse sur le WhatsApp d’assistance … Ça commence à être chiant.;osarrouy;Olivier Sarrouy;20368031;;Plainte service;2024;11;12;5
;;;;;;;;;;;
1,86E+18;2024-11-30 14:07:49+00:00;"Technicien @free doit installer la #fibre, repart sans rien faire,  démonte le tableau élec et s'en va comme ça, emportant avec lui mes vis du tableau! Technicien se justifie de ne pas prendre en considération un client parce qu'il ""ne fait pas partie du service client ""!!! Honte https://t.co/X4tIROBR6q";jerome_anjou;Jérôme GRIPPON;120718240;;Plainte service;2024;11;14;5
1,86E+18;2024-11-30 15:23:03+00:00;@Freebox Bonjour, est normal que vos conseillers se permettent de mal parlé à vos clients au téléphone alors que nous sommes sans services depuis plus d’un mois et que vos services techniques ne font rien pour y remédier. Par contre pour prélever ;PiinkGurlz;.;285605532;;Autre;2024;11;15;5
1,86E+18;2024-11-30 16:16:08+00:00;@free 1 semaine sans wifi je peux parler a un vrai assistant pour regler mon problème plutôt que parler a un bot ?;bvgoat2;La BVance 🖐🏼;1,41E+18;;Plainte service;2024;11;16;5
1,86E+18;2024-11-30 18:00:42+00:00;@Freebox bonjour @free je vous contacte depuis plusieurs jours au sujet d’un problème de télécommande sur ma freebox et c’est impossible de vous joindre que ce soit whatsapp ou au 3244! C’est inadmissible !;IsmahaneBen;Ismahane B.;1213683338;;Plainte service;2024;11;18;5
1,86E+18;2024-11-30 19:40:28+00:00;@free aled pitié pq ma co est en pls comme alors que je suis en fibre + filaire même le wifi bug;Valoupeentn;𝑽𝒂𝒍𝒐𝒖𝒑𝒆 ⚜️🇫🇷;7,70E+17;;Plainte service;2024;11;19;5
1,86E+18;2024-11-30 19:49:51+00:00;@Freebox ma mère uma une Freebox révolution et au passage a oqee tous les enregistrements ont disparus c'est normal?;Maths78jl;Julien;9,96E+17;;Autre;2024;11;19;5
1,86E+18;2024-11-30 19:56:25+00:00;@Free_1337 @free @Xavier75 Il y a visiblement un problème avec la MAJ 4.8.16. Je suis en SFP+ et depuis que j'ai fait la maj ce matin, mon débit a été divisé par 10 (sur Freebox Delta R1) https://t.co/5by5oljl6M;Christ_off_vin;Les vidéos de Chris;117591596;;Plainte service;2024;11;19;5
1,86E+18;2024-11-30 20:30:08+00:00;Suite MAJ de votre @Freebox Player Révolution,  il est désormais possible de gérer au mieux vos supports de lecture et d'enregistrements TV @Free avec @OQEEbyFree  Je vous propose en images et sur ce TUTO de voir en détails à quoi cela correspond. 🕷️\n\nhttps://t.co/y1Jg7fOtAu https://t.co/c12no7DLfX;BusyspiderFr;🕷️ Busyspider;778717698;;Autre;2024;11;20;5
;;;;;;;;;;;
1,86E+18;2024-12-01 11:00:01+00:00;On lui déroule le tapis rouge.\nRendez-vous le 3 décembre ⏳ https://t.co/fVeUo6ZgNU;free;Free;252263949;;Réclamation RDV;2024;12;11;6
1,86E+18;2024-12-01 11:36:41+00:00;Freebox Ultra Édition Limitée (?)  \n\nFree nous donne rendez-vous le 3 décembre ! https://t.co/NKp2eK0Teu;TiinoX83;Tiino-X83;158739202;;Réclamation RDV;2024;12;11;6
1,86E+18;2024-12-01 14:03:16+00:00;@Freebox @free plus d’internet depuis le 13 novembre… faut peut-être bouger un peu…;Zmlolz;Dproph;7,27E+17;;Autre;2024;12;14;6
;;;;;;;;;;;
1,86E+18;2024-12-01 14:44:42+00:00;Vous joindre par message aujourd'hui dimanche à 15h43, faut cliquer et... Bah nan c'est fermé ! #merciFree @UniversFreebox @free @free https://t.co/INLnSXRzx5;franckfu;Franck BARON;885180259;;Autre;2024;12;14;6
1,86E+18;2024-12-01 17:46:56+00:00;@free “@Freebox Très mauvaise expérience pour mes débuts chez vous : 5 jours de retard pour la livraison Freebox avec @Chronopost, aucune info, un livreur insultant et menaçant à l’arrivée. Est-ce à cette image que vous voulez associer vos serv;frnckwnnts;Franck Winants;235294419;;Autre;2024;12;17;6
1,86E+18;2024-12-01 19:16:31+00:00;@free Fortement déçu des services de free puisque incapables de rétablir notre connexion internet depuis déjà + de 10 jours! Nous sommes balades de service en service sans avoir de réponses. Y'a t'il un vrai service commercial pour nous rappeler et ;FanPeltier;Steph PELTIER;2530490941;;Question technique;2024;12;19;6
1,86E+18;2024-12-01 19:36:50+00:00;Bon @free je vous aime bien, mais le prix  de l'abonnement Delta S n'a plus vraiment de sens aujourd'hui, est-ce que je passe chez Bouygues maintenant où il faut que j'attende le 3 au cas où ?;pierrelezan;Pierre L;1958203226;;Autre;2024;12;19;6
;;;;;;;;;;;
1,86E+18;2024-12-02 06:47:48+00:00;@Freebox interruption de service a 7H35 sur Marseille aujourd'hui. Freebox bloquée a l'étape 3. Signal fibre PON detecté.\nComment régler le soucis ?;Cdrx06;Nekosx;2767959297;;Question technique;2024;12;6;0
1,86E+18;2024-12-02 12:39:39+00:00;Merci @Freebox et @orange, déjà 7 sem. soit 49 j d'indispo de la fibre. L'incapacité à maintenir un rzo fibre pr ts les abonnés est un réel sujet ds la 7è éco mondiale. Et toujours pas de dialogue entre eux... @Arcep @UFCquechoisir @Xavier75 #FibreOptique #Internet #LaWifi;ShootNet;Yannick L. 🇫🇷🇪🇺;6343622;;Question technique;2024;12;12;0
1,86E+18;2024-12-02 14:36:20+00:00;@Freebox plus d'internet sur ma box dans le 78, (bloqué étape 2) c'est normal ?;LetypoMkiii;USS Typo - NCC 111288;1,35E+18;;Autre;2024;12;14;0
1,86E+18;2024-12-02 18:12:00+00:00;Franchement @Xavier75 la qualité du support @Freebox est pas loin d’être scandaleuse. Plus de ligne depuis vendredi matin et au support le 1er créneau qu’on me propose c’est mardi soir. En attendant, plus Internet alors qu’en Télétravail, plus de TV. C’est pas sérieux !!! 😠😠😠;zhappyng;Compte qui réagit à l'actualité;2601683490;;Réclamation RDV;2024;12;18;0
;;;;;;;;;;;
1,86E+18;2024-12-02 18:59:33+00:00;Bonjour @freemobile ,Quelque chose de prévu pour ça ? https://t.co/Fgm038bAab;SadRaven;Sadraven;51415392;;Autre;2024;12;18;0
1,86E+18;2024-12-02 19:07:27+00:00;Bonsoir @bouyguestelecom Es ce que c’est normal ce débit avec la fibre de chez  @Freebox @free ? \nJe sais que vous faite la fibre aussi dans ma ville vous pouvez me fournir plus ? Par ce que chez eux obligé d’appeler tout les mois par ce que je passe de 350/400 mega à ça https://t.co/4L1d1zeCcC;Graaaalexdrinho;Graaaaalex;1535104525;;Question technique;2024;12;19;0
1,86E+18;2024-12-02 19:56:36+00:00;@Xavier75  @free  est-il normal que depuis plus de trois jours, nous sommes sans service et la seule réponse apportée est que nous savons patient technique sur votre secteur, aucune réponse sur le retour des services prévus;simflorian;simon florian;523163221;;Autre;2024;12;19;0
1,86E+18;2024-12-02 20:24:57+00:00;Ouais @free vous avez un service incompétent de fou, c’est la période des partiels les gens doivent bosser avec internet et vous êtes incapables d’envoyer un technicien ALORS QUIL DEVAIT PASSER AUJD ??? C vous vous payez ma 4g ?;ozofozneod;👨🏾‍💼;1,83E+18;;Réclamation RDV;2024;12;20;0
1,86E+18;2024-12-02 20:48:35+00:00;@SFR Y'a pas à avoir une box qui se deco toute les 5 minutes, j'ai appelé votre sav 6 fois en 3 jours j'pense que je vais vite décaler chez @free;MagJuYT;MagJu;8,55E+17;;Autre;2024;12;20;0
1,86E+18;2024-12-03 07:32:59+00:00;https://t.co/jij7OimnjN\n\nLa free box ultra qui clignote vive les surprises claquer au sol de @free;VoltingRadio;VOLTING RADIO;2868212247;;Autre;2024;12;7;1
1,86E+18;2024-12-03 07:50:48+00:00;🗞️[DOSSIER DE PRESSE]\n\n🚀Depuis 25 ans, @free se définit par des valeurs fortes : la simplicité, la générosité, et bien évidemment la passion pour l’innovation technologique. Pour son anniversaire, la marque continue de surprendre en dévoilant aujourd’hui une Freebox Ultra Édition Limitée, au design unique 👇;GroupeIliad;Groupe iliad;3157961111;;Autre;2024;12;7;1
1,86E+18;2024-12-03 08:00:48+00:00;Découvrez notre Freebox Ultra Édition Limitée : attention, elle risque de vous faire rougir 😳 https://t.co/j5sqJwNpPW;free;Free;252263949;;Info/Annonce;2024;12;8;1
;;;;;;;;;;;
;;;;;;;;;;;
;;;;;;;;;;;
;;;;;;;;;;;
;;;;;;;;;;;
1,86E+18;2024-12-03 09:10:15+00:00;@Freebox On fait comment pour avoir la connexion chez vous ? Des coupures quasi toutes les semaines, sans plus d’explications !;VideauKyllian;𝑽𝒊𝒅𝒆𝒂𝒖 ✌🏼;1,41E+18;;Plainte service;2024;12;9;1
1,86E+18;2024-12-03 10:00:21+00:00;Rarement vu un service après vente aussi lent et mauvais chez @Freebox @free Plus d'internet depuis le 19 novembre, là seule réponse est ne vous inquiétez pas on s'en charge #Support #Mauvais #ExperienceClient #JequitteFree;peterkeates;Peter Keates;73459191;;Autre;2024;12;10;1
1,86E+18;2024-12-03 10:29:06+00:00;@Freebox bonjour j’habite a vitry secteur Edouard Tremblay. J’ai plus internet en ayant redémarrer la freebox. Y a t’il un soucis dans le coin?;Beluga3131A;Beluga313;4277263577;;Autre;2024;12;10;1
1,86E+18;2024-12-03 11:10:59+00:00;bonjour @free \nj'ai un commercial qui doit m'appeler tout à l'heure , et je préfére poser la question au cas ou j'oublie mais l'installation de la fibre peut ce faire maintenant et débuter le contrat en janvier?;rico4942;rico4942;1300734920;;Question technique;2024;12;11;1
;;;;;;;;;;;
;;;;;;;;;;;
;;;;;;;;;;;
1,86E+18;2024-12-03 17:03:26+00:00;@Freebox my internet is down.  Can I get help please.;shaneedlin;Shane;25184095;;Demande d'aide;2024;12;17;1
1,86E+18;2024-12-03 17:06:18+00:00;@free vous trouvez ça normal de ne plus avoir de wifi depuis + d’1 mois et de faire tourner en rond vos clients ? Un service client tellement médiocre !;Tiffany_Bgl;𝐓𝐢𝐟𝐟𝐚𝐧𝐲.𝐁 ™;419626496;;Plainte service;2024;12;17;1
;;;;;;;;;;;
1,86E+18;2024-12-03 18:12:39+00:00;Bravo @Free, opérateur lamentable : vos propres techniciens n’ont pas pu raccorder la fibre et m’ont conseillé d’aller chez un autre opérateur. Pourtant, vous refusez toujours de résilier malgré mes appels et messages. Silence radio. Quel service client ! 👏;adou281;adouuuu;1,31E+18;;Plainte service;2024;12;18;1
;;;;;;;;;;;
1,86E+18;2024-12-03 18:18:21+00:00;@Freebox c’est normal de ne plus avoir de wifi depuis plus d’un mois et que votre service client pitoyable nous fait tourner en rond ?!;Tiffany_Bgl;𝐓𝐢𝐟𝐟𝐚𝐧𝐲.𝐁 ™;419626496;;Plainte service;2024;12;18;1
;;;;;;;;;;;
1,86E+18;2024-12-03 19:10:53+00:00;Dites @free , ça vous embêtes pas de vendre un contrôle du direct que l'on ne peut pas contrôler parce que TF1 paye pour m'imposer ses pubs ?? #blackmirror @Freebox;RomainMad;Romain;260401632;;Autre;2024;12;19;1
1,86E+18;2024-12-03 19:13:57+00:00;@free @canalplus Salut,si nous prenons l'offre a 7€ @Freebox pour les abonnés est-ce qu'on retrouve la chaîne canal plus après résiliation ?? Merci 😊;Ratsrod;Ratrod;8,86E+17;;Autre;2024;12;19;1
1,86E+18;2024-12-03 19:19:51+00:00;@free @Xavier75 j’attends depuis vendredi un courrier postal pour pouvoir reprendre le contrôle de ma boîte mail Free. \nSans blaguer y a pas plus moderne comme méthode ?;Ph_Mazen;Philippe Mazen;2294921354;;Autre;2024;12;19;1
1,86E+18;2024-12-03 19:37:06+00:00;@Xavier75 pourquoi je ne peux pas souscrire à l’offre Freebox dans mon nouveau lotissement (Chieulles) alors que l’offre fibre est dispo chez @Orange_France @bouyguestelecom et @SFR 😭\nJe veux venir chez @free moi !;Jeje57100;Jérôme iad Moselle;164141822;;Question technique;2024;12;19;1
1,86E+18;2024-12-03 20:01:50+00:00;@free bonjour, aura t on la chance de profiter de la bande 6Ghz sur Freebox Pop? Car pour moi pas de changement de débit de wifi6 à wifi7 et donc déçu.. 🥹 Seul possibilité, faire profiter de la bande 6Ghz ..SVP.;yano2306;yannick;1075491156;;Demande d'aide;2024;12;20;1
;;;;;;;;;;;
1,86E+18;2024-12-04 00:27:52+00:00;@Free c'est quoi ce bordel pourquoi j'ai plus internet ni de réseau mobile d'un coup là (2x en 1h ?????);Peter_Burger_;Joy Boy⚡;7,29E+17;;Question technique;2024;12;0;2
1,86E+18;2024-12-04 01:16:41+00:00;Ma play du coup c’est limite impossible d’y jouer jvais serre ça fait au moins 2h que je me bat y’a rien @free @PlayStation  https://t.co/BbGYLMWPwR;Wsyy__;Wes⚡️;7,90E+17;;Autre;2024;12;1;2
1,86E+18;2024-12-04 07:16:25+00:00;"bonjour @Freebox tous les enregistrements de vidéos dans l'onglet ""mes enregistrements"" ont disparu ! vide !\nune solution pour les récupérer ?\nMerci";d2risto;gino bart;4243194502;;Autre;2024;12;7;2
1,86E+18;2024-12-04 08:08:23+00:00;C'est trop frère 160 de ping on a la FIBRE ca fait 2 jours @free faite quelque chose https://t.co/N72THNYSQR;Scarlett_JDR;Scαrlεττ 👑;8,00E+17;;Question technique;2024;12;8;2
1,86E+18;2024-12-04 09:44:46+00:00;Depuis quelques jours avec l’Apple TV\nEt l’application  @OQEEbyFree  lorsque je demande de mettre une chaîne mais la chaîne l’Apple TV indique, je regrette, je ne trouve aucun résultat correspondant\nEt vous \n\n@UniversFreebox @Free_1337  @FreenewsActu @free  @Freebox;Stephanek51;Stephanek;219971293;;Autre;2024;12;9;2
1,86E+18;2024-12-04 10:02:05+00:00;Bonjour @free , conaissez vous le problème qu'il y a depuis hier midi sur #bruz 35170?;ilias_asma;ilias - christophe;120033150;;Plainte service;2024;12;10;2
1,86E+18;2024-12-04 10:52:35+00:00;Bonne nouvelle, Free offre également Universal+ gratuitement aux abonnés Freebox Delta !\n\nNews de @BusyspiderFr : https://t.co/jJ9rKDi4mj https://t.co/hpRRu8BG6u;TiinoX83;Tiino-X83;158739202;;Info/Annonce;2024;12;10;2
1,86E+18;2024-12-04 12:09:46+00:00;@Freebox la mère n a plus  internet depuis un mois . Qu est ce que vous faites comme. @MairieAcheres\n@free;DampsTiti6146;damps;1,74E+18;;Autre;2024;12;12;2
1,86E+18;2024-12-04 12:20:24+00:00;@Freebox Vous commencez a rendre fou , vous etes en panne vous répondez à personne , aucune offre proposée rien du tout . Et quand on vous appelle , le répondeur dit que vous alliez envoyer un mail quand la panne sera réparer ? Vous prenez vrm les ge;OxygenClaw;OxygenGG;1,63E+18;;Plainte service;2024;12;12;2
1,86E+18;2024-12-04 12:39:46+00:00;@free 4 semaines depuis la souscription de mon abonnement Freebox : Toujours pas d'activation de la ligne malgré toutes mes relances et colères, et aucun rendez-vous avec le technicien n'est planifié... Le laxisme et l'incompétence sont désormais la ;CC91564;Svea Xtow Kuutd;1,69E+18;;Réclamation RDV;2024;12;12;2
1,86E+18;2024-12-04 12:47:42+00:00;@Freebox j'attend toujours l'appel de votre service commercial! Cela fait maintenant 6 jours que vous m'avez coupe de ma connexion internet or je suis censé faire prospérer mon entreprise! Sans internet c'est compliqué et je perds potentiellement des c;UnRoumainCPE;Cocoforever;3080667895;;Question technique;2024;12;12;2
;;;;;;;;;;;
1,86E+18;2024-12-04 13:20:09+00:00;@free  que doit on renvoyer comme cordon lors d'une résiliation ? impossible de trouver l'info;Sophie01371;Sophie D;39544428;;Autre;2024;12;13;2
1,86E+18;2024-12-04 13:38:53+00:00;Bonjour @free \nAuriez-Vous vous la possibilité de me donner en mp un numéro de téléphone ou un mail qui pourrait régler mon problème avec votre sous traitant qui installe la fibre ? \nPar avance merci;GuillaumeVlt1;Guillaume Vlt;1,46E+18;;Plainte service;2024;12;13;2
;;;;;;;;;;;
;;;;;;;;;;;
1,86E+18;2024-12-04 16:08:21+00:00;@Freebox y a pas moyen de les avoir au tel ça va me rendre dingue, 3 semaines que j’essaye de résilier mon abonnement on me répond jamais au téléphone !;mariebvlt;Marie ☀️;556830268;;Autre;2024;12;16;2
1,86E+18;2024-12-04 16:17:42+00:00;Le technicien de Free Réseau qui me dit que je ne suis pas branché sur un armoire fibre optique et que je dois attendre qu'orange me raccorde....Euh, comment dire j'ai eu le fibre @free de février à début novembre 2024 donc le branchement existe. Qu'en pensez-vous @Freebox ?;Magali_L_;Magali;493345119;;Question technique;2024;12;16;2
;;;;;;;;;;;
1,86E+18;2024-12-04 16:25:47+00:00;@Freebox IL VA FALLOIR M'EXPLIQUER POURQUOI MA FACTURE INTERNET AUGMENTE HORS QUE CA FAIT PLUS 2 MOIS QUE JE NE ME SERT PLUS DU TELEPHONE FIXE, NI MÊME DE BOX TV !!! AH ET AUSSI RÉPONDRE À MON COURRIER RECOMMANDÉ EN VOUS PROUVANT QUE VOUS ÊTES RADIÉ;Moi2507Toi;Juste Moi 😜;915632712;;Question technique;2024;12;16;2
1,86E+18;2024-12-04 16:37:33+00:00;@free @Freebox \n\nVous m’avez prélevé 39,99€ pourtant on a résilié chez Free, et je ne peux plus me connecter sur votre site .. comment procéder ..?;jaxhampton;Jacquie Hampton;195913918;;Question technique;2024;12;16;2
1,86E+18;2024-12-04 16:44:24+00:00;@Freebox bonjour free, ce matin j'ai fait la mise à jour de la freebox révolution car l'appareil me le demander et depuis cette mise à jour, j'ai perdu tous mes enregistrements et je n'ai plus la possibilité d'enregistrer... Merci de votre aide.;Titisimoff;Thierry;7,96E+17;;Autre;2024;12;16;2
1,86E+18;2024-12-04 18:16:41+00:00;@free et  @Xavier75 le pire du pire dinternet !!\nApplication qui marche jamais, internet qui ne marche jamais \nPutain 57€ pour leur box de mes couilles ?!\nMais allez ça dégage \nJ’ai jamais pu regarder la télé depuis 2 mois !!\nC’est normal @;Max_Marty;Marty McFly;198415162;;Autre;2024;12;18;2
1,86E+18;2024-12-04 18:32:15+00:00;@free vous êtes le pire opérateur \nPas joignable !!!;maeva_liars;maeva_lrs;4875065355;;Plainte service;2024;12;18;2
1,86E+18;2024-12-04 18:36:28+00:00;@Freebox @free  Gros problème avec le freebox player revolution ! Impossible d'ajouter des enregistrements depuis la box. Aussi les enregistrements du DD passés n'apparaissent plus. Bref heureusement qu'avec l'app OQQE j'ai pu ajouter des enregistrement;HD_Solution;HDSolution;372895303;;Plainte service;2024;12;18;2
1,86E+18;2024-12-04 19:11:59+00:00;D'habitude je prône la bienveillance mais comme ça fait 42 jours que @free me laisse sans internet, sans nouvelles, dans la merde pour le travail, si vous avez quelque chose à leur dire lâchez-vous sous ce post ✌️;AshleyMagnusAM;👑 AshleyMagnus 😹;4876316897;;Info/Annonce;2024;12;19;2
1,86E+18;2024-12-04 20:05:05+00:00;Dis donc @Freebox je viens de prendre la Freebox ultra et je n'ai pas le wifi 7 comment cela se fait ?;ReneMatzuzzi;No name;107960564;;Question technique;2024;12;20;2
1,86E+18;2024-12-04 22:44:20+00:00;@free 45€ par mois vous avez pas l’impression d’être des voleurs avec votre connexion qui marchent pas là tin;okcestrigolo;ema;1,22E+18;;Question technique;2024;12;22;2
1,86E+18;2024-12-04 22:53:18+00:00;@free  j’ai un problème je veux changer ma box on me demande de renvoyer l’ancienne avec la télécommande ( que je n’ai plus ça fait plus de 10 ans que je suis chez vous ) je fais comment 😭😭😭;malovavanou;malova;165538355;;Plainte service;2024;12;22;2
1,86E+18;2024-12-04 23:38:51+00:00;@free Scandaleux : Free facture des frais d’installation et d’abonnement pour une Freebox non déballée (ligne téléphonique non opérationnelle)\nDe drôles de méthodes condamnables;kerntwit;Marc KERN;17438713;;Question technique;2024;12;23;2
1,86E+18;2024-12-05 06:12:40+00:00;Depuis le 20/11 mes parents de 84 ans n’ont plus de connexion internet et surtout téléphone et @free nous balade et les laisse sans pouvoir être joints et sans expliquer ce qu’il se passe!Je n’ai jamais vu ça!Tout se passe par écrit donc c’est facile on subit et rien ne se passe;mimilapraline;emi-LITA;457826310;;Question technique;2024;12;6;3
1,86E+18;2024-12-05 07:19:57+00:00;@free vous vraiment je vous déteste;deubeuliouuu6;W.;1,32E+18;;Autre;2024;12;7;3
;;;;;;;;;;;
1,86E+18;2024-12-05 08:06:01+00:00;@Freebox bonjour qui c est fait arnaquer avec le soit disant max gratuit pendant 1 mois reçu mail le 9 novembre inscrit dans la foulée et payer 5,99€;Baled2020;Baled;1,24E+18;;Autre;2024;12;8;3
1,86E+18;2024-12-05 09:01:43+00:00;@Freebox pourquoi personne n est capable de remettre la fibre chez ma fille en’panne depuis la semaine dernière lundi déjà 10 jours on aimerait bien une réponse;SchlegelSy65026;Sylvain dimont;1,73E+18;;Plainte service;2024;12;9;3
1,86E+18;2024-12-05 09:02:46+00:00;@free hello ya quelqu'un pour réparer une box après 10 jours de panne;SchlegelSy65026;Sylvain dimont;1,73E+18;;Plainte service;2024;12;9;3
;;;;;;;;;;;
;;;;;;;;;;;
1,86E+18;2024-12-05 09:35:29+00:00;Free x CORAIL°, une collab’ branchée.\n\nDécouvrez notre paire de baskets recyclées avec des morceaux de Freebox Révolution.\n\nTentez de les remporter ici 👉🏻 https://t.co/DW0KnwGLUR https://t.co/4ws6AZmE2D;free;Free;252263949;;Info/Annonce;2024;12;9;3
1,86E+18;2024-12-05 10:27:02+00:00;@free mon abonnement que j'ai résilié en septembre ne s'est en réalité pas résilier et je paye 45 € par mois depuis septembre et votre service est injoignable c'est normal ? Faut en parler 2 minutes là;Soinsuke;Le Piko;1,15E+18;;Autre;2024;12;10;3
;;;;;;;;;;;
1,86E+18;2024-12-05 13:07:54+00:00;@Freebox la wifi qui marche pas depuis deux jours c’est quoi?;smmmkan;smmsf 🇵🇸🇹🇳;1,60E+18;;Question technique;2024;12;13;3
1,86E+18;2024-12-05 13:09:01+00:00;@free C'est maintenant trois mois que je me suis désabonné de vos services de box Wi-Fi et que j'ai retourné tous les articles, y compris les routeurs et la box Wi-Fi. Vous continuez à prélever de l'argent sur mon compte malgré le fait que je sois v;Omwami_Muteshi;Bethuel;8,66E+17;;Autre;2024;12;13;3
1,86E+18;2024-12-05 13:41:51+00:00;@Freebox \nbonjour \nJ’ai besoin de vous joindre à titre personnel mais impossible le 1044 et 3244 ne correspondent pas à ma demande et j’ai t’entends l’assistance il n’on pas accès au service commercial \nDite moi svp comment vous joindre \n;Patricia117863;Patricia;1,38E+18;;Demande d'aide;2024;12;13;3
1,86E+18;2024-12-05 13:42:13+00:00;@free Bonjour j'ai été prélevé d'une somme alors que je ne suis même plus chez vous. Puis-je avoir qqn de compétent pour régler ça au plus vite? Merci bien;Path80s;Path;1596316172;;Autre;2024;12;13;3
1,86E+18;2024-12-05 13:45:47+00:00;Elle est là 😍😍😍🚀🚀🚀 #FreeboxUltraEditionLimitee25Ans Merci @free @Xavier75 https://t.co/r0DiLziizj;Grosminet57;🎮 🇨🇵 GrOsMiNeT57 🇨🇵 🏆🎮;309223959;;Autre;2024;12;13;3
1,86E+18;2024-12-05 15:39:34+00:00;@Freebox @free \nIl se passe quoi là ? https://t.co/XGEJUJHZFf;cedric_du_33;Ced 💜❤️🖤⭐⭐⭐⭐⭐⭐;2359594642;;Autre;2024;12;15;3
1,86E+18;2024-12-05 15:57:15+00:00;"@free Plus d'internet depuis deux jours. Je l'ai signalé, réponse: nous informons l'operateur historique"" depuis plus de nouvelle et surtout IMPOSSIBLE DE VOUS JOINDRE ni de joindre cet operateur historique!  Comment je fais pour bosser??????  Aucun sui";alcla;ac;492924606;;Question technique;2024;12;15;3
1,86E+18;2024-12-05 15:59:05+00:00;@free @AssistanceFree les mails ne fonctionnent pas depuis ce matin. On peut avoir des infos ?;Alefamora;Alefa;1,47E+18;;Autre;2024;12;15;3
1,86E+18;2024-12-05 16:28:44+00:00;je commence en avoir marre . J'ai un problème avec ma box je prends rendez-vous ce samedi et c'est annuler . Par contre pour joindre un conseiller impossible.  Je vais quitter FREE @free @Freebox  pourquoi annuler mon rendez-vous ? C'est pas bien de laisser les gens. #Free https://t.co/VqccEjXrrq;CShabyne;Lady_ PSG🇲🇶🇸🇷🇫🇷❤️💙;1,36E+18;;Plainte service;2024;12;16;3
1,86E+18;2024-12-05 17:01:35+00:00;@free bonjour,\nOn doit m’installer ma box demain, mais elle ne m’a pas été livrée 😡;fabron01;fabron01 🐢🐺;1370180072;;Autre;2024;12;17;3
1,86E+18;2024-12-05 17:16:50+00:00;Bon... @free, je ne sais plus quoi faire... J'ai pris il y a 2 mois un abonnement free fibre pop. 3 techniciens sont intervenus chez nous, en plein Paris, ds un immeuble où il y a déjà des abonnés Free. Ils ont été incapables de nous brancher à la fibre Free. Pire...;blhuillier;Béatrice LHUILLIER;295368933;;Question technique;2024;12;17;3
1,86E+18;2024-12-05 17:35:09+00:00;@free , vrai foutage de gueule, comment ça je ne peux plus avoir de conseiller directement au 3244?!;StarMageAhmed;✨Ancient Fried Rice 🌠🌌🇵🇸;1,24E+18;;Question technique;2024;12;17;3
1,86E+18;2024-12-05 17:39:25+00:00;@Free_1337 normal que la box Freeze sur le bandeau ? 🤷‍♀️😱 https://t.co/or0ecObUTr;remx59;Remx59;1,44E+18;;Autre;2024;12;17;3
;;;;;;;;;;;
1,86E+18;2024-12-05 20:06:30+00:00;@free Un seul mot: inadmissible !!! Chez vous depuis mi-septembre et déjà plus que déçu...! 48h que nous n'avons plus d'internet à la maison sans solution, sans information, sans aide. Nous allons résilier. Aberrant de voir un tel service et que dir;ludivincent76;Emina;1295277110;;Plainte service;2024;12;20;3
1,86E+18;2024-12-05 20:21:08+00:00;J'aimerais bien :-) J'ai une demande de raccordement fibre en cours depuis le 31 juillet. Un cauchemard. Vous pouvez m'aider @free ?;OlivierHirsch;Olivier Hirsch;568104401;;Question technique;2024;12;20;3
1,86E+18;2024-12-05 20:42:12+00:00;Ils ont quoi @free à bug comme ça;VenomSnake1001;3arbig boss ギニューチーム 📦❗️;1,71E+18;;Plainte service;2024;12;20;3
1,86E+18;2024-12-05 20:42:16+00:00;@free  Merci de m'avoir coupé internet suite à un retard de 1, https://t.co/QTlSZKiFWn vous rappel que on n'es pas tous  payés  le 31 ou le premier du mois. Moi j'en n'es ma claque. De free. Je vais résilié le contrat et allé. Chez Bouygues  comme �;pakoyoung67;pako y;1,53E+18;;Autre;2024;12;20;3
;;;;;;;;;;;
;;;;;;;;;;;
1,86E+18;2024-12-06 06:48:37+00:00;"@Xavier75 @franceculture comique de parler de ""bien faire son travail"" quand @free passé son temps à percer des murs sans autorisation pour installer sa fibre";Tubbydev;Tubbydev;449802600;;Question technique;2024;12;6;4
1,86E+18;2024-12-06 09:02:02+00:00;"Face aux ""décisions fiscales et pénalisantes"" et face à l'ARCOM qui supprime C8, la décision du Groupe Canal de se retirer de la TNT va avoir de très grosses conséquences sur le PAF https://t.co/dXa9sDOWrZ";morandiniblog;Jean Marc Morandini;35287180;;Autre;2024;12;9;4
1,86E+18;2024-12-06 09:30:07+00:00;@Freebox la chaîne Fox news présente 1 décalage d'environ 7secondes entre image et son;PhBAUDOT;α-hCG 🇧🇪🇲🇹;493426976;;Autre;2024;12;9;4
1,86E+18;2024-12-06 09:41:49+00:00;@Freebox bonjour, impossible de supprimer un abonnement MAX depuis mon compte Freebox (alors que je suis bien débité par Free pour cela). Il est noté sur mon compte que je n’ai aucun abonnement en cours;vilfeu2;marcvilfeu;1566754520;;Question technique;2024;12;9;4
1,86E+18;2024-12-06 09:47:01+00:00;@Freebox @freemobile @free c'est quoi le problème chez vous ? On n'arrive pas à vous joindre. Par aucun moyen de communication que vous mettez en place. Des que ça parle de facturation plus personne ça fait un an que je signale un souci tarifaire sans;Bahathot;Bahathor;72525294;;Plainte service;2024;12;9;4
1,86E+18;2024-12-06 10:32:01+00:00;Client chez @free en vdsl, j’ai demandé il y a 3 jours pour basculer à la fibre et 3 jours qu’ils me répondent que l’offre est en étude. Du coup signature chez @Orange_France … apparement les employés free n’ont pas tout compris.;Chris466684;Chris;1,70E+18;;Question technique;2024;12;10;4
;;;;;;;;;;;
1,87E+18;2024-12-06 11:57:30+00:00;- votre câble fibre est abîmé \n- quand est ce que ça pourra être réparé ? \n- je ne sais pas \n- comment je fais pour avoir internet en attendant ?\n- je ne sais pas \n@free vous pensez que je paye pour ça ? c’est mieux vous trouvez une solutio;mrsdiarra_;Gnamé 🥷;7,35E+17;;Question technique;2024;12;11;4
1,87E+18;2024-12-06 14:03:49+00:00;Pourquoi on a pleins de chaines qui fonctionne plus depuis ce matin @UniversFreebox.;justemejohanna;Joh 🖤❤;813672018;;Question technique;2024;12;14;4
1,87E+18;2024-12-06 14:37:02+00:00;@Freebox @Free_1337 c'est marrant 5 minutes votre panne general sur les box mais j'ai aucun réseau mobile ni fibre moi maintenant ...;AkumaFr13;Akuma_Morning_Star;1,02E+18;;Plainte service;2024;12;14;4
1,87E+18;2024-12-06 14:39:01+00:00;@Freebox bonjour, actuellement en télétravail ma connexion vient de sauter. J'ai contacté l'assistance qui n'en est plus une, pour me faire entendre dire que des tests sont en cours à l'extérieur sans plus d'informations. Impossible de reprendre mon ;jim_mi2fois;Hafsi;2864527920;;Question technique;2024;12;14;4
1,87E+18;2024-12-06 15:34:14+00:00;@free ce n’est vraiment pas acceptable de votre part de laisser les habitants de la ville d’Argenteuil sans internet depuis plus d’un mois 0/5 ⭐️;Otm923;Otm92;1,39E+18;;Autre;2024;12;15;4
1,87E+18;2024-12-06 16:12:57+00:00;Plus aucun service @free. Des semaines d attente et toujours aucun signe d un rdv, aucun délai... Un boîtier 4G qui sert à rien. Envie d aller voir ailleurs 😤 @Freebox;cortesccd;🖤 Cεlιиε Cσятέѕ 🍯☕🍫;7,08E+17;;Réclamation RDV;2024;12;16;4
;;;;;;;;;;;
1,87E+18;2024-12-06 16:56:49+00:00;@Freebox Plus de réseau téléphonique sur Mont de Marsan (Landes) ni d'internet depuis 15 h, grosse panne qui touche toute la ville et ses alentours, savez-vous pourquoi? Merci;ChristianS14090;Christian Sassus;1,86E+18;;Plainte service;2024;12;16;4
;;;;;;;;;;;
1,87E+18;2024-12-06 17:16:02+00:00;"@Freebox une fois de plus depuis bientôt + 2h ns n'avons plus d réseau, plus d'internet.... En fin d compte vous êtes pire q ""REEF"" y en a marre... 😡 J vais résilier.";MilooGlt;Miloo;1,24E+18;;Autre;2024;12;17;4
1,87E+18;2024-12-06 17:32:55+00:00;@Free_1337 @Freebox @free Est ce qu’on peut discuter pour savoir si il y’a possibilité d’avoir l’édition limitée svp;SonYouni58O3;SonYouni58O3;1,01E+18;;Demande d'aide;2024;12;17;4
1,87E+18;2024-12-06 18:17:14+00:00;@Freebox vous pouvez svp m’expliquer pour je suis sans cesse déconnecté sur l’Apple TV ? Sur la même vidéo, deux déconnections, les autres sévices fonctionnent;libert_rodrigue;🇫🇷🇫🇷 Rod 🇫🇷🇫🇷 ♿️ Extrême-France 💙🤍❤️;1,84E+18;;Demande d'aide;2024;12;18;4
1,87E+18;2024-12-06 20:00:00+00:00;"@Xavier75 @Freebox\nUn ""technicien"" qui me propose un répéteur wifi pour des coupure d'internet... Aucune solution temporaire à mes problèmes. C'est limite si on me traite de menteur car ""j'ai rien de mon coté"" au téléphone.\nJuste déçu.\nUn tech";Mahzeuh;Doggo Mazeuh;1,71E+18;;Plainte service;2024;12;20;4
1,87E+18;2024-12-06 21:03:23+00:00;1 semaine d’interruption d’internet pour travaux qui se transforment en 1 mois et demi j’vous deteste @free;bvgoat2;La BVance 🖐🏼;1,41E+18;;Autre;2024;12;21;4
;;;;;;;;;;;
1,87E+18;2024-12-07 09:57:10+00:00;Bonjour @Xavier75, tu veux pas faire activer les fréquences 3500 5G SA des antennes autour du Château de la Piscine à Montpellier. (Capture d’écran de l’antenne sur laquelle je suis branché)\n\nJ’ai même pas eu le temps de profiter de mon Ultra EL 1 jour avant de subir un débranchement sauvage 😭.\n\nEn attendant qu’un technicien vienne lundi, ça serait l’occasion de tester votre 5G SA 🙏❤️\n\n@Freebox @freemobile @GroupeIliad @TomReynaud1789;EmmanuelBarthy;Barthy;2788896592;;Réclamation RDV;2024;12;9;5
1,87E+18;2024-12-07 12:16:21+00:00;3j en étape 2. En 2028 @free me fournira internet normalement… 🙄\n@Xavier75 je paye 100k pour savoir pourquoi 2 câbles connectés donnent se résultat 😂 https://t.co/kfiRRspAqL;monsieurnaudin;Fernand Naudin 🇫🇷🫶🇮🇱;1,49E+18;;Question technique;2024;12;12;5
1,87E+18;2024-12-07 14:39:32+00:00;Bonjour @UPS pour @free, combien de fois doit-on demander un report de livraison pour avoir une confirmation de livraison à la date demandée ?;Chleove;Chloé B;149995368;;Autre;2024;12;14;5
1,87E+18;2024-12-07 16:49:27+00:00;@Freebox , comment fait on, quand étend ancien client Delta devialet, que nous n'avons plus accès à l'espace mon compte (sauf pour consulter les factures), afin d'aller dans l'onglet boutique, acheter une nouvelle télécommande ou un nouveau freeplug ;diablot1n;Julien.F;1,04E+18;;Question technique;2024;12;16;5
;;;;;;;;;;;
1,87E+18;2024-12-07 19:58:53+00:00;@Freebox bonjour je n’ai plus de wifi et la box est bloqué sur étape 3D. Qu’est-ce que je peux faire ? Merci;MELODIEMOUTOUV2;MELODIE MOUTOUVIRIN;9,35E+17;;Question technique;2024;12;19;5
1,87E+18;2024-12-08 09:54:22+00:00;@Freebox c'est en passe étape 2 depuis hier soir, galère dans le 94 ?;SuGe_SNCF;Agent_SuGe;2217494096;;Autre;2024;12;9;6
1,87E+18;2024-12-08 10:58:59+00:00;Il boycotte un mec juste parce qu’il est fier d’être français : on appelle ça comment déjà ? 🧐;sinishajm;Sinisha MILINOV;4140959237;;Question technique;2024;12;10;6
1,87E+18;2024-12-08 11:08:18+00:00;@free vous me prélevez une option que je n'ai jamais souscrite @dgccrf;cyko_niko;Cyko Niko;171011396;;Autre;2024;12;11;6
1,87E+18;2024-12-08 11:19:18+00:00;@M6plusofficiel @Freebox @free pourquoi ne peut-on tout simplement pas ce connecter avec ces identifiants ? J'ai un compte Premium et impossible à synchroniser sur ma Delta Devialet, cette histoire de code dans l'appli sa marche pas. Voir photo jointe.. ;guerin_morel;Guerin-Morel Dimitri;1,31E+18;;Question technique;2024;12;11;6
;;;;;;;;;;;
1,87E+18;2024-12-08 16:56:19+00:00;@free suite à mes déconnexions répétitive et votre SAV lamentable je suis en train de chiffrer ma migration vers un autre opérateur..bye bye free apres 20 ans;sebngaz;sebngaz;1975646372;;Question technique;2024;12;16;6
1,87E+18;2024-12-08 19:08:50+00:00;@free bouteille à la mer, un rdv pour qu'un technicien passe chez moi brancher la fibre, c'est possible ou non ? ça fait 1 mois que j'essaye tout ce qui est possible pour vous avoir :);swx7ch;Swx7ch;1,01E+18;;Question technique;2024;12;19;6
1,87E+18;2024-12-09 06:51:41+00:00;Qui d'autre est sans internet depuis plus de 24h sur freebox au Pays-Basque ? @free @Xavier75;ARomain2;A Romain ❤️🌎🌍🌏❤️;4858360763;;Autre;2024;12;6;0
1,87E+18;2024-12-09 10:09:58+00:00;Nous sommes un magasin de cuisines équipée qui fonctionne depuis 7 ans à Strasbourg. Tout a commencé il y a à peu près 3 mois, lorsqu'un commercial de Free m'a démarché pour remplacer mon abonnement professionnel chez Orange. C'était le début d'un cauchemar. @Xavier75 @Freebox https://t.co/w3MOVMNtH2;EliteStrasbourg;Cuisines Elite Strasbourg;1,38E+18;;Autre;2024;12;10;0
;;;;;;;;;;;
1,87E+18;2024-12-09 10:19:36+00:00;@free , on fait comment pour vous joindre quand il n'existe pas de tel pour vos agences ?;60BL;Brigitte ♦️;494785197;;Question technique;2024;12;10;0
;;;;;;;;;;;
1,87E+18;2024-12-09 10:44:59+00:00;@Freebox   vraiment déçu de la dégradation de l'assistance Freebox dans le 78. Intervention du technicien entre 8h et 11h. On m'appelle pour me dire qu'il a du retard il vient à 10h. Il est 11h43. Si moi je suis présente on va me foutre une pénalit�;LaigleAuri46437;auriane laigle;1,74E+18;;Réclamation RDV;2024;12;10;0
1,87E+18;2024-12-09 12:03:38+00:00;@free @Xavier75 Gros dysfonctionnements chez Free : depuis le 21/11 toujours aucun raccordement à la fibre. \nOn me balade de conseiller en conseiller, des rdv tech non honorés, et la facturation des frais d'installation et d'abonnement est déclenchée;Lamk68;Lamk;1,42E+18;;Question technique;2024;12;12;0
1,87E+18;2024-12-09 12:33:45+00:00;Bonjour @reef_telecom .\nÉtant donné que @Freebox ou @free ne me propose aucune solution de dépannage, vous n'êtes pas loin de les rattraper niveau service client...;_Slippery_59;_SWW_;1,31E+18;;Plainte service;2024;12;12;0
;;;;;;;;;;;
1,87E+18;2024-12-09 14:40:50+00:00;@Freebox @free 1,5 mois d indisponibilité totale adsl et Fix a cesson 77240 et rien de chez rien n est fait, et ça facture tranquillement en attendant….;JulienGr1;Julien Gr STOP GENOCIDE;7,20E+17;;Autre;2024;12;14;0
1,87E+18;2024-12-09 15:12:30+00:00;Petite reco lecture : https://t.co/8KMM8EdYB9;free;Free;252263949;;Autre;2024;12;15;0
1,87E+18;2024-12-09 17:07:45+00:00;@Freebox bonjour c’est normal que votre technicien s’amuse à débrancher et dit que c’est pour être payé plus . Il est intervenu sur gareoult aujourd’hui . Du coup j’ai encore plus internet que faire svp? C’est urgent et comme d’hab ça n;Nico83210;Nicolas83136;1485157406;;Demande d'aide;2024;12;17;0
1,87E+18;2024-12-09 17:33:22+00:00;@free  comment on fait pour vous contacter maintenant ? C’est devenu une galère j’aimerais juste renvoyer mon matériel après une migration…;_MR_P7;Mr.P7 🏆🪓🏕️🔥;1,30E+18;;Question technique;2024;12;17;0
;;;;;;;;;;;
;;;;;;;;;;;
1,87E+18;2024-12-09 23:43:12+00:00;@free c'est normal que ma wifi s'est arrêté ma box veut rien savoir?;_whyousad;jo;1,45E+18;;Question technique;2024;12;23;0
1,87E+18;2024-12-10 06:59:30+00:00;Bonjour @Freebox. La #freebox #Delta est bloquée sur l'étape 2 depuis hier soir vers 23h40. Depuis plus rien malgré le redémarrage de la box. Savez-vous ce qui se passe dans le secteur de Lomener à Ploemeur ?;Fahi974;EL HAJJ;1,33E+18;;Autre;2024;12;6;1
1,87E+18;2024-12-10 07:05:37+00:00;48h sans internet 😤 @Freebox;ARomain2;A Romain ❤️🌎🌍🌏❤️;4858360763;;Autre;2024;12;7;1
1,87E+18;2024-12-10 08:41:19+00:00;@Freebox Bonjour, je souhaiterais annuler mon inscription Freebox car je déménage dans une semaine et je n’ai toujours pas de rendez-vous…\nJ’appelle le 1044 et le 3244 mais aucune réponse;Berzekiel;Berzekiel;7,20E+17;;Réclamation RDV;2024;12;8;1
1,87E+18;2024-12-10 09:13:37+00:00;@Freebox Bonjour l’équipe Free \nJe n’ai plus de connexion depuis ma FreeBox Crystal depuis qq jours. J’ai vérifié tout le câblage et rebooté plusieurs fois : j’ai toujours le rectangle qui tourne dans le sens des aiguilles d’une montre, pa;g_station;g-station;43335680;;Question technique;2024;12;9;1
;;;;;;;;;;;
1,87E+18;2024-12-10 09:34:55+00:00;@Freebox @free on paye la fibre pour avoir une co comme ça ??;sesng_;T1 Ω.se;1,16E+18;;Question technique;2024;12;9;1
1,87E+18;2024-12-10 10:08:43+00:00;@free ton assistante sur whatsapp c'est de la grosse merde.\n*on vous répond dès que possible *\n5j plus tard : *oups on vous a pas répondu si vous n'avez pas trouver le réponse passez un message *\nJ'ai pas la réponse : *merci de confirmer votre ide;Dywen83446558;Dywen;1,24E+18;;Autre;2024;12;10;1
1,87E+18;2024-12-10 10:34:48+00:00;@Freebox \n\nBonjour, \n\nJe reste dans l'attente de la réponse d'un être humain via l'assistance WhatsApp depuis plusieurs jours... (sic).\n\nJ'ai question sur une double facturation.;lezebracademy;Ϟ lezebr academy - formations aux réseaux sociaux;2196391938;;Autre;2024;12;10;1
1,87E+18;2024-12-10 12:01:41+00:00;@Freebox @Xavier75 #1 bonjour, ça fait 20 ans presque que je suis free, vous proposez la fibre, je dis ok, vous envoyez une 10zaine de personnes pour constater que la gaine est bouchée, je dis ok!;Baron_de_la_cot;Fabrice de Beauregard;2530711044;;Question technique;2024;12;12;1
1,87E+18;2024-12-10 12:25:20+00:00;Merci de RT \n\nJ'ai FreeboxUltra depuis ce matin 11h\n\nDeux soucis : mes speedtest bloquent à 900mbps malgré que j'ai une carte réseau 10Go. Sur Freebox OS je vois Débit max 8Go puis entre parenthèses (1Go)\n\nje suis toujours bloqué à l'étape 4 sur le site malgré que j'ai du reseau;JeanHlib;Jean Michel 🇫🇷🇹🇷;8,97E+17;;Question technique;2024;12;12;1
;;;;;;;;;;;
1,87E+18;2024-12-10 13:03:07+00:00;@Freebox J' en ai plein le cul de Free, j'enregistre des films et 3 jours après les films ont été effacés. Payer 40€ par mois pour une merde pareille c'est chiant. Je comprends qu' il y en ait qui prennent des boitiers IPTV.;blavier86;Portalet;8,41E+17;;Autre;2024;12;13;1
;;;;;;;;;;;
1,87E+18;2024-12-10 14:04:04+00:00;@free vous êtes toujours en activité ? Car ça fait 3 semaines que vous avez essayé de faire un trou dans mon mur pour faire passer la fibre sans réussir et depuis plus personne ne me répond ou ne me contacte... Comment faire pour réussir à avoir i;TheFarmingGuru;TheFarmGuru;1,47E+18;;Question technique;2024;12;14;1
1,87E+18;2024-12-10 15:05:48+00:00;@Freebox Bonjour,\nJe vous contacte ici car impossible de joindre votre service par téléphone : \nJ'ai résilié mon abonnement freebox en septembre, puis renvoyé mon matériel par relais colis (comme indiqué dans vos procédure);Joesterya2b;Joey Boisdy;1,79E+18;;Autre;2024;12;15;1
1,87E+18;2024-12-10 17:10:30+00:00;@Freebox c'est quand que vous répondez à vos clients....\n20 minutes d'attente et vous raccrochez....!!!\nC'est quand que vous remettez la fibre à Scionzier?\nÇa fait 2 jours!!!;antunes_philipp;ANTUNES Philippe;1,11E+18;;Question technique;2024;12;17;1
;;;;;;;;;;;
1,87E+18;2024-12-10 18:03:29+00:00;@Xavier75 @Freebox \n\nPossible d'avoir internet ou je dois encore attendre 1 mois et demi de plus pour un rdv technicien ? Ça fait long la.;tr1shxz;trish;7,12E+17;;Réclamation RDV;2024;12;18;1
1,87E+18;2024-12-10 20:50:59+00:00;@Freebox j’aimerais parler à un conseiller;ftayac;Fra Tre;145757765;;Autre;2024;12;20;1
1,87E+18;2024-12-10 21:13:00+00:00;@free bonjour \n\nJ'ai un souci avec ma box qui se coupe a Étape 2\nMerci;Juliendu75;julio;118059443;;Autre;2024;12;21;1
1,87E+18;2024-12-10 21:27:34+00:00;@Freebox bonsoir j’suis bloqué en étape 3d suite à une histoire d’écrasement de fibre, et ce sans prévenir \nDes infos ?\nDois-je résilier et passer à plus fiable ?;Habib_Potter;Habib_Potter 🇵🇸🇱🇧;236621049;;Question technique;2024;12;21;1
1,87E+18;2024-12-10 23:47:38+00:00;remet internet @Freebox;BqrnedW3B;lucas;1,19E+18;;Autre;2024;12;23;1
;;;;;;;;;;;
1,87E+18;2024-12-11 06:19:34+00:00;Inédit : Bonne nouvelle avec un beau cadeau sur la migration @Freebox Révolution vers Freebox Ultra et certains abonnés @free qui peuvent en bénéficier. Faîtes vous partie des chanceux ? 🥰Comment le savoir ? Simple Tuto à lire pour avoir la réponse.🕷️\n\nhttps://t.co/ChhzIAtAJf https://t.co/S9HGMoKZls;BusyspiderFr;🕷️ Busyspider;778717698;;Question technique;2024;12;6;2
1,87E+18;2024-12-11 08:55:15+00:00;Mais @free c’est trop !!! Tous les mois j’ai une coupure internet;sul_tan000;SD;1,56E+18;;Plainte service;2024;12;8;2
1,87E+18;2024-12-11 10:00:35+00:00;"@DPD_Fr @free\nBonjour,\nJe souscris un abonnement chez free. Je suis sensé recevoir la box le 10 décembre (SMS reçu).\nPas de colis, par téléphone une personne me répond comme un robot. \nJe n'ai plus internet pendant 24/48h et on me dit ""soyez pat";MizianRabeel;Rafaqat;3401485469;;Autre;2024;12;10;2
1,87E+18;2024-12-11 10:29:00+00:00;Des incapables @Freebox;buroo95;⛩️ 🦅🔝;1,09E+18;;Autre;2024;12;10;2
1,87E+18;2024-12-11 12:44:56+00:00;@free Le seul FAI ou ont peut pas se connecter sur le jeu @DOFUSfr FF Je change d'opérateur;CryptoKeuf;Unkeuf;1,47E+18;;Autre;2024;12;12;2
1,87E+18;2024-12-11 13:05:32+00:00;@Freebox on fait comment quand personne nous recontacte ? Ticket incident ouvert depuis 1 sem. Client pro !!;LeGeraldine;Gwen;1117545710;;Question technique;2024;12;13;2
1,87E+18;2024-12-11 14:17:49+00:00;@free tjs pas d’internet de tv rien ! On prend des rdv mais les techniciens n’appellent que moi qui suis au travail et pas là 2eme ligne de portable que nous avons chez eux de mon conjoint qui lui était à la maison pour eux…;GuillaumePorti2;Guillaume Portier;1,18E+18;;Réclamation RDV;2024;12;14;2
1,87E+18;2024-12-11 15:09:52+00:00;Bonjour @free . J'ai un abonnement à 9.99€ à vie (si si), je voudrais savoir si je peux avoir de la 5G pour le même prix sans perdre cette offre commerciale ?;HebusDe;ChatRoule;1,46E+18;;Autre;2024;12;15;2
1,87E+18;2024-12-11 15:22:02+00:00;@free  Bonjour on a installer la fibre dans mon immeuble. C’est quand vous voulez ( ps je vis avec un débit de 20Mb/s ) \nMerci;Savage_Poultry;路易;552033290;;Question technique;2024;12;15;2
1,87E+18;2024-12-11 16:54:28+00:00;@Freebox quand allez vous enfin régler le problème du #wifi 2.4 ghz. Dommage ça fonctionnait avant la dernière mise à jour\nRappel l'essentiel de la domotique est en 2.4 ghz 😡😡😡 https://t.co/pebsWQXqb7;dlang57500;Dominique Lang 🆑;38634848;;Plainte service;2024;12;16;2
1,87E+18;2024-12-11 17:11:24+00:00;Mais c’est insupportable !!! Impossibilité de prendre la fibre en plein #Paris ! Et pas de possibilité avant 10/25 ! Et là @free ne veut pas me vendre la #box5gFree mais seulement l’ADSL en 2024 ! Incroyable ! @Xavier75 🥺🥺🥺;Mathiasavec1t;Mathias Engel;944744593;;Question technique;2024;12;17;2
1,87E+18;2024-12-11 19:43:58+00:00;@Freebox Suite à une résiliation du 9 octobre j'ai rendu le matériel dans le Relais Colis préconisé par FREE le 12 octobre et depuis ils me harcèlent et menacent de me faire payer le materiel alors que j'ai déjà répondu 3 fois à leur mail en joi;sylvielarminie1;Larminier;4210962867;;Autre;2024;12;19;2
1,87E+18;2024-12-11 21:12:24+00:00;@free 10 jours maintenant que ma ligne freebox fonctionne plus l assistance me répond dans 72h maximum votre ligne sera réparée j ai obtenu un rendez-vous avec un technicien pour vendredi matin  aucun technicien c es présenté et je reste en panne et ;Delamar7Laurent;Laurent Delamare;1,47E+18;;Plainte service;2024;12;21;2
1,87E+18;2024-12-11 21:34:19+00:00;Qui a connu ça ici https://t.co/YquVvtogay;becanenY;🇵🇸;1,69E+18;;Autre;2024;12;21;2
1,87E+18;2024-12-12 06:17:51+00:00;Chez @free avec leur abonnement c’est retour dans le passé ,comme quand on avait msn émule etc \nLa je veux juste faire une mise à jour et j’ai 3h d’attente avant de pouvoir commencé à bossé du coup , et je paye plein pot! et ne mon jamais proposé la fibre , c’est pas beau ça ? https://t.co/Z00bRIq2gY;hookidoki;hooky d'Honolulu;1,46E+18;;Question technique;2024;12;6;3
1,87E+18;2024-12-12 08:14:33+00:00;Bonjour @Xavier75 et la team @free, je souhaite passer la Freebox révolution que j’ai depuis plus de 10 ans à la #freeboxultra. Pour #noel2024, pourriez-vous m’offrir les frais depuis migration?\nMerci;FMarcOlivier;Marc-Olivier 🇫🇷🇪🇺🇺🇦;2902144924;;Autre;2024;12;8;3
1,87E+18;2024-12-12 09:59:10+00:00;Bonjour @Xavier75 @free je viens de me rendre compte que vous me voler 9,99€ par mois depuis 5 mois grâce à une offre que vous mettez sans le consentement du client et qui reste à sa propre vigilance de résilier?\n\nC’est du vol \n\nFaites attention à vos factures!!!!;DDDGrrrrrrr;hs;507710069;;Autre;2024;12;9;3
;;;;;;;;;;;
1,87E+18;2024-12-12 11:06:09+00:00;Je suis le seul à avoir ma box free bloqué à l'étape 6 ??? #freebox #free #panne;Cyril2nd;KYRIOS;1,56E+18;;Plainte service;2024;12;11;3
1,87E+18;2024-12-12 14:54:52+00:00;Dites, @Free_1337, @Freebox, c'est quoi le problème actuellement dans l'Oise ?\nUne résolution prochaine est-elle programmée ?;SuperCyprien;SuperCyprien;437570333;;Plainte service;2024;12;14;3
;;;;;;;;;;;
;;;;;;;;;;;
1,87E+18;2024-12-12 18:56:05+00:00;@Freebox @free @altitude_infra Je croyais qu’il n’était pas possible de connaitre nos références &amp;;;;;;;;;
1,87E+18;2024-12-12 19:20:30+00:00;@free  comment avoir des infos free sur X? \nMerci;mcrafteur68;Sebastiens;7,93E+17;;Question technique;2024;12;19;3
1,87E+18;2024-12-12 19:33:48+00:00;Jeudi, 12 décembre, 2024, 20h33min50sec.\nBon moment pour rappeler que free même avec la fibre c'est de la grosse merde n'allez jamais chez @free;InatowKuuuun;TTM | Inatow;1,63E+18;;Question technique;2024;12;19;3
1,87E+18;2024-12-12 19:34:05+00:00;"Bonsoir @Xavier75, Je viens d'écouter ton itw sur @franceculture où tu parles de l'échec de la Delta-Devialet pour cause d'embourgeoisement. Alors quand @free va-il répondre à BT et proposer une box ""fibre seule"" ? A moins que @free soit bloqué à vie sur des offres tripleplay...";pierreboucard;Pierre Boucard 📻;80413094;;Question technique;2024;12;19;3
1,87E+18;2024-12-12 20:01:04+00:00;@free @Freebox Plus de connexion internet, plus de télé depuis plusieurs heures et aucune communication. Vous trouvez ça normal ? A quand le rétablissement du réseau ???? Marre de vos pannes à répétition !;Petite_Tulipe_;Petite Tulipe 🌷;7,87E+17;;Plainte service;2024;12;20;3
1,87E+18;2024-12-12 20:13:24+00:00;@free Dans les choux ce soir. Pas d'internet, un gros soucis avec vos Dns?;AhlBaTaaaaard;Le Batard;1,02E+18;;Autre;2024;12;20;3
1,87E+18;2024-12-12 20:21:00+00:00;Merci @free d'avoir laissé le stagiaire touché a votre réseau, j'ai plus d'internet chez moi😡\n\nJe prend sur ma 4G de Bouygues (300 Go ca va hein) mais bon c'est pas une vitesse fibre mdr😅;LeVraiBaptyel;Baptyel;1,25E+18;;Question technique;2024;12;20;3
1,87E+18;2024-12-12 20:43:39+00:00;@Freebox il ce passe asse quoi ?;lebinkz;lebinkz;1,74E+18;;Autre;2024;12;20;3
;;;;;;;;;;;
1,87E+18;2024-12-12 23:16:29+00:00;@free @Freebox :\nVous serait-il possible de cesser de nous couper Internet après 23h30, svp ?!\n\nD'abord parce que je paye pour ce service, toujours, sans aucun retard\net ensuite\nPARCE QU'IL  EXISTE  DES  GENS  AUTRES  QUE  LES  GRANDES  ENTREPRISES\;SavennWriter;Grenad'iel (Savenn Autumn);623798571;;Demande d'aide;2024;12;23;3
1,87E+18;2024-12-13 00:13:45+00:00;"Salut @Freebox , petite question : à ma nouvelle adresse, la fibre est dispo partout autour et mon immeuble est ""en cours d'étude"". Ms pas moyen d'accéder au formulaire d'intérêt et le débit ADSL est vrt moisi... https://t.co/s5IkT2a5y4";sanakro;Oliv' Pouetpouet;29109888;;Question technique;2024;12;0;4
1,87E+18;2024-12-13 10:36:50+00:00;@free  alors il faut appeler chaque deux semaines le service client pour ce débit ? Puis tomber sur des conseillers qui n’ont pas envie d’aider et te disent librement tu peux voir ailleurs.\nLe débit est catastrophique en plein 94.\n\n#freebox https;KareemDerouich;Karim D;954049016;;Plainte service;2024;12;10;4
1,87E+18;2024-12-13 12:47:22+00:00;1/2 [Événement] Nous avons installé un camion provisoire proche de la Place d'Austerlitz à Ajaccio (20) afin de renforcer notre réseau mobile @free. Notre camion permettra de profiter pleinement de la 3G, 4G et 5G pour les milliers de visiteurs prévus ce dimanche. https://t.co/fRQ2iM8930;Free_1337;Free 1337;1,44E+18;;Autre;2024;12;12;4
1,87E+18;2024-12-14 10:30:00+00:00;5 114 jours qu’elle porte bien son nom. https://t.co/Lq1ZWVH6NB;free;Free;252263949;;Autre;2024;12;10;5
1,87E+18;2024-12-17 11:48:37+00:00;@free @Xavier75 une vraie galère de prendre un abonnement chez vous. Bientôt en 2025, un abonnement prit depuis le 3 décembre et toujours pas internet, les techniciens ne savent pas quoi faire en arrivant à la maison et à chaque fois on me dit d’at;clembarbaray;gigishoyo 🇫🇷;1,12E+18;;Réclamation RDV;2024;12;11;1
1,87E+18;2024-12-17 12:47:51+00:00;@free médiocre la qualité du service.;neilgnali;Bboy-neily;306350303;;Autre;2024;12;12;1
;;;;;;;;;;;
1,87E+18;2024-12-18 12:42:19+00:00;@free , abonné fibre avec une box Delta, vous voulez me faire payer 49 € pour passer à une box ultra. Vous offrez la mutation vers ultra pour les  box moins performantes Dois dois passer en box inférieure 1 mois  puis aller sur Ultra pour pas avoir l;sarkasme76;SΔRKΔSME 🦊;215290401;;Question technique;2024;12;12;2
;;;;;;;;;;;
1,87E+18;2024-12-18 14:47:38+00:00;@Xavier75 @free je suis passé a la fibre y a même pas deux mois, c'est déjà en panne avec un technicien programmé pour dans deux jours. Quitter @Starlink était une grosse connerie, jamais eu de pannes de plus de 30 min en deux ans;Rgbag16;R💸;1,10E+18;;Plainte service;2024;12;14;2
1,87E+18;2024-12-22 18:49:31+00:00;@free merci 15 jours sans internet et des rendez-vous toujours reportés alors que nous sommes en grande agglomération !!! \nQuand le correspondant internet vous répond d’être patient chaque jour c’est USANT !!!;petitpoulet93;dodo de boboch;984481196;;Réclamation RDV;2024;12;18;6
1,87E+18;2024-12-22 19:52:40+00:00;@Freebox bonsoir. Pourquoi le ss titrage n'est pas possible sur JT de TF1??;jossie298;Josephine COPPOLA;392111950;;Question technique;2024;12;19;6
1,87E+18;2024-12-22 21:32:37+00:00;@free bonjour, j’ai renvoyé mes équipements, mais vous me dites que je dois les renvoyer. Que fait on ?;e_c3m;Charles;165881782;;Autre;2024;12;21;6
1,87E+18;2024-12-30 18:47:26+00:00;@Freebox bjr\nJ’ai un soucis avec vos services.\nJe vous ai retourné une box y a deux semaines et j’ai la preuve de dépôt .\nVous m’informez n’avoir rien reçu;johan38000;isco;397432183;;Autre;2024;12;18;0
1,87E+18;2024-12-31 16:44:36+00:00;Bon @free ça va faire 1 mois qu'on a plus de fibre, donc plus internet/telephone/tv... c'est la 2eme fois qu'on nous décommande le rdv poser pour cette fois si comme raison une panne free générale 🤨 sachant qu'on doit intervenir sur le fil extérieur car c'est là le pb;DespretzC;Despretz Caroline;4833211313;;Plainte service;2024;12;16;1
1,87E+18;2025-01-01 09:06:27+00:00;Arrêtez de dire LA Wi-Fi ?;free;Free;252263949;;Autre;2025;1;9;2
1,87E+18;2025-01-01 12:55:37+00:00;Hey @free, ma Freebox Ultra reste bloqué sur l’étape 3d, une idée ? Votre service client est off aujourd’hui…;euskadi31;Axel Etcheverry;47917755;;Plainte service;2025;1;12;2
;;;;;;;;;;;
;;;;;;;;;;;
1,87E+18;2025-01-02 10:38:25+00:00;@free étant donné qu'après presque 2 mois sans internet toujours rien n'est fait je me demandais qui est ce que vous conseillez entre un FAI de la ffdn ou orange ? J'aimerai bien avoir un FAI compétent m'voyez;kmidupon;camille dupont;1,70E+18;;Autre;2025;1;10;3
;;;;;;;;;;;
1,88E+18;2025-01-07 11:58:45+00:00;Passage d’un technicien @Freebox pour la 4e fois en 9 jours.\n\nPar contre, débrancher la fibre et la rebrancher dans l’immeuble, je peux le faire aussi.\n\n@free peut-être pourriez-vous corriger les problèmes sur votre infra plutôt que faire courir vos techniciens inutilement ?;MatthieuGariel;Matthieu Gariel;9,23E+17;;Plainte service;2025;1;11;1
1,88E+18;2025-01-07 12:04:55+00:00;Free qui me prélèvent par « erreur » en plus sur mon forfait et là qui me prélèvent en plus sur ma freebox ??? @free;La_Mwk;Curly Noire 🌴;1630942028;;Autre;2025;1;12;1
;;;;;;;;;;;
1,88E+18;2025-01-07 17:33:30+00:00;@Freebox vous répondez au bout d'un moment sur vos service en ligne ou bien ?;WeeDoWxl;Yonko🇨🇵;8,49E+17;;Autre;2025;1;17;1
1,88E+18;2025-01-10 09:53:52+00:00;La fibre &gt;;;;;;;;;
1,89E+18;2025-02-04 11:45:38+00:00;https://t.co/Rz6Xv87Px1;free;Free;252263949;;Autre;2025;2;11;1
1,89E+18;2025-02-11 08:41:53+00:00;Une super offre vient d’être repérée 👀\n\nAvec Qiara Protect, bénéficiez d’une protection complète de votre domicile pour seulement 19,99€/mois tout compris : télésurveillance et mise à disposition du matériel inclus, sans engagement.\n\nEt en exclusivité : les abonnés Freebox profitent du premier mois gratuit 🎁\n\nPour en savoir plus 👉 https://t.co/LMWvnwCHY5;free;Free;252263949;;Autre;2025;2;8;1
1,89E+18;2025-02-12 09:17:11+00:00;@free \n\nBonjour,\nMon compte mail semble bloqué.\nQuand je fais mot de passe oublié, le process est un envoi postal, or je n'habite plus à l'adresse que vous connaissez.\nPouvez-vous me proposer un autre moyen pour réinitialiser mon mot de passe ?;Bolovar_BooZ;Juan Bolovar;357123756;;Autre;2025;2;9;2
1,89E+18;2025-02-17 13:37:23+00:00;C'est une spécialité ou un mot de passe Wi-Fi ?;free;Free;252263949;;Autre;2025;2;13;0
;;;;;;;;;;;
1,89E+18;2025-02-18 13:36:22+00:00;"@Xavier75 @Freebox salut Xavier j'ai demandé la résiliation de ma box et sur la facture, on me colle un petit ""canal series"" what the...? https://t.co/zC8gGEkGoP";bonuxfontanet;bonjour;2399749403;;Autre;2025;2;13;1
1,89E+18;2025-02-18 14:17:55+00:00;Bravo @free , boite mail soi-disant piratée, plus moyen de l'ouvrir. 1044 et boutique, à pars vouloir vendre, rien, Nada. Si, créer une nouvelle adresse... mes parents ont 85 ans, non, ils ne vont pas changer d'adresse mail! Une honte! Vive le progrès...;Bricni57;Brichler Nicolas;596656937;;Info/Annonce;2025;2;14;1
1,89E+18;2025-02-18 17:12:30+00:00;@free bonjour 👋 est-ce que le débit par les\nWifi est-ce que c'est respecter mieux que orange \nWifi 2Gbits par équipement ? Bien sûr en fonction d'un nombre Wifi 5 6 6e;AlexandreD5600;Alexandre Douchin;1,84E+18;;Question technique;2025;2;17;1
1,89E+18;2025-02-19 00:17:05+00:00;@Xavier75 @free @Freebox  J’en peux plus 3h de téléchargement  pour 98GO fais quelque chose;Zqrr_692;🧔🏽‍♀️;1,60E+18;;Autre;2025;2;0;2
1,89E+18;2025-02-19 09:38:02+00:00;@Xavier75 et @free \nVous pensez vraiment que l'on n'aura pas vu le design caché de la Freebox Ultra dans la pub de la Pop ? https://t.co/e1EqCn3Cqt;hypnotix_sh;Hypnotix.sh;1,89E+18;;Autre;2025;2;9;2
1,89E+18;2025-02-19 09:59:43+00:00;@free comment vs contacter quand vs êtes injoignable au tel ??!;KTskte;🫦;9,68E+17;;Question technique;2025;2;9;2
1,89E+18;2025-02-19 11:00:12+00:00;@Freebox trop longtemps que ça dure ça va faire 1 an qu'on ne peut plus passer ou recevoir d'appel quand on est à l'interieur de notre logement on fait rien.. Maintenant la box se Mets à mouliner n'importe quand pendant 1h le replay marche pas. On nou;CarpisCecile;Cecile carpis;1,37E+18;;Autre;2025;2;11;2
;;;;;;;;;;;
1,89E+18;2025-02-19 21:14:47+00:00;Bjr @free pouvez vous m'expliquer pourquoi à chaque fois que je rentre chez mes parents la box tombe en panne ? Est-ce que vous me détestez ? Jpp je rentre trop heureuse d'avoir la fibre et de pouvoir jouer avec ma crush mais en fait non;Kamiza2033;Kamiza;1,68E+18;;Plainte service;2025;2;21;2
1,89E+18;2025-02-20 13:31:55+00:00;Chère @Freebox,\n\nCela fait plus de 2 mois que vous promettez un raccordement à la fibre.\n\n- Un coup, le technicien a un câble trop court.\n\n- La fois d'après, les 2 techniciens oublient leur camion nacelle.\n\n- La 3ᵉ fois, le rendez-vous est annulé soi-disant à cause de la mairie.;xuoan;Xuoan;6325262;;Question technique;2025;2;13;3
1,89E+18;2025-02-21 11:06:15+00:00;Bonjour @free j'ai initié  mon déménagement depuis le 22 janvier.\nCe matin 😁 ça devait être fait.\nLe technicien appelle, il n'est pas au bon endroit : bon nom, bon tél,  mais mauvaise adresse... à 500km de chez moi🤔😵‍💫🤬.\nT'as Free, t'as tout compris ????;C2LN3;Charly Golf-Lima 🧭⛷️🏊🚵🕊️🇮🇩🇫🇷🇩🇪🇦🇹🇩🇰;8,56E+17;;Réclamation RDV;2025;2;11;4
1,89E+18;2025-02-21 13:13:23+00:00;@free @Freebox @Xavier75 Pas de fibre depuis le 14/01. Les équipes Free cherchent, soi disant, une nacelle pour réparer ma fibre aérienne à 2,5 m de hauteur. Une honte de service au clients.;cpa521;VByN;204677657;;Question technique;2025;2;13;4
;;;;;;;;;;;
1,89E+18;2025-02-21 15:36:25+00:00;Toujours en attente depuis trois mois de la résolution de mon dossier de raccordement à la fibre optique \n@Free @Freemobile @Freebox. Service 3244 inefficace.;nuitsoxygene;pylascar;732200694;;Question technique;2025;2;15;4
1,89E+18;2025-02-21 16:41:32+00:00;@free faut aller se faire foutre avec votre service client à chier, votre wifi a chier, rien ne vous appartient vous vous faites du blé en louant les services des autres. Vous êtes honteux, une entreprise de cette envergure ne devrais pas avoir un serv;souley_chag;souley 🇲🇦;4559916821;;Plainte service;2025;2;16;4
;;;;;;;;;;;
;;;;;;;;;;;
1,89E+18;2025-02-22 09:36:47+00:00;5eme jour sans internet chez @free \nLa box est sur l’étape 2 depuis mardi, je n’en peux plus de cette étape 2!;yepadenom;🎼Rock and Live 🤘🏼🐍;1893524569;;Autre;2025;2;9;5
1,89E+18;2025-02-22 10:03:25+00:00;Honte à @free car une panne fibre il mette 15 jours à venir dépanner alors que j’ai signalé que j’avais besoin du réseau pour les personnes atteint de maladie qui peuvent avoir besoin de moi! Et je reste injoignable. @Freebox 15 sans internet!! J’espère aussi un geste commercial;Djnono49;Jimmy Tudeski;8,80E+17;;Plainte service;2025;2;10;5
;;;;;;;;;;;
1,89E+18;2025-02-22 12:57:38+00:00;@free rendez-moi internet peut être nan ? \nÇa fait deux jours que j’appelle, avant hier on me dit X, hier Y, et la Z frr \nFaut pas prendre les gens pour des cons nn plus.;NadjiBoyy;Manboy Fan 🇵🇸;569397521;;Autre;2025;2;12;5
1,89E+18;2025-02-22 13:17:20+00:00;@free @Freebox BONJOUR\nMon chat a ouvert et a sectionné le fil rouge de mon boîtier fibre. HIER votre technicien est venu réparer et a fait ça avec .. DU SCOTCH ça n’a pas tenu et je suis en guerre avec votre assistance pour avoir un nv rdv mais j;_angax;🇮🇹;2243522148;;Question technique;2025;2;13;5
;;;;;;;;;;;
;;;;;;;;;;;
;;;;;;;;;;;
1,89E+18;2025-02-23 16:00:03+00:00;@free \nBonjour,\nJe vous ai écrit à 3 reprises par mail : inscription@freetelecom.f suite à vos relances concernant la restitution du matériel. \nJ'ai précisé le relais colis concerné ainsi que le bordereau !\nJamais eu de réponse.\nEt aujourd'hu;florian_harris;Florian Harris;1,58E+18;;Autre;2025;2;16;6
1,89E+18;2025-02-24 10:02:52+00:00;Ça se voit qu'ils ne la connaissent pas https://t.co/AEB57Rrx46;free;Free;252263949;;Autre;2025;2;10;0
1,89E+18;2025-02-24 10:55:26+00:00;Scandaleux ! J’ai souscrit à la fibre chez @Free, le technicien a coupé mon ancienne connexion @bouyguestelecom et maintenant je n’ai plus internet. Service client qui me balade, aucun rdv garanti, je suis bloqué. C’est ça l’accueil d’un nouveau client ? Urgent ! #Free #Freebox;arnaudbasement;Arnaud Diaz;1,77E+18;;Plainte service;2025;2;10;0
1,89E+18;2025-02-24 11:29:02+00:00;@free : Hello ! Je souhaite passer à la fibre chez vous. Je suis sans engagement auprès d'un autre opérateur. comment procéder pour que vous preniez en charge le passage à la fibre et la résiliation de l'autre abonnement avec migration du numéro de;Neo_Dessinator;Neo Dessinator;142338586;;Question technique;2025;2;11;0
;;;;;;;;;;;
1,89E+18;2025-02-24 18:47:26+00:00;Bon @free c’est possible d’avoir internet ? Nan parce que j’veux bien j’ai changé d’offre je paie plus cher mais si c’est pour avoir la box qui redémarre en boucle c’est pas la peine;Darylia22;Darylia 🤠𐂂;1345193840;;Autre;2025;2;18;0
1,89E+18;2025-02-25 11:33:03+00:00;@Xavier75, cela fait maintenant 20 ans que mes parents sont fidèles à vos services avec @free. Depuis maintenant 5 jours il n’ont plus d’internet et aucune solution n’est proposée par vos services pour envoyer un technicien. @free est en perte de;Rom1gmax;Romain 🙏😇;9,55E+17;;Réclamation RDV;2025;2;11;1
;;;;;;;;;;;
1,89E+18;2025-02-25 13:51:11+00:00;@Freebox Impossible pour vos services de prendre en compte ma demande de résiliation... Cela traine et on ne revient pas vers moi...\nJe bloque les prélèvements le mois prochain et dépose ma delta devant votre boutique ?;Snoopbabas;Walter s;54653476;;Autre;2025;2;13;1
1,89E+18;2025-02-25 20:21:33+00:00;@free c’est quoi le but de payer une PUTAIN DE FIBRE ET AVOIR LA NOUVELLE FREEBOX DELTA SI CEST POUR BUG TOUS LES 2 MINUTES ET FREEZE CONSTAMMENT EN PLEINE GAME TOUTES LES 30 SECONDES;wa7chito_212;LE A 🇲🇦;1,87E+18;;Plainte service;2025;2;20;1
1,89E+18;2025-02-25 21:23:37+00:00;Wtf @tf1 @free \nOn peut plus mettre pause et avancer les pubs ? C’est un truc de fou comment la technologie régresse, ça fait 10 ans qu’on pouvait le faire.;damien42123;hogert damien;367020531;;Question technique;2025;2;21;1
1,89E+18;2025-02-26 12:08:30+00:00;Possible d'avoir une information sur la panne Freebox a Epinay sur seine, du 17/02/2025 à 8h au 21/02/2025 à 18h \nNous sommes le 26/012/2025 toujours pas de connexion .\nLes rendez-vous téléphoniques pris en boutique , ne sont pas respectés c'est épuisant #freebox @free;Lasse60540931;Lasse_patriote;9,60E+17;;Plainte service;2025;2;12;2
1,89E+18;2025-02-26 20:15:14+00:00;J’ai plus internet avec ma freebox,  @Freebox @Xavier75 AIDEZ MOIIIIII  j’en ai besoin pour travailler 😔;Menulis___;Moony 🌗;1,58E+18;;Autre;2025;2;20;2
1,89E+18;2025-02-26 23:03:24+00:00;@free Bonsoir, j'essaie d'appeler le service client ce mercredi soir vers 19 h. Après plusieurs interlocuteurs, je n'ai toujours pas de réponse concernant ma demande de rétractation pour ma commande réalisée ce mardi. Je suis vraiment déçu et vraim;GamersLivePlus;GamersLive.FR;1,53E+18;;Plainte service;2025;2;23;2
1,90E+18;2025-02-28 02:00:29+00:00;@free la wifi qui marche pas, 4g qui marche pas, 5g qui marche pas y’en a marre !!!;Nathan378243;几モ⼯丂卂几🖖🏾🇨🇩;1,27E+18;;Question technique;2025;2;2;4
1,90E+18;2025-02-28 10:08:09+00:00;@free bonjour je viens de commander une box free mais je me suis tromper de compte bancaire ?;blackice747;Blackice;8,56E+17;;Autre;2025;2;10;4
1,90E+18;2025-03-01 11:45:25+00:00;@free Bonjour une question sur votre offre freebox pop : l'ONT est déportable ou c'est inclus forcement dans la box (PTO dans le garage...) ?  \nAutre question : le boitier TV est en wifi ou en CPL ?\nMerci et bonne journée;vincent_davy;Vincent DAVY;523409073;;Question technique;2025;3;11;5
1,90E+18;2025-03-02 11:38:52+00:00;@Freebox Salut, mes parents n'ont plus internet depuis Vendredi, impossible d'avoir quelqu'un au téléphone. Ce serait possible d'avoir de l'aide, sachant qu'ils sont abonnés chez vous depuis plus de 15 ans ? Merci;Fourie_Brice;brice fourie;859642603;;Autre;2025;3;11;6
1,90E+18;2025-03-03 10:56:46+00:00;@free @Freebox Bonjour Free, 1 mois et demi que j'attends d'être raccordé et toujours impossible d'avoir un rendez vous. Et il parait que mon dossier est prioritaire depuis plus de 15 jours...;vincent_garin;Vincent Garin;344744714;;Autre;2025;3;10;0
1,90E+18;2025-03-03 11:46:25+00:00;Bonjour @free, pourquoi je n'arrive pas à joindre vos services ???\nJai accès qu'au service vocal qui ne répond pas à mes questions.;Ryyyyyyad;Ryadryadus;7,58E+17;;Question technique;2025;3;11;0
1,90E+18;2025-03-03 14:24:13+00:00;@Freebox bonjour, j'ai reçu un email que vous m'informiez que je n'ai retourné pas la free box. Mais j'avais les envoyés dedans le délai correct.;pedro1807;pedro m b;104480412;;Autre;2025;3;14;0
1,90E+18;2025-03-03 15:02:19+00:00;Coucou! @Xavier75  @Freebox, 1\n semaine que nos salariés ne peuvent travailler à cause d’une panne Free. Plein de tickets ouverts, un technicien va passer mais ne passe pas… si jamais ça peut accélérer les choses y’a un @lidlfrance pas loin 😉;Yvanleman;Yvan Chapel;453545712;;Plainte service;2025;3;15;0
;;;;;;;;;;;
1,90E+18;2025-03-04 13:34:31+00:00;Déguisé en goat ajd et vous la team ? https://t.co/JQ3ieeiM1J;free;Free;252263949;;Autre;2025;3;13;1
;;;;;;;;;;;
1,90E+18;2025-03-04 15:33:08+00:00;@free comment avoir quelqu’un quand on veut passer à la fibre et avoir un installateur compétent ?;DavidGaizord;Gaizord;1,24E+18;;Question technique;2025;3;15;1
1,90E+18;2025-03-04 19:04:06+00:00;@Freebox @free j ai fait une demande de déménagement de mon abonnement mais visiblement vous avez compris que c’etait un nouvel abo avec livraison d’une box dans un appart où je ne suis pas encore. Help ! @Xavier75;jeremyparayre;Jérémy Parayre;17462705;;Demande d'aide;2025;3;19;1
1,90E+18;2025-03-05 15:59:30+00:00;Yo @free y'a moyen de savoir pourquoi la vitesse de ma connexion a été divisée par 10 svp ?;Traaanaelle;🦋 @anaelle.dev;1,62E+18;;Demande d'aide;2025;3;15;2
1,90E+18;2025-03-05 17:43:48+00:00;@Freebox s’agirait de se bouger pour remettre les services en place non ?;CestLeR_;LeR🐉;7,74E+17;;Autre;2025;3;17;2
1,90E+18;2025-03-05 20:25:46+00:00;@Freebox bonjour,\nMa box est bloquée à l’étape 4 depuis ce matin. Visiblement je dois prendre rdv avec un technicien mais impossible via mon espace abonné. Comment faire svp ?;gwynplainehugo;Gwynplaine Hugo;1182619964;;Demande d'aide;2025;3;20;2
1,90E+18;2025-03-06 18:15:13+00:00;@Freebox Bonjour, cela fait un mois que nous avons souscrit à un abonnement Freebox. Le suivi de notre dossier est toujours bloqué à l’étape 1, nous n’avons toujours pas reçu la box. \nPourriez vous revenir vers nous afin d’apporter une solutio;camichtoo;camille;915433296;;Plainte service;2025;3;18;3
1,90E+18;2025-03-07 09:36:51+00:00;Pas Orange qui pense être le premier à avoir lancé la 5G+ https://t.co/UX11cz8WSQ;free;Free;252263949;;Autre;2025;3;9;4
;;;;;;;;;;;
;;;;;;;;;;;
;;;;;;;;;;;
1,90E+18;2025-03-07 18:13:22+00:00;@free @Xavier75 possible de discuter en dm d'un problème qui m'arrive chez vous dont j'arrive absolument pas à avoir d'informations svp ? 😪😮‍💨;yshzr;Loick 🐲;1,12E+18;;Plainte service;2025;3;18;4
;;;;;;;;;;;
1,90E+18;2025-03-12 10:21:28+00:00;@Freebox bonjour, nous avons un rupture service internet fibre depuis 2 semaines La Garenne-Colombes et toujours zéro info sur le délai de rétablissement…:-( Boîtier 4G backup qui a été fourni a bcp de coupures, difficile de continuer comme ça…;TandrayenS;Tandrayen Sooriya;1,11E+18;;Plainte service;2025;3;10;2
1,90E+18;2025-03-12 15:41:30+00:00;@Freebox bonjour j’aurais besoin d’aide pour comprendre une facture a propos de ma ligne résiliée. Ma ligne : 04 26 09 42 05;LoubardJr;92i;2849533743;;Autre;2025;3;15;2
1,90E+18;2025-03-12 19:02:39+00:00;@free bonjour, j’ai renvoyé ma box suite résiliation de mon abonnement : je reçois des mails de non réception. Où envoyer la preuve de mon retour ? Merci;laurekikinou;BibiTheCat🐱;331058393;;Autre;2025;3;19;2
1,90E+18;2025-03-14 23:01:40+00:00;On vous dérange pas @free @Freebox ?\nOn vous fait une demande de résiliation, vous nous dites recevoir cette demande et nous envoyer les papiers pour renvoyer le matériel et votre réponse c’est ça alors que le matériel est bien reparti chez vous ? https://t.co/2kYsTIYHRQ;ErwanOrl;Dr Erwan Strange 🙂‍↔️;1946434897;;Autre;2025;3;23;4
1,90E+18;2025-03-16 18:13:01+00:00;@Freebox bonjour vous pouvez m'expliquer pourquoi est ce que je suis dans l'incapacité d'accéder aussi bien à la freebox et au Wi-Fi depuis plus d'un mois malgré que j'écris à l'assistance chaque jour et que je continu à être débité pour le paie;Navy_237;GRAND_Corsair;9,13E+17;;Question technique;2025;3;18;6
;;;;;;;;;;;
;;;;;;;;;;;
;;;;;;;;;;;
1,90E+18;2025-03-17 15:11:30+00:00;@free \nProblème de box depuis octobre …. \nVotre sav a pas la fibre très très professionnel ? \nVous faites les mort sauf pour prélever \nBravo;Mj0423Mrfreez;Mrfreez;1,84E+18;;Plainte service;2025;3;15;0
;;;;;;;;;;;
1,90E+18;2025-03-18 08:10:14+00:00;Petite explication : j'ai résilié mon compte en août et j'ai rendu ma box quelques temps après \n\nOn a continué de me débiter après tout ce temps, et j'ai appris seulement hier que mon compte a finalement été résilié que début mars \n\n@Freebox on peut en discuter ?;Soinsuke;Le Piko;1,15E+18;;Question technique;2025;3;8;1
1,90E+18;2025-03-18 08:34:10+00:00;@free  pourquoi vous fuyez les clients aux téléphones ?\n\nJ’ai une galère chez mes parents impossible de vous appeler car la ligne n’est pas activer, vos installateurs ne savent pas faire !!;Cnews972;le C;1,60E+18;;Question technique;2025;3;8;1
;;;;;;;;;;;
1,90E+18;2025-03-18 11:26:22+00:00;"Plus d'internet, de box etc depuis 1 semaine car qqn de la résidence s'est ""amusé"" à sectionner des câbles, à démonter les branchements et le coffret ... je sias que c'est pas la faute directement de @free mais j'espère avoir un petit dédommagement quand même en espérant qu'1";Marie_Nette7810;Marie 🇪🇸;571653891;;Autre;2025;3;11;1
1,90E+18;2025-03-18 15:07:31+00:00;Comment je branche une box que vous ne m'avez pas envoyer @free @Freebox ? \n\nVous avez cru que vous étiez tellement fort que une commande le lundi pouvait donner lieu à un technicien qui intervient le mardi ?;TheGuit;Guillaume POITTEVIN;77965886;;Question technique;2025;3;15;1
1,90E+18;2025-03-19 10:36:53+00:00;@free Depuis 24h, plus de réseau mobile ni box Free. Impossible de bosser, zéro info sur la réparation. Déjà 15j de panne la dernière fois. Des solutions ou un vrai geste co ?;ALDEM78039551;AL DEM;1,52E+18;;Plainte service;2025;3;10;2
1,90E+18;2025-03-19 13:31:03+00:00;@Xavier75 @free au bout de 26 ans d'abonnement vous avez écrasé ma ligne et mon abonnement sans aucune demande de ma part vos méthodes sont inadmissibles \nVeuillez règler le problème... Ce n'est plus  free mais reef;Djaffarbkm;Djaffar BOUKAOUMA;1,77E+18;;Plainte service;2025;3;13;2
1,90E+18;2025-03-19 13:32:01+00:00;Problème étape 2 fibre freebox d'un coup, pouvez vous m'aider ? @Freebox @free;Coach_euphoria;Eupho 🇻🇳;1,26E+18;;Plainte service;2025;3;13;2
1,90E+18;2025-03-19 13:34:06+00:00;@Freebox vous me branché la fibre et je n’ai pas le matériel … je n’ai plus internet du coup on commence bien !;PAT223986916;PAT2;1,16E+18;;Question technique;2025;3;13;2
;;;;;;;;;;;
1,90E+18;2025-03-20 11:09:10+00:00;@free @freemobile @Freebox \nC’est normal qu’avec un ticket incident ouvert depuis novembre pour soucis mobile on me propose un partage de connexion à cause d’un incident Freebox. Femme handicapée ne pouvant pas travailler depuis 3 jours car en t�;mykheira2602;MAROUF;8,59E+17;;Question technique;2025;3;11;3
1,90E+18;2025-03-20 11:19:56+00:00;Le mec qui a inventé le Wi-Fi vous me le branchez celui-là;free;Free;252263949;;Autre;2025;3;11;3
;;;;;;;;;;;
;;;;;;;;;;;
1,90E+18;2025-03-20 15:01:15+00:00;@Freebox  Bo jour Free, \nbesoin d’aide résiliation Freebox svp \nImpossible d’y arriver sans le code secret \nMerci;Y4nn_P;Yann;7,80E+17;;Demande d'aide;2025;3;15;3
1,90E+18;2025-03-20 16:28:12+00:00;@free comment ça se passe pour un déménagement de ligne, faut s'appeler @Xavier75 pour être considéré ou 14 ans de fidélité c'est bon ?;DaddyKaspi;Daddy Kaspi;1,60E+18;;Question technique;2025;3;16;3
1,90E+18;2025-03-21 10:22:31+00:00;@free C’est quand qu’ont récupère internet la, j’suis dans l’60 et moi et mon voisin ont a plus internet depuis genre 20min;sapnu_puas_wow;J’ai fait un rêve.;1,52E+18;;Autre;2025;3;10;4
;;;;;;;;;;;
1,90E+18;2025-03-21 16:30:59+00:00;Ehh psst @Freebox c'est quand vous voulez que vous vous bougez le train ! 10 jrs que j'ai plus de fibre, votre backup à la noix qui capte que dalle, des techniciens dispo 2 jours par semaine alors que j'en bosse 6/7. Vous allez faire quelque chose pour rétablir ma ligne ou bien ?;inthedark_ness;Éclair à la Vanille;8,85E+17;;Question technique;2025;3;16;4
1,90E+18;2025-03-21 18:28:53+00:00;Je râle rarement sur les réseaux, ce n'est pas mon genre de faire ça. Cependant, là, c'est vraiment usant.\nJ'explique ça ⤵️;areubready;AreUBready - Streameur, réparateur et Maker 3D;1,13E+18;;Autre;2025;3;18;4
;;;;;;;;;;;
1,90E+18;2025-03-21 18:33:28+00:00;@free bonsoir, par pitié je n’ai plus d’Internet à la maison avec la Freebox pop fibre, erreur 3C, personne ne me répond au 3244, ni par chat. Ça dure depuis vendredi dernier, ça aurait du être résolu entre 8h et 18h \n\nIdentifiant free : 3379;Lasim71;Loic Lebegue;1,66E+18;;Question technique;2025;3;18;4
1,90E+18;2025-03-21 21:49:13+00:00;@free @Freebox sa fait 5 6 jour y a pas de réseau, il se passe quoi ?\n+;Titiagogg;Titiagog;1,30E+18;;Autre;2025;3;21;4
1,90E+18;2025-03-22 08:56:18+00:00;@Freebox je suis handicapée sans service depuis le 18/03 et sans service mobile.On me laisse livré à moi même en ayant perdu tout accès à mes services d’urgence par vidéosurveillance et m’empêche de travailler ce qui m’isole réellement. @Xa;mykheira2602;MAROUF;8,59E+17;;Autre;2025;3;8;5
1,90E+18;2025-03-22 09:01:22+00:00;QUAND TU VEUX TU REVIENT HEIN @free @Freebox https://t.co/94VZzxGgae;pessigards2;Z50000 / Regio2N fan account;1,72E+18;;Autre;2025;3;9;5
1,90E+18;2025-03-22 13:15:28+00:00;3 semaines bientôt que je n’ai pas internet @free\n3 semaines que tout le monde se balance la patate chaude et que je ne peux ni travailler, ni rien jouer ni rien faire. \nSi début de semaine prochaine ce n’est pas réglé, je passe chez orange.;RyanTmYt;Ryan™;1,28E+18;;Autre;2025;3;13;5
1,90E+18;2025-03-22 14:03:25+00:00;@Freebox 6 jours d'interruption de la connexion Free pour mes parents. Après appel au SAV par tel (compliqué pour des seniors de &gt;;;;;;;;;
;;;;;;;;;;;
1,90E+18;2025-03-23 15:53:11+00:00;Cc @free @Xavier75 10j d’interruption de service, aucun technicien disponible sur toute l’IDF, 0 explication, service client qui raccroche au nez, pas de hotspot wifi  en boutique et surtout aucune solution proposée : y’a moyen d’avoir un interlocuteur sérieux ou pas ?;titouness_;TOKYO 🇳🇨🇨🇩🇵🇸🇭🇹🇸🇩;2173477336;;Plainte service;2025;3;15;6
1,90E+18;2025-03-24 10:20:15+00:00;Bonjour @Freebox @free, aujourd'hui comme plusieurs jours maintenant ma box internet ne fait que couper sans aucune raison apparente. Et malgré plusieurs contact aucune réponse de votre part.;B_litZen;BłitZen❄️;4888523589;;Autre;2025;3;10;0
1,90E+18;2025-03-24 15:50:58+00:00;Commencez sérieusement à me gonfler @free ! 2 coupures en 3 semaines !!! Et impossible d'avoir quelqu'un au téléphone ! @Freebox.;Richard070189;Riri;8,90E+17;;Plainte service;2025;3;15;0
1,90E+18;2025-03-24 16:25:30+00:00;@free bonjour, je n’ai plus d’internet depuis 4 mois à cause d’une tempête qui a sectionné un câble dans ma rue à Chanteloup les vignes \nPouvez-vous envoyer une nacelle et faire bouger les choses \nD’autant plus que je paye pour rien \nMerci;Laetitiavltn;🌹;1286656280;;Autre;2025;3;16;0
;;;;;;;;;;;
;;;;;;;;;;;
1,90E+18;2025-03-25 10:38:34+00:00;@Freebox Bonjour j'essaye de vous contacter suite à un problème avec ma Box mais personne ne repond ! Merci;mickaelserfati;Mickael Serfati;2757120196;;Plainte service;2025;3;10;1
1,90E+18;2025-03-25 12:54:06+00:00;@Freebox merci de m’envoyer ma dernière facture ! On ne peux plus vous joindre ! @UFCquechoisir;CherichouMimi;Choupette🇵🇸;8,06E+17;;Autre;2025;3;12;1
1,90E+18;2025-03-25 16:20:08+00:00;@free JAI PAS DE CO DEPUIS 3 SEMAINES ALLOOOOO;hallunez;Lun;1,67E+18;;Autre;2025;3;16;1
1,90E+18;2025-03-26 09:03:43+00:00;Bon @free, on en est au 3eme jour de panne la. On fait comment ?\n\nPlus de téléphone, plus de tv, plus de wifi, rien ne fonctionne…\n\nVous allez régler le problème un jour ou faut contacter un autre opérateur ?\n\n@Freebox;ManuStarguest;Starguest 🎙️;1,30E+18;;Plainte service;2025;3;9;2
1,90E+18;2025-03-26 12:36:31+00:00;@free j’ai besoin d’être appeler svp car je n’arrive pas à avoir quelqu’un de votre service par téléphone merci :);Laura_Lakitow;🐦 Laura / Lakitow 🐺;2986194677;;Demande d'aide;2025;3;12;2
1,90E+18;2025-03-26 15:27:39+00:00;@Freebox venez en privé svp, avant que je change d’opérateur dans la soirée;TropDespi;Hakimi ballon d’Or;427682065;;Demande d'aide;2025;3;15;2
;;;;;;;;;;;
1,91E+18;2025-03-27 08:52:25+00:00;@Freebox ça fait près de 10 jours que internet (box) ne fonctionne pas et le reparateur que vous deviez mettre en place est toujours invisible,  impossible de vous contacter par ailleurs, vous trouvez ça normal?;NzingaBandida;Oya's baby;4880817556;;Plainte service;2025;3;8;3
1,91E+18;2025-03-27 11:34:12+00:00;@Freebox Hello ! \nUn technicien devait passer poser la fibre ce jour de 8h a 10h. \nIl est midi 30 et la seule nouvelle que j'ai eu c'est a 10h : j'ai un souci avec mon camion. Comment on fait ? j'ai pris un congés ......;Neo_Dessinator;Neo Dessinator;142338586;;Question technique;2025;3;11;3
1,91E+18;2025-03-27 12:08:31+00:00;Ça fait plus d’un mois pas de connexion internet ni TV et même pour avoir son numéro de prise fibre c’est un problème. Vous servez à quoi ?? @freemobile @Freebox @free @Xavier75;A_976_;A;1,27E+18;;Plainte service;2025;3;12;3
1,91E+18;2025-03-27 14:39:25+00:00;Chez Free @Freebox , la qualité du service est en question. Malgré un service de proximité, les problèmes de connexion récurrents ne sont pas résolus efficacement. Les techniciens agissent comme des shadocks. En 4 mois, 3 pannes identiques, &gt;;;;;;;;;
1,91E+18;2025-03-27 14:39:41+00:00;@Freebox J’ai enfin reçu ma box, un technicien est passé le 24 mars, mais toujours aucune connexion. Et maintenant je dois attendre encore 3 semaines pour une nouvelle intervention ? C’est abusé.;fantanasabio;sábio fantana;18654412;;Question technique;2025;3;14;3
;;;;;;;;;;;
1,91E+18;2025-03-27 16:16:47+00:00;Oui bonjour @Xavier75 @free @Freebox \n\nQue se passe t’il ? Merci. https://t.co/bAXhLUUmq3;Pasthaf;KC Pastha 🇫🇷;1,72E+18;;Autre;2025;3;16;3
1,91E+18;2025-03-28 13:09:28+00:00;1/2 [Refarming LTE 900] Nos équipes techniques procèdent actuellement à l'évolution de notre réseau mobile @free pour vous offrir des débits 4G plus rapides. La bande de fréquence 900 MHz (B8) bénéficie d'une restructuration complète de nos équipements et sera également disponible en 4G.;Free_1337;Free 1337;1,44E+18;;Question technique;2025;3;13;4
1,91E+18;2025-03-28 22:06:53+00:00;@Freebox bonsoir. Je n’en peux plus. Ma box s’arrête toutes les 10 min, et repart en mode initialisation. France télévision bug chaque jour et mon forfait tel est chaotique. Changement d’opérateur prévu mais c’ici là, des solutions sans pass;stephsenic;Stéphanie Senicourt;827721679;;Plainte service;2025;3;22;4
1,91E+18;2025-03-29 07:49:05+00:00;@free @Free_1337  hello Free!\nJ’ai toujours de gros problèmes de connexions avec les appareils domotique sur le répéteur wifi 7..😔\nObligé de le retirer et de remette l’ancien.;bebi27;Bebi27;1,61E+18;;Plainte service;2025;3;7;5
1,91E+18;2025-03-29 09:50:17+00:00;@free @Freebox @Xavier75 Vous comptez réparer ma ligne freebox depuis 4 mois sans internet ou vous allez continuer à encaisser mon argent sans rien faire ?!;kinaize;Kinaize;101316454;;Autre;2025;3;9;5
;;;;;;;;;;;
1,91E+18;2025-03-29 13:15:14+00:00;@free @Freebox \n\nPourquoi depuis hier 23h30 on a plus de connexion internet ??il y a un probleme en bretagne ?;_QueenSmolder;QueenSmolder - Vtuber 🏳️‍⚧️🦝🐉;1,42E+18;;Question technique;2025;3;13;5
1,91E+18;2025-03-29 15:48:19+00:00;@free  quel sont les chaînes inclus dans canal;maxgaybfc;PASSOT Maxime;273511935;;Autre;2025;3;15;5
1,91E+18;2025-03-29 19:19:11+00:00;@free ma #freebox ne fonctionne plus depuis le 13 mars et malgré les nombreuses relances du service client, le service n’est toujours pas rétabli et aucune solution n’est proposée. Trouvez vous ça normal #mercifree;EdVbcq;Edouard Verbecq;22911613;;Plainte service;2025;3;19;5
1,91E+18;2025-03-30 01:23:03+00:00;@free Je suis à l'étape 2 depuis cet après-midi, un ticket est ouvert. Quelle est la raison ?????;hicksail;Hicksail;1,48E+18;;Autre;2025;3;1;6
1,91E+18;2025-03-31 13:13:32+00:00;@Freebox etape 2 depuis 2 semaines.\nMon espace abonné qui n’est tjr pas activé depuis 2 mois donc je ne peux bénéficier d’aucun service alors que j’ai été raccordé à la fibre.\nJe ne peux meme pas accéder à l’espace de résiliation en l;FabHendriksen;Fab;1,47E+18;;Question technique;2025;3;13;0
1,91E+18;2025-03-31 15:17:47+00:00;@Freebox plus de connexion internet depuis ce matin à verneuil en Halatte(60)? Quand est prévu un retour à la normal?;marcodel60;Marco;1189582255;;Question technique;2025;3;15;0
1,91E+18;2025-03-31 15:43:20+00:00;@free 48h sans co en 4j. 2 RDV annulés après un retour temporaire (6-8h). Celui du 01/04 (14h-16h) aussi. On m’annonce qu’il n’y a pas de planning pour avril ?!\n+400€ de pertes pour mon entreprise.\nPas de prise en charge avant vendredi = courr;dev_lucky1;Many;7,95E+17;;Réclamation RDV;2025;3;15;0
1,91E+18;2025-04-01 08:32:18+00:00;Coupure de box internet qui a commencé il y a une semaine mais qui va durer jusqu’au 30 avril mais mdr @Freebox même pas de solution en attendant a part un boîtier qui tiens 2 jours, refus de geste commercial alors que je paye la ultra quand même et que j’ai 3 lignes rattachées;parnorae;noor;2914077465;;Plainte service;2025;4;8;1
1,91E+18;2025-04-01 09:05:03+00:00;@free vous pouvez me rétablir ma ligne. Ma ligne est coupé alors que les paiements ont bien effectué. Je peux pas vous appeler vue que vous m’avez coupé la ligne;VroniqueGomes1;Véronique Gomes;1,28E+18;;Autre;2025;4;9;1
1,91E+18;2025-04-01 13:37:57+00:00;Yop la commu !\nJe désespère avec @free !\nVoilà 6 mois que mes parents n’ont plus de connexion et bien évidemment les prélèvements sont toujours d’actus.\nLes gens de l’assistance (@Freebox ) me baratine depuis des mois en me demandant de patienter……\nUne solution à m’apporter ?;nishan_s;Kyoner213;75146967;;Question technique;2025;4;13;1
;;;;;;;;;;;
1,91E+18;2025-04-01 14:55:19+00:00;Non mais @free qui trouve un technicien en 3jours pour l'installation après l'abonnement mais n'est pas foutu de proposer un rdv avant plus d'un mois parce que le premier a fait n'importe quoi... @free ce n'est plus ce que c'était. @Xavier75;RizThai;𝓒𝔂𝓻𝓲𝓵;3002895303;;Question technique;2025;4;14;1
1,91E+18;2025-04-01 16:32:32+00:00;@free impossible de restituer mes équipements et pour joindre quelqu’un on me facture 0,34e la minute. UNE HONTE;brice_lsrd;LÉON;1940574644;;Autre;2025;4;16;1
1,91E+18;2025-04-01 16:35:31+00:00;@Freebox j’ai résilier mon contrat, je veux rendre mes équipements mais le bordereau que vous m’envoyez ne fonctionne pas. On fait comment? vous me faites payer pour avoir quelqu’un en plus;brice_lsrd;LÉON;1940574644;;Plainte service;2025;4;16;1
1,91E+18;2025-04-01 19:16:43+00:00;🔴ALERTE INFO\n\nÀ l'occasion de la venue du roi du Danemark, Xavier Niel et sa compagne Delphine Arnault étaient conviés. https://t.co/IRaZGY4IsX;jon_delorraine;Jon De Lorraine;1,47E+18;;Autre;2025;4;19;1
1,91E+18;2025-04-01 20:16:05+00:00;Je n'ai jamais été aussi déçu que récemment.\nC'est tout de même une folie qu'en 2025, le réseau ne fasse qu'empirer en terme de stabilité.\nJe remercie Free et ses tarifs honorables, vraiment, mais je n'arrive plus à prendre de plaisir sur le moindre jeu compétitif en ligne @free;LeFizah;Fizahh;1,37E+18;;Autre;2025;4;20;1
1,91E+18;2025-04-01 23:48:33+00:00;Ça yest @free je vais changer d’opérateur vous m’avez fané 2h de panne mobile+box je suis en télétravail ????? Frère ça y est;mlcmklee;Malcom X;1,69E+18;;Plainte service;2025;4;23;1
1,91E+18;2025-04-02 06:19:33+00:00;@freemobile Bonjour, panne de fibre en cours sur Manduel 30129? Je suis bloqué à l'étape 3...;Seb34110;Seb_34110;1,43E+18;;Plainte service;2025;4;6;2
1,91E+18;2025-04-03 08:36:30+00:00;@free bonjour FREE \nJe suis en litige avec vous depuis décembre. \nMalgré nos appels, nos courriers recommandés (sans réponse) et le fait que votre service atteste bien de la réception du matériel à rendre, on reçoit QUAND MÊME un courrier de re;fibisa1;isabelle;2639535618;;Autre;2025;4;8;3
1,91E+18;2025-04-03 13:28:05+00:00;@Freebox j'ai résilié mon abonnement en septembre, j'ai rendu mes équipements et vous essayez encore de me prélever depuis 7 mois à une adresse où je n'habite même plus depuis août \n\nJe vous ai appelé 5 fois et aucune avancée sur mon dossier \;Soinsuke;Le Piko;1,15E+18;;Autre;2025;4;13;3
1,91E+18;2025-04-03 15:41:58+00:00;free qui me lache pas la grappe alors que j'ai résilié ya 2mois et mtn j'apprend que ils vont me débité 190€ et j'arrive à avoir absolument personne par assistance @Freebox répondez moi par pitié;craienoir;tasha 𖤐;1,55E+18;;Question technique;2025;4;15;3
1,91E+18;2025-04-04 09:08:19+00:00;@free \nBonjpirvje ne recois plus mes mail sur s.binard@free.fr depuis hier. Pouvez vous faire le necessaire svp\nMerci;lensalade;pierre Lensalade;1,54E+18;;Demande d'aide;2025;4;9;4
1,91E+18;2025-04-04 14:55:07+00:00;@free  c'est possible d'avoir internet?;claimnm;Clément Foltran;1,68E+18;;Autre;2025;4;14;4
1,91E+18;2025-04-05 08:58:40+00:00;@free @Freebox c'est possible de parler à un conseiller par téléphone et ne plus être sans cesse reconduit par une boîte vocale ?;MRKN06;кевин ⚜︎🇫🇷;701933712;;Autre;2025;4;8;5
1,91E+18;2025-04-05 15:21:14+00:00;@Freebox salut les tech  je suis en panne depuis 72h 3244 contacter et je n ai aucuns retours :/ bloquer sur etape 2…\nJe suis en TT\nSecteur 77nord \nVous avez des news ?;Galaktikflag;Dante🏴‍☠️;1,88E+18;;Plainte service;2025;4;15;5
1,91E+18;2025-04-07 13:13:56+00:00;@free Comment je contacte votre service resiliation par telephone ? Je tombe que sur l'assistance avec le 3244.;Haabzeinberg;Abzeinberg;9,18E+17;;Question technique;2025;4;13;0
1,91E+18;2025-04-07 15:40:49+00:00;@free Rebonjour, je vais attendre le mot de passe par  courrier, mais ceci ne concerne QUE mon compte Free abonné je pense, pas  mon compte Free Zimbra mail que je viens juste de modifier suite à  votre SMS et qui ne fonctionne toujours pas... confirmez;Fifisave13;Philippe Save;1,48E+18;;Demande d'aide;2025;4;15;0
1,91E+18;2025-04-08 08:21:07+00:00;🗞️[COMMUNIQUE DE PRESSE]\n\n@Free lance aujourd’hui l’offre Freebox Pop S, une offre 100% Internet sans TV parmi les plus avancées du marché avec la Fibre et le Wi-Fi 7 inclus. Avec cette nouvelle offre qui conjugue puissance et simplicité pour 24,99€/mois, Free devient le 1er opérateur à inclure le Wi-Fi 7 sur une gamme d’offres Fixe aussi large 👇\n\nhttps://t.co/bptTfCt4O6;GroupeIliad;Groupe iliad;3157961111;;Question technique;2025;4;8;1
1,91E+18;2025-04-08 08:34:58+00:00;Bonjour @free. Celà fait plus de 2 semaines que j'ai fait une demande pour une box fibre et que je suis bloquée à l'étape 1. Et quand je vais en boutique et qu'ils me prennent un rdv avec le service client, personne ne me rappelle (3 fois que j'y vais). Une solution svp ?;priveeru;Priveeru / Kureeru PA;1,37E+18;;Plainte service;2025;4;8;1
1,91E+18;2025-04-08 09:41:09+00:00;"@Freebox un soit disant sous-traitant de chez vous, installateur de fibre ""nouvelle génération"" sur La Rochelle est venu chez moi, afin de me dire que vous récupériez la fibre dans mon quartier, et que nous pouvions passer chez vous sans frais, est-ce";Grendel2956;Grendel56;1,60E+18;;Question technique;2025;4;9;1
1,91E+18;2025-04-08 15:24:56+00:00;Aidez-la (tsais le CM qui a rien compris);free;Free;252263949;;Autre;2025;4;15;1
;;;;;;;;;;;
1,91E+18;2025-04-08 18:27:21+00:00;@UniversFreebox\n\n@Free_1337\n\n@free\n@freebox\n\n Coupure d'internet(fibre) à l'allée des muriers, 84370 Bédarrides.;yggdrasoli;Alix J;105561437;;Plainte service;2025;4;18;1
;;;;;;;;;;;
1,91E+18;2025-04-08 20:54:34+00:00;@Free_1337 / @free \n\nVous confirmez qu'avec l'offre Freebox Pop S et une ligne mobile associée à ce même compte rend l'accès impossible à Oqee TV via ses identifiants mobiles ?\n\nOu bien, l'accès à Oqee TV reste toujours possible via Free Mobile;zojo_officiel;Zojo;9,45E+17;;Autre;2025;4;20;1
1,91E+18;2025-04-08 21:28:08+00:00;Attendez donc là je résilie mon abonnement Free car je ne vais pas être chez moi les 5 prochains mois et il me facture le moi d’avril alors que j’ai ma demande en mars et que je vais payer 59€ de frais de résiliation ???? @free @Xavier75 je suis étudiant de base pas millionnaire;nonosthecrak;NONOSTHECRACK;1,26E+18;;Autre;2025;4;21;1
1,91E+18;2025-04-09 08:09:11+00:00;1 mois que j’ai souscrit chez @free mais j’ai toujours pas de fibre après 3 interventions c’est tellement pas professionnel aucun rappel aucun retour on laisse les gens comme ça sans nouvelle c’est abusé;eyesfullatearu;✨;1,41E+18;;Question technique;2025;4;8;2
1,91E+18;2025-04-09 08:49:19+00:00;@free bonjour je suis abonné Freebox révolution. Free a sorti une nouvelle offre pop S. Je n'y ai pas droit  via mon espace client. Est il possible de me l'a proposer a titre dérogatoire? Pour info je suis client depuis 8 ans. Merci;bilalm73;bilal;588538659;;Info/Annonce;2025;4;8;2
;;;;;;;;;;;
1,91E+18;2025-04-09 15:21:33+00:00;La dinguerie c’est aussi le prix des forfaits à l’époque.;free;Free;252263949;;Autre;2025;4;15;2
1,91E+18;2025-04-09 16:40:33+00:00;On renvoie à quelle adresse la box ? @Freebox;ChenXBT;MACH5;1,44E+18;;Autre;2025;4;16;2
1,91E+18;2025-04-10 10:53:46+00:00;"""Xavier Noël"" https://t.co/bDb0KpfPTQ";free;Free;252263949;;Autre;2025;4;10;3
;;;;;;;;;;;
1,91E+18;2025-04-11 06:58:20+00:00;3 jours que je capte rien en centre ville du Havre, sérieux @free c'est quoi ça;RNavy_;𝒥𝓊𝓈𝓉𝒾𝓃𝑒;842155105;;Autre;2025;4;6;4
1,91E+18;2025-04-11 11:02:52+00:00;@Freebox @free Bonjour, comment ça se passe quand le technicien censé raccorder la ligne internet ne vient pas ?;adriends;Аd 🤙;252564123;;Question technique;2025;4;11;4
1,91E+18;2025-04-11 11:22:18+00:00;La co de la magicienne https://t.co/EMMkgRC3ac;free;Free;252263949;;Autre;2025;4;11;4
1,91E+18;2025-04-11 12:10:35+00:00;@Freebox Eh sinon on peut avoir un conseiller au telephone ou c'est limité à la voix robotisée ? Franchement ça dégoûte un tel service.. 72h que j'ai max box et aucune nouvelle de l'activation c'est abusé sans déconner...;sourire4k;The Keeper.;7,67E+17;;Info/Annonce;2025;4;12;4
;;;;;;;;;;;
1,91E+18;2025-04-11 13:03:41+00:00;@Xavier75 je viens d’emménager dans un immeuble neuf, je voudrais installer la fibre @free avec la nouvelle offre #FreeboxPopS mais le site free indique que c’est pas disponible, alors que chez orange et sfr c’est disponible. Comment faire ?;mnugrr;Manu Le Malin;487050257;;Question technique;2025;4;13;4
1,91E+18;2025-04-11 15:04:23+00:00;@free c’est quand que vous revenez réparer la fibre chez moi, je peux plus jouer à @RocketLeague depuis cinq jours ça me gratte les veines;maximegiovanne1;Juste Max;7,34E+17;;Question technique;2025;4;15;4
1,91E+18;2025-04-11 18:45:20+00:00;@free venez dm jai 2-3 trucs a vous dire c urgent;senkutoujours;🇦🇲‼️;1,15E+18;;Autre;2025;4;18;4
1,91E+18;2025-04-12 16:14:30+00:00;@free Bonjour cela fait plus d’un mois que j’essaie de renvoyer votre matériel en relais colis. J’ai appelé 4 fois le service client et toujours pas de solution sauf payer un recommandé à la Poste. Je pense que reef aurait réussi à me génére;DadiFairman;Madani Farid;727011745;;Plainte service;2025;4;16;5
1,91E+18;2025-04-12 16:52:08+00:00;@Freebox pitié ça fait 3 semaines j’ai pas de wifi;actKurza;k;1,45E+18;;Question technique;2025;4;16;5
1,91E+18;2025-04-13 09:21:20+00:00;@Freebox 3 semaines que toutes les 10 min ma freebox redémarre et bloque a l’étape 3 ! \nToujours aucun changement malgré mes appels ! Insupportable 😓 \nBon bah je vais me faire un plaisir de changer d’opérateur !;lonelylittleT;😜;1,02E+18;;Autre;2025;4;9;6
;;;;;;;;;;;
1,91E+18;2025-04-14 14:29:57+00:00;@free  on peut discuter de vos offres ?;DugruC;Don C.;1,16E+18;;Autre;2025;4;14;0
1,91E+18;2025-04-16 06:37:06+00:00;Bonjour @free y a t’il un problème avec les box.;jlb_71;Jlb;7,29E+17;;Plainte service;2025;4;6;2
1,91E+18;2025-04-16 11:46:27+00:00;Bonjour @Freebox @freemobile @free @Xavier75 Je n’ai plus la fibre depuis 3 mois, peut être la réparé le 25/04, le problème aujourd’hui c’est que le seul point d’accès à internet que j’avais était la 4G/5G, sauf que ce matin l’antenne à côté de chez moi est tombé en panne.;AlexisRbru;A.;2782420979;;Plainte service;2025;4;11;2
1,91E+18;2025-04-16 22:53:24+00:00;Ma freebox et ma ligne portable free sont HS.\n@free y’a un problème ?;hajiyn95;Hhejen;1,76E+18;;Plainte service;2025;4;22;2
1,91E+18;2025-04-16 22:54:25+00:00;@free @freemobile @Freebox \nDepuis lundi j’ai pas internet sur ma box, merci de faire le nécessaire JE TRAVAILLE;Reusinho92;big;8,05E+17;;Autre;2025;4;22;2
1,91E+18;2025-04-16 23:52:32+00:00;Je crois c’est la guerre là carrément toute ma co (5g,wifi) s’est arrêtée d’un coup @free faite quelque chose svp 😅;Amar_Escobar76;Amar.escobar🇩🇿;9,86E+17;;Demande d'aide;2025;4;23;2
1,91E+18;2025-04-17 00:04:24+00:00;C’est normal j’ai plus eu de wifi ni de réseau mobile ni de reseau tout court pendant 6 mn la ????? @free;Medhileckmasta;idem 🐻🔥;438472995;;Question technique;2025;4;0;3
1,91E+18;2025-04-17 07:36:11+00:00;@free pourquoi est-ce que je n'ai plus aucun réseau depuis hier 18h??? Je paye 30€ par mois, c'est une blague?;Alexandrevrd;Alexandre;1,32E+18;;Question technique;2025;4;7;3
1,91E+18;2025-04-17 11:27:32+00:00;@free \nAvant l'arrivée des techniciens free &gt;;;;;;;;;
1,91E+18;2025-04-20 15:13:16+00:00;@free @Freebox cela fait plus de 4 jours que je n’ai plus internet, aucune reponse de l’assistance impossible de joindre un conseiller. Comment faire ?;jodellavega;Jo Della Vega;71546296;;Question technique;2025;4;15;6
1,92E+18;2025-04-23 17:36:26+00:00;@Freebox @free Des infos ? Votre fibre est totalement down https://t.co/ip5szLpDtp;RocwoDeRetour;Rocwo 👽;1,69E+18;;Question technique;2025;4;17;2
1,92E+18;2025-04-23 17:44:44+00:00;#zimbra #free @free un soucis de messagerie ?;PascalSenicourt;Pascal Senicourt;130888624;;Autre;2025;4;17;2
1,92E+18;2025-04-26 10:20:54+00:00;@free @Freebox Bonjour c'est normal que je viens de payer mon abonnement Netflix à l'instant en plus de mon offre #Netflix incluse dans mon abonnement BOX #Free ?\nQuand je vais sur votre site pour vérifier, il y a une erreur : https://t.co/oRtSGMqGAs;MaximeCulea;Maxime Culea Ⓦ;2407676867;;Autre;2025;4;10;5
1,92E+18;2025-04-26 18:35:58+00:00;Chère équipe @free @Freebox c est possible de passer en DM suite à email indiquant que je n ai pas restitué le matériel suite à résiliation alors même que j ai le dépôt de preuve de l envoi.\nMerci d avance;Yann867592;Xxxxx;1,33E+18;;Autre;2025;4;18;5
1,92E+18;2025-04-26 19:40:36+00:00;@Freebox Bonsoir free, un problème dans le sud ouest ce soir? Ni fibre ni 5g sur ascain/hendaye ce soir;Sjk242;Sjk24;1,09E+18;;Plainte service;2025;4;19;5
1,92E+18;2025-04-27 14:50:53+00:00;Bravo @free je suis déçu après tant d’années chez vous. Votre technicien « Premium » soi-disant me demande d’acheter un cpl pour avoir une connexion tv fiable alors que j’ai la fibre. J’ai pris la nouvelle box et je regrette déjà. Je vais partir chez un concurrent malheureusement;HabbadiItab;itab;474330171;;Question technique;2025;4;14;6
1,92E+18;2025-04-28 07:11:49+00:00;Euuuuuh @free @Xavier75 pourquoi j’ai plus du tout internet depuis hier soir?;ThomasTriger;Bzz Bzz 🐝;1,04E+18;;Question technique;2025;4;7;0
1,92E+18;2025-04-28 08:43:16+00:00;⸻\n\nBonjour @Freebox\nClient Free, ma prise fibre (PTO) n’est toujours pas raccordée malgré mes relances.\nJ’aimerais éviter de changer d’opérateur.\nMerci de m’apporter une solution rapide. #Freebox #Fibre;Ax0sPie;Axel Pierens;1,86E+18;;Question technique;2025;4;8;0
1,92E+18;2025-04-28 18:45:13+00:00;:\n\n@Free_1337 @Freebox Bonjour, j’ai souscrit à une Freebox par démarchage à domicile. On ne m’a pas précisé que Netflix et Disney+ sont avec publicité. Je souhaite exercer mon droit de rétractation immédiatement. Merci de m’indiquer la procédure urgente.;JulienReview;Flamøs;1,16E+18;;Autre;2025;4;18;0
1,92E+18;2025-04-29 08:59:23+00:00;@free on a un problème de box tv depuis hier soir. Les redémarrages/débranchages ne changent rien.\nService mobile et fibre sont ok. Vous pouvez m'aider ?;rastakarai;El Fab Rastakarai;1,61E+18;;Plainte service;2025;4;8;1
1,92E+18;2025-04-29 13:47:01+00:00;.@Freebox c est un enfer : impossible de vous joindre sur le nvel ID fbx et sur l ancien : on vous a transferé, on ne vous repond pas.\nLe code a 4 chiffres est refusé. Que fait-on à part tourner en rond ?;SoJanuel;SoJanuel;955966735;;Autre;2025;4;13;1
1,92E+18;2025-04-29 15:57:59+00:00;Bon @free cela fait 1 moi que je suis dans mon appartement et que j’attend un rendez-vous pour ma fibre , soit disant pas de place j’aimerai que vous vous dépêcher là;Klipxsoo;Klipxsoo❗️;9,45E+17;;Question technique;2025;4;15;1
1,92E+18;2025-04-30 10:40:58+00:00;@free @Freebox Bonjour Free, mail bloqué car compromis et impossible de la debloquer si je ne suis pas pres de ma Freebox. Or je suis actuellement à l’etranger et dans l’impossibilité de me connecter a ma box et besoin d’utiliser mon mail d’urg;sooooo_tan;So Tan;3024448415;;Autre;2025;4;10;2
1,92E+18;2025-04-30 18:20:33+00:00;Est ce que je suis le seul à ne pas avoir de Wifi avec FREE chez moi @free ??;HamkosRcm;✨EL MAROKINO✨;1541030216;;Question technique;2025;4;18;2
1,92E+18;2025-04-30 21:17:02+00:00;@Freebox  bonjour pourquoi j'ai un rdv le 9 mai alors que ma box marche en dilettante depuis une semaine pour moins d'un mois d'utilisation. Bon là c'est HS complet. Je fais comment moi ?!  Télétravail, divertissement le soir pour me remettre du télé;maxitoy;Martian;47241431;;Plainte service;2025;4;21;2
1,92E+18;2025-05-01 09:07:43+00:00;J’ai pas la wifi depuis hier !!! @Freebox;BonnieNamiko;K 💃🏾💋;3379307819;;Question technique;2025;5;9;3
1,92E+18;2025-05-01 10:39:06+00:00;@free @Freebox je suis bloqué à l’étape 2 depuis ce matin. Évidemment faut que ça arrive le 1er mai. Malgré ce message explicite, personne pour prendre en charge le problème. \nQuelqu’un aurait une solution peut-être ? https://t.co/ZyEN3oMM25;renpazinzin;henri henri;1,76E+18;;Plainte service;2025;5;10;3
;;;;;;;;;;;
;;;;;;;;;;;
1,92E+18;2025-05-02 09:32:18+00:00;@free bjr  j’ai pas de connexion depuis une heure il se passe quoi ?;shayaajin;S;1,36E+18;;Plainte service;2025;5;9;4
1,92E+18;2025-05-02 20:37:14+00:00;@free bsr je voudrais un renseignement s il vous plait;MeauxKevin77;Kevin77MEAUX;1,39E+18;;Autre;2025;5;20;4
1,92E+18;2025-05-03 10:29:30+00:00;@Freebox Bonjour,  J’ai un souci avec ma Freebox Ultra. J’ai installé un disque dur SSD M.2 neuf dans la box et l’ai formaté,j'arrive pas a avoir accès a mes film j'ai contacter le 3244  incapable de nous aider,  nous laisse seul au tél obligé ;BikettedeCombat;Alucard alu;1,86E+18;;Autre;2025;5;10;5
1,92E+18;2025-05-03 21:14:15+00:00;@free @Xavier75 bonjour à tous, je suis en Bolivie et j’ai eu un hors forfait de 60€ alors qu’il me restait du forfait, on peut y remédier svp ?;adriendeg1;Pinou;1004636300;;Demande d'aide;2025;5;21;5
;;;;;;;;;;;
1,92E+18;2025-05-04 07:56:18+00:00;"@free ça ressemble à une mauvaise blague.\nPourtant le message semble authentique.\nEt vous laissez faire un ""écrasement de ligne"" ?\nPourtant je n'ai rien demandé et vous dites vous-même que je dois résilier si je le souhaite. https://t.co/yPt1ovwr";PFreminville;Le Client;9,33E+17;;Autre;2025;5;7;6
1,92E+18;2025-05-04 15:12:05+00:00;Bon @free a un moment donné jsp, mais c'dépanner vos abonnés, 1 semaine que le ticket est ouvert, 3 appels de notre part et on trouve toujours pas le planning du technicien (c'est exactement ce qu'on nous répond quand même), je vais avoir le droit au service que je buy ouuu;m8gal;M8 Ga'L;2399737492;;Plainte service;2025;5;15;6
1,92E+18;2025-05-04 16:16:36+00:00;Bonjour @free @Freebox j’ai souscrit à votre offre Freebox le 18/03 et un technicien s’est déplacé pour l’installation de la fibre sans parvenir à faire le raccordement. Depuis 2 rdv annulés la veille… dernier contact on me propose le 06/06. Difficile d’être client chez vous…;vjamartins;VITOR100C;438211512;;Question technique;2025;5;16;6
1,92E+18;2025-05-05 06:30:08+00:00;Rupture de service internet fibre depuis 4 jours avec @free.\nÇa fait 3 fois en deux ans sur des périodes longues comme ça. Télétravail qui recommence ce matin je fais quoi ? \nOn va vite changer d’opérateur ça devient ridicule ce niveau de service client. @Freebox @Xavier75;pl_dric;C-dric;1,18E+18;;Plainte service;2025;5;6;0
1,92E+18;2025-05-05 08:13:14+00:00;On vous les rembourse si vous passez chez Free;Xavier75;Xavier Niel;17744075;;Autre;2025;5;8;0
1,92E+18;2025-05-05 10:17:27+00:00;Le devoir nous oblige : Free prend en charge jusqu’à 10€ de vos frais de résiliation mobile.;free;Free;252263949;;Autre;2025;5;10;0
1,92E+18;2025-05-05 10:38:09+00:00;@free Bonjour, ça fait 2 mois que je n'ai plus internet car SFR, étant l'opérateur d'infrastructure, ne fait rien. Ils ont donné une date de rétablissement prévisionnel au 31 mars qui a été largement dépassée. Merci de trouver une solution et ra;Shinzo971;$$hinzo;2374292538;;Autre;2025;5;10;0
;;;;;;;;;;;
;;;;;;;;;;;
1,92E+18;2025-05-05 10:53:21+00:00;S'il vous plaît @free @Xavier75 , pouvez vous m'installer la fibre, je suis le seul dans mon quartier a ne pas l'avoir;_Mittico;Simon 'BEAST' Eliot;1,79E+18;;Demande d'aide;2025;5;10;0
1,92E+18;2025-05-05 12:46:05+00:00;"@Xavier75 \n@free @Freebox \nIl a pas tout compris:\n1 mois après l'installat°, toujours pas accès réseau fibre, malgré:\n- ➕️  de 50 cps de tél\n- ➕️ de 5h au ☎️ \nTjrs la même réponse: "" je vous comprends Mr"" et pas d'info\nEn tt cas";GaelLeBohec;Gael Le Bohec;8,64E+17;;Question technique;2025;5;12;0
1,92E+18;2025-05-05 13:02:34+00:00;"A l’époque sur le freebox @Freebox @free Revolution y avait une partie ""Replay"" et on avait tout ce qu'il y avait eu a la tele sur les 2-3 derniers jours. Y a plus ca sur la Freebox Pop ?\nJe veux voir Wakanda qu'il y avait hier soir sur @TF1";Crypt0_Lucky;Lucky_Crypto;8,20E+17;;Autre;2025;5;13;0
1,92E+18;2025-05-05 16:25:56+00:00;Comment ça je me réveille et je vois que @free  à annuler mon rdv installation fibre du 19 mai pour me proposer un rdv le 9 juin alors que la fibre devais être installer le 1er avril . @Xavier75 on fait quoi ? parceque @Orange_France  me l'installe le 12 mai si je soucrit now !;QuicK_i_m;QuicKim;1,20E+18;;Question technique;2025;5;16;0
1,92E+18;2025-05-05 17:13:16+00:00;écrasement de ma ligne internet par @free @Freebox @UniversFreebox sans prévenir aujourd'hui !! Impossible de les joindre et on tombe que sur l'ia qui comprend rien et qui ne vous aide pas !;FlorianFinder;Looping Finder;101475926;;Autre;2025;5;17;0
1,92E+18;2025-05-05 17:32:55+00:00;Par contre : je viens de résilier mon offre Freebox\navec le motif de l’article L224-33 du Code de la consommation : tout consommateur peut « résilier le contrat sans aucun frais et sans droit à dédommagement.\nEt je dois payer les frais de Résiliation ! \n@free @Freebox https://t.co/EXnHetZnq8;MaxdeTech;Maxime;266148920;;Autre;2025;5;17;0
;;;;;;;;;;;
1,92E+18;2025-05-05 21:43:27+00:00;@free @Xavier75 est-ce que c’est normal qu’après 1 mois et demi je n’ai pas d’accès à internet ni même de rdv pour raccorder une simple fibre ? @Freebox https://t.co/inLTw8Os2J;minuitpile2;Minuit Pile ⵣ;1,28E+18;;Question technique;2025;5;21;0
1,92E+18;2025-05-06 09:14:17+00:00;Pas de réseau depuis 2j, 0 réponse de l'assistance @Freebox mais on est content parce que Xavier a racheté un club de foot... https://t.co/uPvpfV8L9L;faculty07;Philippe Rodier;435529987;;Autre;2025;5;9;1
1,92E+18;2025-05-06 10:01:55+00:00;@Freebox ma connexion a été coupée depuis une semaine, depuis zéro nouvelle. Aucune information partagée pour savoir quel est le problème, ni aucune date de rétablissement de ligne, c’est normal ça ????;Bobodughetto;Service public hate account;2966393331;;Plainte service;2025;5;10;1
1,92E+18;2025-05-06 16:08:07+00:00;Imagine : tu croises ton joueur préféré… tu lui dis quoi ?\n\nRéponds à ce tweet avec LA phrase que tu lui sortirais, et tente de gagner un shooting photo à Paris avec les joueurs du @PSG_inside 🔴🔵\n🔐 Réservé aux abonnés Free\n📍 Dispo le jeudi 15 mai à Paris ?\n😎 À l’aise devant l’objectif ?\nAlors go ! N’oublie de follow @free pour valider ta participation.\n\nTirage au sort le vendredi 9  mai, 2 gagnants.;free;Free;252263949;;Autre;2025;5;16;1
1,92E+18;2025-05-06 17:55:50+00:00;@Freebox freeeeeeee oh freeeeeee\nPouvez-vous me dire où en est la raccordement de la fibre chez moiiiii 😭😭😭😭;abbas_brahim;Bab;766413511;;Question technique;2025;5;17;1
1,92E+18;2025-05-07 17:54:56+00:00;Hello\n@free va maintenant trop vite pour raccorder ses abonnés #fibre\nSouscription Dimanche 04 et aujourd’hui le 07 avec leur service « pas de déplacement de tech » #raccordement fait ✅ \nSauf que la #Freebox n’est pas encore arrivé !\nElle sera livrée le 10/05, +3j sans internet https://t.co/Qb99D9GrQr;OfficielDjFloop;Deejay Floop;627314937;;Question technique;2025;5;17;2
1,92E+18;2025-05-07 19:02:05+00:00;Bon @free malgré plusieurs relances, aucune réponse. Pour résumer j'ai pris un abonnement il y a 2 ans qui après moultes difficultés techniques a été activé il y a 2 mois, en attendant j'ai payé l'abonnement depuis le début, que faire ?;fastier_antony;Antony Fastier #nofakenews;9,63E+17;;Autre;2025;5;19;2
1,92E+18;2025-05-08 09:31:07+00:00;@free 2 jours que ma freebox est bloqué à l'étape 2, même pas une réponse de la part du service d'assistance technique.;Nyar_MX;Gtmangas Yt;1,78E+18;;Autre;2025;5;9;3
1,92E+18;2025-05-08 11:36:22+00:00;@Freebox bonjour, depuis hier je n’ai plus accès aux chaînes tv. Je peux utiliser netflix etc mais quand je veux mettre la tv et que je clique sur une chaîne l’écran reste noir et rien ne se passe. Comment ça se fait ?;Aliplmr;Ali 🧬;176041553;;Question technique;2025;5;11;3
1,92E+18;2025-05-08 13:22:52+00:00;Bon @free et @Freebox !\n\nJ’ai plus internet depuis 3 jours… aucune solution donné de votre part.\nUn technicien est passé hier en début d’après midi et il me dit qu’il allait faire une demande car il pouvait rien y faire + après je reçois une notification demande rdv annulé 1/2;TwitekOffi;Twitek®;2349466174;;Réclamation RDV;2025;5;13;3
1,92E+18;2025-05-08 17:00:31+00:00;Bonjour @Freebox sur la freebox pop player de mon père, la box se met automatiquement en 576p comment ça se fait ?;dooonooovaaan;Dono (love era);1,32E+18;;Question technique;2025;5;17;3
;;;;;;;;;;;
1,92E+18;2025-05-09 08:26:53+00:00;Service déplorable de @free. Je pars au Canada et je dois résilier mon abonnement Freebox Pop.\nAucun support par téléphone malgré des dizaines d’appels depuis hier. Aucun retour du service client malgré plusieurs messages.\nIdentifiant : fbx35105418\nLigne : 09 53 19 05 34\nLa boutique Free refuse le matériel : “vous recevrez un mail”. Je serai déjà au Canada !\nJe ne sais plus quoi faire. Aucune aide. Aucun suivi.\n#Freebox #ServiceClient #Resiliation #Telecom #FranceTelecom\n@Xavier75 @Orange_France @SFR @bouyguestelecom @REDbySFR @Sosh_fr\n@60millions @UFCquechoisir @franceinfo @lemondefr @le_Parisien @bfmtv @Mediapart\n#HelpFree #FreeMobileFail #CustomerServiceFail #SupportClient #StopFreeAbuse;IndiaNewsNetwk;India News Network;1,20E+18;;Plainte service;2025;5;8;4
;;;;;;;;;;;
1,92E+18;2025-05-12 06:56:42+00:00;@Freebox 10J que j'ai validé ma demande de déménagement et je n'ai toujours pas eu d'appel de vos services, malgré ça je paye un abonné...;Earthcruser;Crush;718758397;;Autre;2025;5;6;0
1,92E+18;2025-05-13 08:41:16+00:00;Je suis passé chez FREE. \nDu coup j'ai plus de  téléphone, plus d'internet...\nMerci @free !!!\n\n@freemobile @Freebox https://t.co/tvX5Pdm8nU;maat_02;Ⲙⲇⲇ̂ⲧ 𓉢;1,34E+18;;Autre;2025;5;8;1
1,92E+18;2025-05-13 11:42:17+00:00;J'ai une offre Internet qui ne me correspond pas et maintenant que @free propose une offre parfaite pour moi je n'ai pas accès car elle est moins chère. C'est normal @Freebox et @Xavier75? Je vais devoir passer à la concurrence alors que je voulais rester chez vous ...;aparisianbitch;Bitch in the ¢ity;1,22E+18;;Autre;2025;5;11;1
1,92E+18;2025-05-13 18:48:54+00:00;Bon ma @Freebox est bloquée sur l'étape 2 depuis que je suis rentrée du travail j'ai eu beau débrancher et rebrancher ça fait plusieurs heures que c'est bloqué à l'étape 2. J'en peux plus...;Sarafu89;Sarah;374671610;;Autre;2025;5;18;1
1,92E+18;2025-05-14 03:10:26+00:00;@free 4 heure que je regarde mon mur pcq j’ai rien a faaire putain c’est pas possible arrêter de bug un jour pitié;newjeannssss;‘;1,89E+18;;Plainte service;2025;5;3;2
1,92E+18;2025-05-14 08:08:34+00:00;@Freebox bonjour. Nous avons des problèmes avec notre box. Reste bloqué sur Étape 2 depuis hier. Que faire ? Merci;nainportkoi;Maxn2j;7,57E+17;;Plainte service;2025;5;8;2
;;;;;;;;;;;
1,92E+18;2025-05-14 10:45:35+00:00;@free @Freebox nouveau client depuis vendredi, le conseiller  se trompe de mail met .com à la place de .fr et depuis grosse galère on tourne en rond,  impossible de prendre un rdv avec le technicien pour l installation de la fibre , depuis lundi j atten;sergionimo37;sergionimo;2850597641;;Question technique;2025;5;10;2
1,92E+18;2025-05-14 13:23:04+00:00;@FreePro @free @Xavier75 Est-ce normal que des tickets soient ouverts depuis trois semaines car nous n’avons pas de connexion, qu’aucune intervention n’ait encore eu lieu, et que la sauvegarde ne fonctionne toujours pas malgré les procédures deman;julienthemonkey;Julien Allexandre;1,12E+18;;Plainte service;2025;5;13;2
1,92E+18;2025-05-14 15:43:02+00:00;@Freebox Bjr Free m'a demandé ce matin de les contacter d'urgence car il y a une demande d'écrasement de ma ligne par un autre opérateur. J'essaye vainement de joindre les services concernés, j'ai laissé plusieurs messages, mais impossible de parler ;yelen;Brigitte N-D Yelen;81846298;;Autre;2025;5;15;2
1,92E+18;2025-05-14 15:56:03+00:00;@free @freemobile il se passe quoi dans le Nord-Est on n’a plus de réseau ???;shinjuku174;ShEeba ⛩🉐;291246303;;Autre;2025;5;15;2
1,92E+18;2025-05-14 19:09:23+00:00;10 jours qu'il n'y a plus de connexion internet dans mon quartier. 10 jours que s'est signalé et que personne ne fait rien. Les techniciens SFR m'ont dit que ça venait d'Orange. @Orange_France vous comptez faire quelque chose un jour ?;DarkAntoSW;M8 Anto38;1,51E+18;;Question technique;2025;5;19;2
1,92E+18;2025-05-15 05:47:50+00:00;@free @Freebox s’il vous plaît sa fait 3 semaine sans connexion je joue en partage de connexion aider moi https://t.co/7GlLeQWcwW;kilyoss12;k;1,56E+18;;Question technique;2025;5;5;3
;;;;;;;;;;;
;;;;;;;;;;;
1,92E+18;2025-05-15 10:17:42+00:00;@free @Freebox @Xavier75 donc je ne demande rien, tout fonctionne et je reçois cela. Je n’ai jamais demandé d’écrasement de ligne. Je me manifeste dix minutes après avoir reçu ce mail. Seule réponse apportée par le service client : c’est pas ;DJ_one_p;DJ ONE-P;470520150;;Plainte service;2025;5;10;3
;;;;;;;;;;;
1,92E+18;2025-05-15 12:13:02+00:00;@free qui ignore ma résiliation et me facture alors que je n'ai ni box ni ligne on est où ?\nJe peux même pas joindre quelqu'un pr faire résilier ma ligne parce qu'au téléphone la seule option dispo est de payer alors que je dois rien, puisque j'ava;Sweubi;Sweubi;2905418602;;Autre;2025;5;12;3
1,92E+18;2025-05-15 13:19:49+00:00;@free c’est la TROISIÈME FOIS qu’on nous annule le rdv pour la fibre la veille pour le lendemain alors que je pose un congé exprès. DEUX MOIS ET DEMI qu’on attend d’avoir la wifi. Si vous voulez pas de clients faut le dire direct en fait au lie;NeverTakeIt_;Cass ✨;2888281583;;Question technique;2025;5;13;3
1,92E+18;2025-05-15 15:55:19+00:00;@free @Xavier75 @Freebox \nBonjour je n'ai pas d'accès Internet depuis le 29 avril personne n'est capable de me trouver une solution ou de me donner une clé 4G comment peut-on faire s'il vous plaît ?;Hinakiki77;Kiki;1,55E+18;;Demande d'aide;2025;5;15;3
;;;;;;;;;;;
1,92E+18;2025-05-15 21:31:05+00:00;@Freebox un problème est survenu dans les chaînes TV je regarde arryadia (maroc) sur la chaîne 558  je ne la trouve plus et la chaîne 432 nom arryadia c'est une chaîne de diffusion africaine REFLET TV avec logo de la chaîne marocaine ?Ou on va avec ;amani2009;farida;52767058;;Plainte service;2025;5;21;3
1,92E+18;2025-05-16 09:55:04+00:00;@Freebox bonjour pouvez vous me répondre ?;syzygievariable;zengear;1,49E+18;;Autre;2025;5;9;4
1,92E+18;2025-05-16 12:04:14+00:00;@free remboursez mon argent ça fait un mois votre box ne fonctionne pas;loicolit;✞ 🇨🇲;4624933875;;Plainte service;2025;5;12;4
1,92E+18;2025-05-16 12:18:41+00:00;@free y a un bug dans votre appli pour ajouter un technicien qui vient réparer la fibre? Il n'y a aucun créneau de dispo 😲\nD'habitude, quand @SFR me débranche, vous passez le lendemain;Bisou93;Sebastien Delmas;8,01E+17;;Plainte service;2025;5;12;4
1,92E+18;2025-05-16 19:11:24+00:00;@free 50€ par mois, tu pars le matin ça marche tu reviens chez toi le soir, avec personne chez toi toute la journée, plus rien ne  fonctionne;TheFLTawa;TheFLTawa;2587590181;;Autre;2025;5;19;4
1,92E+18;2025-05-16 20:38:58+00:00;@free @Freebox bientôt 2 semaines sans wifi ! Des messages avec le support qui me dise de patienter mais 2 semaines sans wifi je patiente plus enfaite. Tous mes abonnements du mois qui mon servi à rien pendant deux semaines vous comptez faire quelque ch;lvignaud3;Laurie 》》》》》;1439244452;;Question technique;2025;5;20;4
1,92E+18;2025-05-17 10:54:41+00:00;@Xavier75 maintenance de @Free depuis Mercredi...rétablissement prévu la semaine prochaine ! Merci @free ! @Freebox;philippeyaiche;Philippe;79979615;;Autre;2025;5;10;5
1,92E+18;2025-05-17 16:53:41+00:00;@Freebox \nBonjour les gars, \npassé à la fibre mardi, 3 contacts avec l'assistance, toujours moins de débit que j'avais avec l'ADSL.. \nMon voisin relié exactement au mème poteau a 400 descendant et 700 montant avec le même site de test !\nVa fallo;PierreKeliam;🇺🇦 Pierre Kéliam Pro-européen Pro-vax bien sûr;2148761545;;Question technique;2025;5;16;5
1,92E+18;2025-05-17 23:09:33+00:00;@free y a un souci chez vous ? Impossible d’accéder à mes appareils à distance (PS5, home assistant, etc). https://t.co/3tEBjkJsOG et mon espace abonné sur vite site HS aussi…;SulliCop;NightRider;1,65E+18;;Plainte service;2025;5;23;5
1,92E+18;2025-05-18 13:51:14+00:00;"Abonné @Freebox c'est plonger dans un service client de luxe (NON) : bot Whatsapp inefficace, pas d'info sans rdv. Puis un appel un dimanche pour dire que la box est morte et que le remplacement (appelé ""frais de migration"") coûtera 50€. Bref, adieu Free, adieu 14 belles années";simleboulaire;Simon Le Boulaire;414036244;;Plainte service;2025;5;13;6
;;;;;;;;;;;
1,92E+18;2025-05-19 06:19:59+00:00;Toute ma vie j’ai des pb avec @Freebox. 1 an sans problème ça existe pas enfaite avec vous;Noumiyo_;Noum;1,34E+18;;Plainte service;2025;5;6;0
1,92E+18;2025-05-19 08:22:15+00:00;Bonjour Beaucaire (30) ! 👋 On rencontre actuellement une interruption de service sur nos réseaux @free. Nos équipes sont sur le pont pour rétablir ça au plus vite mais nous ne sommes pas le seul opérateur concerné🛠️\nOn vous donne des nouvelles dès possible, merci de votre patience📶\n#Beaucaire #Panne #OnRepare;Free_1337;Free 1337;1,44E+18;;Plainte service;2025;5;8;0
1,92E+18;2025-05-19 08:28:32+00:00;@free @Freebox comment on fait pour avoir un conseiller au tél chez vous? Ça fait 2 semaines que je me bats pour essayer d’avoir internet sauf qu’étant dans une situation spécifique, rien ne se passe comme prévu et je peux pas transmettre les inf;Ninalcmb;Limérence;773447635;;Question technique;2025;5;8;0
1,92E+18;2025-05-19 11:12:37+00:00;ma femme et ma fille sont a la maison et @free ne marche pas ni box ni téléphone \nqui va tuer l'autre a votre avis ?;xtraime;ᏝᎥ𝓽 𝔥 𝔂 🗻🏯🗼⛩️🗾;1,00E+18;;Autre;2025;5;11;0
1,92E+18;2025-05-19 13:34:14+00:00;@Xavier75 @free bravo free le wifi qui se déconnecte tout le temps depuis 2 mois et personne pour nous aider obliger d’être en 4G en permanence pour essayer d’avoir un minima de stabilité de connexion. Aucun conseil ne marche Xavier je t’aime bea;noah58474463;Kurug;1,34E+18;;Question technique;2025;5;13;0
1,92E+18;2025-05-19 13:42:35+00:00;Bonjour, depuis hier soir 22h45 env, je n'ai plus de fibre sur ma Freebox dans le secteur de Malemort 19360. Il s'agit d'un pb secteur. Free Proxy répond dans le vague, aucun délai... une 20ène de signalement dans le quartier @free. @Freebox, @BlogDev_Freebox @FreeboxHome;Cyberchaum;Alain Chaumeil🇫🇷;2216125287;;Question technique;2025;5;13;0
1,92E+18;2025-05-19 14:41:39+00:00;@free je rentre chez moi dans rien avoir touché la livebox est à l’étape 2, vérifier vos branchements fibre alors que rien n’a bougé chez moi depuis 10j.. l’assistance ne fait rien ?? Que faire ?;SharkFrance10;Sharkala;2603673526;;Question technique;2025;5;14;0
1,92E+18;2025-05-19 17:02:14+00:00;@Xavier75 @free j’ai reçu un message de la DGFIP pour faire ma déclaration d’impôts.\nProblème : pas d’internet (raccordement fibre en attente depuis 4 mois).\nJe demande à la DGFIP de venir la chercher en pigeon voyageur ? https://t.co/FStRvQG;alex_cabane;Mr_Alex;3429497457;;Plainte service;2025;5;17;0
1,92E+18;2025-05-19 19:29:26+00:00;Allo ? @free n'a toujours pas résolu le problème 5jours après la panne #internet et pas de nouvelles du service client depuis 48h. \nAllo ?? Que faites vous Free ?;letouzet;Fake LE TØUZET;53356369;;Plainte service;2025;5;19;0
;;;;;;;;;;;
1,92E+18;2025-05-20 07:41:34+00:00;@Freebox bonjour,\nPourriez-vous vous demander a v’a votre equipe de me rappeler svp \nVisiblement entre le samedi et le lundi les règles changent chez vous..\nMerci;NinaValette;Nina Valette;1326618535;;Demande d'aide;2025;5;7;1
;;;;;;;;;;;
1,92E+18;2025-05-20 08:23:38+00:00;Il n'y a pas que sa connexion qui est stable, il y a aussi son prix.\n\nPour en savoir plus sur la Série Spéciale Freebox Pop S ➡️ https://t.co/BwnVvfvOKP https://t.co/IoZCAKU32R;free;Free;252263949;;Question technique;2025;5;8;1
;;;;;;;;;;;
1,92E+18;2025-05-20 11:30:52+00:00;@Freebox bonjour, pourrais-je savoir quand est ce que ma ligne sera activée svp? Merci!;ilannman;いらん;3001040814;;Demande d'aide;2025;5;11;1
1,92E+18;2025-05-20 13:06:25+00:00;Toujours rien pour les abonnés freebox one @free;100moinsneuf;Aigri;8,77E+17;;Autre;2025;5;13;1
1,92E+18;2025-05-20 13:43:33+00:00;@Freebox bonjour, j'aurais besoin  d'un rdv adapté avec technicien svp;SweetieJazzy;NVMND ✌🏽;72108663;;Demande d'aide;2025;5;13;1
1,92E+18;2025-05-20 15:15:19+00:00;Coup de gueule contre Free \n1/2 Le 07 mars 2025, SFR est venu faire des travaux dans la résidence. Ces travaux ont pris un mois. Tous les clients SFR, ByTel et Orange ont récupéré leur réseau le 11 avril sauf les clients Free. \n@Free_1337 @free;edouard75013;Edouard75013;255576842;;Autre;2025;5;15;1
;;;;;;;;;;;
1,92E+18;2025-05-20 16:47:07+00:00;C’est bien beau de faire des publicités pour tracter toujours plus de clients @free mais UN MOIS d’attente pour le raccordement de la fibre (qui devait soit disant être fait « sans intervention d’un agent »), c’est plus un délai mais une date de péremption de notre motivation ! https://t.co/TCsZsMAT3H;LaetMary;🌹Laëtitia M.;741828978;;Question technique;2025;5;16;1
1,92E+18;2025-05-20 18:28:08+00:00;Par contre @free toutes les semaines il va y avoir des problèmes avec les box ou c’est comment ?;RomaneBerej;R🌍;8,22E+17;;Plainte service;2025;5;18;1
1,92E+18;2025-05-20 20:42:50+00:00;@free Bonjour, j’ai un souci avec ma souscription Freebox et j’aimerais vous contacter en message privé. Pouvez-vous m’ouvrir les DMs ? Merci d'avance.;damienkrbl;damienkrbl;4921585185;;Autre;2025;5;20;1
;;;;;;;;;;;
1,93E+18;2025-05-21 05:47:24+00:00;@free J'ai un problème, j'ai payé ma facture en avril pour 20 euros et ils l'ont déduit de mon compte bancaire, maintenant je vais payer en mai et ils me disent que j'ai une pénalité de paiement ?;WHOEDGARSILVA;Ed s;3121759680;;Plainte service;2025;5;5;2
1,93E+18;2025-05-21 08:14:19+00:00;@Freebox ma box internet qui m’affiché pas de connexion internet par moment une solution svp;AdrienRgt;Adr Gt;1,86E+18;;Plainte service;2025;5;8;2
1,93E+18;2025-05-21 10:09:28+00:00;@Freebox Bonjour, j’ai souscris une offre free et lorsque j’ai reçu le mail, on m’a clairement dit qu’il n’y avait pas besoin de technicien, j’ai contacté votre numéro et maintenant il faut un rdv .. sachant que j’ai la fibre, c’est jus;BeezySMG;• 𝔹𝕖𝕖𝕫𝕪 •;37914410;;Question technique;2025;5;10;2
;;;;;;;;;;;
;;;;;;;;;;;
1,93E+18;2025-05-21 12:50:08+00:00;@Freebox il y’a un problème avec vos serveurs ? Je nah plus de wifi;amaryah__;KDL;8,84E+17;;Plainte service;2025;5;12;2
;;;;;;;;;;;
1,93E+18;2025-05-21 17:44:44+00:00;eh @free @Freebox c normal que mon relais 4g aie un meilleur debit que ma fibre ? ^^;JELahaine;mazout : ne pas se jeter dedans 🤙;1,43E+18;;Question technique;2025;5;17;2
1,93E+18;2025-05-21 17:56:46+00:00;Bon @free @Freebox  , c'est pas très drôle de me prendre pour un idiot. Ça fait 1 semaine que j'ai pas internet et je paye 40 euros par mois.\nIl va falloir penser à régler le problème très vite avant que j'aille voir ailleurs.\n...;DrCrowRaoul;🌔 Dr.Crow 🌖;3654561255;;Plainte service;2025;5;17;2
;;;;;;;;;;;
;;;;;;;;;;;
1,93E+18;2025-05-22 05:36:56+00:00;Plus de 10 jours en panne ! Merci @Xavier75. @Freebox \nUn Free Proxy qui ne sert à rien. Il va falloir repenser sa relation avec ses clients ! #free;philippeyaiche;Philippe;79979615;;Plainte service;2025;5;5;3
1,93E+18;2025-05-22 07:51:30+00:00;@free m’a box reste bloqué étapes 6 depuis une heure aidez moi Please 🥴;Aly_qlf57;Aly’;1,48E+18;;Autre;2025;5;7;3
;;;;;;;;;;;
1,93E+18;2025-05-22 11:42:12+00:00;"@free faut arreter les débranchement sérieusement du 2 au 7 travaux sur la ligne OK du 7 au 11 ""on a oublier de vous rebrancher"" tu sais pas faire ton boulot ?? Et la on me dit quoi se matin ? ""Quelqu'un à du vous débrancher"" bah faut aller se faire v";Plow_Glayze;Plow Glayze;1,87E+18;;Autre;2025;5;11;3
1,93E+18;2025-05-22 14:36:02+00:00;Plus d'internet depuis le 10 mai, un technicien fibre n'avait pas de câble pour nous dépanner et nous a menti en nous disant que notre box ne fonctionnait plus, aucun technicien ne peut intervenir pour le moment, on nous laisse comme ça sans rien faire, merci @free @Freebox  😡;Lau_Grd;Laurie;556955763;;Plainte service;2025;5;14;3
1,93E+18;2025-05-22 20:07:35+00:00;@free grandement déçu du service client alors que je suis abonné depuis 2011. Un conseiller me vend un abo POP sur une nouvelle adresse et ne me dit pas que je peux simplement déménager sans frais. Total de l'opé 49+59=108€ de frais 👏😱 Merci;LAURENT_P77;❌Laurent💚🩵🗼🇫🇷 |🎖️Partenaire🛡️Gardien;1,46E+18;;Plainte service;2025;5;20;3
1,93E+18;2025-05-22 20:08:20+00:00;@free svp j’en peux plus est ce que je peux pour une fois parler a un humain au lieu d’une machine;BabinksJuuzo;🇸🇪🧸;1,37E+18;;Demande d'aide;2025;5;20;3
1,93E+18;2025-05-23 03:22:53+00:00;Pas de connexion pendant la moitié du moi de mai (période de partiels, 2 coupure au total, un backup qui ne fonctionne pas et @free qui grapille le moindre centime sur le dos des étudiants et me rembourse 10 euros sur mon abonnement. Merci free.;BiwBawflrn;BiwBaw;1,67E+18;;Plainte service;2025;5;3;4
1,93E+18;2025-05-23 07:13:26+00:00;@Freebox pitié pourquoi au moins 1x par mois mon player te Freebox Delta me demande d’associé la télécommande. En plus, je galère à l’associer;jos_brt9;4🐺;8,75E+17;;Question technique;2025;5;7;4
1,93E+18;2025-05-23 11:21:27+00:00;Un opérateur peut écraser la ligne d’un autre sans raison. Free ne donne aucune explication. En cas de coupure, pas de solution de secours sauf souscrire à leur offre 5G pour avoir internet, car mon mobile n’est pas chez eux. @free @Arcep c’est normal ? https://t.co/mrmSJbXTOF;julienthemonkey;Julien Allexandre;1,12E+18;;Plainte service;2025;5;11;4
1,93E+18;2025-05-23 19:13:36+00:00;Merci @free pour avoir coupé la ligne fibre de mon ancien opérateur alors que votre box n’est pas encore envoyée. \n5 jours sans internet \nC’est bien beau de vouloir faire tout rapidement, encore faut il le faire correctement 😉\nCe sera une résiliation le mois suivant du coup 😘;AntoineBe31;Antoine Be;7,94E+17;;Question technique;2025;5;19;4
1,93E+18;2025-05-23 22:03:16+00:00;Bon, @free, une heure que j'ai plus d'internet et que ma Pop reste bloquée en étape 6, je paye pas pour voir des voyants rouges;zekarant;Zekarant;7,34E+17;;Autre;2025;5;22;4
1,93E+18;2025-05-23 23:54:12+00:00;@free \nBox commandée le 01 Mai, toujours pas reçu à ce jour, un technicien venu pour rien, 5 différents employés eu au téléphone ayant chacun assuré que cela allé être résolu (ils s'en occupent personnellement 🤡).\nDernier contact aujourd'h;jalams34;jalams;1,88E+18;;Réclamation RDV;2025;5;23;4
1,93E+18;2025-05-25 18:37:10+00:00;J’ai demandé la Freebox il y a plus d’un mois et elle ne fonctionne toujours pas @free @Freebox;paloma_arauujo;Paloma;7,12E+17;;Autre;2025;5;18;6
1,93E+18;2025-05-25 20:56:09+00:00;hello @free @freebox :)\n\nje suis actuellement sur une offre mini 4k et souhaiterais migrer vers la Pop S.\n\nl'interface web ne propose que la pop classique, l'offre pop S est pourtant disponible en nouvel abonnement sur https://t.co/BJVpzE2Yn8, comment puis-je migrer? merci :);chaoticvibing;meow;1,47E+18;;Question technique;2025;5;20;6
1,93E+18;2025-05-26 12:03:17+00:00;1/🧵 THREAD – Quand un “technicien” @free \n\n➤ détruit la connexion fibre de tout un immeuble,\n ➤ ravage mon logement,\n ➤ puis repart… sans rien réparer.\n\nUne histoire absurde de sous-traitance fibre incontrôlée et d’un service client impuissant.⬇️;scoolada;Adrien Tsagliotis;168900989;;Plainte service;2025;5;12;0
;;;;;;;;;;;
1,93E+18;2025-05-26 14:18:54+00:00;@free remettez moi internet je vais plus jamais vous quittez promis ! https://t.co/jMbY3DqoTC;Larose__;SD 🥷🏿;1,09E+18;;Autre;2025;5;14;0
;;;;;;;;;;;
1,93E+18;2025-05-26 15:40:44+00:00;@Freebox ce qui est génial si on a un ticket ouvert c'est que l'assistance n'est pas joignable par téléphone alors que je suis sensé choisir une date pour l'intervention et rien n'est proposé dans mon ticket.\nJe n'ai pas non plus whatsapp car je n'a;theDarky9;theDarky;1,25E+18;;Autre;2025;5;15;0
1,93E+18;2025-05-26 16:22:39+00:00;Comment ça @free a oublié de me brancher CHEZ EUX du coup maintenant je dois attendre le 17 juin pour avoir un technicien ? \nJe capte même pas la 5G dans mon appart je peux littéralement rien faire.\nJe peux pas taffer et pas jouer;EstebanOertli;Esteban;1,40E+18;;Question technique;2025;5;16;0
1,93E+18;2025-05-26 17:24:42+00:00;@Freebox matériel renvoyé suite à une résiliation le 08/05 avec l’étiquette relais colis, et arrivé chez vous le 12/05, mais je reçois un mail aujourd’hui me menaçant de plus de 500€ de frais https://t.co/49S5w2kkER;CaillereM;caillere maxime;801119538;;Autre;2025;5;17;0
1,93E+18;2025-05-26 20:04:58+00:00;@free : plus de fibre depuis le 03/05 malgré le passage d’un technicien et toujours aucune info … vous tenez informé les clients parfois ?? La j’attends qu’un miracle se produise ou bien ??;Crazizou;Crazou;8,97E+17;;Question technique;2025;5;20;0
1,93E+18;2025-05-27 08:59:12+00:00;Customer service 0/10, congrats @free @Freebox https://t.co/H3BoJbZg8w;whosjaguari1;Paloma di palma;1,88E+18;;Autre;2025;5;8;1
1,93E+18;2025-05-27 09:10:59+00:00;@Freebox Bonjour, je viens vers vous parce que j'ai résilier mon comote Free pour aller dans un autre endroit. Et on me demande de Télécharger le bon de retour sur mon espace abonné sauf que vous avez deja bloquer mon compte. J'ai accès à mes Factur;Himekawo1;Kitsunaie;1,47E+18;;Autre;2025;5;9;1
;;;;;;;;;;;
1,93E+18;2025-05-27 09:57:55+00:00;@Freebox panique à la maison, télétravail et école sup en distanciel. Nous venons de recevoir un mail de votre part indiquant qu’une demande d’écrasement de notre ligne a été faite. Opérateur téléphonique impuissant. Coupure internet imminen;ilcaro17;Ilcaro;1,27E+18;;Plainte service;2025;5;9;1
1,93E+18;2025-05-27 10:00:20+00:00;@free Mais aussi quand l’assistance me dit que la carte SIM est gratuite, et que son collègue 2 semaines plus tard me dit que non. Il n’y a pas un problème au niveau de vos employées??? 10€ par carte par le nombre de clients la pilule est énorme;justforthehack;Digitalman;1880519570;;Plainte service;2025;5;10;1
1,93E+18;2025-05-27 10:15:22+00:00;@Freebox \n\nBonjour \nOn est mardi et toujours pas d’internet depuis vendredi 23/05, cela fait 5 jours que je suis sans internet ni télévision \n\nIl y a eu le même problème il y a 10 jours….\n\nC’est ça la qualité Free, tous les 10 jours on ;KnuckleHead077;Hugo77;1,02E+18;;Plainte service;2025;5;10;1
1,93E+18;2025-05-27 10:20:24+00:00;@free pourquoi je paye 20€ par mois mais je capte RIEN en 5G;kirazlili_;ʚ Çilek ɞ;1,92E+18;;Question technique;2025;5;10;1
1,93E+18;2025-05-27 12:37:44+00:00;@free, Vous êtes vraiment des INCAPABLES ! Vous m'envoyez un technicien de niveau 1 qui n'a pas été capable de m'installer la wifi lundi matin et il faut que j'attende à moins vendredi ou samedi pour un rendez-vous ? I HATE YOU!;FlorecitaMara1;Flor de Maria 🇲🇶;1,03E+18;;Question technique;2025;5;12;1
1,93E+18;2025-05-27 12:42:19+00:00;bonjour @free @Freebox  le PMZ  FI-78672-0002 est au ralenti (25%), pouvez voir svp ça dure depuis vendredi , merci;Den2112;Denis Gosselin;267681536;;Demande d'aide;2025;5;12;1
1,93E+18;2025-05-27 12:58:27+00:00;@Freebox donc  là vous être en train de me dire que je vais devoir attendre une semaine et demi pour être raccordé ???;eilime2778;eilime;1,86E+18;;Réclamation RDV;2025;5;12;1
;;;;;;;;;;;
1,93E+18;2025-05-27 19:26:22+00:00;@Freebox  service après vente nul et complètement défaillant et incompétent;M_Limongi;Eric Bombardi;1,40E+18;;Autre;2025;5;19;1
;;;;;;;;;;;
;;;;;;;;;;;
;;;;;;;;;;;
1,93E+18;2025-05-28 10:05:32+00:00;@free après plus d'une quinzaine de tickets d'incident ouvert en fin d'année dernière pour une box bloqué en étapes 3c , j'ai eu le droit à 5 mois sans incident et aujourd'hui rebelote avec un technicien qui va passer que dans 1 semaines. Le vase va;kazepool;Kazeshini;7,54E+17;;Réclamation RDV;2025;5;10;2
;;;;;;;;;;;
1,93E+18;2025-05-28 12:55:09+00:00;@free \nJ'ai résilié le 04/05 et vous m'avez prélevé de l'intégralité du mois de mai, aucune info.\nJ'ai renvoyé le matériel et pareil, pas d'AR ni d'infos. Ce serait possible d'avoir un retour sur la surfacturation, réception du matériel ?..;Mr_KiOl;KiOl;7,51E+17;;Autre;2025;5;12;2
1,93E+18;2025-05-28 13:13:43+00:00;Plus internet parce qu’un technicien nous a débranché pour brancher quelqu’un d’autre ? @free @Freebox j’en veux pas de votre RDV MARDI, si vous intervenez pas avant la fin de la semaine c’est tchao;TekoYoungCity_;Teko Young City;1910023921;;Réclamation RDV;2025;5;13;2
1,93E+18;2025-05-28 13:36:26+00:00;@Freebox @free Ma freebox se déco de la ligne ADSL svp faites un truc c'est pas vivable comme situation https://t.co/GXUA5EqRFP;So_Lavie;M8 Takkem;1,14E+18;;Demande d'aide;2025;5;13;2
1,93E+18;2025-05-28 13:36:53+00:00;@free @Freebox Je vous renvoie ma box, le boitier TV et le pocket Wi-Fi, et vous dites ne pas l'avoir reçu alors que j'ai la preuve que la réception à bien été effectuée.\nPourriez-vous reprendre contact avec moi ?;cyaniss;Yaniss Amaury C.;47936308;;Autre;2025;5;13;2
;;;;;;;;;;;
1,93E+18;2025-05-28 15:21:47+00:00;Hier nous examinions une proposition de loi visant à renforcer la responsabilité des opérateurs dans le déploiement de la fibre optique. C'est un gros problème à Melun, à Pringy et à Dammarie. Urgence de réguler et sévir quand ça ne marche pas !\nhttps://t.co/3xMyhlnPkw https://t.co/MgbAxYwF5w;ArSaint_Martin;Arnaud Saint-Martin;1,53E+18;;Plainte service;2025;5;15;2
1,93E+18;2025-05-28 15:26:42+00:00;🚨 Nouveau chez @Free, le Honor 400 5G débarque📱 \nCompatible toutes fréquences mobiles en France : 3G, 4G, 5G (SA & NSA)  \nAvec fonctionnalités : Wifi 6, VoLTE, VoNR, VoWifi ⚡️\n\n💡 Nos tests de débits effectués dans de conditions idéales : \n 📶 4G ➡️ jusqu’à 617 Mb/s (↓) & 88 Mb/s (↑) \n 📶 5G NSA ➡️ jusqu’à 1428 Mb/s (↓) & 165 Mb/s (↑) 🚀\n\n Plus d’infos sur notre boutique en ligne : https://t.co/ZOvBbdzzdJ \n\n #Freemobile #VoLTE #VoWifi #VoNR #5GSA #4G #5G #Speedtest #Honor #Free;Free_1337;Free 1337;1,44E+18;;Question technique;2025;5;15;2
;;;;;;;;;;;
1,93E+18;2025-05-28 17:29:26+00:00;"@free @Freebox Déjà 1 mois sans internet ! Il y a 15 jours, Free Proxi m'indique que quelqu'un doit passer. Je peux avoir un RDV le 4 juin. C'est trop loin, on me passe sur ""liste prioritaire"", total : plus de RDV du tout ! Et impossible de joindre un a";JulieSoulima;Julie SOULIMA;1,59E+18;;Réclamation RDV;2025;5;17;2
1,93E+18;2025-05-28 17:36:47+00:00;@free Coupure d’internet à la veille d’un week-end de 4 jours, pas de technicien avant samedi… génial;Nathaaan30;Nathan;9,91E+17;;Plainte service;2025;5;17;2
1,93E+18;2025-05-28 17:38:35+00:00;@freemobile @free \nImpossible de contacter le service client et free Proxi ne m'aide pas . Pouvez vous me donner un contact téléphonique svp;MedhiRooney;Bbz23;7,85E+17;;Plainte service;2025;5;17;2
1,93E+18;2025-05-28 18:30:37+00:00;@Xavier75  Wesh @free  vous avez trop d’argent , envoyer cinq sous traitant pour installer la fibre alors que le premier rapport dit d’installer par nacelle la fibre, RENVOYER 5 technicien pour faire cinq fois le même rapport ! ! Il ne lise pas les r;Cnews972;le C;1,60E+18;;Question technique;2025;5;18;2
;;;;;;;;;;;
1,93E+18;2025-05-29 10:36:05+00:00;@free @Xavier75 \nEffarant…. Je sors de la boutique free de Brest… déjà client j’ai construit une maison mais le réseau fibre n’est pas construit ni adsl… je souhaite une box 5g… on me dit non pas éligible et que je dois attendre des mois ;TroadecSte3200;Steven Troadec;1,84E+18;;Question technique;2025;5;10;3
1,93E+18;2025-05-29 17:49:52+00:00;@free problème de box encore… ça devient pénible… On ne peut pas passer\nUn jour férié tranquille a la maison à profiter des services qu’on paye.;SpriingUech;Jules Ferry;9,18E+17;;Plainte service;2025;5;17;3
;;;;;;;;;;;
1,93E+18;2025-05-29 19:14:59+00:00;Dites @Xavier75 &amp;;;;;;;;;
1,93E+18;2025-05-30 06:42:06+00:00;87 jours sans fibre ! Merci @FreePro et @free on change pas une équipe qui gagne hein  !  Merci @Xavier75 ! Road to 100 days !\n\n@UFCquechoisir @60millions @Masdaak;AlexandreCarbo4;Alex;1,26E+18;;Question technique;2025;5;6;4
;;;;;;;;;;;
1,93E+18;2025-05-30 15:34:52+00:00;@free 1 question . Je remarque que depuis quelques  temps l'accès gratuit à canalvod sur interface clubs vidéo ,affiche écran noir alors qu'avant je pouvais louer des films. ( j'ai une box crystal). C'est normal?;Dothiefree;☠Dothie🐞;7,26E+17;;Autre;2025;5;15;4
1,93E+18;2025-05-30 16:14:03+00:00;Sinon @Freebox ça ne vous dérange pas qu’une fois de plus nous n’avons plus internet ? Toujours le week-end, impossible de vous joindre… et toujours des délais de fou pour que quelqu’un intervienne ? Vous cherchez vraiment à ce que vos clients se tirent chez la concurrence ?;LeaCwi;𝑯𝒂𝒍𝒆𝒚 🌈;2236374586;;Autre;2025;5;16;4
1,93E+18;2025-05-30 16:14:56+00:00;@Xavier75 @free laisser 1 semaine un foyer sans connexion et pas de remplacement de clé 4g pour un abonnement à 50€ par mois ça vous pas fait pas chier ? Sachant que c’est pas un foyer mais tt la résidence honte à vous, 🫵🏼🫵🏼🫵🏼, ;malzak47;Jordan;1,36E+18;;Question technique;2025;5;16;4
1,93E+18;2025-05-30 17:33:19+00:00;59 euros de frais de résiliation freebox alors que je n’ai même pas d’abonnement  annuel… On est chez les fous @free ????;__15kath;As;1,06E+18;;Autre;2025;5;17;4
1,93E+18;2025-05-30 18:13:15+00:00;@Xavier75 @free, j’ai plus de Wi-Fi depuis le 2 mai et toujours aucune solution. À chaque fois les tickets sont clôturés sans intervention, ça tourne en rond. Ça fait 1 mois que je galère bougez-vous un peu. #Free #ServiceClient;amaury_kam;MauMau;1,23E+18;;Autre;2025;5;18;4
;;;;;;;;;;;
1,93E+18;2025-05-30 18:28:07+00:00;@Xavier75 @free @Freebox mise en demeure pour pas avoir payé des frais de résiliation après 5 mois de panne de service?vous aviez pourtant annoncé que vu la situation assez compliqué je ne devrais pas payer et même avoir un dédommagement…réponse;Mj0423Mrfreez;Mrfreez;1,84E+18;;Plainte service;2025;5;18;4
1,93E+18;2025-05-30 19:12:56+00:00;wAllah @free @Freebox demain je viens m’assoir dans la boutique jusqu’à ce qu’on trouve solution parce que vous me chiez à la gueule depuis des mois ! JE NE PEUX PLUS TRAVAILLER !!! https://t.co/nBiwpjnZfl;Nyphthys_;Nyphthys | Keira;1,17E+18;;Autre;2025;5;19;4
;;;;;;;;;;;
;;;;;;;;;;;
1,93E+18;2025-05-31 12:15:22+00:00;Bravo à @free @Freebox qui sont incapables de trouver une solution car je n’ai plus internet DEPUIS 2 SEMAINES ! « Ça sera réglé le 29 » on est le 31 et toujours rien ! Maintenant on me dit que j’ai besoin d’un rdv avec un technicien ! 🤣 aller c’est trop je résilie tout chez eux;dearchriss_;Chris크리스;7,24E+17;;Réclamation RDV;2025;5;12;5
;;;;;;;;;;;
1,93E+18;2025-05-31 17:47:13+00:00;Comment, en 2025, peut-on encore avoir des problèmes de Wi-Fi !? Sérieusement, #Freebox , faites quelque chose, là, ce n’est plus possible!! @free @freemobile @Freebox;Shnuxi;Shnx;1,79E+18;;Plainte service;2025;5;17;5
1,93E+18;2025-06-01 08:17:47+00:00;@Freebox Vous êtes vraiment des clowns. On prépare un déménagement personne préviens on te coupe comme ça. T’essaie de les appelés t’es bloqué avec un vielle voix de robot qui est même pas capable de dirigé vers un humain. On te demande des ;Tssuuoo;M8_MKJ;1,61E+18;;Autre;2025;6;8;6
1,93E+18;2025-06-01 12:13:55+00:00;Allez vous faire f***** @free c’est plus possible. Y’a plus la fibre depuis 2 semaines, on nous sort dans 5 jours, 10 jours, vous mentez et maintenant notre 4G/5G bug et est lente !!!!!!?;k_bld_;KMB;1,13E+18;;Plainte service;2025;6;12;6
;;;;;;;;;;;
1,93E+18;2025-06-02 09:03:37+00:00;Mon rêve que mon top fasse cette performance;KC_Dams;Dams;1,23E+18;;Autre;2025;6;9;0
1,93E+18;2025-06-02 10:23:37+00:00;🚨FREE VOLEUR 🚨\n20 ans qu’on est client\nCela fais maintenant plus d’un mois et demi que je n’ai plus internet. Free ne fait rien pour résoudre le problème je ne peux pas prendre de RDV ni réclamer de remboursement concernant les factures des mois passés \n@Xavier75 @Freebox @free;zengalewaa;Don dadá;7,50E+17;;Plainte service;2025;6;10;0
1,93E+18;2025-06-02 10:24:15+00:00;@Freebox bonjour, j’ai un petit problème avec vous, j’ai ouvert annulé chez vous mais ça va faire cinq ou six jours que Mali est en cours de raccordement et ça va faire une semaine que j’ai plus d’Internet ça commence à être un peu lourd;GIGN1334;G4Z4 🇫🇷;1,22E+18;;Plainte service;2025;6;10;0
1,93E+18;2025-06-02 10:27:01+00:00;@free depuis samedi 31 à midi nous n'avons plus d'internet dans le 77 Sud Moret-sur-Loing Saint-Mamet et ses environs free allô Free il y a quelqu'un vous faites quoi;Raoulvol;🇨🇵raoul volfoni;1,49E+18;;Autre;2025;6;10;0
;;;;;;;;;;;
1,93E+18;2025-06-02 12:48:32+00:00;"J'ai pris la @Freebox il y a 1semaine et c'est déjà la PIRE erreur de ma vie 1semaine et toujours pas internet et on parle pas du service.\nJ'explique mon problème il me répond ""et qu'est ce que vous voulez que je fasse""\nJe sais pas fait ton travail c'est déjà pas beaucoup\nFuyez!";ToctokC;nour;1,11E+18;;Plainte service;2025;6;12;0
1,93E+18;2025-06-02 13:30:13+00:00;@free est-ce que ce serait possible de parler à un humain ? Votre parcours client qui déménage est un calvaire ! What’s app Free : personne ne me répond. 3244 on me répond « raccordement en cours merci au revoir » alors qu’il a déjà eu lieu;ArchambaudT;🫶🏻 Thomas Archb;303668585;;Plainte service;2025;6;13;0
;;;;;;;;;;;
1,93E+18;2025-06-02 13:59:31+00:00;@free l'installation de la fibre, c'est une vraie galère, impossible d'avoir une date pour la venue d'un technicien, ça fais bientôt 6 mois. Quelqu'un peut m'aider ? Clients depuis très très longtemps;Belibaste;Belibaste;14586608;;Question technique;2025;6;13;0
1,93E+18;2025-06-02 16:24:23+00:00;Super ça fait un mois que je suis chez free et j’ai déjà plus de wifi chez moi depuis 2j 🤡🤡🤡 @Freebox vous pouvez faire quelque chose svp;clhoewn;aigrie;1037904637;;Demande d'aide;2025;6;16;0
1,93E+18;2025-06-02 17:00:38+00:00;@freemobile a la seconde où on se connecte à la box ça fait ça alors que la télé en elle-même fonctionne très bien ! J’espère que karim a bien fait remonter le dossier ! https://t.co/TW7CGOXy2T;minghwamilie;kenzalaya🧋🍯;1,16E+18;;Autre;2025;6;17;0
1,93E+18;2025-06-02 21:26:17+00:00;@free bonjour pouvez vous me contacter concernant ma ligne qui serait résilié alors que j ai rien demandé. Merci;aliguygnor;Darwin;1,16E+18;;Autre;2025;6;21;0
1,93E+18;2025-06-03 06:09:04+00:00;@free la pire des expériences! Depuis janvier mes appareils internet et télévisions fonctionnent une fois sur deux et est instable!! J’appelle toutes les semaines pour avoir des explications et qu’on me change mes appareils défectueux!!! Mais rien;louiseprieto;louise prieto;32822728;;Plainte service;2025;6;6;1
1,93E+18;2025-06-03 09:36:32+00:00;@Freebox Plus internet depuis ce matin et aucune information. Allo ? @free;wimn_tks;Marie-Cécile;14421510;;Autre;2025;6;9;1
;;;;;;;;;;;
;;;;;;;;;;;
1,93E+18;2025-06-03 14:51:24+00:00;"@free @Freebox \n\n3 semaines maintenant que je n’ai plus de wifi, j’ai appelé minimum 15 fois, on m’a envoyé 2 "" techniciens "" qui ont réglé le problème puis le lendemain ça recommence 🤡";0rcruxe;0rcruxe;1,68E+18;;Plainte service;2025;6;14;1
1,93E+18;2025-06-03 14:55:00+00:00;Dites-donc @free, quel terme ne comprenez-vous pas dans Service Client?\nJe suis harcelé par la CFR pour des factures impayées alors que l’abonnement est résilié  (confirmé). Et quand je contacte votre « service client », on me répond que c’est à moi d’effectuer les démarches.🤡;bnl_pierre;p.boubou;1,27E+18;;Plainte service;2025;6;14;1
1,93E+18;2025-06-03 19:06:02+00:00;J’EN AI RAS LE BOL DE @free. J’ai changé de numéro dimanche et depuis je me fais harceler par les contacts de l’ancien prioritaire du numéro. Je demande à l’assistance si c’est normal d’avoir un numéro qui vient d’être désactiver. Et on me dit que le seul moyen c’est de repayer.;vraienzele;🔱 Maserati 🔱;61497853;;Autre;2025;6;19;1
1,93E+18;2025-06-03 19:16:37+00:00;@Xavier75 @free ça commence à bien faire ça fait 3 mois que ma voisine a plus internet elle a 75 piges j’ai du lui apprendre le partage de connexion pour qu’elle regarde son tennis sur son ordinateur ça fait 3 MOIS que vous la faites balader on es;POSTERGIRRRL;chipie ✿;515786310;;Question technique;2025;6;19;1
;;;;;;;;;;;
1,93E+18;2025-06-04 00:05:10+00:00;@free Bon depuis un mois j'ai à la fois le réseau fibre ET mobile qui plantent pendant une heure chaque semaine en périphérie d'Annemasse, ça commence à devenir fatigant, vous voulez pas faire quelque chose?;TheRamsWay;Rams;2414733528;;Question technique;2025;6;0;2
1,93E+18;2025-06-04 07:36:57+00:00;@Freebox Cela fait 2 mois et demi que je n’ai aucun accès à Internet. Je fais du télétravail, et je paie chaque mois pour un service inexistant. Le backup est inutilisable, et vos équipes ne donnent aucune réponse concrète. C’est catastrophique;haspinder;Druss;16865289;;Autre;2025;6;7;2
;;;;;;;;;;;
1,93E+18;2025-06-04 11:40:54+00:00;"Panne free sur mon secteur depuis 1 mois et demi ! (La panne étant ""générale"" peut-être bouygues et orange sont aussi impactés ?).\nSeule communication de @free aujourd'hui je reçois par mail ma facture.\n@UFCquechoisir\n@60millions";bonnevap;thierry bonnevap;2529801589;;Plainte service;2025;6;11;2
1,93E+18;2025-06-04 11:58:55+00:00;@free @Freebox Vraiment depuis que j’ai ma box je suis obligé de la redémarrer en éteignant et rallumant ma multiprise…\nPour rien ça va me donner envie de me désabonner 🤬\nEn plus Netflix 20€ c’est normal ?;LaureBBW;Triomphe de Neptune 🧞‍♀️;612923139;;Autre;2025;6;11;2
1,93E+18;2025-06-04 12:07:08+00:00;@Freebox est en maintenance chez moi, ce qui signifie pas d’Internet, pas de TV, pas de Téléphone.\nJe suis dans une zone oú on ne capte rien. J’appelle Free pour qu’ils m’aident. Réponse : « Achetez un forfait Free à 10€ tout illimité ;Joh_Stark;✨🦇 Johanna Munson 🦇✨;152981744;;Autre;2025;6;12;2
1,93E+18;2025-06-04 12:31:25+00:00;@Freebox je vous dérange pas à vouloir facturer 116€ au lieu de 49,99€?;Lorphan6;Laure🌻;1,53E+18;;Autre;2025;6;12;2
1,93E+18;2025-06-04 14:55:03+00:00;@free panne de fibre depuis ce matin dans la Sarthe ... Hier déjà ! Vous en êtes où de la résolution ?;Twim7872;Nath78🍚;1,65E+18;;Plainte service;2025;6;14;2
1,93E+18;2025-06-04 15:51:53+00:00;@free  plus d’internet depuis ce matin dans la Sarthe , ça va être rétabli dans quelques heures … vous dites ça depuis ce matin sérieusement !!;donofournigault;dono-Fox;8,26E+17;;Autre;2025;6;15;2
1,93E+18;2025-06-04 16:35:21+00:00;@free installation du fibre free, fonctionne pas. Je dois attendre 2 jours. Qui va payer 2 jours des 3 trav. Independent s?;hpaszt;henryk paszt 🇮🇱🎗️;51022826;;Question technique;2025;6;16;2
1,93E+18;2025-06-04 16:49:03+00:00;Hello @Freebox SAV injoignable depuis ce matin, plus de fibre, silence radio…\n#serviceclient c’est plus votre problème ???;sgouvs;SGouvs;301407525;;Plainte service;2025;6;16;2
1,93E+18;2025-06-04 17:01:02+00:00;@Freebox il faut faire quoi pour vous avoir au téléhone ? Free Proxi de Massy qui ne répond pas par message et nous en attendant la box ne marche plus et c’est la seconde fois en 1 mois;faraaaaaah_gh;faarahgh;1,10E+18;;Autre;2025;6;17;2
1,93E+18;2025-06-04 18:00:24+00:00;Freebox bloquée à l'étape 2 que faire ? J'ai déjà débranché et rebranché @free;corymbe;Caroline;76123956;;Autre;2025;6;18;2
1,93E+18;2025-06-05 08:52:57+00:00;@Freebox bonjour.\n\nImpossible de vous joindre sur le numéro dédié aux anciens clients. Et maintenant, vous voulez me prélever 50€ sans raison valable ? On fait comment là ? 🤨\n\n@Xavier75 @free;ceano69530;Jonathan ALONZI;1,88E+18;;Question technique;2025;6;8;3
1,93E+18;2025-06-05 10:30:17+00:00;Plusieurs jours de coupure Fibre ☹️  bloqué à l’étape 2 @free #freebox . Et impossible de joindre un conseiller;rasologg;Gege Rasolondraibe;57051199;;Plainte service;2025;6;10;3
1,93E+18;2025-06-05 10:43:02+00:00;@Xavier75 @free @Freebox \nSVP ÇA FAIT UN MOIS QU’ON APPELLE FREE QQN À DÉTRUIT LES FIBRES OPTIQUES DE L’IMMEUBLE ON EN PEUX PLUS ILS NOUS ONT DIT PAS AVANT LE 31 MAI ON EST LE 5 JUIN SVPPPP VENEZZZZ😭😭😭;sosoooo6_9;Sosoooo6.9;1,24E+18;;Demande d'aide;2025;6;10;3
1,93E+18;2025-06-05 12:52:11+00:00;@free On peut savoir pourquoi vous prélevez 180€ sur mon compte alors que je vous ai renvoyer la box et fourni la preuve de dépôt chez votre partenaire ?;PijM_;Pm;3957450497;;Question technique;2025;6;12;3
1,93E+18;2025-06-05 13:15:24+00:00;Bonjour @free , je dois faire quoi pour être appeler par un de vos conseillers ? Ça fait 2 jours que je laisse des messages sur votre messagerie et je n’ai pas de retour alors que c’est assez urgent.;cstlegang;GadoeBless;7,56E+17;;Autre;2025;6;13;3
1,93E+18;2025-06-05 13:43:03+00:00;Ma @Freebox qui marche plus depuis midi, bloquée à l'étape 2 🥳 Donc pas d'internet\n\nAutant vous dire que le stream s'annonce compromis;Rond06_;Rond06;1,35E+18;;Autre;2025;6;13;3
1,93E+18;2025-06-05 15:19:55+00:00;@free je ne comprends pas, depuis que je suis sur @free, je suis régulièrement en panne. Et beaucoup de temps à chaque fois pour être dépanné et récupérer ma box fonctionnel.;Antheme2;Antheme;815902183;;Plainte service;2025;6;15;3
1,93E+18;2025-06-05 19:12:38+00:00;@free entrant dans un 3e mois de suite sans service mais les prélèvements sont toujours réalisés. L’assistance ne fait que remettre « habilement » la responsabilité sur l’abonné et c’est saoulant.\nFaites quelques chose, monsieur le CM;youbousal;Y.BS;8,40E+17;;Autre;2025;6;19;3
1,93E+18;2025-06-06 05:37:02+00:00;Message de @free @OQEEbyFree @Freebox au démarrage de la box \n\n#TNT #Télévision #NouvelleNumerotation https://t.co/f7LqzD88Qf;FredoFMTV;FRÉDO;1897891274;;Info/Annonce;2025;6;5;4
1,93E+18;2025-06-06 12:10:18+00:00;@Freebox pas internet depuis 24h due très probablement a une cassure fibre externe, aucun conseillé ou technicien ne m’a contacté depuis, malgres plusieurs tentatives de contact dont un ticket ouvert, c’est plaisant de payer un service qui ne fonct;xXD4rkXx68;Sebastien,g;2707405246;;Plainte service;2025;6;12;4
1,93E+18;2025-06-06 12:56:14+00:00;Hello @free  @Freebox ! Cela fait + de 5 jours ! Plus de Box sur #Aubagne @villedaubagne . Pas de suivi, pas d'infos précises. Inadmissible ! Impossible de travailler correctement . Merci d'intervenir au plus vite !;MCollectorsMars;Magic Collectors;119795541;;Autre;2025;6;12;4
1,93E+18;2025-06-06 14:21:19+00:00;@Freebox Ça fait une semaine que je n’ai pas de service et vous ne répondez pas au téléphone. @free;andrea_10_03_;💜.and.💜;535113823;;Autre;2025;6;14;4
1,93E+18;2025-06-06 15:52:24+00:00;"@Free_France @Freebox Votre incompétence est intolérable! Panne signalée le 27/05, câble détérioré (photo envoyée), 10 jours de réponses bidon (""centre de supervision"") et maintenant un RDV fixé hier pour aujourd'hui, mais le technicien ne vient";VallonDavy;Davy;1,81E+18;;Plainte service;2025;6;15;4
1,93E+18;2025-06-06 17:01:50+00:00;@free @Freebox Pas d'internet depuis hier 16h (freebox bloqué etape 2). Ticket ouvert, vous me demandez de prendre un rdv, mais je ne peux rien sélectionner. On fait comment ? https://t.co/g9aLy3QKmu;j_facemaker;Facemaker Jacobson;1,47E+18;;Question technique;2025;6;17;4
1,93E+18;2025-06-06 18:32:49+00:00;@free comme tous les ans à partir de juin, la connexion disparaît à partir de 20H30. Ras le bol. En septembre je change d’opérateur.;EJulien66;E. JULIEN;4503896248;;Question technique;2025;6;18;4
;;;;;;;;;;;
1,93E+18;2025-06-08 10:55:33+00:00;⚠#PANNE  FREE MOBILE EN COURS⚠\n 📡20 freenautes ont remonté des problèmes sur le réseau #mobile de #Free depuis 10h39\n🌍Villes concernées : Bonneville (74130), Saint-Pierre-en-Faucigny (74800)\n⬇️⬇️⬇️\nhttps://t.co/U4HQRFCDxu;zoneadsl_panne;Pannes Internet et Mobile;1,59E+18;;Plainte service;2025;6;10;6
;;;;;;;;;;;
1,93E+18;2025-06-08 11:44:11+00:00;Si vous avez une #freebox et que vous vivez en #HauteSavoie , ca va etre chaud pour regarder #RolandGarros2025 cet après-midi…\nPlus de 3500 signalements 🚨🚨🚨 à date.\nBon courage à tous et aussi à @Free_1337 ! https://t.co/iecrW3zC6k;zoneadsl_panne;Pannes Internet et Mobile;1,59E+18;;Autre;2025;6;11;6
1,93E+18;2025-06-08 12:19:19+00:00;@freemobile eh les bg vous pouvez remettre internet chez moi svp;ErzaaaTv;ErzaaaTv;1,59E+18;;Demande d'aide;2025;6;12;6
;;;;;;;;;;;
1,93E+18;2025-06-08 12:47:47+00:00;96 jours sans fibre ! Merci @free oula attention intervention prévu le 10 à 8h00 suspens de malade. Merci @Xavier75 ! Road to 100 days !\n\n@UFCquechoisir @60millions @Masdaak;AlexandreCarbo4;Alex;1,26E+18;;Question technique;2025;6;12;6
;;;;;;;;;;;
1,93E+18;2025-06-08 13:19:56+00:00;En tant que client @free j'ai des coupures intempestives d'Internet TOUTES LES SEMAINES. \n\nÇa va de 2 à 12 jours pour la plus longue, sans AUCUN geste commercial. \n\nXavier Niel, casser les prix c'est bien, quand c'est au dépend de la qualité c'est non. @Xavier75  @Freebox;ElMehdito;ElMehdito 🇨🇵;1894185859;;Plainte service;2025;6;13;6
;;;;;;;;;;;
1,93E+18;2025-06-08 16:02:50+00:00;Pas de Freebox fibre ni réseau carte SIM depuis ce matin 11h !! C’est une blague @free @freemobile @Freebox  ???? C’est revenu qu’à 18h #hautesavoie #cranvessales #vetraz #annemasse;LiludeeACNH;Liludee;1,46E+18;;Question technique;2025;6;16;6
1,93E+18;2025-06-08 16:21:41+00:00;Bon @free @Freebox @freemobile va falloir me contacter la ! Une panne générale réseau tel et internet une journée. \nJE NE SUIS PAS D'ACCORD ! JE SOUHAITE UN DÉDOMMAGEMENT s'il vous plaît 🙏 !;Mme_Reyna;🌸Rҽყɳα ℓ'ιмραяƒαιтє🌸;2905228121;;Plainte service;2025;6;16;6
;;;;;;;;;;;
1,93E+18;2025-06-08 17:30:13+00:00;Désolé mais Sinner - Alcaraz ce soir c’est ça hein\n\n#RolandGarros #F1 https://t.co/WEYQRPqZhg;OffTrack_FR;Off Track;1,42E+18;;Autre;2025;6;17;6
;;;;;;;;;;;
1,93E+18;2025-06-09 09:22:11+00:00;@Freebox @free c’est possible d’ajouter la sauvegarde en arrière plan dans #freefiles merci;gwdad_moi;TiTi La Kenel;704956596;;Autre;2025;6;9;0
1,93E+18;2025-06-09 16:00:01+00:00;Vous les reconnaissez ? Nous aussi… ou presque.\n@PSG_inside 🔴🔵 https://t.co/gaAlEWBJUl;free;Free;252263949;;Autre;2025;6;16;0
;;;;;;;;;;;
;;;;;;;;;;;
1,93E+18;2025-06-09 21:09:13+00:00;S’il vous plaît, suis-je la seule ? @free @Freebox  commence à déconner, j’ai l’impression, il devienne comme SFR, j’ai plus de wi-fi ça fait exactement deux jours et ce n’est pas la première fois. Dites-moi en commentaire si vous êtes pareil que moi.;Creatrice94;Selma creatrice;1,81E+18;;Question technique;2025;6;21;0
1,93E+18;2025-06-10 07:14:44+00:00;@free bonjour, j’ai résilié y’a maintenant 3 mois, j’ai renvoyé mes appareils ( j’ai la preuve d’envoi du colis), cependant j’ai été prélevé ce mois de juin de 100 euros ( raison non renvoi du dit appareil) et bien sûr impossible de vo;28Draneb;BAHIA;1,54E+18;;Autre;2025;6;7;1
1,93E+18;2025-06-10 09:24:00+00:00;Hey @Xavier75 &amp;;;;;;;;;
;;;;;;;;;;;
1,93E+18;2025-06-10 10:49:10+00:00;@Freebox @Free_1337 Bonjour, est-ce normal que je ne puisse pas activer les notifications push sur votre application espace client ?\n\nJe suis sur Realme GT7 Android 15.\n\nMerci https://t.co/TKMvIDqSye;Beubeu1305;Beubeu ツ;398270896;;Autre;2025;6;10;1
1,93E+18;2025-06-10 14:23:44+00:00;@Freebox vous me faites peter un durite. \n2 semaines sans internet pour la deuxième fois en 2 mois ! \nEt la seule assistante sur des heures de bureau MDR. Prochaine étape je résilie !;lonelylittleT;😜;1,02E+18;;Autre;2025;6;14;1
1,93E+18;2025-06-10 17:43:29+00:00;#Problème @free @Freebox depuis la dernière #miseàjour les #chaînes #TV n'arrêtent pas de  couper #micro #coupure !;stef2535;Stef35;198142532;;Plainte service;2025;6;17;1
1,93E+18;2025-06-11 08:36:05+00:00;@UniversFreebox @free @Freebox \nQuand est ce que  les anciens abonnés mini4k auront la possibilité et les modalités pour migrer vers la Freebox pop S ?;chmalet;chris malet;48492573;;Autre;2025;6;8;2
1,93E+18;2025-06-11 13:33:50+00:00;@free @Freebox j'ai besoin de votre aide d'urgence j'ai plus rien qui fonctionne;Nanafantazya;Nana;1,71E+18;;Demande d'aide;2025;6;13;2
1,93E+18;2025-06-11 14:07:55+00:00;Il suffisait de demander : la 5G+ Free est disponible sur iPhone.\n\nPlus d’infos ➡️ https://t.co/TxoOk3S66m;free;Free;252263949;;Autre;2025;6;14;2
;;;;;;;;;;;
;;;;;;;;;;;
1,93E+18;2025-06-11 15:58:27+00:00;@free Par pitié ça fais 3 semaines j’ai plus de connexion, on appelle et à chaque fois on nous dis quelques choses de différent. Remettez nous de la co 🙏🏼🙏🏼🙏🏼😭;luvhetmongi;chmn 🍋;1,86E+18;;Question technique;2025;6;15;2
1,93E+18;2025-06-11 19:16:59+00:00;@free faut faire quelque chose avec cette  appli @DisneyPlusFR qui ne fonctionne pas vraiment c’est pénible;annelaure02;Anne laure;177505999;;Plainte service;2025;6;19;2
1,93E+18;2025-06-11 20:04:58+00:00;@free  Pourquoi on ne peut pas passer d’un abonnement Freebox Ultra à un abonnement Pop S  sans avoir à résilier (frais) et faire une nouvelle souscription ? @Xavier75;RamzySANDID;RamzyS;1669820360;;Question technique;2025;6;20;2
1,93E+18;2025-06-12 16:48:35+00:00;@free @Freebox #free SVP faites venir un technicien en urgence ou régler le problème. À peine 1 mois que j'ai la fibre freebox et elle est déjà en panne. Ma 4g ne me permet pas de tout faire et j'ai des streams à faire.. je vous en prie (je peut pay;nos_ret;RetNos;1,52E+18;;Plainte service;2025;6;16;3
;;;;;;;;;;;
1,93E+18;2025-06-12 21:54:44+00:00;Bonjour @free, cela fait maintenant 3 jours que je n’ai plus aucun service. J’ai déjà appelé votre assistance, j’ai 0 retour. \n\nÇa commence à faire beaucoup là.;Itsvrah_;𝐒𝐀𝐑𝐀𝐇.;303860334;;Autre;2025;6;21;3
1,93E+18;2025-06-13 12:11:00+00:00;@Freebox je suis assez agacé. Je viens d'être débité de 190€ pour non renvoi de la box que j'ai déposée il y a 4 mois dans un point relais. J'ai essayé de contacter la ligne ces dernières semaines sans succès, dans le labyrinthe de boîtes voca;SylvainPAM18;Sylvain Loubradou 🎗;265909630;;Question technique;2025;6;12;4
1,93E+18;2025-06-13 12:43:40+00:00;🚨FREE VOLEUR 🚨\n20 ans qu’on est client\nCela fais maintenant plus d’un mois et demi que je n’ai plus internet. Free ne fait rien pour résoudre le problème je ne peux pas prendre de RDV ni réclamer de remboursement concernant les factures des mois passés \n@Xavier75 @Freebox @free;zengalewaa;Don dadá;7,50E+17;;Plainte service;2025;6;12;4
1,93E+18;2025-06-13 15:00:46+00:00;@Freebox Bonjour, comment récupérer les identifiants (plus de papier de la souscription) pour ma mère âgée afin de gérer une panne de sa freebox ? Merci !;GoodPioupiou;GoodPioupiou;1,01E+18;;Plainte service;2025;6;15;4
1,93E+18;2025-06-13 16:22:35+00:00;@free possible d’avoir l’intervention d’un technicien sur Paris  compétent contrairement à aujourd’hui ou le gars ne fait rien et en plus est très désagréable 🤮 \nPlus d’internet et c’est très gênant \n@Xavier75;Romano2skyrock;Romano;590239703;;Réclamation RDV;2025;6;16;4
1,93E+18;2025-06-13 17:57:58+00:00;Salut @Freebox ça te dirait de justifier le prix que je paie pour mon abonnement s’il te plaît en résolvant mon problème?;tenchepower;gael;1524867692;;Plainte service;2025;6;17;4
1,93E+18;2025-06-14 05:19:30+00:00;Je tiens à denoncer l'immondice service client @freebox, mon ancien fournisseur d'accès que j'ai resilié après près de deux mois  d'interruption de mes services suite a une panne collective dans mon immeuble parisien;YannParis;Yannick Gaffé;44886926;;Plainte service;2025;6;5;5
;;;;;;;;;;;
1,93E+18;2025-06-14 07:09:53+00:00;@free Ma ligne ADSL à Vibraye est HS. J'ai tenté de joindre le 3244 mais n'ai pas trouvé comment vous signaler avec vos tapez 1, 2, 4512, etc.;L_Despeyroux;Laurent Despeyroux;4820648074;;Plainte service;2025;6;7;5
1,93E+18;2025-06-14 11:49:46+00:00;Bonjour, le technicien @free @Xavier75 a percé un trou en trop dans mon mur parce qu’il s’est trompé, puis m’annonce que c’est à moi de reboucher et de voir avec le proprio.\nLe tout en salissant un mur rénové.\nAh yes, super service 🤡\nMerci de faire quelque chose 🫠;Guide_343;B ;1,08E+18;;Réclamation RDV;2025;6;11;5
1,93E+18;2025-06-14 17:09:31+00:00;@Freebox  quels recours ? Je suis cliente depuis février, J'attends toujours et encore d'autre raccordée à la fibre. La hotline m'expliques que le problème est connu et ne me propose pas de solution. 3 visites de technicien et, aucun raccordement fait;rkgstor;R Gkh;1,64E+18;;Plainte service;2025;6;17;5
1,93E+18;2025-06-15 06:18:22+00:00;@Freebox Faudra m’expliquer le concept : vous me harcelez pour passer à la fibre, me bloquez 1/2 journée, me menacez de 49 € de pénalité si je suis pas là, et.... vous apercevez en arrivant qu’il n’y a pas de place dans les boîtiers de rue.\;ChrisGo49410308;Chris Go𝕏 #PasGlop;1,14E+18;;Question technique;2025;6;6;6
1,93E+18;2025-06-15 22:59:40+00:00;Heuuuu @free @Freebox c’est normal que depuis 4h j’ai plus de réseau ni de wifi ?;PsytikX;PsytikX;3321713145;;Question technique;2025;6;22;6
1,93E+18;2025-06-16 08:29:52+00:00;@Freebox ma box oscille entre l'étape 2 et l'étape 3 depuis Vendredi soir j'ai déjà essayé de vous joindre au 3244 mais tapez 1, tapez 2 etc. conduit à une impasse.;L_Despeyroux;Laurent Despeyroux;4820648074;;Autre;2025;6;8;0
1,93E+18;2025-06-16 09:03:26+00:00;Salut @free sous combien de temps vous installez une freebox pop S dans un logement déjà équipé de la fibre ? 😇 marre de bouygues qui ne propose aucune fonction un peu poussée ):;siirzax92;Jo - Zax 🪐;1,63E+18;;Question technique;2025;6;9;0
1,93E+18;2025-06-16 13:05:41+00:00;Donc la va fait 2j que j'ai plus d'internet et @Freebox ne fait rien c'est formidable. Aucune solution de secours alors que je dois teletravailler. Formidable , faites moi penser à quitter cet opérateur le plus vite possible;flocko33;Flocko;1,26E+18;;Autre;2025;6;13;0
1,93E+18;2025-06-16 16:36:41+00:00;@Freebox Bonjour, je suis cliente Free. J’ai laissé un message au 3244 ce matin à 11h pour changer de Freebox, toujours aucune réponse à 18h35. Le 1044 m’a redirigée. Merci de me rappeler rapidement.;maarylou_v;Marylou ॐ;2979876569;;Autre;2025;6;16;0
1,93E+18;2025-06-16 18:01:41+00:00;@Freebox on nous a dit 45 minutes de réponses. Appel au 3244 qui renvoie vers free proxy qui ne répondent pas https://t.co/kYK2onER81;iac_yac;Yas;1,58E+18;;Autre;2025;6;18;0
1,93E+18;2025-06-16 19:09:41+00:00;#freebox @Freebox c'est quoi ce truc ? https://t.co/L4mz7yjxTS;MartinVine52691;Martin vineau;1,77E+18;;Autre;2025;6;19;0
1,93E+18;2025-06-17 08:27:23+00:00;Bonjour @free , c'est bien long pour trouver un créneau, ça fait 2 ans bientôt que vous m'avez promis la fibre, visiblement les actes ne suivent pas les promesses. De plus les deux derniers rdv, n'ont pas été honoré, le technicien n'est pas venu jusqu'à chez moi.;JMA38620;Jean-Marc;802241352;;Question technique;2025;6;8;1
