id,tweet
1343458257915031553,"💩 à <USER> parce-que Débit Très instable, … \n\nFree en France: vitesse, performances, pannes et commentaires des utilisateurs\n👉 <URL> #internet #Free\n\nvia <USER> <USER>"
1438534927734169617,"FreePlugs et boîtiers CPL personnels : gérer votre réseau CPL 🔗\nOn vous explique comment installer, optimiser et/ou repenser votre réseau CPL afin d'améliorer la liaison avec vos équipements.\n<URL> <URL>"
1471118475452104707,"Un incident sur nos fibres engendre des perturbations de service sur une partie des départements du Lot (46) et de l'Aveyron (12).\nDes investigations sont en cours, merci de votre patience."
1474424640470614017,Les équipes de l’assistance Free vous souhaitent de joyeuses fêtes ! Nos services profitent aussi des fêtes ce 25 décembre et seront de retour le 26 dès 9h00 ! 🎅🏻🎁 <URL>
1476961348131049473,Les équipes de l’assistance Free vous souhaitent une excellente année 2022 ! Nous ferons aussi la fête le 1er janvier et nous serons de retour le 02 dès 9h00 ! 🎆🎉 <URL>
1480457311051255811,"Liberté, égalité, prix inchangés. <URL>"
1480465391424053249,🎂 <USER> célèbre aujourd'hui 10 ans de révolution mobile ! Notre CP 👉 <URL> <URL>
1481898887937880067,"Et si votre mobile a rendu l'âme, déposez-le dans une boite de collecte disponible dans nos boutiques Free pour qu'il soit recyclé ♻️.\n\nVous pourrez en profiter pour vous offrir un smartphone reconditionné à prix Free ☺️📱"
1485331097844129798,Et vous ça se passe comment la fibre ?\n<USER> <USER> c’est la misère vraiment jpp <URL>
1485593294944063490,"Un coupure de fibre entraîne une interruption de service pour une partie des abonnés de Cergy (95). Des équipes sont sur place, nous vous tiendrons informés.\nMerci pour votre patience."
1495710997356716035,"Bonjour, une rupture de fibre engendre depuis ce matin une interruption de service sur la région de Cernay la Ville (78) ainsi qu'une partie du 78 et du 91.\nUne équipe est sur place, nous vous tiendrons informé de l'évolution de la situation. Merci pour votre patience. <URL>"
1594961300651646976,"🚨 En exclusivité, le 11 de ce soir : <URL>"
1694675653205860558,"Dans la lutte contre les installations sauvages et les infrastructures dégradées, la bonne formation des techniciens qui déploient la fibre est essentielle. J'étais ce matin aux côtés d'Idriss, formateur au centre de formation technique <USER> à Argenteuil, dans le Val-d'Oise. <URL>"
1695912123824546156,"Hello <USER>, <USER> et <USER> je crois que nous allons avoir prochainement un gros problème de fibre / PBOE <URL>"
1709659172361404776,"Bonsoir <USER>, je suis chez <USER> et voici ma bande passante #Freebox ⤵️\nVous allez pouvoir vous moquer d'eux dans votre prochain spot publicitaire <USER>\n\n<USER> <USER> <USER> <USER> 🤡 <URL>"
1711773973401235737,"<USER> <USER> <USER> \n\nEn 3 ans l’équipe technique de Free (le « BOC » m’a t’on dit) n’est pas capable d’amener 3 mètres (ou moins!) de câble Fibre, afin que j’ai la fibre (cercle rouge) comme mes voisines dont nos maisons sont mitoyennes (cercles verts). Satisfaisant?! <URL>"
1752257145536463314,Free vous présente : Freebox Ultra <URL>
1752264227656544511,Freebox Ultra : la box la plus puissante et la plus complète du marché avec les meilleurs contenus inclus.
1752679131920076838,"Encore des travaux, toujours des travaux.\nLa Freebox Révolution Light au prix mythique de 29,99€/mois c’est dispo 👉 <URL> <URL>"
1759266279620247842,".<USER> a 25 ans et tient toujours ses promesses en terme de pouvoir d’achat et d’innovation. 3 quinquennats sans toucher aux prix de nos forfaits mobiles, voilà une promesse à laquelle les français peuvent croire🇫🇷🙏🔥"
1762571081402011959,Ça fonctionne super bien la Fibre Free ce soir... Franchement c'est abusé. Déjà l'autre soir la TV de Free (OQEE) était carrément indisponible ! #FTTH #fibre #Free #Var <USER> <USER> <USER> <URL>
1795484249178755134,L’élite a connu la télécommande en acier galvanisé.
1797569914015780940,"🇫🇷 ALERTE INFO | Le prix des forfaits mobiles Free 2€ et 19,99€ n’augmentera pas d'ici 2027."
1800904073501462894,Révolutionner le marché des télécoms.
1805918937810362408,"Free, c'est près de 650 postes à pourvoir partout en France. \n\nEt toi, t'es libre ? \n\n👉 <URL> <URL>"
1811040987365421110,"<USER> et tout le réseau <USER> sachez qu'une main courante va être déposée, et ira plus loin s'il le faut.\n6 appels en 24h avec 6 numéros différents quand je demande de retirer mon numéro de vos bases de données c'est du harcèlement.\nVos forfaits de merde j'en veux pas."
1811340901450473847,"[Speedtest] Hop ! Le nouveau serveur nPerf 100 Gb/s pour vos tests de débit <USER> est apparu. Il vous permettra d’effectuer une symétrie de vos speedtest <USER> pour des conditions optimales. 🚀✨ #Nperf #Free #Speedtest\n\nAlors, ça donne quoi vos tests ? <URL>"
1812874502642049501,"<USER> <USER> Installer la fibre sans autorisation du propriétaire et en perçant de partout, c'est normal ?"
1813101958900879811,"On ne se rend pas assez compte que sans Xavier Niel aujourd'hui on paierait tous nos forfaits 144,99€ avec 65 SMS par jour, 2h d'appel par mois et 150Mo de données mobiles"
1813210070596935950,T’as précisé qu’on n’était pas gratuit ?
1813231927559643512,“C’était mieux avant”\n\nAvant : <URL>
1813254932449140912,<USER> 13 minutes 13 sec!!!!! c'est le temps ENCOREEEEE UNE FOIS PERDU à attendre après free pour résoudre un problème récurent !! INCOMPÉTENCE !!!! Ils ne répondent jamais!!!!! <URL>
1813267588560134325,"J'avais vu juste et il n'aura finalement fallu attendre que quelques heures.\n\nFree ajoute actuellement les versions HDR de France 2 UHD et France 3 UHD !\n\nDe mauvais élève, et après de nombreux messages de mécontentements sur l'absence de HDR, <USER> <USER> passe en tête en proposant dorénavant deux versions : SDR et HDR. De quoi satisfaire tout le monde (pour ceux qui ont des problèmes avec le HDR) 🥳\n\nFrance 2 UHD : canal 102\nFrance 2 UHD HDR : canal 103\nFrance 3 UHD : canal 104 (ex canal 103)\nFrance 3 UHD HDR : canal 105\n\nDispo suivant la freebox (mettez en commentaire si vous l'avez, ou pas, sur votre Freebox 4K), quelques bugs actuellement (le temps de mettre en place les flux)\n\n(photo discord jartabul)"
1813579520819286432,"Le service proximité de <USER> 1 des plus grosses arnaques de ces dernières années.Incompétents et complètement dépassés.Tu en sais plus qu'eux,tu leur dis ce qui marche pas,tu prends un rdv avec un technicien qui vient que ds 1 semaine!\nPratique pr le télétravail!\nPlus de reponse"
1813581407668871481,"<USER> comment vous joindre ? j'ai été débité pour non restitution de matériel pour une résiliation de ligne que je n'ai pas effectuée moi même, impossible de vous joindre car mes identifiants n existent plus, vos relances sont arrivées directement."
1813585524109771255,La Freebox #Ultra dans Paris <URL>
1813586665371513000,<USER> ma fibre HS depuis 3 semaines <URL>
1813586931986698575,<USER> Vous pouvez m’envoyer les avengers de la fibre svp les mêmes que j’ai chez <USER> ça fait 1mois que j’attend
1813604838682325386,"Bon je travaille En remote chez moi et ça fait 1 semaine que j’ai plus de connexion avec <USER> , ils ont envoyé un technicien qui a dit « on vous envoie un autres tech » et depuis plus de nouvelles, de base je kiff free, <USER> le boss etc etc mais la ,,,."
1813625655374098443,<USER> il va falloir revoir la sélection des installateurs de fibre optique !!! J’ai pas commandé un fil pour étendre mon linge … le voisin non plus ! Donc va falloir revenir !!! <URL>
1813628840624943206,"<USER> <USER> <USER> <USER> Bonjour\nComptez vous intégrer les versions HDR de FR2 et FR3 sur les applis Oqee TV hors player pop (LG TV) ? Et si oui, sous quel délai approximatif (à temps pour les JO) ?\nNous sommes nombreux à utiliser l'appli sans le décodeur, ce serait très appréciable.\nMerci par avance"
1813633896136994907,<USER> <USER> <USER> \n1/2 \nSalut Free je désespère.....\nClient depuis 20 ans payant à chaque fois le renouvellement de mes box plein tarif sans jamais un geste commercial pour ses vieux clients. \nJe subis depuis le moi de juin des coupures intempestifs de ma ligne
1813652642113229136,<USER> de l’aide s’il vous plaît 🙏🏼 <URL>
1813672057575731665,"<USER> <USER> Ne passez pas chez free !!!! Depuis le mois de mai, j'attends qu'ils me rendent ma clé avec laquelle l'installateur free est parti !!"
1813684903856468282,<USER> pourquoi j’ai des bugs de connexion wsh je paye la fibre
1813698687253746036,"Merci <USER> de m'avoir fait passer une ""super"" soirée en live et merci pour ces 2 déconnexions pour une mise à jour de la box en pleine soirée...\n\nEn l'espace de 2 mois j'ai déjà eu 2 soucis majeur de connexion avec votre box.... et ça sans JAMAIS aucun geste commercial..."
1813864570282541144,Bonjour <USER> je cherche à modifier des mots de passe de boîtes mails qui sont gérés chez vous sur des domaines un peu vieux. Comment peut-on faire ça n'a pas l'air possible via la page webmail free
1813867624843055326,"<USER> Bonjour, mes parents ont fait leur inscription ( enfin ! ) le 9, et depuis pas de nouvelle toujours bloqué à cette étape, c'est normal ? <URL>"
1813886775799984228,"<USER> c’est normal des signalements pour pertes de synchro (des dizaines de fois par jour), des rendez-vous techniciens annulé sans prévenir le client, une assistance téléphonique qui indique que la ligne est rétablie alors que la Freebox est en étape 3? #freeboxUltra"
1813922662487568753,1/2 [SMSoIMS] Vous pouvez désormais envoyer tous vos SMS par le réseau 4G ou Wi-Fi en France métropolitaine.\nL’option est activée automatiquement pour l’ensemble des abonnés mobiles <USER> et disponible selon la compatibilité de votre téléphone (Android et iOS). <URL>
1814009656504885552,Depuis le 23/06 je suis en attente d’un rdv pour la fibre chez <USER> je suis du coup pas encore client et je pense qu’a cette allure là je ne le serai jamais !! Honteux
1814030614103785545,<USER> <USER> <USER> dépêchez vous
1814031065990001071,<USER> <USER> moi aussi j'attend le technicien depuis une semaine
1814034736118927866,"<USER> allo,avez vous des nouvelles pour le réseau SVP ???"
1814035247333253492,<USER> <USER> Non plus rien depuis 15 mn même Coralie est chez Free en téléphonie et pas de réseau
1814081417405497766,rendez la wifi <USER>
1814208069481422980,<USER> Non mais vous répondre trois jours après... Super le service après vente
1814215859520352478,<USER> Bonjour j'ai fait installer votre box depuis 10 min. Mais comment on fait pour avoir un être humain en ligne pour assistance ? Impossible au 3244 ni au 1044. Merci
1814220122342470038,"<USER> bonjour Free. Cela fait 1 mois que je n'ai plus internet. Un rdv avait été fixé puis annulé pour, je cite puisque vous deviez intervenir dans ""les plus brefs délais"".\nNous 'avons as la même notion de bref délais.\nQue faut-il faire pour avoir internet ?"
1814232564715966700,"<USER> <USER> <USER> \nBonjour Monsieur Niel\nVoila plus 20 ans que j'encense Free depuis Freesurf !\nJ'ai tous mes forfaits chez vous ...\nDepuis le 15 fev maintenant, je n'ai plu la fibre pro dans ma société qui, de fait, est en péril ... Que faire ??? \nQuelle déception ..."
1814238911964512258,<USER> Normal pour vous qu'un des vos employés a souscrit a ma place sans mon accord un abonnement Free mobile et que l'on me demande d'envoyer un courrier de rétractation pour un abonnement que JE n'ai pas pris ?
1814253298322477539,<USER> <USER> Dites <USER> vous n’avez pas honte de couper toute connexion et d’afficher un message d’erreur sur la freebox « contactez un technicien pour installer la fibre » c’est quoi ce forcing en pleines vacances d’été? Vous pouvez pas attendre la rentrée? On n’est pas encore en 2025!
1814266726114107603,"<USER> 3 semaines sans internet et rien ne bouge malgré plusieurs appels, des rdv techniciens annulés... Chez free quand ça fonctionne c'est bien mais quand il y a un problème technique il n'y a plus personne, ni même au téléphone. Chez free j'ai tout compris : FUIR !"
1814276844889289006,"Impossible de contacter l’assistance free si c’est pas avec le numero de mobile de la personne concernée ! Super, on peut pas aider les retraités !! <USER>"
1814296005510144260,"<USER> <USER> l’assistance Free devient complètement aberrante, l’invention de Proxy n’arrange pas moins la situation"
1814299035529834820,<USER> abonnée myCANAL via <USER> je n’ai pas récupéré la diffusion sur mon téléviseur….ça fonctionne sur tablette…est-ce normal?
1814306411746054410,<USER> <USER> <USER> Sa donne que j’ai besoin de couverture au travail help me !! saint Pol sur Ternoise 62130 <URL>
1814314333343465484,<USER> <USER> <USER> Toujours de chaine 103 et 104 HDR sur <USER> sur ma tv samsung.
1814327641547145515,<USER> c'est normal de balader vos clients victimes d'un écrasement de ligne pendant un mois sans aucune information sur un délai d'intervention ? Pourtant la loi vous donne 8 jours pour rétablir la connexion. Ou alors free je n'ai pas tout compris
1814334384704565600,<USER> je n’en peux plus 1 mois que la box s’arrête en pleine journée pour ne redémarrer qu’a 23h impossible de vous joindre ! C’est terminé je résilie. À ce niveau c’est de l’incompétence.
1814336508846899237,"<USER> <USER> il faudrait deja commencer par assurer un reseau correct ! pas de reseau mobile depuis une semaine dans le Nord des Landes, free annonce une maintenance des relais, et maintenant comme ça dure, free accuse Enedis pour une histoire de ""compteur electrique"" de qui se moque t'on ??"
1814336903992541578,C’est quoi le problème avec <USER> ? La wifi de chez moi n’arrête pas de sauter. Je paye 48€ par mois pour ne pas avoir de connexion. Foutaise !
1814344612590358589,C’est parti pour la finale du Mondial de rugby U20 💪🇫🇷\n\nALLEZ LES BLEUETS ! \n\n#lequipeRUGBY <URL>
1814348139559612633,"Commence vraiment à m'agacer <USER>. 3 jours pas de Tv pas d'internet, censé être rétabli à 16h, toujours rien. C'est pas la 1ere fois que ça merde"
1814348364185538617,La diffusion de <USER> interrompue depuis plus de dix’ minutes sur <USER> #freebox <USER>
1814348631937311037,"<USER> <USER> \n\nCoucou ! \nJe n'arrive pas à me faire comprendre par votre conseiller, \n\nJe souhaite avoir &gt; Freebox Ultra. \nJe possède déjà un abo netflix + prime : \n\nJe n'aurai plus qu'à payer la différence entre le tarif de votre forfait Netflix et le prix de ma formule ?"
1814348648827834768,"<USER> bonjour, pas mal de problème de réception chaînes, êtes-vous confronté à divers problèmes ? Merci pour votre retour"
1814350121863180290,"<USER> <USER> <USER> <USER> J'ai FR2/FR3 et quelques autres où j'ai un écran noir. BFM ça s'arrête, revient, s'arrête....."
1814351024800338122,<USER> <USER> Je pensais être le seul ça me clc la sah
1814351117712818309,"<USER> <USER> <USER> <USER> <USER> Ho <USER> c'est quoi cette merde là j'ai beau redémarrer la box,\n là chaine l'équipe 21 fait que de couper\nSur mycanal ça coupe pas..."
1814351196942970891,"<USER> je tente de regarder le rugby sur <USER> là... C'est un enfer ça saute toute les 2 secondes. C'est partout chez vous ou juste moi ? En attendant je coupe, c'est infernal 😩 <URL>"
1814351242035884167,Problème de flux Tv sur Levallois 92300 alors que le débit internet est ok \nVous avez des soucis identifiés <USER> <USER> ?
1814351414161732036,"<USER> <USER> Bonjour, pareil de notre côté"
1814352298845319666,"<USER> J' en ai marre. J'essaie de regarder la finale de la coupe du monde de rugby U20 sur la chaine l’Équipe. Mission impossible : Des coupures toutes les 3 minutes. Heureusement je peux regarder la même chaine grâce à la TNT. Mais pourquoi payer 40,00€ si Free ne sert à rien."
1814353719720325462,"<USER> <USER> <USER> <USER> Y a pas mal de chaines qui beuguent,j'espère que #Freebox va régler ca assez vit😡"
1814353725663916160,<USER> <USER> Idem ! Est à cause de la panne mondiale ?
1814354329827991701,<USER> <USER> <USER> <USER> Idem les trois quarts des chaînes écran noir ou image figée.
1814354533444673583,"<USER> <USER> Oui moi aussi ma freebox reste avec l'écran figé. Pour internet pas de problème, mais la télé une catastrophe😤 j'ai éteint et rallumé la freebox tv mais impossible de regarder les chaînes TV 😭"
1814356278237368711,"<USER> honteux la connection chez free, impossible de suivre l'équipe de France en finale de la coupe du monde de rugby ..."
1814356388652429578,⚠#PANNE FREEBOX EN COURS⚠\n 📡20 freenautes ont signalé des pannes #Internet dont 15 sur le réseau #fibre de #Free depuis 15h19\n🌍Ville concernée : La Roque-d'Anthéron (13640)\n⬇️⬇️⬇️\n<URL>
1814358944497664395,<USER> <USER> idem mais là ça fait 30sec que ça déconne plus.\n<USER> <USER> vous connaissez les RS pour informer vos clients de vos problèmes ?
1814358979511763365,Le désordre continue avec une image saccadée sur les téléviseurs des clients de ⁦⁦<USER>⁩ .Peut-être qu'il serait temps de se demander si ce n'est pas le service qui est défaillant.⁦<USER>⁩ 🤫🤨 <URL>
1814360105342660968,<USER> <USER> <USER> <USER> Jamais vu une box aussi chiante que celle de chez free.
1814360763919655031,Bonsoir <USER> y a-t-il un problème avec le serveur ma box ne capte rien merci
1814360943918211385,l'App <USER> est down sur box Androïd et TV Samsung <USER> <USER> <USER> #free #freebox
1814361238320595218,<USER> y’a t’il un pb sur le réseau ? Aucune communication !!! Aucun message !!!! Ça serait bien d’informer les clients !!!!
1814361330196926929,<USER> <USER> Oui pareil erreur dash ?
1814362021707583763,<USER> Et sinon le BUG DE OQEE ON EN PARLE ?????
1814362029194617328,<USER> panne TV ici dans 78.\nDowndetector remonte une explosion des problèmes?une communication <USER> <USER> ?
1814362356207759446,<USER> Encore et encore <USER>
1814363066600947901,<USER> <USER> <USER> <USER> <USER> Je confirme! Panne sur Free TV OQEE!
1814363117532422254,<USER> oh pitié ça fait 4h que j'ai pas de co faites quelque chose
1814363924684517557,Vous aussi vous avez un souci avec votre #freebox ? Erreur 20 d’authentification ? Et sa bug quand il arrive à s’identifier difficilement ? <USER> #free
1814364083820318967,"<USER> Vos liens ne donnent pas la possibilité de s'adresser à vous quand on n'est pas abonné Free. Vous en revanche, vous percez les façades de tout le monde, sans en avoir l'autorisation. Rdv au Tribunal ? <USER>"
1814364127261012234,<USER> <USER> Ouais la même
1814364499391996414,<USER> <USER> Pareil
1814364822408180214,"oqee <USER> <USER> est HS ce soir, il demande a se connecter depuis une ligne free, et <URL> fait un internal serveur error quand on veut s'authent."
1814364867035324900,"<USER> problème panne authentification de la Freebox bloquée sur étape 6, département des Landes depuis 20mn environ"
1814364915911557280,<USER> <USER> Bloqué à l'étape 6.
1814365145579094224,"<USER> <USER> Pareil, bloqué à l'étape 6😪"
1814365177191534630,<USER> <USER> <USER> <USER> <USER> Oui panne sur les Freebox
1814365329507643661,<USER> <USER> Bloqué étape 6…
1814365369529970744,<USER> <USER> La même et le site <URL> semble KO aussi #free
1814365629883003146,"<USER> , un souci actuellement ? Je suis bloqué étape 6 de la Freebox... <URL>"
1814365932426539130,Vous aussi vous êtes bloqués à l'étape 6 avec votre freebox? #panne #free #freebox <USER> <USER>
1814365941045604823,"Panne internet plus de <USER> , franceinfotv, <USER> <USER> chez <USER>"
1814365976307060924,"Aujourd'hui c'est le ""#ITOutageDay"", et <USER> a décidé d'y participer à sa manière, freebox TV out, ainsi que l'authentification pour <USER> . C'est crowdStrike qui s'occupe de la sécurité chez vous <USER> ? 😆"
1814366025778864287,<USER> bonjour pas de connexion ce soir sur ma box 😭
1814366035518054552,"<USER> Bonjour, nous sommes plusieurs bloqués à l'étape 6. Un problème général ?"
1814366183824486679,<USER> <USER> <USER> Oui ! Depuis 3 quarts d’heure 😫 <USER>
1814366189977583632,"<USER> <USER> <USER> Oui pareil, apparemment il y a une panne"
1814366299344253196,"<USER> <USER> Idem dans le 27, bloqué à l'étape 6. :("
1814366346995740735,<USER> <USER> ERREUR 20-FF: L'authentification a échoué <USER> ?
1814366412007256112,<USER> Bonjour Free ! Incidents en ce moment en fibre sur la France ? Dans l’Herault ? Béziers ? Merci de votre réponse
1814366416214048928,<USER> plus d’internet depuis 45 mn ??
1814366706392863042,<URL> Et sa continue maintenant internet <USER> #Freebox qui fonctionne plus merde 🤬😤
1814366710188614140,<USER> <USER> <USER> ont en parlent du bug Oqee impossible de regarder la tv !!!!!!
1814366794900975825,"<USER> PROBLème de télé, impossible d'accéder aux chaînes : erreur dash 1302. personne ne répond au 3244 alors qu'il est censé être ouvert jusqu'à 21h,"
1814366857656193376,<USER> <USER> <USER> Erreur egalement de mon coté.\nEt l'appli ne marche pas non plus.
1814367176247390372,<USER> <USER> <USER> <USER> <USER> Ça bloque à etape 6 chez moi
1814367183868203302,<USER> <USER> Quand tu appel sa sonne pas et ça nous dit que c’est un numéro non attribué.
1814367510915064235,<USER> <USER> Idem. Site inaccessible et 3244 injoignable.
1814367532830302641,<USER> <USER> Pareil
1814367584264835443,<USER> <USER> <USER> Oui pareil ici !
1814367603932143955,"<USER> <USER> <USER> <USER> <USER> \n#freeboxultra #PireBoxDuMonde \nDéjà un débit pourrit, la tv qui freeze comme de l’adsl et la carrément rien qui marche ce soir et pour prévenir de l’incident ça ne marche pas non plus …\nDifficile de ne pas vs détester la <URL>"
1814367656012632179,<USER> c’est vraiment le pire service qui existe
1814367744072228929,<USER> \n\nOn est vendredi soir. Je n'ai plus aucune chaîne de télévision depuis une demi-heure. Aucun accès non plus à l'assistance en ligne (page d'erreur) ou par téléphone 'ne répond pas).\n\nEtonnamment ça commence à me gonfler.
1814367793833283754,"<USER> hello, gros soucis ce soir, impossible de joindre le 3244 et freebox pop bloquée en étape 6. Que se passe t il ?? Crowstrike vous joue aussi des tours ? Commune de Brignais"
1814367848115868154,<USER> <USER> <USER> Moi en Normandie freebox bloqué étape 6
1814367970631496064,<USER> <USER> Pareil ile de France !
1814368063162110167,<USER> <USER> <USER> Même chose dans hérault.
1814368095236137277,<USER> <USER> <USER> Pareil dans le 94. Mais ça fait un moment que je rencontré des problèmes avec Free malgré un changement de box récent...
1814368111984029869,Il y’a une panne chez free ou quoi? Ma box est bloqué à l’étape 6 <USER> <USER>
1814368352434884835,<USER> <USER> <USER> Pareil (Paris)
1814368381832692008,Help <USER> je suis bloqué a l étape 6 et votre service client est injoignable. Une idée svp ?
1814368425491222821,<USER> Help Free plis d'internet et impossible de vous joindre par téléphone ☎️
1814368437122035989,<USER> <USER> ENCORE EN PANNE SUR BESANÇON … MAIS C’EST QUOI CE BORDEL DEPUIS 2MOIS ????\n#freebox #Free <USER>
1814368516692123878,"<USER> Impossible de regarder le match sur ma box free, quelqu un a des infos ? 🥹\n\n<USER>"
1814368519506550808,<USER> <USER> <USER> Idem dans le 34
1814368538431283401,Le fait que la télé par <USER> soit HS m'emmerde un peu plus...
1814368576603586914,<USER> <USER> <USER> 62 aussi
1814368731113324770,#panne freebox probleme connexion <USER>
1814368736024907983,<USER> <USER> <USER> <USER> Pareil dans le 95 :(
1814368748637192638,<USER> <USER> <USER> En panne aussi
1814368765855052207,"<USER> Freebox, impossible de vous joindre par téléphone au 3244 pourtant c’est ce numéro que vous communiquez. Depuis ce matin des gros problèmes de réseaux, impossible de regarder la TV la ça commence à me chauffer en plus on ne peux pas vous joindre …"
1814368857399677065,<USER> bonsoir voilà encore une fois free ne fonctionne pas reste bloqué sur le 6 😡😡😡
1814368890853396531,"<USER> <USER> <USER> Depuis une 30 aine de minutes , internet marché sans problème mais freeze tv sur certaine chaîne, je redémarre ma box puis pouff étape 6 et sa mouline ( haute garonne)"
1814368963826164172,<USER> <USER> <USER> Idem 93
1814369108772684226,"<USER> serait touché par la #panne numéro injoignable, services qui ne fonctionnent plus. Je ne pense pas que se soit un hasard. #pannemondiale"
1814369111767691372,"<USER> bonsoir,\nBloqué en étape 6 depuis 20 minutes.\nImpossible non plus d'accéder à support free.\nQue se passe-t-il ?"
1814369119266865295,<USER> <USER> Idem paca impossible de tel au 3244
1814369327912759540,<USER> bonjour. J'ai demandé un dédommagement pour les nombreux dysfonctionnements que je subis sur votre réseau et depuis je suis devenue personne non grata et silence radio de votre part. Vous trouvez ça normal et correct ?
1814369345046491472,<USER> plus de télé et plus internet.\nJe suis bloqué étape 6 de la Freebox à Marseille...
1814371729541644775,"<USER> <USER> moi c’est juste les chaînes, le wifi fonctionne encore chez moi mais c’est vrai que c’est relou a mort là 💀💀"
1814375336324329737,"Hello <USER> ! On n’a plus de wifi … malgré un reboot, la box reste bloquée en étape 6 \nQue faire ? \nOn n’arrive pas à se connecter à notre compte client non plus (sur le net ou sur l’appli !)\n<USER> #Free #FreeBox"
1814382286923567349,<USER> <USER> <USER> Idem dans le 17
1814382699894739345,"⚠#PANNE FREEBOX EN COURS⚠\n 📡20 freenautes ont signalé des pannes #Internet dont 19 sur le réseau #fibre de #Free depuis 18h15\n🌍Villes concernées : Meaux (77100), Nanteuil-lès-Meaux (77100), Crégy-lès-Meaux (77124), Villenoy (77124)\n⬇️⬇️⬇️\n<URL>"
1814390436729106557,<USER> <USER> <USER> Panne chez Free malheureusement…
1814399365433201068,<USER> moi quand l'heure de ma Freebox est revenu et quand la tv ne marche pas du tout je sais pas quoi vous jouez à part prendre l'argent vous faites quoi #Freebox à part de mettre touche temps en panne les autres bande de voleurs <URL>
1814781596269973640,.<USER> vous êtes le pire opérateur c’est terrifiant
1814786397020299656,<USER> <USER> nan mais la box stp j'ai jamais vu ca
1814943214706544813,"Même chose ici pour mon épouse alors que moi ça fonctionne.\n<USER> , <USER> : ce n’est pas la première fois que ça arrive, ça serait bien que ces boîtes fonctionnent normalement très rapidement."
1814963647577243680,<USER> <USER> Et ce qui est très très énervant 😡 c’est que <USER> ils font les morts ! \nGenre l’assistance est censée t’appeler en 45mn … ça fait 1h30 et aucun appel ou message ! \nService calamiteux ! \n<USER> : votre SAV est nul ! Sachez le ! \n<USER> \n#Free #FreeBox
1814979921292251155,<USER> bug souscription
1815009023134958046,"<USER> <USER> <USER> <USER> pourquoi j'ai sa, quand je regarde un programme sur Universal+ ? <URL>"
1815085175992098887,"<USER> bonjour, pb des flux vidéo sur Massy 91 fibre ! Coupure régulières.\nPendant les matchs c est insupportable ! Attention pas de ça pendant les jo.\nPas de mail non plus."
1815097457451160013,On préfère la eligue1 avec <USER>
1815098119929135332,Enfin quand ça marche hein <USER> ?? <URL>
1815138793457848826,"eh <USER> !!! Votre fameux wifi 7 et vos répéteurs sont nuls de chez Nils. La box ultra plus 3 répéteurs sont bien en dessous des trois Google que j'avais. Vous vendez du rêve , mais c'est surtout du bas de gamme made in pourrave."
1815140060301258862,OUAIS C’EST BON J’AI COMPRIS EN VRAI LES COUPURES DE CONNEXION TT LES 2/3MOIS OU J’AI PLUS DE CO PDNT 3/4jours ACTIVE VITE <USER>
1815290266938433696,Bonjour <USER> <USER> plus de d accès a ma boîte mail depuis 72h via zimbra ou imap un délai de résolution ? <URL>
1815291507978403947,"<USER> Bonjour petite question, vendredi on me dit que vous avez reçu une demande d’écrasement de ligne. Que nous n’avons jamais demander, et que pour annuler cela je dois vous contacter. Je le fais on me dis que l’écrasement ne sera pas fais, et que j’aurais pas de coupure."
1815335841469780007,Bonjour <USER> des nouvelles concernant l'étape 3D rencontrée sur certains freebox dans la région Nantaises ? un ETA de prévisionnel ? Merci (cc <USER> )
1815341040897011942,"Les mails Free touchés par un problème, de nombreux abonnés n’y ont plus accès <URL> <URL>"
1815344412030837164,<USER> serait-il possible de ce joindre par message privé
1815352004689990054,Tintin il a autant de meufs ???????? <URL>
1815369159535993284,"<USER> <USER> \nDes années chez Free 44€/mois \nImpossible de profiter des chaines TV, 4KM le ligne ADSL. \nDes mois de contact avec le support pour une avancée fibre, toujours en attente, que faire ? La 5G ? Pas stable et 5mo's, <URL>"
1815385518223364467,Jour de reprise en télétravail et merci <USER> !\n<USER> faudra me faire une lettre pour mon patron j’ai des brouettes de mails à traiter !!! 😅 <URL>
1815391031518548246,Bientôt 20 jours que j'ai pas internet chez moi. <USER> vous allez me rembourser mon mois
1815405458875990485,"Fav si t’as déjà croisé cette télécommande dans ta vie, c’est pour une étude personnelle. <URL>"
1815430797685649658,<USER> La mienne les bouton marchent plus depuis des années.
1815434963325788185,<USER> C'est combien pour la Freebox révolution ?
1815445537841348908,<USER> Ben voui je la croise quotidiennement sauf qu'elle ne fonctionne plus et que j'ai pas envie de payer pour son remplacement pk ce matériel ne m'appartient pas .du coup je fais avec une appli merdique emplie de pub .depuis quand on paie pour remplacer un matériel défaillant ?
1815452064014889079,"<USER> Moi, et pluuuuus jamais, c'est de la merde ca bug tout le temps"
1815453627907035516,"<USER> Mdrrr mon père l'a encore, aidez le svp."
1815470209333117278,"<USER> Mouais avant de faire de la récup arrêter de vs comporter comme des voleurs. Dès que je rentre de vacances ça sera les feux de l'enfer pour vous, j'ai déjà prévenu les trisos de vos plateformes téléphoniques mais visiblement votre service client n'a rien à branler de ses clients"
1815472452387958971,<USER> <USER> <USER> Moi aussi mdrrrr jsuis bloqué à l’étape 2
1815472947911405671,<USER> <USER> <USER> via imap/smtp de free impossible de se co sur zimbra aussi
1815481986607350157,<USER> Oui et vraiment de u d'avoir fait confiance a côté marque car franchement emmerdes sur emmerdes pour la box maison.. 🫣
1815491225429979280,<USER> <USER> <USER> J’imagine pas de réponse de leur part également ? J’ai envoyé un message à 10h via à l’application et je me suis rendu en boutique pour avoir un conseiller sans succès… je pense qu’il est grand temps d’aller voir ailleurs 😭
1815496572446335219,<USER> On en parle quand de la panne vendredi dernier ?
1815498393424191895,"<USER> bonsoir, j'ai toujours des gros problèmes avec les services télé sur ma Freebox. La panne se poursuit depuis vendredi soir... Savez-vous quand cela sera résolu ? Merci d'avance"
1815511298165379535,<USER> Ça serait possible de donner des informations aux abonnés concernant la panne qui dure depuis vendredi sur les boîtes mail zimbra? J'attends des mails importants et là ça commence à être long!
1815522787097723137,<USER> vous devriez augmenter vos prix peut être que sa réduira les 200 pannes qu'on a chez vous chaque mois.. 😮‍💨
1815578602194239663,<USER> Oui. J'ai eu la Freebox révolution pendant plus de dix ans.
1815602581122740359,<USER> c’est quoi sa pk ma free elle fais que de se redémarrer la il est 6h vous jouez a quoi la
1815605376836047258,<USER> toujours pas de boîte mail depuis vendredi soir et toujours pas de communiqué sur le problème !!!!
1815631010496664047,"<USER> <USER> <USER> Heureusement, ton forfait free te permet de travailler avec ta 5/4G\nAhhhh non, c'est vrai, quand les Freebox ne fonctionnent pas, le réseau non plus."
1815651440276226289,Je sui a laeropor bisouuuu je manvol <URL>
1815658181621637467,"<USER> <USER> <USER> J’ai eu ça pendant 3 mois, un camion a heurté l’armoire fibre de mon quartier. Clairement à part être patient free ne propose rien, le pire c’est que j’ai été obligé de prendre un abonnement 4g à mes frais pour survivre."
1815661610238640218,<USER> Merci <USER> Oui c'est bien ça mais ça serait pas mal de régler le pb de connexion au mails via Zimbra ou imap.... impossible d'avoir ces mails depuis 5 jours maintenant 😭😭
1815667417332252776,<USER> <USER> Freebox Delta Fibre bloquée en étape 3 depuis hier. Secteur 14320 SAINT-MARTIN DE FONTENAY. On me signale un incident collectif. Plus d'infos SVP ?
1815672859026432104,<USER> 🇫🇷 ALERTE INFO | Plus d'email depuis 5 jours et 0 communication de <USER> qui n'en a rien à foutre des pigeons que sont les clients.
1815677323892375713,<USER> <USER> Votre co la pas ouf
1815678028036350434,"Bonjour <USER> jamais vous répondez sur WhatsApp ? J ai commandé la nouvelle box ultra je veux me rétracter. Je vous l ai signifié, vous ne répondez pas, UPS me prévient que le colis est expédié ,il sera refusé."
1815684675941150933,<USER> Bonjour \n\nPossible d'échanger un dm ?
1815690366210789745,<USER> vous pouvez répondre à vos putain de clients ?! Je n’ai pas de connexion et impossible de vous joindre depuis 12h bande d’incompétents
1815696335493824916,"<USER> Bonjour depuis hier 23h je n’ai plus internet la box s’allume rouge, et est bloqué à l’étage 2. J’ai essayé d’appeler une dizaine de fois on me renvois vers une assistance en ligne qui eux ne me répondent pas depuis 8h"
1815698224314753124,<USER> J’attends toujours une reponse depuis quasi 24h sans connexion et personne ne répond. Je vais passer chez orange vous êtes des incompétents
1815704324275581168,"<USER> Au lieu de faire des blagues, réglez vos problèmes de panne ! 3 jours sans wifi (en plein tt) + ma tv est bloquée à l’étape 2, service client de mes couilles avec vos call center dans je ne sais quel pays du monde."
1815717055137505325,<USER> votre livreur a déposé le colis fait une photo et est reparti avec le colis et est parti avant que l'on puisse arriver
1815743012703514976,"<USER> bonjour, problème sur le freebox player de ma mère.\nImpossible d'utiliser le timeshifting et quand elle allume sa télé elle tombe toujours sur la mosaïque...Une idée du problème?"
1815760969290658108,"<USER> bonjour, possibilité d’avoir des infos sur le raccordement impossible à la fibre chez vous ?"
1815768881639653749,<USER> <USER> <USER> on en parle de vos techniciens qui ne viennent jamais ? En 3 rendez vous 2 plan foireux ? Vous pensez que notre temps ainsi que nos CP sont en illimité ? 50€ d’abonnement pour ça vrmt ?
1815783585137258752,<USER> vous n’avez plus d’assistance pour la box? Comment se fait il que depuis hier soir 23h personne ne me répond concernant ma panne
1816006388507607216,"Pour cet été, <USER> sort le grand jeu et a dimensionné spécialement ses infrastructures mobiles pour l'afflux de touristes en France. \nAvec des événements culturels et sportifs d’exception, nous avons ajouté des sites mobiles provisoires (pylônes ou remorques) et renforcé les 4G/5G à certains déjà existants, aux endroits où nous attendons le plus d’affluence. \nDes projets qui ont parfois nécessité 2 ans de travail pour vous offrir une couverture spécifique d’envergure.🚀"
1816064804177731893,<USER> j’ai un gros soucis avec votre service litige qui ne donne plus de nouvelles !! Ou vos prestataires qui fixent des rendez-vous et ne se présentent pas sans donner d’explications. J’ai pris une journée de travail pour rien ! L’installation de la fibre #free #fibre #travail <URL>
1816102705040912735,<USER> <USER> Free j’vous aime bien mais depuis la panne vendredi j’ai que des crash internet. Je ne peux également pas regarder la TV correctement ainsi que jouer en ligne
1816400673015058724,"<USER> ,<USER> \nDes soucis sur nailloux 31560 ?\nDes problèmes peut être ?\nA priori 3 ou 4 zones touchées… <URL>"
1816733686932406649,"[Incendie] Un incendie s’est déclaré ce matin au nœud de raccordement de Saint-Orens-de-Gameville (31), proche de Toulouse, dans la zone technique d’un tiers. Plus de 2.000 abonnés fixes <USER> se retrouvent sans services.\nNos équipements ont été impactés par l’incendie et sont actuellement inaccessibles car le toit s'affaisse et rend l’accès dangereux. De gros travaux sont à prévoir avec des délais de rétablissement rallongés sur ce type d’incident."
1816775134151131442,J’suis censé aller où avec ça <USER> <USER> ?? <URL>
1816846689921085907,"<USER> Bonjour, je vous ai DM"
1816905306603180411,<USER> We c’est sale quand je joue j’ai 20 Ms alors que je suis fibre câble plus sa m’enlève le jeu sa me met connexion modifier chaque fois je vais aller chez bouygue hyn
1816962551856632313,<USER> <USER> SVP C’EST POSSIBLE DE RÉTABLIR LA CONNEXION ÇA FAIT 3J Y’A DES COUPURES DE CONNEXION AJD ÇA FAIT 10H J’AI PAS DE WI-FI LA SEULE SOLUTION C’EST CHANGÉ D’OPÉRATEUR ?
1817084559474733391,"Bonjour, le bordereau de renvoi de matériel ne marche pas même après plusieurs essais dans différents points relais, la date d’envoi à expirer il y a quelques jours (2 pour être plus precise), est-ce tjrs possible d’envoyer le colis, si oui comment ? <USER> <USER> <USER>"
1817085988214309199,"<USER> <USER> \n\nComment résilier mon abonnement ? Votre site me demande de me reconnecter, mais rejette mes identifiants valides. J'ai déménagé hors de France. Pouvez-vous résilier mon abonnement ?"
1817134677070635237,Gros problème de réseau actuellement chez <USER> via la fibre.\nPlus d’accès internet.\nÉtonnamment la box affiche l’heure mais ne semble pas ne pas réussir à se connecter et il est même impossible d’accéder à l’interfaces de la box via le lien <URL> que vous avez abandonné ces histoires d’interfaces qu’on ne peut accéder que via un putain de lien qui a besoin du DNS on pouvait pas en rester à une adresse IP à la con quoi qu’il en soit je suis pas le seul dans ce cas de figure actuellement j’espère que c’est une putain d’attaque et que ça détruira les infrastructures au moins je serai un peu indulgent sinon j’ai juste envie de foutre le feu à tous vos réseaux
1817134820046028854,<USER> <USER> merci de nous informer del' avancement des travaux à St-Orens De Gameville.\nMerci.
1817136420688998735,Bonjour <USER> <USER> <USER> \n\nPensez vous que répondre cela a vos clients c'est '' \n commercial '' ???\n\nCela fait deux ans que les problèmes récurents du réseau Adsl fixe d' <USER> me coupent mon accés internet plus d'un tiers de l'année avec un débit indécent en 2024 ( il l'était déja en 2018 ! )\n\nJe pense qu'il est peut etre temps de secouer l'opérateur historique non ???\nCar je suis dans la <USER> et a moins de 5 Km de la 1ere technopole d'Europe ...
1817231152073023897,<USER> <USER> Bonjour. Depuis 2 jours la Freebox ne marche plus elle reste bloquée à l'étape 2 y a-t-il des problèmes de réseau dans la Loire
1817232584272748736,<USER> Bonjour j'ai un code Erreur de lecture 1330 avec l'application oqee sur ma télé LG.\nJe ne trouve rien dans votre site concernant ce code d'erreur.
1817236444819198011,Hey <USER> ! Ça vous arrive de décrocher au 3244 des fois ou bien ça devient comme les médecins faut prendre RDV 6 mois plus tôt ?
1817259246435680651,"<USER> ça serait bien d'arrêter de faire les morts, et de répondre et d'arrêter avec cette putains de boîte vocal quand on veut parler à un humain !!"
1817287377561215062,"<URL> voulais faire le Panthéon, j'ai changé d'avis.."
1817293294894006403,"On dira Merci <USER> et sa connexion instable qui pue la fiente de pigeon. Le stream tient pas, steam non plus, on adore."
1817480913602719964,"Pensée émue pour ceux qui n’ont pas les 5,99€ pour regarder les #JeuxOlympiques sur Max et qui doivent subir les commentaires et coupures du service public."
1817488361117851706,"<USER> Après une panne nationale de Free sur la TV il y a une semaine, puis panne de quatre jours sur la messagerie, black out sur ma ligne, panne collective depuis le 25 juillet. Pas de date prévisionnelle de rétablissement. Vous ne vous en vantez pas, hein ?"
1817504514250834364,<USER> <USER> <USER> <USER> <USER> <USER> Je suis chez free mais c'est quoi Max ?
1817541685997408734,<USER> Bonjour. J'ai pris l'abonnement MAX mais impossible de m'y connecter. Je n'a rien reçu pour activer l'offre. Que faire ? <URL>
1817565710496756022,Hello <USER> je suis abonnée à <USER> et je peux plus regarder les films et séries USA parce c'est version originale et sans sous titrage. Pourriez pas faire quelque chose ? Une fidèle cliente
1817604296860397717,"<USER> malgré s être pris 15jours en avance, plus de téléphone plus d internet plus de télé. \nOn nous demande un rdv physique pour régler le problème mais aucune place pour rdv.\nÇa va durer longtemps ?"
1817641188469743917,Ma box <USER> qui ne fonctionne de nouveau plus... ça fonctionne très aléatoirement c'est pénible!!!\nRencontrez-vous le même problème ?\n#OlympicGames
1817643966269206941,"Très déçue du service client <USER> . \n2 ans difficiles sur mon adsl: faible débit, interruptions répétées de plusieurs jours, jamais aucun geste commercial. Et maintenant <USER> me facture plus de 40 euro ma résiliation pour une ligne qui n'a jamais fonctionné comme promis !"
1817654120893059482,"<USER> <USER> j'ai un abonnement canal souscris via ma box, impossible de me connecter sur l'application MYCANAL et vos deux services se renvoient la balle...\n\nÇa commence à bien me gonfler votre histoire."
1817655085247434993,<USER> Attention!\nLors d'une résiliation Free vous prélève le montant des appareils même si vous les renvoyez 📷\n...et ne répond pas aux demandes d'explications...
1817657929157525530,Hello <USER> je n'arrive pas à créer mon compte sur MAX alors que je suis chez moi et Wifi activé. <URL>
1817663346239307979,"<USER> Bonjour, je vais perdre tous mes cheveux pour comprendre pourquoi le formulaire pour compléter mon adresse afin de voir pour la fibre ne peut pas être validé ! j'ai rempli tous les champs, mais impossible d'envoyer...je suis à deux doigts de partir de chez vous..."
1817664848471175324,"<USER> Espérons que vous pourrez recruter au plus vite , car attendre plus de 8 jours pour se faire dépanner, c’est inadmissible, d’autant plus que sur le facture ces 8 jours ne seront pas déduits de la facture . 🤔"
1817721388792258869,<USER> on me demande 190€ pour des équipements que j’ai rendu il y a 3 ans parce que je suis pas capable de fournir une pièce justificative. Je tourne en rond vous pouvez m’aider ???
1817733719622590545,"<USER> Coupure d'internet à l'allée des muriers, 13570 Bédarrides"
1817735538985583013,Bonjour <USER> <USER> \n\nSerait-il possible de faire quelque chose pour qu’il n’y ai plus de putain de coupure Internet à 3h du matin car là ça commence vraiment à me les briser merci
1817736055266963882,<USER> ce serait possible d'avoir ce pourquoi on paye ? Quasiment tout les jours on a des coupures d'internet de qq secondes à plusieurs minutes ... Super quand on travaille avec internet .... Vous faites quoi avec la fibre ? C'est quoi le problème ?
1817744963368570894,Marre que <USER> coupe en pleine nuit internet sans prévenir (dpt 34)
1817784076377493610,⚠#PANNE FREEBOX EN COURS⚠\n 📡40 freenautes ont signalé des pannes #Internet dont 38 sur le réseau #fibre de #Free depuis 0h04\n🌍Ville concernée : Montpellier (34000)\n⬇️⬇️⬇️\n<URL>
1817801115037241446,<USER> panne internet depuis ce matin ! Montélimar
1817802710835466314,<USER> \nBonjour\nPlus de service internet sur ma box\n2 eme coupure en 1 semaine
1817811561978741174,<USER> Oui et il y en a ras le bol !! Je suis en télétravail sans aucun Internet !! Quand on appelle des conseillers on nous dit de passer par un lien Internet pour répondre via notre espace client … vous êtes débiles ou quoi ???!! <USER> <USER>
1817812414890390010,Bonjour je jette une bouteille à la mer je suis le seul à avoir des soucis avec internet chez <USER> <USER>
1817825380343992646,"<USER> pas d'internet ce matin à mon domicile, bloqué étape 6. Je crois ne pas être le seul. <USER>"
1817828248392528264,"🇫🇷 ALERTE - Les réseaux de fibre optique ont été ""sabotés"" dans plusieurs régions de France. Plusieurs opérateurs sont touchés. (AFP)"
1817829264059744703,<USER> on en parle de la panne ????
1817831228206117309,Et me voilà chez free depuis 1 mois avec la box ultra à 8mb. Installation du matériel coupure permanente et péniblement 1 mb. Alors retour chez orange qui sont plus performant sans soucis. Attention si vous prenez free c est honteux <USER> <URL>
1817832214056346022,<USER> <USER> pour la Corrèze sa fonctionne ou pas ?
1817833436389761302,Ça doit être pour ça que ça fait plus d’une semaine que j’ai plus de wifi chez moi 🥸 <USER> vous êtes vraiment pas top
1817835972085649470,<USER> <USER> peu de connexions dans le Vaucluse vous confirmez ? Avez vous pris en charge le problème \nÀ la fois fixe et mobile
1817838829723697572,Dites <USER> serait ce possible de vous avoir pour un problème de stabilité de connexion internet ?
1817846704114127027,Update : 5 chambres de transport ont été cramé\nLe rétablissement vas prendre du temps... \n#fttporn
1817887885699268839,"Youpie !!!! \n\nBon c'est vrai que c'est <USER> <USER> qui m'a informé le premier... bon maintenant il fut quand même que je choisisse. Vous me conseilleriez quoi vous ? (rapport qualité prix, et si possible avec une IP fixe)\n\n- <USER> ?\n- <USER> ?\n- <USER> ?\n\n⬇️ <URL>"
1817888895809278334,<USER> <USER> <USER> <USER> <USER> Free rapport qualité prix. 18 ans de fidélité pour en témoigner.
1817897280990482710,"<USER> Bonjour, je viens de rejoindre ceux qui ont tout compris et j’aimerais commander une box multi tv sauf qu’ils me demandent d’attendre que ma première offre soit active. Puis-je commander en amont ma deuxième box ? Je sais que j’en aurai besoin. Merci pour votre aide"
1817903726234833324,"<USER> Allo, y a quelqu'un ?"
1817908086775943556,Mdrr un commentaire <USER> ? <URL>
1817932921203818546,"<USER> on me demande de débrancher ma box pour qu'un technicien intervienne pour un problème de soudure sur un boîtier.\nSi je rebranche ma box, intervention annulée malgré la constatation d'un technicien il y a 3 jours du problème 🤪🤪on marche sur la tête ?!"
1817951574620070001,"<USER> Encore une coupure, possible de savoir quand est-ce que ça va revenir ?"
1817952236724424978,vous jouez à quoi là ??? <USER>
1817952939907887391,<USER> <USER> Je comprends pourquoi je n'avais pas de connexion ce matin. Et <USER> n'a pas été foutu de me dire pourquoi....
1817956416751382624,"une petite question <USER> <USER> <USER> quand j’ai pris la freebox ultra en début d’année, j’ai pris le forfait normal mais ayant déjà mycanal avec les services de SVOD me suis dit pas besoin d’avoir le forfait ultra pour tout avoir en doublon et comme j’étais engagé pendant 2 ans avec mycanal j’ai donc basculé vers l’ultra essentiel pour payer moins cher et éviter d’avoir tout en double. Aujourd’hui je ne suis plus abonné mycanal donc je perds les services SVOD inclus et comme free les proposent gentiment dans leur abonnement ultra bah remettez moi en ultra !! « Logique » et bah non c’est pas possible je veux payer plus cher mon abonnement freebox et au service client on me dit que c’est pas possible de re basculer sur l’ultra ??? WTF. \n\nqu’est ce qui vous empêche de me remettre l’abonnement initial sachant que ça va me coûter plus cher et que mon argent supplémentaire ira chez vous ?? Free est censé être à la pointe des services mais là vous ne pouvez pas me basculer à nouveau sur l’ultra ?? \n\nOn marche sur la fibre la !!!"
1817958060952043728,"<USER> <USER> vous m’expliquez comment c’est possible que depuis Décembre on ai eu 14 FOIS le même problème avec la box, bloqué sur étape 2 ou 3 ???? Le problème est réglé sur le moment mais ça revient, il va falloir songer à mieux sécuriser vos local fibre je pense"
1817963006661419455,<USER> Bonjour et voilà mon problème <USER> merci à vous. <URL>
1817963453778379006,<USER> <USER> Pour moi aussi\nAucune boite de réception webmail FREE est HS\nPlus aucun mail depuis le 25/07/24\nHeureusement Gmail fonctionne bien !
1817972055582851565,"<USER> depuis 2 mois dès qu'on dépasse les 30 degrés on est parti pour au minimum 5h sans internet. Avec le télétravail en plein JO, c'est pas pratique votre histoire. Vive la #freebox ! <USER> elle est fiable la fibre chez vous quand il fait chaud ?"
1817976103597957572,<USER> elle marche desfois la box ?
1817987012290601239,Sinon <USER> vous compter résoudre les problème de co? Non parce que ça fais 1h que ma box me dis de vérifier les branchement alors que rien à bouger du coup je fais quoi? Je vous demande un remboursement ?
1817989817893872093,<USER> Désolée de poster ici. Pas moyen de m'en sortir au tél. J'ai été facturée d'un Abt Netflix prenium à 11 euros pour juillet or on n'a rien demandé car on a déjà Netflix essentiel ds notre Abt Free. J'ai tel à Free et à Netflix et personne ne peur rien faire... 1/2
1817992762651762756,"Dites <USER> <USER> pourquoi sur votre page d’accueil vous annoncez « 3 mois inclus » pour la plateforme Max, et une fois qu’on est sur la page de souscription ce n’est plus qu’1 mois ?\n\nVous ne feriez pas une pub mensongère pour qu’on clique ? <URL>"
1818041827544772741,<USER> <USER> Moi 40 jours Sans wifi. Bye bye free.
1818043215276298449,Je paye une blinde <USER> est ma box marche plus as 23h50 comme hier soir merci beaucoup
1818046293102498141,Rendez moi ma connexion <USER> 😭 2 semaines que je peux plus stream.. <URL>
1818053469565309175,OHHHHHHHHH <USER> <USER> <USER> encore et toujours pas de WiFi sa commence à me les brisé sévèrement n'espérez même pas être payé ce mois ci FUCK toujours emmerder trop c'est trop <URL>
1818056838988054620,Oh <USER> <USER> faite un truc j’vais câbler votre réseaux c une dinguerie que des coupure svp agissez
1818071220186923514,Vous êtes vraiment le pire opérateur <USER> …. Y’a pas un jour où y’a pas une panne internet! On paye pour quelque chose qui fonctionne 20% du temps ! À chaque fois des panne qui dure 3h-4h et le lendemain rebelote …. Par pitié faites quelque chose !
1818077787183608201,"ca doit faire la 15ème coupure réseau <USER> en 2 mois\n\nParfois 1 h, parfois toute la journée\n\nEt quand un ""conseiller"" te contact, il te sort a chaque fois\n\n""je ne vois aucun problème sur votre ligne""\n\nBen ouai 😡🤬, 3 jours après c'est logique !!\n\nPire réseau de France..<USER>"
1818144414688010611,<USER> Freeeeeeeeeeee depuis hier notre connexion ADSL ne marche plus (déjà que de base on a une connexion pourrave du genre qu'on peut pas regarder la télé et aller sur le pc en même temps) et la 4G rame comme jamais !\n\nJe vais partir chez Orange si ça continue 😠
1818159998955827624,<USER> phising matinal\nTrès belle qualité. Sauf Qu 'en cliquant sur le bouton jaune espace client..\nUne redirection passe par le site\nGonzac. Com\nMerci à free de bloquer ce site\nCar belle qualité de phising !
1818162922314465595,"<USER> tjs pas d'accès fibre depuis le 29/07 23h50, heure affiché mais pas d'accès internet ETH ou WIFI. Exactement comme le 28/07 vers 02h00. Reboot box et remplacement des CPL rien n'y fait. Réclamation d'un geste commercial en cette période de ""vacances"".\nRespectueusement."
1818163343800041790,"<USER> <USER> Et en Lozère de ne plus avoir de connexion de 23h55 à 12h45 depuis 2j c'est normal ? Je paie plus de 60 balles par mois et au final le service n'est même pas là, vous avez l'obligation de résultats... Je fais quoi ? Deux journée de télétravail où je perds de l'argent !"
1818175812417241183,"<USER> <USER> <USER> Bonjour,\nPlus de box ni de mobile free depuis ce matin donc impossible de contacter la hotline free. Je suis à Saint Mandrier sur Mer 83430. Pouvez-vous m'aider, svp ?"
1818178005887340939,<USER> <USER> Je suis dans les bouche du Rhône à 10mn du Vaucluse ça ne marche pas non plus <USER>
1818182864359350519,Partie de Ping pong catastrophique entre le sav de <USER> et la boutique <USER>. Aucun respect du client les 2 entités se renvoyant le client SANS RESOUDRE le problème. Bravo <USER> Free est tombé bien bas . La Freebox est retournée pour cloture de l'abonnement! <USER>
1818185249068622140,"<USER> après coupure totale d'internet hier matin... Rebelote ce matin.. Panne totale d'internet.... C'est pénible... Free pourrait prévenir ses clients automatiquement, ça éviterait aux clients toutes les manœuvres de recherche du défaut...."
1818192376730439702,euh <USER> encore des soucis d’internet 🤬🤬
1818193629145391569,<USER> <USER> On as des nouvelle des autres département mais quand et t'il des réparations à St Orens de Gameville ? '-'
1818194623702921572,<USER> quand vous voulez pour un réseau internet qui fonctionne parce que en attendant nous payons pour aucuns services 😡 sur #Avignon ça va ça vient c'est légèrement casse C*****
1818207737337036959,"Bonjour M. <USER>,\nQue faut il faire pour arrêter les appels intempestifs de vos collaborateurs pour démarchage non sollicité et avec la demande réitérée de m'enlever de vos listes ? <USER>\nC'est contre productif.\nBonne journée"
1818212396424376797,<USER> <USER> ce n'est vraiment plus ce que c'était ! Freebox déconne depuis presque 2 mois et rien ne se passe. Aucune solution proposée. Ça va se finir en résiliation. <URL>
1818213345532465469,"<USER> <USER> <USER> Ok moi gros problèmes aujourd'hui sur Carpentras, je sais pas si c'est le même problème"
1818223848493551863,<USER> VOUS LÀ RÉPONDEZ
1818226966840914157,<USER> combien de temps faut il pour réparer une ligne fibre ? Ça fait 1 mois que j attends. Faut il au je résilie pour avoir une action ?
1818253220621533505,[eSIM] L’eSIM est désormais disponible pour les abonnés mobiles <USER> à La Réunion 🚀\n\n- Qu’est-ce qu’une eSIM -&gt; <URL> Transférer ma eSIM vers un autre téléphone -&gt; <URL> Désactiver ou supprimer ma eSIM -&gt; <URL> <URL>
1818257578872193441,"J’ai une box <USER> mais l’installation fibre niveau du boîtier c’est <USER>, celui-ci est dans un état catastrophique et on est souvent sectionné les techniciens Free arrivent souvent à réparer mais aujourd’hui c’est pas possible ça fait 1 ans qu’on dit à <USER> que le boîtier est"
1818261406656966993,"<USER> <USER> <USER> \nLes plus gros voleurs de France, pas de réseau du 24/04 au 05/05 je décide de changer d’opérateur et bloque les prelevements. Free me suspend mes services le 06/06 et la on me demande de payer les factures de Juin et Juillet, affolant."
1818261917414134188,<USER> <USER> Et en France métropolitaie ?
1818268678665687079,"<USER> <USER> <USER> <USER> ouaip, j'ai quelques problèmes avec eux et ma box :/ malheureusement c pas les owners du bâtiment donc j'vais devoir arrêter mon contrat avec free..."
1818273022035501128,Je me fais déconnecter entre chaque partie. Y en a marre. À qui je dois me plaindre ? <USER> ? <USER> ? <USER> ? <URL>
1818283319374831830,"C’est bien beau de faire les malins sur les réseaux et ailleurs <USER> mais quand il s’agit d’effectuer une simple intervention à domicile, il n’y a plus personne. La médaille d’or de l’incompétence !"
1818293093457596917,"Bientôt 3 semaines sans internet! Merci <USER> <USER> \n\nQuand tu les contactes, leur seule réponse est : ""un conseiller vous rappelle dans l’heure."" C'est toujours la même chose tous les jours.\nJamais de rappel !"
1818305462611108081,<USER> <USER> J'ai plus de fibre depuis samedi dernier j'habite en Savoie ils ont pas prévu de réparer tout de suite non plus 🥲
1818305734750171593,<USER> <USER> Si c’était un accident ou la météo j’en sais rien quelque chose qui a cassé la ligne mais là les mecs ont débranché d’eux même comme si j’avais demandé le changement d’adresse sans raison c’est une folie
1818306736731668645,<USER> <USER> Oh <USER> bougez votre cul
1818338787778302036,"<USER> \n\nBonjour ,\nPlus de tv sur la Freebox ?"
1818343801301418158,<USER> <USER> <USER> Comment je fais pour l’avoir
1818347915825287357,"<USER> Bonjour ma ligne est toujours pas raccordée et on devait me rappeler sauf que personne ne m'a tenue au courant de quoique ce soit, le domicile qui doit être raccordé est à Créteil"
1818351287479812104,<USER> \nEncore des problèmes de TV dans le 27150.\nSabotage ?
1818381138483655164,<USER> <USER> des incidents à déplorer à Strasbourg ? Y’a rien qui fonctionne là !
1818394699738006000,<USER> <USER> Parce que ma connexion coupe 3 fois par jours
1818397255520473543,"<USER> <USER> <USER> <USER> <USER> dis toi j’habite à Nanterre leur fibre pour moi c’est une ARNAQUE, mais vas-y en forfait ça va on va dire. Mais y’a des endroits à Paris quand je sors du métro ça met 10 min à revenir le réseau alors que mes potos sous Orange Bouygues ça marche normal h24…"
1818417066224890270,je vais tout casser dans vos locaux c’est bon <USER> <USER> je suis triste à 00h43 et vous me laissez même pas un peu de wifi ou de réseau vous cherchez quoi
1818417781328454101,<USER> <USER> <USER> ca beug aussi chez toi ? t’habites où ?😭
1818431062747267143,Ma #freebox qui est bloqué a l’étape 6 frr ???? <USER> <USER> faites quelque chose svp
1818492189212647472,"<USER> Ce que j'ai déjà fait. En attendant les appels continuent. Pire vos teleconseillers se foutent de moi ""oui mais ce n'est pas moi que vous avez eu la dernière fois""je m'en fout de savoir qui c'est, je sais juste que ca représente free et que c'est du harcèlement téléphonique"
1818558550739722745,"Merci <USER> pour votre non-installation de la fibre depuis le 8 juillet. Votre technicien est venu, m’a indiqué qu’il valait mieux profiter de l’installation de la fibre que de refaire l’installation pour l’ADSL."
1818565437619163596,<USER> Des nouvelles de votre panne Internet ? je n'ai reçu aucune réponse du service client. Internet n'est pas disponible dans ma région
1818568407412772999,"Bonjour <USER> ,\nCela fait partie de vos methodes de facturer des equipements non recus?\nMon fils s'est fait facturer 190€ pour une box qui n'a jamais ete installee. Il a d'ailleurs annule sont abonnement pour cette raison."
1818572502089531586,"<USER> bonjour free. Je me permets de vous écrire ici car je n’ai pas de retour sur l’assistance Freebox, sur l’espace client. Je n’ai plus internet depuis hier soir"
1818573586317123890,<USER> <USER> vous pouvez pas vous empêcher de me donner des informations contradictoires entre le 26/07 et le 31/07 ? <URL>
1818644615789973685,"<USER> vous êtes des incompétents, 15 ans chez vous et même pas capable de trouver une solution pour me faire basculer sur la freebox Lite je m’en vais chez bouygue"
1818653296938086882,"<USER> vous me devez 190€ pour du matériel dont je j’ai jamais pris possession, vos conseillers téléphoniques me donnent des réponses aléatoires, parfois on ne peut rien faire parfois on vous rembourse dans les 30 jours parfois dans les 10 jours"
1818686617780916592,"<USER> bonjour, à qui faut il s’adresser pour demandé la Freebox pop avec le wifi 7 ?"
1818693379481341991,Expérience de déménagement de fibre chez <USER>. Tu fais ta demande 15 jours avant la date. Il coupe ta ligne deux jours après. Et le jour du déménagement ta ligne n’a pas de signale. Merci free c’est super votre service
1818731434741280952,<USER> plus possible de contacter la hotline après 21? C’est quoi ce bazard?
1818760607899730129,Le plus grand compte tweeter merci <USER> <USER> si je me fais bannir Valorant c’est de votre faute je veux un dédommagement
1818760784442540070,<USER> <USER> <USER> Mdrr moi aussi j’ai plus internet je me disais yavais un soucis
1818882482080567620,"Bonjour <USER> <USER> \nMes applications Freebox home et Freebox n’arrivent plus à se connecter à ma box. Alors que Freebox files et Connect oui. \nJ’ai tout redémarré, fais les màj mais ça ne fonctionne toujours pas. <URL>"
1818891669988597866,<USER> une petite com sur l’incident en cours secteur Strasbourg Ouest? Encore des fibres coupés par un des nombreux chantiers de voiries? Étape 2 sur Freebox chez plusieurs clients ce matin. <USER>
1818905168710119602,"<USER> Un technicien incompétent s'amuse a venir décâblé ma Ligne DANS MON DOMICILE après que j'ai fait une réclamation pour faute professionnel suite à une intervention à mon domicile. \nSois vous me régler le problème,sois je fait ébruiter cette affaire !!! <USER> <USER>"
1818930058574070141,Pas de summertime sadness ici 🌈\n\nTente de remporter tes places pour assister au concert de Lana Del Rey à <USER> le mercredi 21 août 🎶\n\nPour participer : RT ce tweet + follow le compte <USER>\nTirage au sort le 05/08. Bonne chance à tous ! 🍀 <URL>
1818935843463029100,<USER> pourquoi la freebox saute autant depuis quelques jours?!
1818946255487222019,<USER> votre réseau il a un gros souci à déconner tout les mois
1818952374494413077,<USER> Bonjour ! J’aimerais savoir comment faire pour vous joindre en tant qu’ex client quand on n’a plus d’identifiant mais vous prélevez les 30 euros après la résiliation ?\nJe vous remercie de m’aider à résoudre ça!
1818959862870478914,<USER> et pour la rupture de service à Levallois-Perret nous avons une chance d'avoir une information ? Merci par avance
1818963977608536096,"<USER> <USER> pouvez vous faire le nécessaire auprès de free proxy 93210 pour réduire les délais d'intervention, on m'annonce un rdv dans 10 jours pour rétablir une ligne écrasée, inacceptable surtout que free était au courant depuis un mois"
1818984515286569400,"Coucou <USER>, ça serait sympa un peu de couverture réseau en Côte d'Armor dans le futur, on enchaine les zones blanches ici 😅"
1818994771634876551,<USER> a quand la présence de <USER> sur le réseau fibre de <USER> sur la commune de Richemont (57) ?
1819013828937490434,"<USER> Je mets le message ici en espérant avoir un retour. Bonjour, Je suis chez Free depuis toujours et ne compte pas partir, j'ai un abonnement sans TV parce que pas besoins, j'aurais souhaité changer de Freebox toujours sans TV mais que des forfait avec TV dispo, pourquoi ?"
1819013997842006174,"<USER> Je mets le message ici en espérant avoir un retour. Bonjour, Je suis chez Free depuis toujours et ne compte pas partir, j'ai un abonnement sans TV parce que pas besoins, j'aurais souhaité changer de Freebox toujours sans TV mais que des forfait avec TV dispo, pourquoi ?"
1819036113257869678,"<USER> I have a question regarding setting up OpenVPN on home router FreeBox! I can connect to the VPN, but the public IP address is not that of the FreeBox! What am I missing?"
1819051067176329614,<USER> vous êtes nul pour fidéliser vos clients. \n\nJe paye 30€ actuellement mais pcq je déménage je dois payer 40€ par mois et aucun geste commercial? \n\nMinable !
1819055658374770844,<USER> vous pissez sur les serveurs depuis ce matin ou quoi?
1819290496390357264,"Dites <USER>, c’est bientôt fini votre cinéma avec les pages perso ?"
1819291115352129810,"<USER> <USER> Un ami chez vous n'a plus internet depuis deux semaines. Votre service client indique un changement de matériel niveau opérateur, depuis DEUX SEMAINES ? A 500m, même opérateur, internet OK. NRO OK. Signalement arcep effectué. Secteur Saint Jory (31)"
1819354667974848921,<USER> <USER> normal que ma fille de 6 ans puisse réactiver un abonnement <USER> sur la Freebox sans qu’on lui demande un code personnel pour valider le paiement? aucune possibilité de demander un remboursement malgré l’annulation ?
1819357596261707853,<USER> <USER> Coupure d’internet toutes les semaines sans dédommagement
1819361755325165668,"<USER> bonjour, \nJ’attends de vos nouvelles depuis 10/07/24. J’ai déposé votre matériel le 13/07/24 et aucune nouvelle de vous. \nPouvez-vous m’informer de la suite de mon dossier ?\nMerci"
1819363563472920915,<USER> bloqué à l'étape 2 sur ma freebox depuis l'orage à strasbourg la..
1819430223273762851,"<USER> on en parle de vos coupures systématiques tous les week end ? Et si on se plaind trop, même plus vous répondez, juste vous encaissez votre forfait..."
1819447123982885148,"Putain <USER> votre réseau il est éclaté, j’ai loupé la finale de Leon Marchand!!!!"
1819474053432070485,<USER> J’ai déménagé le 19/avril 2024 et free m’a prélevé 3 mois alors que j’avais rendu leurs matériels le prix de la résiliation et de 49€ 3 mois plus de l’abonnement je trouve \nExagéré j’attends le remboursement des 3 mois facturé vus que je n’habite plus Cannes j’habite chez ma fil
1819657459910258824,"<USER> toujours un plaisir de contacter l’assistance free <USER> (non), 1h 30 après les avoir contactés toujours pas de réponse. <URL>"
1819664834163535932,"<USER> <USER> Nous sommes clients depuis près de 20 ans chez Free et nous rencontrons un problème au niveau d'un payement de facture mais personne au support n'est capable de nous répondre sur le problème et nous demande de payer sans plus d'information, c'est du vol..."
1819679542849442283,<USER> Comment un free proxi conseiller Mathieu n'est pas présent pour prendre les doléances ??? qui paie ce garçon irrespectueux ! on avait pris rdv aujourd'hui on apprend pas de rdv ? bravo on essaie de reprendre rdv impossible et ce Mathieu arrogant ! nous partons de free
1819692548555681820,"<USER> <USER> <USER> <USER> Pour régler un problème de porté du répéteur pour la freebox pop j'ai installé un extendeur de chez TpLink, mais malgré cela il clignote toujours rouge. Est-ce que vous pouvez m'aider avec cela s'il vous plaît ?"
1819724105207189867,<USER> aucun internet vous cassez la tête les seules vacances que j’ai et j’peux pas en profiter mon ps+ va finir dans 2 semaines j’aurai même pas pu en profiter
1819758849508688380,<USER> Bonjour il y a t il des nouvelles pour l’arrivée de la chaîne canal + en live avec l’apple TV avec la freebox ultra ?
1819764919086059557,"Bonjour <USER> , que faut-il faire pour avoir une personne de chez <USER> au téléphone ?"
1819790591968124946,"Hey <USER> <USER> ca se passe comment pour un remboursement suite à un ecrasement à tord ?\nJ'ai fait une demande depuis l'assistance freebox debut Mai 2024, et a ce jour aucun remboursement. <URL>"
1819886461128228889,<USER> Pitié quand vous dite que les travaux sont fini ils faut pas mentir comme ca je peux même pas jouer a cs 100 de ping constant a 2h du mat\nc'est une folie j'en est trop marre ca marche jamais votre truc la
1820081522755379559,"<USER> raccordement de la fibre réalisé le 29 juillet à mon domicile, mais non fonctionnelle car la fibre free n’est pas encore raccordée à l’armoire principale ! Dans ce cas, pourquoi rendre la ligne éligible ? Est-ce une façon de faire pour maintenir les clients ??"
1820205618659303432,<USER> Bonjour je voulais savoir pourquoi depuis quelques semaines le réseau free ne fonctionne pas correctement ? Je suis sous 4G et personne avec sa bug. J’essaye de vous joindre mais rien.
1820217913829118017,<USER> pk Freebox ne marche jamais!!!!!! Incroyable !!! 45€ un abonnement dans le vent
1820222034997342509,<USER> <USER> ÇA FAIT 2 MOIS QUE VOTRE BOX NE FONCTIONNE PAS !!! C’EST SACANDALEUX !!! PAR CONTRE N’OUBLIEZ PAS DE PRÉLEVER VOS CLIENTS…. Pffffff UNE HONTE PAS DE JO À CAUSE DE VOUS !!!!!!
1820333397006315877,bonjour <USER> <USER> il y a toujours un bug sur le serveur SMTP <URL>
1820378282233082205,Il est là ‼️\n\nputain !\nIls t’envoient N’IMPORTE QUI \net le gonze \nExprès je ne rouvre pas la porte pour accueillir des gens civilisés\nIL TIRE LA POIGNÉE!\n“Vous cherchiez à ouvrir?! Vous avez raison”\n<USER> c’est un scandale d’envoyer des balourds comme ça !
1820395210930622474,"Svp <USER> laissez moi résilier ma box wifi ,j’vais tout casser"
1820405869009313833,<USER> <USER> Des nouvelles de votre côté ? Moi je n'ai toujours rien. Pour le moment je suis en train d'utiliser mon smartphone comme modem mais cela ne pourra pas durer longtemps
1820421207235113128,<USER> Incident resolu au bout de 3 mois mais depuis debut juin je n ai de nouveau plus de fibre. Au Total depuis decembre 2023 cela va faire 6 mois que je suis sans fibre et la seule reponse de free est qu ils regle le probleme dans les meilleurs delais . C est juste scandaleux
1820422500687433835,<USER> une panne sur le réseau fibre de Sales 74150 ?
1820439233401663491,"Je viens de sub chez une petite streameuse, sah elle est peu prête pour le pseudo du compte <URL>"
1820442461736440235,".\n<USER> bonjour, impossible de finaliser la « validation déménagement » , err url : <URL> \nHelp ! \n😬"
1820464290434076947,"<USER> <USER> Bien le bonjour à vous, j'aurai besoin de vous pour un arrangement ont ne peut plus important pour moi, je peu vous avoir dans mes DM, s'il vous plait ?"
1820468182639083602,<USER> Bonjour pouvez-vous me dire combien de temps ça va prendre pour rétablir Internet je suis Bouillargues dans le Gard et cela fait plusieurs jours que cela dure. D’autre part j’espère une déduction totale de ma facture du cet incident.
1820471009952366696,<USER> 1. C’est bon le bureau est monté \n2. <USER> donne la connexion pitié \n3. Bientôt \n\nLe mec enrichie des multimillionnaires c’est fou
1820472535709782283,"<USER> bonjour, m absence de réseau sur ma Freebox à Carantec (29) depuis 2j, le site ne donne aucune mise à jour d’assistance depuis la nuit de samedi à dimanche, sans adsl ni téléphone (4/5g inopérant dans le quartier), quand pourrais je avoir des nouvelles ? Merci."
1820499191673827520,<USER> vous avez été saboté il y a plus d'une semaine et il n'y a toujours pas de réseau... Y'aurait-il moyen d'avoir plus d'infos sur l'avancée des réparations ?
1820504301892252102,"Bon <USER> pourquoi votre email bug comme ça? Je reçois aucun mail et à cause de vous je peux pas récupérer mon compte Microsoft pour jouer à Minecraft avec les copains, rendez moi mon Minecraft 😔🙏"
1820525583165776261,"<USER> bonjour,comment est-ce possible d’avoir un conseiller compétent et poli chez vous ?"
1820528293768024466,"<USER> Super le service clientèle : tu appelles, mais comme il y a trop d'attente, ça te raccroche au pif. BREF donc je n'ai pas internet, je ne peux joindre personne pour une inter' &amp; je paye oklm. J'ai free mais j'ai pas tout compris 😤🤬"
1820532642342924617,"<USER> Déménagement anticipé, prise de RDV effectué et 10 jours plus tard aucune connexion. Geste commercial de Free : 0, aucune proposition d’accès via une clé 4G. Des RDV non honorés, …. \nSeule proposition : augmenter mes forfaits . Ce qui ne va pas résoudre mon problème 🤬"
1820541184357597187,OH <USER> vous jouez à quoi j'ai pas de co même SFR n'auraient pas osés laisser un client sans co pendant 2 jours
1820546831815967181,"Plusieurs années, peu de soucis avec ma <USER> pop dans une zone dense et temps d'intervention super rapide, je déménage dans une zone plus rurale et inversement de la situation... Plusieurs coupures totales de services <USER> fibre Ultra en a peine 4 mois 🤬"
1820570375295754608,"<USER> Bonsoir <USER> , je vous contacte car on a problème avec la box on est obligé de la redémarrer souvent car à un moment on a plus d'image et de son et c'est la deuxième fois que l'on nous l'a change et c'est toujours les premières box que l'on a."
1820750686075711505,<USER> <USER> ça vous dérange pas de faire payer un abonnement alors que depuis 5 jours je n'ai pas d'internet ni box j'appelle tous les jours on ouvre des tickets mais aucune intervention n'est possible ? Je suis en télétravail je ne peux pas bosser ! HONTEUX
1820755882143007190,"Chez <USER>, les techniciens n'ont pas tout compris. Par exemple ce que veut dire entre 9h et 11h."
1820762893505171855,<USER> y’a moyen d’avoir une réponse un jour ou quoi ? Bande d’incapable
1820771039401382283,"Bon la commu, pas de stream pour le moment. J'ai déménagé mais le technicien de la fibre est venu mais il n'a pas réussi à mettre la fibre... J'essaie de contacter <USER> pour ma <USER> mais je n'arrive pas à les joindre... Je ne sais pas quand je vais réussir 🥲"
1820827584025780697,"Ça fait plus de 2 ans que j'attends la fibre <USER>. Je me disais qu'en attendant, ils amélioreraient l'agrégation 4G... mais non, c'est toujours aussi mauvais ! Vous êtes en vacances pour le déploiement du réseau ? <USER> <USER> #Freebox #Freebre <URL>"
1820829728615346384,moins rapide que la Freebox Ultra.
1820834823356698801,<USER> Moins en panne aussi 🤡😒
1820839778541056491,"<USER> En tout cas, ce qui est sûr, c’est qu’il a moins mal aux jambes que vous n’avez de panne"
1820841491402502511,<USER> Surtout plus fiable… 🙄
1820841807363588115,Bonjour <USER> impossible d’avoir mon numéro IFC afin de connecter un abonnement <USER> (pas Free). Vos techniciens me promènent depuis 2 jours ! La dernière ? « Donnez votre identifiant et votre code d’accès à <USER> ». Vous marchez sur la tête ? #fail
1820842428653302191,<USER> bonjour. Je ne peux accéder à mon compte en contactant le 3244 et n’ai plus de connexion. Est-ce possible d’avoir un numéro noir et un humain svp ? Merci
1820843317015245169,<USER> <USER> c'est normal que depuis dimanche soir ma box pop et bloqué étape 2 et que quand j' appel le 3244 personnes ne me répond
1820843573614375310,<USER> Même sans bras et sans jambes il serait plus rapide que votre box
1820848627620676052,<USER> Bien nul votre box et votre connexion
1820849995307700720,"<USER> Ça dépend. 6 mois avec un débit ADSL au prix de la fibre par mauvaise installation de vos techniciens et tout ça sans compensation financière. 57€ mensuel ça fait cher pour de l’ADSL ! Chers clients, passez votre chemin si vous espérez réparation d’un préjudice"
1820855433638363523,<USER> Ma Freebox ultra bloquée à l'étape 6 actuellement : 👁️👄👁️
1820874054846587334,<USER> Plus stable que ma co ethernet
1820875839392845865,"<USER> \nBonjour,\n\nSi vous n'êtes pas capable d'avoir un vrai service d'assistance qui règle les problèmes de vos clients, il faut le dire .\nPlus de 15 appels, un problème qui dure depuis 1 mois et on me rabâche toujours la même chose quand je vous appel."
1820881621761061233,"Est-ce normal que c'est quasi impossible de resilier l'option ""CanalSeries"". <USER> et <USER> se renvoyent la balle. En attendent je me fait prelever 10 € par mois"
1820881751306350827,<USER> Quand on voi la vitesse de votre SAV plu d'internet depuis le 2 août rendez-vous pas avant le 17 août pas de possibilité avant alors question rapidité on en reparlera🐌🐌🐌 bande de guignol
1820896457794449524,"<USER> Ah si si il est plus rapide, d ailleurs je suis sur qu avec lui j aurais la fibre bien avant vous..."
1820899171055907029,<USER> Pas certain\n100Mega c'est rapide?
1820901789182652747,"<USER> En parlant de freebox ultra, il vous faut combien de mois pour regler mon problème ? Ca fait que 7 mois apres tout. Leon Marchand aurait le temps d’apprendre votre boulot et de corriger mon problème"
1820905057367257397,Ceux qui ont MyCanal demain soir vous pourrez voir le match sur DAZN gratuitement 😊\n#ASSE <URL>
1820905704640684291,"<USER> à condition que la personne de chez free qui téléphone pour faire sa prospection ne mente pas sur le débit disponible pour conclure un contrat, faire sa PVV et rien ne fonctionne derrière\n\nnon parce que bon, faut pas non plus nous prendre pour des glands"
1820925842882441261,<USER> on peut en parler ? je suis censé avoir la fibre \n..... sans déconner des semaines que ça dure <URL>
1820932689018360048,<USER> Lui il bug moins par contre. Ça mouline souvent
1820935744187162866,<USER> plus rapide que les box Free
1820976348183327141,"<USER> ça va les pannes ont vous dérange pas ? Soit disant vous avez la meilleure connexion internet, et mon cul c’est du poulet. J’aurais du aller chez orange"
1821057584092107070,"<USER> Plus rapide peut-être, MAIS QUAND CA FONCTIONNE. C'est-à-dire que Leon Marchand vous éclate du coup.. mais appelons le 3244 qui te raccroche au nez voyons!"
1821083411152318673,"<USER> Rapide la Free box? Ça rame de plus en plus avec la fibre, c'est décevant !"
1821089225334210888,<USER> Ah bon. Parce que bon ça fait depuis fin janvier que j'ai lancé les démarches pour passer à la Ultra et vos services n'ont toujours pas été dans la capacité de m'expédier le boîtier intermédiaire...
1821092041746452874,<USER> Il faudrait s'intéresser à <USER> aussi\nJe suis client chez eux et quand je réponds aucun son et ça raccroche... <URL>
1821104319791256004,"<USER> On en parle de vos « technicien » fibre qui arrivent 2h en retard, ne savent pas percer un trou ni parler français, et veulent finir le travail coûte que coûte (même à 22h…) pour être payé..,?"
1821105338554171810,<USER> <USER> Nan mais j'ai le son de la télé mais genre jsp ça met le son en accéléré tt bzr jsuis obligé de redémarrer ce qui est honteux
1821106396957450255,<USER> Ta grand mère la co marche jamais
1821111110126194930,<USER> VOUS AVEZ LA PIRE CO FERME TA GRANDE BOUCHE FRR TOUT LES JOURS J'SUIS A DEUX DOIGTS DE VOUS APPELER FAITES PAS LES BEAUX ICI
1821124335051915542,"<USER> c'est possible d'avoir un réseau qui fonctionne ? la dernière fois que ma box est restée bloquée je n'ai pas eu de wifi pendant un mois, ça as été réparé ya deux mois seulement et ça recommence ? 35 euros pour ça ?"
1821131708420268501,"<USER> c'est en option après une coupure de remettre la connexion normal ou c'est comment ? Je suis en fibre normalement, j'ai plus l'impression d'être en ADSL là <URL>"
1821150603491303797,<USER> Le CM de free faut apprendre a fermer sa bouche 😂😂 coupure reseau mobile et box se matin maintenant je passe d'une fibre 1go a une co adsl voir plus faible
1821151887808151592,"<USER> Bonjour, sur mon player j'ai actualisé mes droits mais je ne vois toujours pas les programmes des chaînes 109 à 112 malgré mon abonnement à celles-ci. Par contre, j'ai bien les chaînes canal + . Pouvez-vous m'aider ?"
1821169932475728274,<USER> Euh… depuis ce matin on peut pas trop adhérer
1821185835057967445,"Bonjour <USER>. Un technicien est passé début de semaine, n’a pas réussi à raccorder la fibre et est reparti sans être capable de me dire quelle sera la prochaine étape ? Pourriez vous m’éclairer sur la suite ?"
1821219930940784804,<USER> vous pouvez arrêter de m'envoyer des messages de retourner votre équipement ? Est déjà arrivé chez vous le 02/08. Vous l'avez reçu est signé ma lettre recommandée. Arrêtez !
1821225408609550654,"<USER> vous êtes le pire service que le monde n'ai jamais porté, toutes catégories confondues. Honte à moi d'être client chez vous et d'être un tel pigeon. Client Freebox delta depuis belle lurette, payer un abonnement à ce prix pour être traité comme un débile c'est top."
1821241811127685558,"<USER> Mon amie à renvoyé la Freebox qui à été réceptionné le 11/07/2024 au site de retour pour supprimer son abonnement. Et Free continu de faire des prélèvements. Va falloir que cela bouge, car cela devient insupportable.\nPouvez vous faire avancer le dossier."
1821245515675398576,<USER> Je vous aime bien mais j’ai passé la plupart de la journée sans connexion les gars/
1821248396742815913,"<USER> <USER> Moi chez <USER> pour accédé la chaine 37 c'est only s'abonner et pas à 29,99€ mais a 39,99€ du grand n'importe quoi"
1821254684234936598,"<USER> près de 3 semaines sans internet, plus de 48h qu’un technicien est censé venir ( rdv le 5/08 à 15h jamais honoré 0 coup de fil) on a appelé plus de trois fois vos services. On nous promet qu’un responsable va nous rappeler depuis 24h et tjr rien. <USER>"
1821296026839622142,<USER> où est ce qu'on reçoit le feuillet pour renvoyer la box quand on résilie ?
1821302444367675776,<USER> À la rentrée je passe chez Orange après 17 ans chez vous
1821308136642289679,"C’est quoi cette arnaque <USER> ? Pourquoi nous pouvons SEULEMENT passer à un abonnement box supérieur, mais pas à un abonnement inférieur ? Déjà que je suis contraint de passer chez vous car vous faites de la concurrence déloyale avec l’installation de la fibre dans mon immeuble."
1821388193997955140,"<USER> <USER> <USER> Pareil histoire quasi similaire avec <USER> et <USER> impossible de résilier une option canal plus série qui me coûte 17€ par mois je deviens folle j’ai tout essayé , c’est vraiment des escroc d’autant que je regarde très peu la tv et jamais canal , si vous avez des solutions"
1821424028734620159,<USER> <USER> tch
1821435911332118833,<USER> <USER> panne des services free depuis 2 jours. Et silence complet. C est inadmissible. Qui peut répondre ? #serviceclientfreecatastrophisue
1821436355282424188,Donc la ça fait une semaine qu'internet ne fonctionne plus dans mon secteur.\n\nMerci <USER> !
1821448366405849572,<USER> bonjour j’ai besoin d’aide
1821454992521273350,"<USER> <USER> Bonjour monsieur, je suis client depuis de nombreuses années chez vous pour ne pas dire toujours,je trouve déplorable de ne pas avoir une intervention dans la journée quand tout un lotissement est touché et que les autres fai fonctionnent."
1821474005993324978,<USER> Free peuvent ce venter qu'ils sont les meilleurs....le matos oui!!! Mais les services clients de la daube...194 jours en panne et pas un geste commercial de fait....du coup bye bye Free 😂😂😂😂
1821479718673121649,"<USER> J’en ai déjà croisé plusieurs mais je ne croiserai plus de Freetelecommande. Motif : je viens de lancer la résiliation de mes (2) deux abonnements <USER> car <USER> ne permet pas de descendre en gamme un abonnement quand on en a plus le besoin, ce qui est le cas en double résidence"
1821480067106488828,"<USER> Bonjour, est-il possible d’être rappelé ? où sommes nous obligé d’aller à la concurrence ?"
1821485893435224226,"<USER> on parle de votre publicité mensongère ? au moment de la souscription fibre, on m'annonce la prise en charge des frais de résiliation chez mon ancien opérateur. je vous envoie les documents, prise en charge refusée. au moins on sait où vous faites votre marge !"
1821486534459113533,<USER> Veux pas une messagerie je veux la fibre... 3 ans qu on nous mène en bateau
1821510749144903878,"Hey <USER> !\nMon collegue a des soucis de freebox, et vu que le numero lie a son compte est son fixe (qui ne marche pas non plus du coup...), il ne peut pas vous contacter.\nEtant donne que son portable a un numero italien, il ne peut pas non le mettre dans le chat en ligne..."
1821512750947770450,Eh cc <USER> consulté une boîte mail de chez vous qui n'a pas migré sous zimbra c'est un enfer.
1821524574560800903,"<USER> Bonjour, \nest-ce qu'on peut annuler l'option TV by canal sur une revolution ?"
1821532430315995291,"Quand un opérateur te fait un écrasement de ta ligne à tort et que <USER> <USER> te répond que ça peut prendre jusqu’à 15 jours ouvrés alors que c’est censé être 7 jours max selon <USER> !\n\nImpossible de stream, impossible de travailler"
1821565436917317901,"<USER> <USER> <USER> <USER> Pour 49euro, tu dois tout renvoyer ? Répéteur, server et payer ? Et du coup le répéteur est changé aussi ? C'est compris dans les 49?"
1821567725380001850,<USER> c’est sérieux votre service client qui réponds pas ??
1821574469439341042,"J'ai rien compris j'ai #Free 2 semaines sans internet, personne n'est joignable, irrespect total des clients"
1821598044699144419,"<USER> <USER> Bonjour ! Quasiment deux semaines sans internet en raison d'un incident collectif. Le gardien de mon immeuble m'a confirmé que les opérateurs concurrents sont venus rebrancher leurs clients. Et de votre coté, personne n'est en mesure de me dire quand quelqu'un viendra... Je perds patience 😤"
1821599084051906716,"Hello <USER>, c'est quoi les délais de déploiement de la fibre chez vous ? J'ai reçu un mail en avril 2022 m'informant que la fibre free arrivait dans ma ville et j'attend toujours 🤔"
1821599247638151671,"par contre <USER> vos box internet qui passe plus de temps à bugger que moi a dormir, ça va 2 minutes"
1821599630036984171,bonjour <USER> <USER> il y a encore un bug sur le serveur SMTP
1821608031299498222,<USER> <USER> Pour ma fille 😘
1821626409464295735,"Merci <USER> <USER>, aujourd'hui je n'ai pas pu faire une (grande) partie de mon travail car vous appelez des techniciens faignant pour qu'on les ait un autre jour alors que j'en avais besoin depuis 13h. Merci beaucoup."
1821632193866899693,Tu paies un 🤬 d'abonnement et ça marche pas ! Merci <USER> <URL>
1821715022625587468,<USER> bon là ça commence à être long une semaine sans connexion
1821801751923572963,<USER> <USER> <USER> Sa marche pas ptn
1821803723170906478,Free : la modification des offres Netflix passe mal mais l’opérateur n’y peut pas grand chose <URL>
1821835952739975490,<USER> <USER> c'est de la m****\nEntre le remboursement que je dois mendier parce que je n'ai pas d'accès pendant 1 semaine et la conseillère quand j'appelle qui m'envoie chier\nEt depuis impossible d'avoir quelqu'un...\nIl est temps que <USER> ait la fibre chez moi
1821858681866088680,<USER> pas une semaine sans que sa tombe en panne c de pite en pire surtous de puits que cette d'algériens de box ultra et sur le marché sa devient du grand n importe quoi j ai passé 2 ans à ne pas avoir de soucis et la depuit la sortis de cette box c une cata
1821893186769305610,<USER> pire service client
1821906606889824277,"<USER> Bonjour, un montant supplémentaire m'a été facturé ce mois-ci pour un abonnement Canal+ auquel je ne me suis pas inscrit. Je n'ai reçu aucun email ni aucun avertissement à ce sujet. C'est injuste et je devrais être remboursé."
1821920998716821760,<USER> Je suis depuis plusieurs années FREE pour Delta\nOnt peux aussi aller voir ailleurs si vous préférez \n<USER>
1821931628031046133,"<USER> Comment vous contacter ? Tout me renvoie vers mon menu assistance Freebox mais depuis mon déménagement, je n'ai aucun numéro de contact dedans ni accès à la moindre messagerie. J'aimerai connaître les raisons de tels délais sur la mise en place de ma connexion. Merci."
1821931813612175742,ah bah ça va l’installation par le technicien merci <USER> <USER> c’est tellement énorme je vais bien pouvoir effectuer le gaming la <URL>
1821970252546416890,<USER> <USER> c'est quand qu'on a une connexion qui marche ?
1821976331099541925,<USER> pire opérateur c’est une honte leurs service client
1821996764209279190,"<USER>, en adsl chez vous, que faire quand - free a bien déployé mon quartier\n- mes voisins ont la fibre chez free\n- je suis éligible fibre chez tout le monde (Orange, bouygues, sfr, ovh) mais pas chez vous\nmais que votre service client ne veut rien savoir (le numero dˋattribution est certainement mal localisé mais ils ne veulent ni rechercher via mon adresse ni recupérer le numéro de point de livraison que j’ai à ma disposition).\nÇa m’ennuierait de passer chez Orange juste parceque le service client ne veut pas perdre quelques minutes."
1822000977953841397,"<USER> j'ai une erreur DASH 1124 qui vient de s'afficher, je ne peux plus mettre les chaines en plein écran, obigé de regarder dans la mosaique, merci pour votre aide"
1822014179592827271,"<USER> euh ça fait 3 jours on a pas de réseau dans TOUTE LA RUE , on peut ni téléphoner ni aller sur internet , vous aviez dit 72h on est a la 80e la c’est comment ? <URL>"
1822155620734091301,"<USER> <USER> <USER> : (1/2) Ça vous semble normal de faire payer un abonné alors qu'il ne peut pas accéder à vos services ?\nJ'ai déménagé le 6 août, le 8 août un de vos techniciens n'a pas été capable d'installer la fibre à ma nouvelle adresse..."
1822203005522870324,"<USER> Pour cela, il faudrait déjà que cela fonctionne 🤣 je n'ai plus internet depuis 24h, 3 conseillés qui me disent 3 choses différentes et de fausses informations. <USER> vous avez peut être un avis ?"
1822211343799210023,"Bonjour <USER>, je dois résilier mon abonnement internet suite à une mutation et une installation dans un logement où il y a déjà internet.\n\nJ'ai lu qu'une exonération des 49 euros de frais pouvait avoir lieu selon motif. \n\nLesquels et comment les faire valoir ?"
1822213469065605250,"<USER> <USER> Si tu as une réponse, dis moi ...... après 4 ans de boxe internet chez eux, j'ai pris une nouvelle (Free tjs!!!) et ils m'ont quand même fait payer les 49€ ces voleurs 🤡"
1822234778709459144,"<USER> Bonjour \nMa connexion depuis 2-3 jours est ultra lente, pouvez-vous m’expliquez pourquoi ? Je suis Fibré, faites quelque choses svp \nMerci"
1822245531319423409,<USER> mon interne ne fonctionne plus depuis hier soir un technicien est venu ce matin il m’a dit je descends je reviens et je l’ai vu se barrer !! Bravo Free magnifique image de votre service. \n<USER> a évité a tout prix service client zéro.
1822287522589798486,"Euh, c'est fréquent les Freebox Pop qui reboot comme ça sans demander ?\nCa vient de m'arriver en plein live...\nPoke <USER>"
1822287682988323277,"<USER> <USER> Bonjour, les rdv pour installer la fibre c'est en combien de temps ? J'ai la fibre disponible dans le quartier et j'ai besoin de m'organiser ...\nFibre free disponible."
1822298141623754806,"Bon bah faut pas que votre freebox fasse des siennes pendant le mois d'aout hein... j'ai plus de bande 5GHz sur le wifi, la box chauffe à plus de 100° et pas de tech dispo avant mardi matin, sauf que bien sûr je suis dispo qu'en soirée/week-end."
1822300026543997159,"Si <USER> pouvait avec tous ces éléments prévoir le remplacement d'office de la box on gagnerait un temps précieux, mais non, faut le passage du tech.\nJe comprend mais ça veut dire que je vais rester 1 ou 2 semaines sans wifi 5Ghz, en partant du principe que ça se limite à ça🙄"
1822315236965122081,<USER> bonjour. Je n'ai pas accès à freebox tv alors que la box m'indique que tout est en ordre. Que se passe-t-il?
1822334265859690947,"<USER> <USER> <USER> <USER> Bonjour, des techniciens ont ouvert des tickets pour le remboursement des périodes de dysfonctionnement sur le réseau (data + fibre). Aujourd'hui, on me refuse et on me dit qu'il n'y avait pas de panne !!?? Pour qui me prenez-vous ? Un bouffon ?"
1822428205006959023,"<USER> Bonjour, depuis presque une semaine mon débit internet vacille , elle disparaît un temps et reviens mais toujours faiblement, je suis fibré et en temps normal le débit est 900mbs hors actuellement ça frolles les peu de megats et ça c'est quand ça fonctionne"
1822536906682290435,bonjour <USER> <USER> <USER> je prends un mois d abonnement sans engagement a <USER> <USER> pour regarder l #EURO2024 et vous me facturez deux mois ? c comme ca ou ont peut dire que c malhonnête et que c du vol ? <USER> comment ont fait ?
1822647211026518355,Donc <USER> va ajouter de la Pub sur Netflix OK\n\nmais le tarif c'est comment?
1822693751472447741,"Pas un jour sans un problème de connexion, c'est bon je vais quitter <USER>, c'est lourd à force"
1822909175535673531,"Bonjour <USER> 3 mois que j’ai demandé un déménagement Fibre, 3 mois que le dossier est au point mort malgré un nombre incalculable d’envois d’informations pour faire bouger le dossier… Vous venez de perdre un client fidèle depuis 2001."
1822924149297164715,"Dis <USER> ça s'arrête quand le foutage de gueule?\nPlus d'internet depuis le 21/07, ticket ouvert le 26/06, intervention d'un technicien prévue le 09/08 entre 15 et 17h que vous annulez à 14h30 alors que j'ai posé un jour de congé et fait 90km pour être sur place."
1822931650797330920,"<USER> <USER> le sce client est compliqué. Tant que vous êtes client, le reste on s'en moque."
1822931761203937358,Free c’est vraiment une catastrophe pour les avoir au téléphone. Pour facturer ils sont forts mais pour aider il n’y a personne ! <USER> <USER> impossible le de contacter le service box !!!!
1822940797970346340,<USER> <USER> Bonjour j'ai résilié mon contrat de freebox et les équipements sont déjà retourne selon l´affichage de suivi de colis. Mais pourquoi je reçois toujours votre mail/sms qui me disait que vous ne l´avez pas reçu?
1822945795651326169,<USER> premier activation le 30/7/2024.premier facture pour le 30juin a 30 juillet es normal?
1822946136308449435,"<USER> Bonjour, je suis en panne de ma boîte mail de puis plusieurs jours, compte compromis, le service abuse ne répond pas à mes mails pour dépannage\nMerci de me contacter."
1822951127861678128,<USER> bonjour possible de dm svp ?
1822960245766860869,"Le technicien <USER> qui me demande de chercher où passe le fil pour installer la fibre et de les recontacter quand c’est fait, non mais chacun son métier hein c’est à eux de faire ça, non ?"
1822970599582437600,"<USER> Hello, possible de passer sur une box moins chère pour l'année prochaine? J'ai la pop et j'aimerais la revolution. Je ne vois aucune possibilité sur mon espace client. Merci d'avance"
1822974352205259021,"<USER> il faut surveiller <USER> <USER> , on ne peut pas utiliser notre droit de rétractation tant qu’ils nous ont pas raccorder car le 3244 est joignable que quand on est raccordé.\n<USER> faites quelque chose vos techniciens ne viennent pas et on peut pas partir ! 😤🤬"
1822991786853196014,"<USER> Cela fait maintenant plus de trois semaines que mon abonnement télé ne fonctionne plus, et c’est vraiment inadmissible. 😡 Aujourd’hui, j’avais un RDV avec un technicien pour régler le problème, mais il a été annulé à la dernière minute ! <USER> #raslebol #FREE"
1823011770304204869,<USER> J'ai demandé la résiliation et j'ai renvoyé ma box.\n\nJ'ai reçu un email comme quoi il manque ma box tv cependant après un appel a free j'ai indiqué que j'avais deja donné ma box à mon technicien lorsqu'il est venu poser la box car je n'ai pas de tv
1823017217908158609,Alerte arnaque!! <USER> Je me bats depuis juillet pour résilier mon abonnement <USER> via <USER> J’ai été prélevée abusivement ce mois-ci. Je vais réaliser une enquête si vous ne revenez pas vite vers moi <USER> Qui a été victime par ici ?
1823024186664886585,<USER> <USER> <USER> bonjour j’ai besoin d’aide suite au décès de ma maman est il possible d’être contacté par mp ?
1823027856433414271,<USER> j’ai la fibre en plein Paris vous vous foutre de la gueule de qui c’est quoi cette connexion ?? <URL>
1823042563269411017,<USER> <USER> Mille hontes à vous !\nVous venez de me bloquer et de sacrifier mon réseau internet !\nLa liberté d'expression n'a pas de prix !!
1823109706732470272,Aucun contrat à long terme.\nFacile à commander en ligne
1823209710566187326,<USER> bonjour Free. \nDepuis hier matin toujours pas d'internet. La box est coincée à l'étape 2. \nUn peu d'aide svp. Merci.
1823226939659649121,"<USER> <USER> un petit problème, plus d'internet depuis le 16juin et on me fait payer l'abonnement internet en entier ??? Déjà appelé mais rien ne bouge. Quand vous achetez un batard , une baguette etc.. si je vous donne que 1/4 c'est bon?"
1823260843922071883,<USER> tu viens récupérer tes merdes quand ? Ou je te les ramène en boutique ? <URL>
1823275849497350150,<USER> problème de box en plein été depuis 3 jours et on te donne un rdv le 27/08 😱😱😱 quid du télé travail et autres utilités de cette box ...etc ... grrrrr aucune autre solution proposée 👎👎
1823315361653039600,"<USER> Aujourd'hui panne, Personne chez Free pour intervenir. Je déconseille vivement Free, je vais résilier."
1823342029755310501,J'ai pris un abonnement box chez <USER> il y a quasiment un mois... Toujours aucune nouvelle de mon rendez-vous de raccordement... Dites <USER> le délai d'attente qui se compte en mois c'est normal ? (on m'avait promis une dizaine de jours lorsque j'ai souscrit..) #foutagedegueule
1823355144248906125,"<USER> ,ça ne vous dérange pas d'annuler le rdv avec votre technicien prévu le 16 alors que je n'ai plus de connexion internet depuis 1 semaine.\nNe vous demandez plus pour quelles raisons les gens partent chez <USER>"
1823397892117147756,<USER> c'est possible d'avoir une télé qui fonctionne ou pas ? nan pck avec ma coloc on a un peu l'impression de payer pour rien :)
1823404938648576281,C’est normal de se faire insulter et raccrocher au nez quand on demande juste pourquoi notre facture est doublée ?! <USER>
1823504059497664832,<USER> vous puez la merde plus rien marche
1823602965891920152,<USER> <USER> Pourquoi suis-je ds l’attente de mon remboursement de 190€ promis depuis fin Juin?Jai contacté votre assistance à 0.45ct/min pdt 8min le 6aout vous m’aviez confirmé que le virement etait en cours depuis le 5 j’attends tjrs!
1823639764706234386,<USER> pourquoi Peujard (33240) est exclu de la fibre Free?\ncommune fibrée depuis 1an et les seuls à en profiter sont les voisins abonnés chez la concurrence
1823640222615138783,<USER> je dois vous l'expliquer dans quelle langue que votre offre téléphonie ou autre m'intéresse pas FOUTEZ-MOI LA PAIX !!! CHAQUE JOUR 2 APPELS \n\n(Je vois que même en étant inscrit sur bloctel) On a toujours du démarchage 😮‍💨
1823660684137136237,<USER> <USER> j'ai énormément de bug de connexion que ce soit 4g ou WiFi c'est dingue !!!
1823667285329879264,Bonjour <USER> <USER> <USER> \nToujours pas de communication entre vous pour que nos lignes soient réparées ? #orange #freebox \nIncroyable ce bloquage #sabotage <URL>
1823667946985517458,Si j’avais su que <USER> c’était comme ça… \nc’est bien beau de faire des offres mais faudrait que ça fonctionne hein… \net bizarrement là-bas il n’y a pas de responsable avec qui on pourrait parler…
1823675282068529485,"<USER> <USER> depuis le 12 juillet, la société free ne fournit plus le service d accès à la fibre que je paie. La société continue de me facturer et aucune date de travaux pour rétablir le service n est prévue. Malgré des dizaines de messages rien n ai fait. Bravo <USER>"
1823686495196307460,"<USER> C'est inadmissible, tout est prêt et il n'a pas fait son travail. De base, il est monté sans son matériel, j'aurai dû me douter qu'il n'était pas très motivé. Comment puis-je le contacter pour qu'il (re)vienne faire son travail ?!"
1823687566488465606,<USER> Ça vous amuse de tenter de faire comme SFR ou la SFAM des prélèvements à tord? Honte à vous sales voleurs!!!!!!
1823691312341635453,🚨 DE LA LIGUE 1 GRATUITE !\n\nFree Foot (ex Free Ligue 1) s’associe avec <USER> et proposera gratuitement 8 matchs de Ligue 1 McDonald’s par journée en extraits en quasi direct !\n\n🗞️ Le CP : <URL> <URL>
1823697626128175313,<USER> <USER> Donc pourquoi <USER> vous tentez de me prélever de ces 15.99€??? Pourquoi le service clients dit tout et n’importe quoi ( que des bobards ) ? J’attends un correctif de votre part.
1823700292984000782,"<USER> salut free, ça fait 3 semaines que je n’ai pas internet, un ticket a été ouvert mais je n’ai pas de nouvelles, quand j’appelle sur le 3244 ça me dit que c’est en cours et ça raccroche et je viens de payer ma facture 40€ alors que je n’ai pas accès au service souscrit."
1823977703722160230,"<USER> il faut que tu m'expliques. Je cherche a joindre la hotline parce que l'espace assistance ne marche pas, et on me demande un code qui est sur l'espace assistance. Comment je fais ?"
1823998310736187509,Ceci n'est pas un aliment. <URL>
1824319888942321802,"Bonjour <USER> <USER> il y a un problème avec l'outil de diagnostic non? à la seconde où il dit vérifier la box, il clos la discussion. En tout cas c'est pas clair <URL>"
1824347346374656005,<USER> je crois qu'il y a un problème à résoudre aujourd'hui... Merci <URL>
1824356169395130431,Bonjour <USER> .\nMaj 1.5.9 installée aujourd'hui. Je crois qu'il y a comme un problème. Le CEC ne fonctionne plus non plus.\n<USER> <URL>
1824359711002501187,"Ici un rack bâtiment refait à neuf l'année dernière...\nSaboté par les techniciens <USER> ou <USER> bref rien à foutre...\nQuoi qu'il en soit après la 5ème ou 6ème coupure depuis la réfection, le prochain technicien qui me débranche je le frappe... <USER> <URL>"
1824363342539956357,"<USER> <USER> <USER> <USER> Ah les techniciens <USER> qui n'hésitent pas à débrancher les autres abonnées <USER> \nVu qu'ils sont payés au raccordement, ils s'en fichent des autres."
1824368919567610363,<USER> <USER> La même panne free
1824379465775898986,<USER> <USER> C'est free. Ça ne fonctionne pas.
1824391197625852161,<USER> Quand ça marche... Et là ça marche toujours pas 🤷 <URL>
1824399291395227900,"Quand <USER> fait le forcing pour installer la box, avec de faux arguments, chez des personnes de 93 ans, et que les installateurs repartent et que le télé et le téléphone ne fonctionnent plus ! On passe à la concurrence."
1824417678729085042,"Qu’est qui ce passe <USER> de 8h a 13h j’avais plus de réseau plus de wifi plus rien, le réseau est revenu mais ma wifi bug comme jamais"
1824437776596488503,"<USER> hello depuis 15h suite un passage a l étape 2 de ma delta , je n ai plus les droits sur canal plus, que faire ?"
1824485879060025615,<USER> \nVos changements de tarifs sont scandaleux. Je n'ai jamais souscris certains services et je paye 70 euros pas mois mais vous êtes fous....
1824492991345521150,<USER> coucou. Depuis ce matin plus de wifi. La free reste bloquée sur étape 4. On me dit que c une panne générale et que l'intervention se fait a distance..bien sûr..veille de week-end. On en parle ?????? <URL>
1824494693260120455,<USER> Attention <USER> est une arnaque ils vous mettent pleins d'abonnement sans votre accord et ensuite refuse de rembourser ou d'échanger
1824501279369937319,<USER> J'ai fait des démarches pour changer la Freebox Mini 4k pour la nouvelle Freebox Revolution light. J'ai appelé au 1044 et en boutique on me dit que c'est possible mais au 3244 que NON. Je fait quoi? Pourquoi les nouveaux clients sont mieux traiter que les anciens ?
1824520296214233529,"<USER> Mais askip ça marche hein les fichiers ont drop, jpeut pas test j’ai pu internet a cause dleur mère a eux la <USER>"
1824520708002582984,<USER> l'application Ligue 1 est HS. Dommage pour la reprise du championnat 😂
1824537525777731593,Faut voir mon combat avec <USER> mdr sfr j’arrive
1824539639094579492,Hey <USER> et <USER> c'est normal que l'on n'ait pas de sous-titres sur la Freebox révolution?
1824658081159975283,<USER> ET LA PANNE A ROQUEFORT HEIN?
1824704968017736188,"<USER> Par contre free revoyez vos connexions internet , c'est un enfer pour télécharger un jeu <URL>"
1824723089822789954,"<USER> Bonjour, incident collectif fibre impactant la rue Tredez à Dugny 93440 depuis hier 15h. Une idée du temps de résolution ?"
1824754998737002967,<USER> depuis mercredi matin pas de wifi la <USER> est bloqué à l’étape 2 et aucun technicien n’est disponible pour réparer la panne 🙄
1824757855683043698,<USER> quand est ce que ma ligne va être raccordée sur at FT? Pourquoi est ce si long?? 15 jours c’est 14 jours et 23h59 mins de trop…
1824778592854675580,"<USER> bonjour,\n\nQuand vais-je recevoir les étiquettes pour vous restituer le matériel <USER> svp ?\nPuis-je vous le rendre directement en boutique ?\nMerci"
1824780760387031474,<USER> Ras le bol de vos pannes il n’y a que ça ces derniers temps … faites le nécessaire pour rétablir votre réseau sinon on partira chez le concurrent Orange ! 😡😡😡
1824803898181243145,"<USER> service technique totalement à l'ouest, n'écoute pas ses clients et se contente de lire leur papier.... se fout ouvertement de la gueule des gens en ligne car on les attend rigoler! 1 semaine que je paye pour rien car toujours plus d'internet et personne regle le pb..."
1824826511490240918,À cause de ces connards d’<USER> je dois attendre 10 jours pour une intervention <USER> tout aussi incompétent. \nOn se casse de chez vous bandes d’incapables !
1824832088656273886,<USER> Par pitié vous pouvez m'envoyer un message en mp j'en peux plus de ma connexion
1824864084539346950,Sinon <USER> <USER> <USER> <USER> c est possible d’avoir une offre box sans avoir la Télé comprise dedans ( qui rallonge forcément le prix de l’abonnement :) ) ?
1824878134170431847,"<USER> pouvez-vous donner suite à mon message asap ? Message inquiétant concernant un colis prétendument non-reçu alors qu'envoyé en relais colis il y a 1 mois (équipements box après résiliation). Sur internet, de nombreuses personnes se plaignent d'arnaque et d'abus similaires."
1824904557333270539,<USER> <USER> <USER> <USER> nous sommes un certain nombre de clients sans aucune connexion à internet depuis une semaine et sans précision de solution. Chaque opérateur se renvoie la balle. C’est une honte. Que faites vous ? #fibre #conflansstehonorine
1825142379159965985,"<USER> <USER> J'ai du prendre rendez vous avec un technicien pour ma part ,on verra ce que cela donne mardi"
1825176342390018383,Salut <USER> <USER> \nMa ligne est coupée pour la 3eme fois en 2 mois et à nouveau vous me dites que la visite du technicien aura lieu dans 10 jours😱 ! \nEn m'expliquant que d'ici là je me demerde... \nY'a pas un peu d'abus là ? Je fais comment pour bosser ?
1825274146265121258,"<USER> , je vous manque ou quoi, ça fait même pas quelque mois que j'ai plus de problèmes après une succession de plusieurs problèmes et maintenant j'en ai quand le service technique est fermé. Un peu relou en pleine partie 😉"
1825289397652316424,<USER> remettez la wifi pitié je suis au chapitre 6 d’un livre tellement je me fais chier
1825393528060477791,"⚠#PANNE FREE MOBILE EN COURS⚠\n 📡20 freenautes ont remonté des problèmes sur le réseau #mobile de #Free depuis 19h28\n🌍Villes concernées : L'Hôpital (57490), Carling (57490)\n⬇️⬇️⬇️\n<URL>"
1825440341123559751,Quand y a un bug de réseau vous faites pas semblant hein. Pas de réseau de 21h a 9h du matin bande de con <USER>
1825443634486927640,<USER> écrasement de ma ligne fibre depuis jeudi plus rien ne fonctionne et des conseillers qui se contentent de relancer le service fibre qui ne donne aucune nouvelle.
1825457311940247808,. <USER> <USER> 10j que j’ai passé commande et 10j que l’on me dit que je vais recevoir un mail pour prise de rdv avec le technicien…n’empêche que j’ai tjs pas le net depuis le 9… :( je suis tristesse
1825466139960283354,<USER> bonjour j’ai besoin d’aide concernant ma freebox
1825478954918043744,"La vision d'ingénierie vs la vision financière, les résultats en service rendu sont au rendez-vous, je préfère la stratégie Xav75 sans hésiter. <URL>"
1825503644441092424,"Cela fait 15 jours que je n'ai plus internet, j'attendais impatiemment mon rendez-vous de demain avec un technicien.\nEt là, <USER> a annulé mon rendez-vous.\nIl me propose le prochain créneau le 26 août. Vous vous foutez pas un peu de la gueule de vos clients par hasard!? \n#free"
1825503655857942842,Je veux que le technicien vienne comme c'était convenu!!!! \nFaites le nécessaire <USER>! \n#freebox
1825525506055233645,"<USER> <USER> <USER> <USER> <USER> <USER> est-ce que l’incident est réellement identifié et pris en compte ? Intervention en cours, à venir ?"
1825532562384548326,"Dites <USER> c’est normal de n’avoir aucun accès wifi depuis le 9 août, sans pouvoir accéder non + à votre service d’assistance et sans aucune autre solution que le partage de connexion via mon forfait mobile? \nFinalement il vaut mieux payer + pour un meilleur service."
1825532737102426582,Tel a <USER> pour un problème de télécommande et tomber sur un conseiller qui te méprise et te dire que tu lui fait perdre du temps mais qu il est payé… que répondre \n#free #freebox <USER> <USER> #shame
1825545848354492477,<USER> on a un soucis sur un colis là
1825549775871377551,"<USER> bonjour, quel est le délai actuel pour revenir sa Freebox Ultra sur une migration ? Sachant que ma ligne fibre a été rendue compatible aujourd'hui."
1825550368283201899,Bonjour <USER> <USER>\n\nJ'ai ouvert une demande d'assistance le 3 juillet 2024. Je n'ai pas de réponse alors que votre commerciale me promettait des réponses dans les 72h (ce qui me convenait très bien).\n\nQue dois-je faire pour que vous me répondiez ?
1825563268653428767,"Sinon, <USER> , <USER> Vous proposez quoi en terme de d'abonnement Fibre ? Histoire de remplacer <USER> qui me balade depuis des mois ?"
1825601202119389193,"Bonjour, notre point de présence (POP) de Créteil (94) subit quelques perturbations. Plusieurs interruptions de service situées dans la commune de Melun et ses envrions (77). Nos équipes sont déjà mobilisées, merci pour votre patience. <URL>"
1825604432849154107,<USER> Même la regardez vous mettez 1 mois à répondre nan Free wake up
1825618597323890973,<USER> allez bien vous faire enculer avec votre box qui bug tout les jours et aujourd'hui plus que d'habitude impossible d'avoir internet + impossible de vous joindre
1825650335505133985,<USER> je pense que c’est la panne de trop ! Nous allons devoir nous séparer
1825656525047959700,<USER> c’est normal que sur tout un secteur ( Melun ) les gens n’aient pas de réseau? Et vous dites rien ?
1825660794463289593,<USER> je suis désolé mais la panne là m’a fais comprendre que je dois te quitter déjà que j’ai pas fibre avec vous c bon je vais chez <USER>
1825663587077038206,Free sachez que des demain c’est fini c’est quoi c’est panne de 6h?? <USER>
1825703252421169416,<USER> C'est possible de pas avoir des bigs latence/ crash pendant mes ranked Valo??
1825721527641452713,<USER> vous avez avant 9h du matin pour me répondre ou sinon votre box de merde fini dans l’eau.
1825725878917124388,<USER> <USER> Bon par contre moi ça m'arrive plutôt tous les 1 à 2 mois 🙏
1825757871620939898,<USER> les vacances ce passe bien ... plus d'un mois sans internet et des rendez vous où le technicien ne viens même pas....
1825771894424883308,bonjour <USER> on paye la fibre ou l’ADSL chez vous ? <URL>
1825779403869053130,<USER> <USER> Ils ont dit mais tjr pas résolu <URL>
1825787402633244711,<USER> euh y’a un problème là réparer votre connexion on paye pas pour rien
1825810037681299683,<USER> <USER> Depuis hier jpeut pas joué
1825815056736547032,<USER> <USER> Merci : j’ai le meme problème ! Je pensais que j’étais le seul
1825815873703076040,<USER> Rapide quand ça fonctionne deux jours dans le mois
1825842167467675685,"<USER> j'essaye de souscrire en ligne une box 4g + , mon logement étant dans une zone blanche mais impossible depuis votre site et votre service client ...\nComment m'aider ?"
1825845257558278512,<USER> donc pour vous la le travaille de votre technicien est fini ? \n\nParce que la box est branché alors qu’on voulait la déplacer 🧐 <URL>
1825850547242459146,"<USER> Depuis hier j’ai pas de connexion et depuis ce matin, j’ai signalé l’affaire à l’assistance <USER>. Délais d’attente de 45min dépassé, mais toujours pas de solution ! \nJ’ai pas non plus vu une déduction sur ma facture suite à la dernière grosse coupure «#free !"
1825854540286931426,<USER> <USER> Même merde pour moi depuis la maj 4.8.14 <USER> j’aurais d’ailleurs bien aimé pouvoir downgrade la maj ! Je l’ai fait Mercredi 14/08 et instantanément après HomePod déconnecté et caméra wifi <USER> G3 à reconfigurer et impossible de les remettre dans HomeKit <USER>
1825854788887605397,"<USER> <USER> Quand vous voulez vous me changez ma freebox revolution par une pop à jour en techno sans frais de migration ? C'est vrai que ça fait juste 20 ans que je suis chez vous, pas assez fidèle je pense."
1825856246747984042,Pitié <USER> réglez vite le problème y’a Koh-Lanta ce soir… <URL>
1825857516648976784,"Bonjour <USER> , je compte quitter <USER> ( car ils aiment trop augmenter de 2€ leurs forfait pour nous donner des Go en plus alors que j’en ai pas besoin ) bref je veux prendre une box et ajouter 2 portables mais je n’y arrive pas , c’est possible ou pas chez vous ?"
1825892034525188549,<USER> <USER> Le merdier plante un fois par jour. Mais c'est ok ?\n\nLe seuil d'acceptation de certains est lunaire....\n\nTu es du métier en plus ?
1825914562668900534,<USER> <USER> Ah bordel je pensais que c'était des interférences chez moi mais apparemment non si c'est pareil chez toi. C'est le bordel sur home assistant à cause de ça. Et les IoT qui ont du mal avec les répéteurs aussi. La sonnette a littéralement 3m d'un répéteur est à 42% de Signal.
1825921208174428171,"<USER> <USER> vous ne voulez pas juste avoir un service client décent? \nJ’ai signalé une panne sur ma Freebox, je reçois un SMS pour organiser un rdv mais quand je clique sur le lien je ne peux pas prendre de rdv. Est-ce une panne ? Bougez-vous !!!"
1825944235528564906,<USER> \nBonsoir\nAbonné Freebox depuis de nombreuses années.\nActuellement sur abonnement Freebox Delta.\nJ'aimerais bénéficier d'un dispositif Pocket Wifi.\nMerci de me dire comment procéder ?\nMerci \nDavid Ducrocq
1825977711476748749,"Bonsoir <USER>.\nOn peut pas vous envoyer des requêtes sur abuse<USER>.fr depuis Gmail ? Une vengeance ?\n\nThe response from the remote server was:\n\n451 too many errors detected from your IP (209.85.128.65), please visit <URL>"
1825989341321023681,<USER> avt de sortir une offre sérieux réglez votre Putin de connexion de merde !!!!!!!!!!!! Casse couille de ces coupures sérieux !!!!!! Tjs en panne #freeboxhs
1825992013323346332,"<USER> <USER> <USER> <USER> \nc'est quoi ce BORDEL au Lavandou !?\n\nJe suis en FIBRE, j'ai un réseau de MERDE !\nJe suis en Wifi, j'ai un réseau de MERDE !\nJe suis en 4G, j'ai un réseau de MERDE !\n\nC'est quoi vos antennes à la noix ?!\nÀ partir de 21h45, je capte QUE DALLE!"
1826047292149039596,C’est un peu too much les pann chez <USER>
1826097600145100970,"<USER> <USER> vous m'avez fait perdre une journée de travail et une nuit de Dofus, je vous en veux tellement pitié"
1826148508707025310,"<USER> <USER> Bonjour ça viens de tomber en panne après 5 minutes de TV plus de réseau, je suis de Savigny le temple/Nandy"
1826177915064631735,"bonjour <USER> <USER> , j’ai reçu une lettre de huissier de votre part concernant des équipements non retournés alors que je les ai bien renvoyés. Je ne trouve aucun moyen de vous joindre, comment dois-je faire ?"
1826184760789499910,<USER> vos conseillers qui répondent « aucune idée » et qui trouvent pas de solution pour pas se retrouver sans internet pour des étudiants à moins de payer en plus c’est la honte hein
1826206190658842898,"Franchement je suis furieuse ! <USER> j'ai été fidèle depuis mes études en 2012, j'ai toujours été chez vous, j'ai toujours dit que free c'était super ! En 2022 j'achète mon terrain j'appelle free pour la viabilisation internet, on me dit que free s'occupe de tout (1-..)"
1826243910534152239,<USER> wsh faut remettre la co la
1826249247668515289,"c’est n’importe quoi ça fait 1 mois qu’on à pas de wifi chez <USER> a cause d’une soit-disant panne dans notre secreur alors on nous à donné une ""solution de secours"" dite geste commercial en nous donnant de la 4g qui ne fonctionne pas??"
1826266315084222578,"<USER> <USER> les pires… vivement le mois prochain que je parte… que des déconnexions quotidiennes qui durent plusieurs heures sans raison ou sans être prévenu… des authentifications à la box impossibles, des reboots de box sans raison.. top pour bosser en bonne condition…"
1826267483097243791,J'ai besoin de votre aide. <USER> essaie de me voler. J'ai suspendu ma ligne FO27959834 et renvoyé les équipements le 13.07 ils l'on reçu le 18.07 et aujourd'hui le 19.08 il m'informe qu'il n'ont rien reçu. Que faire ? Il menace de me prélever plus de 150€. Que faire ?
1826280762586583041,<USER> <USER> <USER> <USER> <USER> faut vraiment commencer à s’inquiéter de votre service client qui est catastrophique
1826306699810275444,"<USER> <USER> Monsieur Free, je reçois sans arrêt des appels sur mon mobile qui est sur liste rouge et sur bloctel. J'ai déjà dit que je ne suis pas intéressé et ça continue. Faut déposer une plainte pour que cela cesse ? 😡😡😡"
1826312498083233983,Service <USER> en dessous de tout … rdv pris pour un passage de technicien entre 15:00 et 17:00 … il est 19:34 … toujours rien en vue. \nUne pensée pour le technicien qui a pris le soin de m’appeler pour me dire qu’il était très en retard dans son planning\nBref … nul
1826325533992358039,<USER> Vous êtes des escrocs incompétents Free. Demande de résiliation et personne pour m'aider. Personnels incompétents avec des méthodes de voyous.
1826328873212223492,Bonjour <USER> \nDepuis quelques temps ma box subit de nombreuses coupures et certaines dépassent plusieurs heures.\nMon téléphone quand à lui perd de la puissance (passant de la 4G au H+)\n\nQue ce passe t'il et aller vous faire quelques choses ?\nBien cordialement ! <URL>
1826336817316282429,<USER> bon free c’est quoi cette panne là
1826378299016446110,<USER> <USER> <USER> <USER> décidément le pire opérateur de tous les temps en plus d’une connexion catastrophique chaque jour nous voilà depuis ce matin sans internet mobile et box c’est décidé je me casse fuyez !
1826436345033535582,J’ai ce bug depuis votre maintenance de mardi sur console. Je ne peux pas jouer.\n<USER> <USER> <URL>
1826495796436402403,"Hello <USER>, devoir payer 40€ de frais d’installation xDSL ça pique en 2024… Surtout quand la ville est complètement fibrée… (et que mon logement est déjà raccordé en xDSL mais passons… <URL>"
1826522493571441148,"<USER> <USER> Bonjour, 24h00 sans plus rien qui marche dans l’Ain, aucune info, mais ticket hotline ouvert (ouf…) sans deconner c’est quoi ce bordel, les techniciens sont en vacances ?"
1826546568180138036,"Bjr <USER> il ne faut pas tomber en panne au mois août, freebox étape 2 bloqué, rdv seulement dans 15jrs,vs remboursez l'abonnement en cas de service indisponible."
1826625928535126158,"Ça fait 13 jours que j’ai pas internet et là on vient de m’annoncer que la réparation est retardée de minimum une semaine.\n\n<USER> si vous voulez pas que je casse quelque chose, faites un truc."
1826636123344699716,<USER> nous n’avons toujours pas de connexion internet à bourg en bresse !!!! Cette panne dure depuis hier !!!
1826639002084278409,Bonjour <USER>. Est-il possible d'utiliser un player devialet avec l'offre Freebox revolution light ?
1826651948327862512,"<USER> Ma freebox se coupe tous les mois, je dis bien tous les mois à cause de l’armoire fibre entretenue par SFR. Ce n’est plus supportable. Savez-vous que je TRAVAILLE de chez moi? Réglez ce problème une bonne fois pour toutes !"
1826667313896268135,C'est dernier mois chez <USER> c'est sur et certain
1826670138634240285,<USER> Parlons en de <USER> et les coup de téléphones de commerciaux 30 fois par mois le midi le soir même si je ne suis pas intéressé ça rappelle c est du harcèlement y en a marre
1826697481205547305,<USER> alors comme ça on continue à prevelever des gens même quand ils ont résilié leur abonnement ?
1826719305225891961,"<USER> c’est quoi votre délire on peut même pas jouer a la play ça fait que bug, moi tout comme mes potes qui sont chez vous comme par hasard"
1826724049810084070,"Bonjour <USER>, je vous écris concernant un problème qui perdure et ne se régle pas. Puis-je prendre contact avec vous dans mes DM s’il vous plaît ?"
1826727674745696560,Bonjour <USER> ! Des semaines que vos services me baladent sans rendez-vous pour rétablir la fibre ! \nPlease help <URL>
1826851255769002145,"<USER> je suis dans wi fi depuis 5 jours sur le Cannet. On a tout essayé eu niveau service clientèle , technicien passe= rien résolu. Je commence à réunir les autres qui sont sans réseau comme nous , car c’est juste inadmissible . \nA bien tôt ."
1826875344873292196,"<USER> vous commencez à me rendre dingue, je suis à deux doigts de tout annuler. Un coup on me dit je peux avoir la fibre puis le technicien trouve rien donc on me dit qu’on va créer une ligne adsl puis quelqu’un d’autre me dit que finalement on va réessayer la fibre.."
1826875653225959793,<USER> quelqu’un pourrait me contacter svp ??
1826884583062749427,"Mésaventures <USER> <USER> \nNous avons voulu prendre un abonnement chez <USER> , tout avait bien commencé, bien que bizarrement dès le départ l’opérateur semblait ne pas trouver notre adresse. Et puis finalement c’était bon… Nous avons reçu la box et une pocketwifi 1/n"
1826899166649282896,"<USER> <USER> <USER> Bonjour, j’ai perdu mon mot de passe pour Free foot comment je peux faire?"
1826962117305434554,<USER> Oui Orange c'est des voleurs et c'est pour cette raison que je viens de les quitter pour <USER> il y'a 15 jours mais ça démarre mal... sur <USER> je suis en H+ et ma <USER> vient de tomber en panne on m'annonce un technicien dans 7 jours ! Je fais comment en télétravail ?
1826972989197312475,"Coucou <USER> , j’ai un ami qui a perdu son père et malgré un milliard d’échanges avec vos services, les prélèvements continus. Il faut faire quoi pour obtenir gain de cause puisque la disparition d’une personne n’est pas suffisante ? \nVous pouvez agir ?"
1826995505554948326,<USER> trop cool 3 jours sans internet et on me dit de patienter
1827007218442518794,"<USER> vous êtes trop fort. Après 6 ans de retard sur le câblage de la fibre dans mon bled, vous êtes le seul qui ne me fibre pas. Par contre ma voisine oui... vous allez tirer plus d'une câble pour allez chez elle que chez moi ... sur place c'est pas la même <URL>"
1827012005007405104,<USER> vos employés qui expliquent que si on a pas internet c’est « la faute a pas de chance » me donnent envie de passer chez un autre opérateur de façon très malchanceuse
1827034465350103471,<USER> hello . Ma box est bloquée à l'étape 2 depuis hier ...
1827053708821020884,<USER> <USER> <USER> Ce bon monsieur ne m’aideras jamais je vais me passer la corde au cou (130h annoncées pour télécharger 100Go…) <URL>
1827069962768544101,Voici la qualité du service de replay de <USER>\nVous avez beau leurs signaler ils ne font absolument rien 😠\n\nPeut être qu'en affichant la qualité de vos services vous allez réagir 😠 <URL>
1827108730598838352,"<USER> je peux vous insulter toute votre arbre généalogique ? Plus d'une semaine voire 2 qu'internet ne fonctionne plus, et en plus de ça, vous dîtes que c'est une coupure générale ??? On va vous couper la WiFi à vous aussi chez vous, vous allez rien regarder avec nous."
1827121536819437606,Qui est chez <USER> ici ? #free est ce que vous aussi y a une maintenance ?
1827176458340454462,"<USER> <USER> Pas de co, ni 4g carrément je suis en aucun service"
1827211357315358989,<USER> <USER> <USER> <USER> Ral bol des coupures <USER> <USER> souvent dans la nuit la a partir de 00h10 retour vers 5h du matin paye pas a demi tarif surtout quand il y a plus de fibre ni de réseau Free mobile un minimum excuse silence radio comme d'habitude !! <USER> <USER>
1827229340188471752,<USER> un manque de technicien ?? <URL>
1827253725842354503,"J'adore <USER> et <USER> mais faut revoir le sav j'ai un soucis sur un répéteur wifi, la 1ere réponse faut réinitialiser la box ...\n2eme réponse le répéteur capte mal le wifi de la box, petit bémol est relié en rj45...\n3ème réponse c'est psk il est en ethernet que ça marche pas <URL>"
1827265926871265553,<USER> mais le temps de rpéonse de l'assistance oui? toujours plus
1827301313895452816,Comment on fait pour avoir un conseiller au téléphone pour nous aider??? je tombe que sur l’assistant vocal qui propose pas grand chose…. <USER> <USER> <USER>
1827322329451438490,depuis 2020 free il me doivent 200e
1827337835545772046,"Bonjour <USER>\nJe n’ai aucun retour sur mon incident alors que j’ai emménagé dans ma maison hier et qu’un opérateur devait me rappeler… \nJ’avais tout bien organisé, souscription de mon abonnement 10 jours avant l’aménagement, rdv installation la veille, et panne en - de 10h…"
1827340266702786911,"Bonjour <USER> et <USER> ,\n\nJe viens de me rendre compte que Siri ne fonctionne plus avec OQEE by Free. Est-ce normal ? Ma grand-mère ne peut utiliser que cette option en raison de ses problèmes de vision.\n\nMerci pour votre aide."
1827356421358309710,"<USER> <USER>, pas loin d'une quinzaine de jours sans que vous ayez pu résoudre un problème de connexion.\nLe service technique qui se défile.\nUn rendez-vous annulé et maintenant 24 heures que j'attends des nouvelles du technicien, sans résultat !\nJe suis très en colère !😡"
1827394377544560676,"<USER> <USER> les gros clown ça fait 2 semaine que je suis chez eux et je commence déjà a être débranché !\nBien sur débranché a 14H et quand tu les appels ""non personne travaille le week-end aucun technicien n'est disponible avant lundi"" 🤡"
1827401040519365087,"<USER> <USER> <USER> \nC’est bon aller vous faire foutre à un moment, 5 fois de l’année ou la boxe bloque à l’étape 2 et plus rien, impossible de contacter quelqu’un rdv le 29 août, pendant ce temps là on paye et rien de ne marche comme d’hab, élu pire service d’internet 🖕"
1827402222717825236,<USER> depuis hier le psn impossible de rentrer dans fifa ultimate team et de jouer à certains jeux en ligne ? Comment je fais ? 50€ par mois et aucune possibilités de profité de ma co
1827417485345181850,"<USER> Bientôt 6h00 que j'ai ouvert un ticket pour des coupures internet incessantes toutes les 2 min, y a t-il vraiment des techniciens qui travaillent le week end ou vais je devoir prendre le train pour aller bosser au siège lundi ?"
1827459008321745294,"<USER> ticket assistance fait à 15h19, il est 23h30, le problème n'est pas résolu, si pas résolu avant lundi je vais devoir prendre d'urgence un train et une chambre d'hôtel pour aller bosser, y a t-il vraiment des techniciens le week end ou est ce un mensonge ?"
1827616422857425097,"<USER> <USER> démarche pour installer l’adsl débutée le 13/07, le 25/08 <USER> n’a toujours pas réussi à collaborer avec <USER> pour finaliser ma connexion. <USER> incapable de débloquer la situation et repoussent de jours en jours la connexion!"
1827616910109737081,À notre patron adoré ❤️ Joyeux anniversaire #onelove <URL>
1827620132274741700,"<USER> P'têtre qu'il pourrait me rembourser mes 190€ escroqués lors de ma résiliation, le jour de son anniversaire ?"
1827625368016027805,3 pannes chez <USER> depuis le début de l'année (1 mois et demi en tout sans internet). Bah ils préfèrent perdre 50 balles par mois plutôt que faire une réduction 🤡 Ciao ! <URL>
1827636084794089975,<USER> <USER> <USER> 2ème incident en un mois. Pas d’Internet ni wifi ni réseau mobile. 24hs sans disposer d’un service promis et aucune solution trouvée ni geste commercial. Freeproxi Inefficace avec des réponses inappropriées 😡. La solution est le désabonnement total?
1827645790438687171,"🆘SOS Bouteille à la mer <USER> #Free\nMon adresse mail a été bloquée pendant la nuit. La procédure de déblocage n'a pas marché, cela fait plus de 4 heures et c'est l'identifiant qui est rejeté comme invalide. Le tél (45c/min) pour anciens abonnés dit que tout va bien (suite)"
1827662030012035187,<USER> Et sinon mon probleme de reseau non résolu depuis plusieurs semaines ont en parle ou pas😉
1827713486623019101,"The freedom of speech is a principal Pillar in a free Government: when this support is taken away the Constitution is dissolved, and Tyranny is erected on its Ruins. B̶e̶n̶j̶a̶m̶i̶n̶ ̶F̶r̶a̶n̶k̶l̶i̶n̶\n\nPavel Durov #FREEDUROV #FreePavel <USER>"
1827727520340345293,<USER> <USER> Jvais les appeler demain ça rend fou depuis 2/3 jours sinon aucun probleme avant
1827731257544913140,<USER> veux me facturer 400€ de frais de non restitution de matériel!\nJ’ai déjà tout envoyé.\nEn plus c’est impossible de les contacter gratuitement.\nDans la boutique on m’a dit qu’il allait me faire rappeler mais j’ai reçu aucun coup de fil!
1827733045975077178,"<USER> <USER> Je vais commencé à monter en pression <USER>, pour mon bien régler le souci je commence à devenir fou"
1827737976383721934,Bon <USER> ça fait 1 mois j’ai pas de co là
1827739899404964333,<USER> Non ça ira il mérite pas son entreprise (vous) vous êtes des voleurs vous avez essayer de me soutirez 300€ bande de fou🖕🏼🖕🏼
1827773418059464829,"Je résilie ma box car en 18 mois j’ai du avoir 4 mois d’internet. Je suis actuellement à 5 mois d’interruption non stop de mon réseau, supplément foutage de gueule de la part de mon assistance « de proximité » et en plus je dois payer 50€ pour tout renvoyer. Normal <USER> ???"
1827791073290141711,Plus d’internet chez <USER> ! C’est quoi de bordel ?
1827797338355908840,Eh oh <USER> <USER> y’a pas un problème de réseaux nan ?
1827801558102524325,<USER> <USER> <USER> <USER> Merci. Je me bats avec mon tel depuis 1h en comprenant pas pourquoi ça fonctionne pas alors que la fibre fonctionne. Bref c’est chez eux. Ouf. Bizarrement je n’arrive pas à surfer sur l’iPhone mais pas de souci sur iPad qui utilise le même réseau.
1827805330043998517,<USER> <USER> Le wifi fonctionne sur mon téléphone lentement mais pas sur l'ordinateur.
1827808312244736372,"<USER> Et ma ligne internet est réparée quand ???? \n4 semaines que ça dure sans compter les ""free helper"" qui ne savent rien, me raccrochent au nez ou m'insultent carrément ! 😡"
1827811549253120150,<USER> qui envoie de l’équipement défectueux aux clients
1827820025522389440,<USER> <USER> <USER> régler vos problèmes sur fortnite svp
1827949643486933052,<USER> J'aurais bien voulu mais plus de Freebox Delta depuis 1 semaine donc pas de télétravail et pas de solution .\nJe lâche plus de 100 € par mois à Free et j'aime Mr Niel Musk mais la !!!
1827957045108084920,<USER> <USER> Comment faire la demande de remboursement ? Cela presque 20 ans que ns sommes chez <USER> et première fois que la panne dure aussi longtemps et sans réponse de leur part.
1828008976383922422,"<USER> \n<USER>, je viens de souscrire un contrat et je veux benéficier du droit de retractation. \nLe 3244 ne me propose que de prendre un rdv d'installation. Pas mieux sur l'espace client. Comment puis-je resilier (je me suis trompé de residence lors de le souscription) ?"
1828012575985996127,<USER> Non seulement je suis harcelée tous les jours votre service de démarchage alors que j’ai déjà dit que je n’étais pas intéressée mais en plus vos conseillers ne sont pas professionnels et vous raccrochent au nez en pleine phrase.
1828013356231344569,<USER> Une horreur!! 😡😡 <URL>
1828032399302643990,<USER> une intervention est prévue à midi.. j’attends depuis 1h30
1828058260663873669,Par contre <USER> votre connections internet qui beug toutes les 20 minutes c’est normal ?
1828068630602399851,<USER> Merci d'avoir pensé à nous !\n\nToutes nos offres sont présentées ici\n👉 <URL> - Free
1828081886192693462,<USER> Merci d'avoir pensé à nous !\n\nToutes nos offres sont présentées ici\n👉 <URL> – Free
1828110361700246005,"<USER> Bonjour, je souhaites changer de forfait freebox et déménager, pourriez vous me téléphoner svp?"
1828113626084819312,"Merci #FREE ! Grâce à vous, j'ai découvert de nouvelles activités : regarder le vide et parler aux murs. Qui a besoin de Netflix quand on a ça ? 😤🖼️ #Freebox <USER> <USER> <USER> <URL>"
1828115978783465670,"<USER> Bonjour , Depuis plus d’une semaine ma freebox pop est bloqué à l’étape 3: enregistrement PON en cours <URL>"
1828136669536755920,<USER> impossible de vous connecter … problème avec internet et la box … pouvez vous nous contacter merci .. c’est inadmissible ce service …
1828149894374400427,"<USER> panne fibre depuis plus de 4 heures, assistance sur disque en boucle, impossible d'envoyer un message. Trois semaines d'abonnement 2 pannes, voisins avec Orange pas de problème."
1828158141508526202,<USER> c’est la pire connexion au monde rien d’autre à dire
1828193132728455448,"j’ai les larmes aux yeux seigneur c’est tellement une dinguerie, le wifi marche pas tjrs ma 4g ne marche qu’à certain endroit de mon lit alors que je suis dans ma maison ???????? <USER> aurez mon sang sur les mains #auboutdurouleau #etdelacordeimo <URL>"
1828350186482958578,"<USER> Bon anniversaire a lui , mais c'est quoi ces changements on ne peut plus avoir personne alors quand janvier j'ai eu une personne en 5 minutes qui a tout réglé"
1828355905001299977,<USER> . Suite à un impact foudre ma mère de 85 ans est privée de téléphone et internet depuis début août. Nous arrivons enfin à avoir un rendez vous technicien. Et personne ne vient! Excuses de votre part. Autre rendez vous et même chose personne !! 😡😡😡
1828393523797749840,"<USER> bonjour, est il possible d’avoir des renseignements sur les offres canal plus avec la freebox ultra ? Je souhaiterais avec les tarifs exactes de l’abonnement canal plus sport, et si cela m’engage avec canal+."
1828411194987725282,"<USER> <USER> quand une <USER> tourne dans le vide et ne fournit plus rien depuis 3 semaines, que le service téléphonique est constitué de bots inutiles et qu'on a toujours pas de réponse on fait comment sachant qu'on paye dans le vide ?"
1828416399129088198,<USER> est venu récupérer les indélicatesses du technicien\nMerci beaucoup ☺️ <URL>
1828442760145199303,"<USER> <USER> bonjour, j'ai effectué la résiliation de mon abonnement internet et renvoyer le matériel mais n'ai pas eu confirmation de réception. Pouvez-vous me dire ce qu'il en est ?"
1828455463861563469,"<USER> Depuis hier y a plus de wifi chez moi, ça reste bloqué à l'étape 2. Ça commence à être long..."
1828462518362116237,"Voilà le service <USER> <USER> . Un tech me fait poser une journée pour installer la fibre chez moi. Il passe le 14 juin pour tirer un câble dans un fourreau neuf dans ma rue, il est midi M. reste 5min et me dit qu'on va me recontacter parce qu'il n'y arrive pas. Aucun rappel!! <URL>"
1828468099101716517,"<USER> un de vos responsables doit me rappeler, j’ai pas de nouvelles pendant 3 semaines et vous me balancez une société de recouvrement pour 60 balles ? Vous avez pété un plomb ??\n<USER>"
1828472953089970361,<USER> Tout cela grâce à vous mathieupassenau \nMerci encore de nous avoir alerté 🤗
1828476130086547507,"<USER> ma free box ne fonctionne pas depuis ce midi. Personne répond, payer 50 euro par mois euh c pas normal <URL>"
1828483885539393692,"Depuis ce matin g plus de télé, plus de ligne fixe et plus de wifi <USER> if I catch u… FREE IF I CATCH U"
1828492665018614138,"<USER> plus de wifi, de télé etc… Box bloqué sur étape 2 au Havre et pas de technicien dispo avant le 3 septembre c’est une blague ? Donc demain je vais chez un concurrent"
1828495471394066660,<USER> bonjour j’ai un problème pouvez-vous me MP ?
1828579696692305955,Bonjour <USER> !\nLe backup internet 4G sur la Freebox ultra fonctionne si on est en mode bridge ?
1828601285177692457,On se plaint des sites de streaming qui abusent de ouf mais parlons aussi deux secondes des abonnements aux box. Je paye <USER> 45€/mois et dites-moi pourquoi je vois de plus en plus de chaînes auxquelles il faut s'abonner???? Des chaînes qui étaient en clair avant en plus!
1828699376992014546,Bonjour <USER> est-ce que c'est possible de retirer les paramètres bloquant qui empêchent vos utilisateurs d'accéder au site <URL> ? Merci
1828703612857438600,"<USER> depuis le 30 juillet que j’ai pris un abonnement de la boxe chez Free, la box n’a toujours pas été livrée, aucun technicien ne m’a contacté et personne n’est en mesure de dire quoique ce soit. <USER> a mis la clé à la porte ? <URL>"
1828717164028727299,"Bonjour <USER> <USER> je suis censée être fibrée chez vous depuis un an maintenant, comment expliquez vous ces résultats? Connexion totalement instable depuis 4 jours chez bon nombre de vos clients, latence injouable, une connaissance à moi appelle depuis 3 mois sans réponse. <URL>"
1828732173119046111,<USER> suite à l incompétence des équipes que j’ai eu au téléphone je me permet de vous écrire ici ! \n\nMa connections ethernet est bridé à 100mo/s alors que le wifi atteint 750 mb par seconde étant équipé de cat6 en câble et cat7 pour les câble dans les mur je trouve ça bizarre ??
1828754714378502344,"<USER> vous trouvez ça normal que quand vos clients paient leur forfait, et qu’un pb de connexion intervient! Aucune solution expresse ne soit trouvée pour eux ???!!"
1828755594955915425,"<USER> Bonjour, c’est combien vos frais de mise en service, je vais quitter <USER> trop chère 🤦‍♂️"
1828756819172618407,<USER> une explication ou on se désabonne ?
1828764142343242163,"Coucou <USER> c’est quand que vous rallumez la machine ????? Sérieusement là. En rade depuis ce matin, vous allez me décomptez ça du montant l’abonnement ?"
1828782078051438945,"🔥\nForfait Appels / SMS / MMS illimités \n+ 220 Go en 5G\n= 9,99€ par mois 👇 \n➡️ <URL> ⬅️ <URL>"
1828812316281811356,<USER> c’est n’importe quoi depuis quelque jours votre connexion wifi et 4g ça fait que bug
1828814583798399441,"<USER> à qui on peut s'adresser si on a des problèmes de wi-fi depuis plus de 2 semaines, le 3244 aide pas j'ai l'impression"
1828827191943254260,Salut <USER> quand est-ce que je pourrai demander l'échange de mon répéteur Wi-Fi 5 par un Wi-Fi 7 ???!?!?!?!\nCe n'est toujours pas dispo sur mon interface 😡🤬😡🤬😡\nMerci <URL>
1828836570339877179,<USER> <USER> Pareil depuis le 23 août <USER> c’est lamentable !!
1828840136630775970,"<USER> <USER> J'appel le service free pour une panne depuis ce matin 08h00, nous avons ouvert un ticket. Aucun dédommagement, je n'ai plus aucun service super free. Je vais prendre la fibre chez un concurrent du coup ????!!! 😑"
1828847742359412770,Qln chez free a déjà été bloqué à l’étape 3c « signal fibre PON détecté » avec la Freebox Ultra ? Svp <USER>
1828855013680021954,<USER> on peut dm svp ?
1828856262215291346,"<USER> <USER> Moi on a fait une demande, à voir mtn"
1828865679979676122,Thank you <USER> \nIt was a pleasure to play for you <URL>
1828874676556210666,<USER> Jusqu'à présent vous arriviez très bien a faire la différence entre nos deux comptes et maintenant que je souhaite résilier vous mélangez tout? <USER> <USER>
1828880620958740991,<USER> <USER> <USER> La vitesse est catastrophique mais surtout là j'ai une connexion très instable depuis 4 jours. Si ça ne se règle pas d'ici tôt j'appelle et je gueule fort parce que j'ai un tournoi bientôt et je ne peux pas jouer en ayant 3 secondes de retard sur tout le lobby.
1828927502946902179,Encore et encore un bug de la #freebox ultrea ! Bloqué a l’etape 6. Merci free pour un service médiocre au fur et a mesure que je suis chez vous ! <USER> <USER> je sais pas si d’autre sont concernés encore cette fois ci.
1828931178717462567,<USER> <USER> <USER> <USER> La même avec la Mini 4k
1828935532790866019,<USER> <USER> <USER> Même problème pour moi depuis 50 min la...#freebox 😔
1829007395697115549,<USER> \n<USER> <URL>
1829060594898530606,"Après des années de foutage de gueule chez Orange, j’ai résilié pour la fibre <USER> Ça a marché 6 jours avant de planter. Depuis, impossible d’avoir un rdv avec un technicien, vos mecs s’en tapent royalement <USER> Suis deg 🤬"
1829066947616498008,"[Dashboard Espace Abonné] L’Espace Abonné web pour les abonnés mobiles <USER> évolue.\n\nLe suivi de consommation a été amélioré : la consommation en cours pour le France et l’étranger simplifiée (avec des jauges verte et rouge), consultation des destinations incluses à l’étranger (roaming), empreinte carbone ajoutée.\nLe design des factures a aussi été repensé avec un ajout de la visualisation rapide.\n\nD’autres évolutions seront ajoutées prochainement, comme les infos bulles ou le modèle de votre téléphone utilisé sur votre forfait."
1829087867055858014,"<USER> Par contre pas bénef de bloquer les lignes encore et encore, en faisant croire qu’en payant ça s’arrange. J’avais une bonne image de free, ça change, dommage 👋👋"
1829094209053171910,Il reste autant de places pour l’Olympia que de cheveux sur mon crâne <URL>
1829101060352348489,Allez <USER> il serait tant de régler vos connexions les débiles t'façon je vais résilier mon contrat chez vous
1829105068836053153,<USER> <USER> <USER> <USER> <USER> <USER> Moi jsuis chez free un coup sur 2 je capte m'as
1829122911908585480,<USER> <USER> serait-il possible <USER> d'arrêter de nous prendre pour des cons? Cela dure depuis le 9 août soit à ce jour 20 jours sans internet mais vous prélevez l'argent sur mon compte
1829204615486943629,"<USER> mon contrat stipule que le montant de mon abonnement mensuel est de 17,90€. Voilà ce que vous me facturez... Je vais rendre fort <USER> <URL>"
1829220089436016689,<USER> <USER> <USER> Quand vous voulez pour régler ce putain de problème je peux pas jouer
1829220440964759981,<USER> des soucis de réseaux depuis 2 jours zone Paris 17e. Ça lag.sans arrêt pour la tele
1829224044341932458,<USER> bonjour j’ai un souci depuis que votre technicien est venue ce matin mon antenne ne fonctionne plus et je n’arrive pas à vous joindre par téléphone
1829227413051519045,<USER> Alerte info FREE ou la pire assistance existante….
1829230892239466737,<USER> pas de télé \nPas dinternet et impossible de vous avoir par téléphone !!!
1829263466433245471,"Bonjour <USER> ça fait 22j que tout mon immeuble n'a plus de connexion <USER> suite à une intervention de vos techniciens qui ont tout cassé, c'est complètement inadmissible !"
1829434450066673773,"+33270125707\n+33270482946\n+33270482948\n+33270124619\n+33270121943\n+33270121478\nEtc \n\n<USER> , ta pas l'impression de me harceler ?\nC'est pas en me harcelant, que je souscrire chez toi au contraire !!\nArrêté sinon je fais un attentat dans tes boutiques \n\nFree mobile \n\n#harcelement"
1829439444648104424,"<USER> j’attends un mois pour qu’on puisse me remettre internet, votre technicien viens « fait les branchements » et rien ne fonctionne, me dis que le gars qui s’occupe du signal est en vacances, impossible de vous joindre au téléphone également, vous vous foutez de moi ?"
1829467682091020790,<USER> bonjour j'aurai besoin qu'un technicien me rappelle pour une demande de report de rdv svp
1829482576739811528,"<USER> <USER> Bonjour c’était pour savoir quand est-ce que le problème de connexion dans le village de fontenailles 77370 sera réglé, ça fait plus d’une semaine que c’est impossible d’avoir de la connexion.\n\nEt impossible d’avoir un conseiller au téléphone."
1829483255218778485,"<USER> J'en fais l'expérience. Que dois-je faire ?\nJ'ai redémarré plusieurs fois, mais cela ne fonctionne pas. <URL>"
1829491680627802623,"Comment je vois tout le monde sur #StarWarsOutlaws alors que j’ai l’early access + drops Twitch mais je suis encore en vacances à l’île Maurice. \n\n— Hâte de reprendre dès que je rentre (enfin, papa arrête pas de me sms car <USER> saute, j’espère pouvoir streamer vite !) <URL>"
1829522962287837315,"<USER> J’ai souscrit à une offre box fin Juin, depuis c’est l’horreur…..\nToujours pas internet au bout de 30jours, aucune solution de rechange.\nJ’arrête mon abonnement et je renvoie la box.\n<USER> m’a facturé 300€ de frais d’annulation et de box 🤬🤬🤬🤬🤬🤬🤬🤬\n\nSAV de clown <URL>"
1829532615403344186,"<USER> <USER> <USER> Il m'arrive exactement la même chose aujourd'hui. Raccordement à la fibre par Free, tout ok durant quelques jours puis ce jour, perte du signal, Freebox bloqué sur 2 et obligé d'avoir un technicien qui revienne. Hasard, j'étais chez Orange avant de passer chez Free..."
1829540587940282457,L’info en vidéo : Free lance son backup 4G Freebox <URL>
1829541474872307731,Pages Perso <USER> Des pannes ponctuelles sont encore présentes et ici c'est l'accès à MySQL qui est concerné. A voir le suivi des pannes régulièrement mis à jour sur cet article. 🕷️\n\n<URL> <URL>
1829554798468948339,"Chez <USER>, on est très heureux de contribuer à donner de la visibilité à la saison à venir des <USER>. On n'allait quand même pas laisser autant de fans de côté ☺️"
1829561584038957112,"<USER> ! Allo? Votre lecteur <URL> est une calamité ! \nC'est tout le temps et tt les jours pareil, ça se déconnecte, rond rouge, erreur de lecture interne..c'est usant ..je pense que, rapidement, je vais changer de FAI."
1829619518425219083,<USER> <USER> <USER> Vous feriez mieux d'investir pour améliorer votre réseau bien pourri et votre SAV bien médiocre.
1829620052301373918,"<USER> dites, je suis à moins d’1m de ma box, mais je peine à ouvrir une carte Google Maps (voir vidéo).\nCôté ordi, impossible de regarder Terracid en 1080p, je suis revenu aux 360p de l’ADSL, et le pire c’est que ça coupe toutes les 5min.\nXavier Niel ne peut rien faire pour moi ? <URL>"
1829776547508543607,"<USER> bonjour j’ai contacter <USER> le 10/08 pour un dépannage de ma player pop car à chaque fois que l’éteint le soir le lendemain pour le rallumer obliger de le débrancher électriquement pour qu’il démarre,\nOn m’a dit qu’il remplacerai le player mais pas de nouvelle."
1829793417506820407,"La connection free depuis quelques jours elle est à chié, est ce que chez vous c'est pareil ? #free <USER> <USER> \nPareil pour sfr #sfr <USER>"
1829829861701042378,"<USER> Très déçu de FREE. Un technicien incompétent a échoué à installer la fibre chez moi. Il n'a pas réussi à tirer le cable optique par la gaine dans le mur, par où passe pourtant déjà le cable téléphonique. Je songe sérieusement à passer à la concurrence."
1829843617894015171,"<USER> Je n'arrive plus à me connecter à ma base de donnée MySql (<URL> via mon site free perso) \nJe ne trouve pas comment contacter l'assistance, serait-il possible d'avoir de l'aide ?\nPI: j'utilise cette base depuis plus de 20ans !!"
1829865250625409156,"<USER> <USER> Revoyez le language de vos employés ! Une coupure qui dure depuis 9 jours, sans explications, sans aucunes nouvelles si je n’appelle pas quasiment tous les jours et quand je demande une compensation, on me répond de prendre un avocat et d’aller au tribunal"
1829878279110828486,<USER> très compliqué de joindre Free quand on ne connaît plus son mdp\nVraiment galère
1830174919042244629,"A 11h18 ce dimanche matin, après redémarrage, l'heure affichée sur ma Freebox V5 est 01h03... Beaucoup de coupures ce matin, problème généralisé ou premiers signes de faiblesse de ma box après 15 ans d'utilisation non stop ?!\n<USER> <USER> <USER> <URL>"
1830211258534015133,Merci <USER> pour le temps perdu à échanger que le transfo... c'est bien la box qui est HS...
1830233258229166259,<USER> <USER> <USER> \nC'est super et bien gentil.\nMais de 1 il faudrait déjà avoir la fibre et de 2 ne pas avoir un réseau qui ne passe pas du tout a l'intérieur de l'appartement et 1 réseau pourri a l'extérieur.\nPire en saison estival le réseau est totalement saturé
1830317965478162785,Bonjour <USER> vous êtes des voleurs.
1830380121070416050,Bonsoir <USER> #onfaitcomment ? <URL>
1830505842552041762,<USER> ça fait deux fois que des techniciens passes pour me raccorder à la fibre deux fois qu'il y'a des problèmes qui auraient du être résolues entre temps !
1830511140302102802,<USER> bonjour est-ce que vous avez le numero de service client depuis en étranger? J’arrive pas à connecter sur mon compte espace client et en ce moment je suis en étranger merci!
1830533455567831117,<USER> je viens de souscrire à une offre Freebox en renseignant mon RIO pour le portage de mon numéro. Est ce que j'ai des démarches de résiliation à effectuer de mon côté où est-ce free qui s'en charge ?
1830544182483509751,"Plus d’Internet en fibre optique depuis hier soir avec <USER>. Le technicien ne vient que vendredi matin, super… Je pense que la soudure a lâché dans la PTO, car on voit bien la lumière avec le laser."
1830544624600908124,Presque une semaine <USER> <USER> <USER> je trouve ça fait un peu long
1830580527679881545,"<USER> <USER> Sauf qu’à la maison, je n’ai pas de 4G Free, uniquement réseau 3G"
1830584937592078498,<USER> 24h sans internet et pas de nouvelles.\nOn fait comment quand on doit travailler ?
1830596685258436697,<USER> bonjour \nJ’ai une question mais impossible d’avoir la réponse mais au 1044 \nEn prenant votre offre ULTRA avons nous accès au replay myCANAL comprenant le catalogue film / série proposée par CANAL? \nJ’ai bien compris que nous avions accès à la chaîne live \n\nMerci d’avance
1830619810876567702,"<USER> ça fait 7 mois que j’attend ma Freebox Ultra , et ça fait un mois que mes assistant free proxy me disent qu’ils font remonter à la logistique \nAlors vous êtes toujours les meilleurs pour moi, mais j’en ai mare je veux ma Freebox \n😭😭😭😭😭"
1830625078662365519,"<USER> <USER> je vous en supplie envoyez un technicien. 5 jours sans wifi, j'en peux pluuus !!!!!"
1830631000537522621,"Ah le service client <USER> , une réactivité imbattable ...\n\nPlus d'une journée que le ticket est ouvert... pas de nouvelles. <URL>"
1830635292052848785,<USER> <USER> <USER> <USER> Vraiment ils n'ont rien compris <USER> . Vous prenez vos clients pour des pigeons! 0 assistance 0 service client.
1830653253266338029,"<USER> Plus rapide que d'avoir un rendez vous technicien que j'attends depuis 1 mois! <USER> <USER> \nChez SFR rdv en 3 jours, chez vous j'attends depuis le 5 Août car pas de places dans les plannings..\nTrès déçu vu que j'adore Free, que ça soit mobile ou box .."
1830659916983607575,VDM: Faire le choix de <USER> plutôt que <USER>. Fibre opérationnelle le 30/08 à midi. Plus de signal le 30/08 à 23h10. Depuis on m'annonce un délai d'une semaine pour l'arriver d'un technicien. Honteux #VDM #OnFaitLeMax #MauvaisChoix \nDois-je changer d'opérateur ? 😔
1830670275924632024,<USER> bonjour freebox . Votre répéteur wi fi coute 20€ en 1 fois ou 20€ chaque mois. Ce n'est pas du tout spécifié sur la page abonné. Merci
1830711406108516500,"Par contre <USER> <USER> Vous trouvez que c’est normal ce débit pour une connexion qui est sensé être fibré ? Vraiment dégoûté, je ne peux littéralement rien faire avec un débit pareil. J’ai trop la rage, et dites vous que là, j suis à côté de la boxe au moment de ce test… <URL>"
1830743199024914568,"Qui a sa Freebox qui bug ? Ça fait 15min, le WiFi est la mais rien ne charge"
1830744808316444989,"<USER> <USER> de merde, je veux jouer la !!!!!!😡😡😡"
1830745190413348978,"<USER> <USER> Réveillez vous, qui a coupé le mauvais câble ?"
1830745296764055898,<USER> <USER> Pareil ici
1830746075398885772,<USER> <USER> <USER> <USER> <USER> c'est vraiment dla merde free <USER> rendez les sous
1830747532441375042,<USER> <USER> Mais je crois il y a un problème de réseau tout à couper sur ma box et mon tel aussi
1830748163298230291,<USER> <USER> Encore une fois plus de connexion internet. L'heure s'affiche mais impossible d'accéder au wifi. Il m'est demandé de m'y connectée alors que c'est déjà le cas. Que se passe-t-il encore ???
1830748457163976866,bon apparement la fibre <USER> est H.S depuis 01h00 bon heuresement mon routeur multiWan m'a direct basculé sur le backup Starlink :) mais bon . tout le monde est pas comme moi :)
1830749703668920490,"<USER> Salut <USER> \nJe n'ai aucun moyen de contact avec qui que ce soit, Tél en panne, discord en panne, tout en panne.\n\nJ'ai accès à internet mais avec 90% des choses qui sont inaccessibles. Je peux accéder à Twitter, mais pas à discord, steam, epic games etc..\nPar contre"
1830749786498015533,<USER> reparez le problème de wifi sur la fibre jvais serrer
1830749953175531956,<USER> <USER> vous jouez à quoi bande de gros chien galeux je peut mm pas jouer a club pro avec mes gars <USER> <USER> <USER>
1830751323832103353,"<USER> encore une antenne en panne ? En 1 mois j’ai passé une semaine en aucun service des que je sors de chez moi, il faudrait peut faire quelques chose et surtout avoir des conseillers qui ont des réponses à nos questions"
1830823896074883535,Grosse panne de <USER> <USER> en ce moment apparemment.\nMa box fibre bloquée à l'étape 2 🤔\n\n#free #pannefree #freebox <URL>
1830859846209421363,Plus de connexion wifi chez <USER> ce matin (en plus d'une interruption de tout le réseau - mobile et internet - cette nuit). Est-ce que tout va bien <USER> ?
1830861843939664374,<USER> J'ai besoin de te parler de toute urgence
1830892786981245386,Y’a encore une panne Free ? 30’ que ma box est bloquée à l’étape 2. <USER> #freebox #free
1830893651796344993,"Dites voir, <USER>, <USER> &amp; <USER>, cela fait 8 jours que ma mère de 85 ans, qui vit seule, n'a ni téléphone fixe, ni internet, ni télé. Le ticket incident n'a pas évolué depuis le premier jour, et l'""assistance"" lui dit juste d'attendre. Vous trouvez ça sérieux ?"
1830898490328650101,<USER> vous jouez à quoi encore avec votre réseau et wifi qui coupe h35
1830901916768911439,"c’est le grand retour chez Bouygues Telecom, adieu <USER> de con et merci pour rien du tout\n\n<URL>"
1830903448528642396,<USER> un mois sans connection ça devient pénible. Je ne vous remercie pas !
1830908114733809866,"Bonjour <USER> incident en cours depuis le 16 août, <USER> <USER> indique que le ticket n’est toujours pas pris en compte chez vous.\nNeed Help !!"
1830937941054529978,Bonjour <USER> <USER> <USER> !\n\nUn tech dans le coins pour répondre à ce qui semble être une question pourtant simple mais qui tourne en rond:\n\nLe backup 4g est-il compatible et fonctionnel si la freebox est configurée en mode bridge ?\n\n(mes tests semblent indiquer que non)
1830958004071522435,"Bonjour <USER> Ma freebox est bloquée à l’étape 2. L’assistance de proximite me dit : « Jusqu'au rétablissement de vos services, vous pouvez utiliser le partage de connexion entre vos appareils. » \nVous ne proposez pas de box 4G??"
1830961078421094483,T’appelle <USER> plus personne. Ça va être simple. Opposition et go aller chez la concurrence.
1830972307768254798,"<USER> bonjour, pourriez-vous expliquer la procédure pour résilier un abonnement car il semble que vous soyez incapables de connecter la Freebox (envoyée et installée non pas par un mais 3 techniciens) à cause du manque de connection au NRO de votre côté. Ça fait plus d un mois"
1830983937591509500,"<USER> <USER> Salut , avez de nouvelles news ? \nje n'ai rien trouvé nul part ailleurs que votre site. J'ai un site perso free réserver qu'à moi même de gestion de mon travail, mais depuis 1 semaines impossible de me connecter ni de récupérer ma base de données au moins."
1830989659175784569,<USER> <USER> Ah oui en gironde ici ça doit pas être le même problème 🤯
1830990820436013240,<USER> <USER> <USER> Vous souvenez? Un an plus tard toujours pas de fibre. Si si!
1831001198754730031,<USER> Vous pourriez expliquer à ma communauté pourquoi je n’ai pas encore lancer de stream 🤣 (j’ai plus internet 😭)
1831004875213111462,"<USER> client chez vous depuis 10 ans, je trouve ça lamentable de devoir payer pour changer de box. La révolution ne fonctionne pas bien je voudrais passer à la pop et on me dit tranquillement que ça va me coûter 100 €. Je trouve ça écœurant."
1831005094793330956,<USER> bonjour possible de vous contacter en dm suite à une résiliation et le renvoie de mes appareils ?
1831019569303167040,<USER> impossible de vous joindre \nMa Freebox est bloquée à l'étape 2 \nJe dois faire un sacrifice pour avoir un humain pour me venir en aide ??
1831020099446218765,"<USER> bonjour ! Ma Freebox reste bloquée à l’étape 2, avez-vous des pannes dans le secteur du 49 ?"
1831029026120503576,Bonjour <USER> \nMa freebox est bloquée à l'étape 2 depuis 15h30. Une solution ?
1831043573904748549,"<USER> <USER> Bloqué également a l'étape 2 depuis 1 semaine. \nLe technicien free est passé, nous a dit que le problème venait du réseau géré par orange. Depuis, rien."
1831047313185542365,<USER> Sinon rembourser les clients de prélèvements indus suite à un écrasement de ligne depuis fin mars c'est possible? Ou juste vous compter m'escroquer de 200€?
1831061984521130172,<USER> <USER> Finalement apres avoir insiste un technicient passera demain\nOn verra bien 🤷🏻‍♂️
1831069075231097011,<USER> <USER> <USER> Vous avez du réseau vous ?
1831070426199679123,"<USER> depuis plusieurs jours j'ai une connexion affreuse (alors que je suis supposé avec 1Gbps), mes appareils sont tout le temps déconnectés du WiFi ou alors connectés mais sans internet. Je crois que ma Freebox est cassé :p Pouvez-vous m'aider ? <URL>"
1831076214083047925,<USER> Et je passe le fait que ma box se déconnecte presque tous les soirs et qu'une bonne dizaines de techniciens sont venus et que le problème existe toujours. Et qu'elle dédommagement pour ça ? Juste 4€ bravo <USER>
1831076638953726159,"Hello <USER>, <USER>, <USER>, comment est-ce possible de nous vendre EurosportPlayer par une souscription MAX via Free et de ne finalement pas pouvoir y souscrire à cause d'un vieux bug d'affichage que bcp de personnes ont et sur lequel votre assistance ne fait rien 🤡 <URL>"
1831104131097895268,Freebox bloquée à l’étape 6 <USER> ça arrive trop souvent !!
1831106526586576920,Fantastique ! Nouvelle interruption de services <USER> heureusement que je n'ai plus <USER> qui était une catastrophe. Je passe donc en partage et tente d'accéder à l'espace assistance <USER> et la... Ça ne fonctionne pas non plus 🤣\n\nIl est temps de passer a autre chose 😏
1831196236776456674,"<USER> c’est fait, mais je n’ai aucune réponse depuis une semaine"
1831197827688439880,"Bonjour <USER> le nro qui tombe six fois en panne, en 24 heures, est-ce normal ?"
1831228942042145145,"<USER> <USER> Bonjour \nNous sommes abonnés box Ultra (14880) et depuis hier soir, plus de réseau apparemment... Nous avons fait le 3244 ..un SMS nous a été envoyé pour convenir d'un rdv mais le lien ne marche pas ! ...comment fait-on ??😔😭(et bien sûr, couverture 4G aléatoire en Normandie)"
1831242276518977988,"En fait, <USER> c'est <USER>, mais en vrai... Y'a 2j le 3244 me dit envoi de la box, hier on me dit tout a été détruit, <USER> doit cabler la ligne (fibre) et faut prendre un RDV tech... Là, un mail qui dit pas de RDV tech mais le suivi dit le contraire... <USER> help! <URL>"
1831260359572832752,Alors déjà <USER> est incapable de me donner un rendez-vous pour m'installer la fibre depuis **2 mois** ! Mais en plus les conseillers que l'on a au téléphone sont super désagréables (en plus d'être incompétents donc). BRAVO <USER> !!
1831262698367021376,<USER> pourquoi vos techniciens n’ont pas de module de rechange avec eux? 3 jrs d’attente pour une visite qui au final me laisse en attente indéterminée d’un nouveau module car l’ancien était déjà défaillant et j’ai signalé que le problème était répétitif donc pas juste le câble
1831265388786561130,<USER> <USER> <USER> Moi quand je redémarre ma box je retrouve ma co de base sinon sa baisse aussi
1831267499913933221,"Bonjour, <USER> , pourquoi est-ce que les replay/films disponibles sont différents suivant que j'utilise le site, l'appli tel, l'appli chromecast ou le replay dans ma freebox ?\n<USER> , <USER> : des idées sur le sujet ?"
1831280312472510573,"Hello <USER> je viens de souscrire à une box Ultra Essentiel. J'ai déjà un compte chez Canal+, comment me connecter depuis l'application de la freebox? Pas de problème avec Netflix, Disney+ et Prime Video."
1831293770811244794,C’est quoi cette arnaque <USER> ? Une dame de 70 ans à qui on fait payer 70€ juste pour changer sa box 😡😡 \n\nCliente depuis l’époque d’Infonie en 1996. C’est comme ça que <USER> remercie ses clients fidèles ? \n\nEn plus l’opérateur est odieux ! <URL>
1831294615997026532,<USER> <USER> <USER> <USER> <USER> wsh faite qlq chose vrmt ça le fait à tout le monde wsh <USER> <USER> <USER> <USER> <USER> <USER> <USER>
1831306898768892376,<USER> <USER> <USER> <USER> De base j'étais a 680 <URL>
1831308277830832495,"<USER> abonné chez Free en ADSL, un engin a arraché vendredi les câbles téléphoniques sur le chemin qui dessert notre quartier. Résultat, plus d’Internet, de tel et de TV. Free est prevenu depuis 5 jours, parle à Orange qui est responsable mais rien n’avance. La moutarde monte!"
1831316741432955126,<USER> <USER> <USER> <USER> <USER> 21 mes 5000 mgps
1831332132599243210,<USER> <USER> <USER> C’est quoi vos offre internet + téléphone chez vous <USER> ??
1831360260344582237,<USER> <USER> <USER> Depuis lundi midi pour moi ça votre ce à faire long ... 🙄
1831365722771222706,<USER> <USER> <USER> Sans rentrer dans les détails c'est une question de couverture réseau frérot
1831368689868009661,"<USER> <USER> <USER> free c'est guez, tema la fibre de la campagne <URL>"
1831369995374489951,<USER> <USER> Moi je suis dégoûté j’ai acheté un devialet avec facture de l ancien propriétaire. Ceux dernier est tjrs chez Free mais les a appelé pour dissocier sa devialet. Et ils ne veulent rien savoir donc je me retrouve avec une box non fonctionnel
1831373717936730524,"Depuis 2 mois problème de débit, de service télé.\nLes techniciens <USER> constatent le problème mais le retour est ""tout est normal chez l'abonné"". Auj Un prob sur l'infrastructure est possible et l'on me demande de conracter <USER>. Dois-je tirer les câbles <USER> ?"
1831376877354987828,<USER> très déçu. Je viens de passer chez bandyou t’en remplacement de mon forfait Free eh bien je vais direct recharger. Sur la ligne du rer A la connexion est très mauvaise. <USER> est meilleure. Bref. Je vais tenter <USER>
1831385287907491908,"Hello, \nCela fait 5 jours que je n’ai plus internet.\nEt je n’ai aucune information sur le problème ni une date de résolution.\nComme je n’arrive pas avoir d’information du support, je passe par les réseaux !! <USER> <USER>"
1831406001859514500,Faut vraiment revoir vos technique commercial <USER>
1831406586453225504,"<USER> Bonsoir, j'ai reçu un mail avec une demande RIO, sauf que je n'ai rien demandé. Est-ce normal ?"
1831407689777463538,"<USER> Bonjour, comment se fait-il que vos conseillers se permettent encore de partir de leur poste pour ne pas que le client puisse leur donner une notation ? La personne que je viens d'avoir a l'instant a été vraiment très peu aimable en plus de me laisser en plan."
1831409799269163376,Cc <USER> allez vous changer ma box qui necmarche plus du tout à cause de la foudre ? (J'ai envoyé un message au service via le site internet)
1831455762503336390,"Je me suis fait avoir par <USER>, quand on souscrit à un bouquet de chaînes étrangères, c'est par mois civil... Si on souscrit le 30, on paie un mois complet pour 2 jours (août) et non pas de date à date.. le service client ne fait rien.. <USER>"
1831501563493543948,<USER> c’est vraiment d’la merde avec le coupure toute les 5min et on paie 60e pour cette daube
1831607274613182765,Attendez <USER> y’a #AstroBot demain !\nPurée vous gâchez clairement mon planning ! \n\nDonnez-moi internet !!!
1831615635278733578,<USER> <USER> Le problème est pas encore réglé ? 😭
1831615878737072408,C'est incroyable de voir à quel point le service <USER> est devenu mediocre. Avoir un conseillé au téléphone est devenu une épreuve. Leur services internet ADSL est du foutage de gueule. Et surtout on ne se presse pas pour raccoder des clients de 10+ ans à la fibre.
1831637575108342086,ggs <USER> la mission #pasdefibrepourkebmapime est un succès. La prochaine fois faut louer un taupiqueur pour faire passer les câbles. \nCordialement la secrétaire de kenma \nPing_blast
1831639498268045665,<USER> <USER> <USER> <USER> <USER> possible de discuter en dm
1831652336155902159,"<USER> bonjour\nJ'ai demandé mon passage à la fibre à saclas depuis le 22 février, et je n'ai plus aucune information.\nJ'aimerais savoir où en est cette demande \nMerci"
1831671600875274434,"Pas internet depuis ce matin, <USER> qui donne aucune réponse juste envie de tout casser fkdixk\nAllez on change d’opérateur merci pour les travaux"
1831686445083357525,<USER> c’est un délire chez vous j’appel le 3 aout pour mettre des prélèvements au 15 de chaque mois le conseiller me dit ok je reçois ma facture aujourdhui prélever aujourdhui putain jvais retourner chez <USER>
1831700139058118956,<USER> c’est possible de répondre à mon appel au lieu de me dire « vous êtes actuellement en discussion avec un membre de l’équipe…. »\nÇa fait 48h que je n’ai plus internet je discute avec personne la !!!! <URL>
1831705364703728054,"<USER> bonjour, cela fait plus d'une semaine que mon déménagement de fibre est bloqué à l'étape 1, il va falloir attendre encore combien de temps ?"
1831711406808301748,"<USER> Pour la fibre chez free, ils ne sont bons qu a prendre des photos de la box, et après plus de nouvelles.\n2 rendez vous, 2 jours perdu, et aucune nouvelle....la honte."
1831712456046993857,"<USER> Une semaine pour interagir, vous êtes bien connectés chez vous-même, y a 0 doute"
1831713757354946738,<URL>
1831717225776001095,<USER> Remet la connexion chez moi déjà
1831722111150231667,<USER> arrêter de m’harceler je vais insulter vos operateurs wsh 6 appels
1831722527757906090,"<USER> se sont les pires, se sont des voleurs et des menteurs, franchement plus jamais"
1831729295250640917,<USER> Faudrait deja depasser les 500mo de recep avec votre bordel sur les 8 qu’elle affiche quand on appuie dessus mais debit trop faible pour lancer le player 😬
1831740962491531470,"<USER> <USER> <USER> je quitte vos services ce jour... Pas d'assistance... Plus de TV/internet/tel... Vos services assistances annoncent 45 min de délais, j'ai passé la journée a envoyer des messages (unique moyen de communication)... Aucune réponse. Du coup: au revoir free.. <URL>"
1831746774781886522,"<USER> bonjour, les serveurs pop ne fonctionnent plus sur client mail ?"
1831771594756440232,"<USER> propose un nouveau forfait à 25,99€, alors que je paie 30€. Ils risquent de perdre un client puisqu’ils refusent de me faire une réduction. <USER> <USER> <USER>, quelles offres box proposez-vous pour la maison à 25,99€ ou moins ?"
1831778961887527108,<USER> <USER> ce serait possible de mettre à jour la freebox delta pour qu’elle prenne en charge la 5g et pas seulement la 4g
1831782745657479631,Bon. <USER> je pensais pas en arriver la mais vos vendeurs peu scrupuleux qui mentent éhontément en magasin et sur les contrats signés\n\nje pense que le procès s'impose on se reverra.
1831791713381445694,Les bots aussi ont le droit de #voter !!! (jvais te retrouver ving) <URL>
1831792492456636499,<USER> j'ai perdu espoir en <USER> <USER> <USER> depuis que j'ai vu les 4mbps sur les 10 promis sur le contrat
1831803435047653707,<USER> Pourquoi les anciens clients Delta Apple TV qui migrent vers Ultra doivent payer 5€ de plus par mois pour avoir un player tv alors que c’est inclut pour les autres ? Payer plus pour avoir moins ?\nPourquoi le player n’est pas inclut ??
1831908503507927379,"<USER> <USER> Bonjour, ça ne fonctionne toujours pas 😡🏃💨🕳️"
1831934239052644702,Bonjour <USER> vous trouvez ça normal de me prélever 190 euros alors que je vous ai rendu votre matériel ???
1831941996635881745,"Bah alors <USER>, on se vante de gagner des clients à tout va mais l'expérience en tant que nouvel utilisateur est désastreuse !\nJ'ai emménagé depuis 2 semaines vous me mener en bateau !\nTout comme l'ensemble des résidents de ma copropriété, certains sont déjà allés chez la concu"
1831942123966599612,<USER> Merci de me contacter par message privé et de faire réellement le nécessaire. Ce n'est pas normal ! Vos agents par téléphone ne sont pas compétents.
1831973320331608237,<USER> <USER> Perte des droits TV
1831974524352684075,<USER> Bah en 2024 toujours galère .. <URL>
1831980971387945316,<USER> depuis le temps ca a été regler mais merci de votre attention
1831986703382315457,<USER> #free il y a quoi que vous comprenez pas dans lâchez-moi la grappe !! \n\nJe ne veux pas de vos foutu abonnement on a beau vous bloqué vous revenez toujours 🙄 <URL>
1831990975654228296,<USER> <USER> depuis quelques temps ya des soucis avec free \nc'est pareil pour moi 😭\n\ntous les soirs tu vois tweeter en feu contre <USER>
1831992841800712427,"Ok super. En attendant, vous avez jamais fait de clé 4g et à Antibes il y a plus de réseau depuis une semaine ? On fait comment nous ?"
1831997889628815827,"Le forfait Freebox Révolution Light à 29,99 €/mois a changé !\n\nIl devient la Série Spéciale Freebox Révolution Light à 24,99 €/mois pendant 1 an, puis 29,99 €/mois ! \n\n<URL> <URL>"
1831998638316302643,"<USER> Bonjour, bonjour, pouvez-vous m'appeler, je ne connais pas les numéros pour saisir ça, ça dit des choses que je ne comprends pas, je suis désolé"
1832000872118677666,"<USER> 3 problèmes en 1 semaine on est pas mal la ? Surtout que vous faites aucun geste commercial, bah moi jvais en faire un jvais partir de chez vous, chercher pas à me prélever le mois prochain jvais tout bloquer."
1832008655576703152,<USER> 🗣️On vous parle <USER>
1832041076804214858,<USER> Impossible de rétrograder vers une offre inférieur chez free. Vous êtes des voleurs <USER>
1832044029195833509,"<USER>\nAlors ?! En prenant un abonnement ultra, l’assistance n’est clairement pas ultra mais MINABLE. Le technicien ne peut pas intervenir, et je ne peux même pas commander une pocket box 4g en attendant car la ligne est non raccordée… ADIEU FREE"
1832046588560036067,<USER> Je viens de faire ma demande de résiliation au 30/09 et ALORS que je paye encore je ne suis plus considéré comme abonné : donc je n'ai plus d'acces à mon espace et je ne peux plus communiquer avec vous
1832075631330549841,<USER> votre service d’assistance est juste scandaleux pas de connexion depuis 12h40 on te dit qu’on reviens dans 45min maximum ça fait bientôt 5h et personne en ligne. Personne ne prend en compte le litige. Une société qui en rien à faire de ces clients. A fuir !!!!
1832081857963250049,Dans 20mn c'est 18h00 et je pourrai paniquer. <USER>
1832112457869094983,"<USER>, <USER> aujourd'hui, j'essaie de résilier mon abonnement en appelant le 3244: impossible. Directement sur le site: impossible. Je vais être obligé de faire une lettre recommandé. Du coup, ce sera un adieu et ,non un au revoir."
1832115403536904494,Please 🙏🙏🙏🙏🙏🙏 <USER> !!!! Laissez moi retrouver ma connexion pleaaaaaaaaaseeeee helppppppp
1832126212811972899,Bon ben voilà voilà. Merci <USER> . Heureusement que j'ai le failover par Bouygues. Prochaine bonne offre de Starlink je pense que je craque <URL>
1832134325304742150,<USER> <USER> <USER> Excuse moi mais tu es de quel coin stp ? Moi aussi ma box a coupé et ne fonctionne plus depuis environ 13h aujourd’hui 😅
1832314710995226750,<USER> Bonjour quelle est la démarche pour résilier un abonnement Freebox ? merci
1832346973443150305,"<USER> pire réseau de France. Ma box se coupe en plein télétravail, et on me dit au tel que ca peut etre un technicien qui aurait debrancher ma ligne et qu'ils pourront m'en envoyer un mercredi... mais si il a debrancher, il peut pas venir rebrancher de suite serieux ???"
1832347263663743273,<USER> je vais peter un plimb et vous faire une pub bien salée tant que ma box ne refonctionnera pas. Je payes 90 euros par mois pour ça ?? Pour une box qui reqte bloquer a l'etape 2 ??
1832348083193045283,<USER> <USER> Frère jvais câbler 2 semaine je suis bloquer aussi
1832353183949001067,J'étais habitué aux augmentation discrètes de <USER> sur les abonnements freebox (+1€ par ci-par là). Depuis juillet c'est carrément +10€/mois sans raison. Je paye donc maintenant aujourd'hui plus cher avec ma freebox DELTA que l'offre ULTRA... Cherchez l'erreur !
1832355128508026962,Bonjour <USER> je passe 1 semaine dans un taff de merde ou je me bz le dos samedi dimanche je veux PROFITER de mon week-end et comme de par hasard la connexion fonctionne pas je peux pas profiter de mon super pc payer a 1300 euro a cause de votre co de merde et en plus vous avez
1832365656651477375,<USER> <USER> En Gironde près du porge 33680 panne totale Free du 27/8 matin au 6/9/24 dans la nuit 2 appels pour signaler pylône défectueux apparement l’opérateur nous indique que le seul moyen d’obtenir 1 indemnisation est d’envoyer 1 recommandé…très pénalisant pour le télétravail
1832366216691753016,<USER> bonjour ! 3 semaines san internet 3 techniciens qui se déplacent et toujours rien ! Par contre le prélèvement lui pas de problème… ! \nPas de rappel pas d’offres commerciales ..\nBref une vraie escroquerie
1832411472804069457,Quasiment 3 mois pour mettre en place la fibre avec <USER> . Résultat : toujours rien à cause d'un technicien incompétent et menteur (il faudrait même une gaine de 10 à 15cm de diamètre pour passer la fibre 😅)\n\nC'est navrant car j'apprécie <USER> et que le support téléphonique semble être super. \n\nDes conseils pour la suite ? Je tente avec <USER> ou je ne prends aucun risque avec <USER> ? \n\n#Fibre #Internet
1832413932897890410,"<USER> First interaction avec le service client apres être passé chez free! Je pose une question le mec ce gratte la tête marmone ne comprend pas puis arrête de parler, j’entends la vie de bureau j’attens rien! C’est quelle façons d’envoyer les gens pêtre… vais-je rester chez free?"
1832416148589367774,"<USER> Génial abonné Freebox ultra depuis le 1er février j’attends toujours l’échange de mes répéteurs wifi 5 en wifi7. Après 20 ans chez Free, il vaut toujours mieux être un nouvel abonné . Et bien moi aussi je vais devenir nouvel abonné !"
1832420685005910130,<USER> <USER> dommage qu' un service client aime perdre ses clients sans réellement trouver des solutions adéquat pour le bien être des abonnés \n<USER> êtes vous disponible
1832437378860118094,"<USER> <USER>\nComme convenu par votre service client payant, j’ai laissé mon colis en mode yolo dans un point retrait UPS sans étiquette de retour UPS\n\nDifficile de trouver des gens compétents chez vous\n\nMais j’ai fait ma partie du TAF, à vous de faire la vôtre pour une fois <URL>"
1832455765224808943,3 semaine que j'ai reçu une box free tjr pas internet 2 faut plan par un technicien qui doit venir chez moi et quand j'appelle free on me mais en attente de 30 min sans réponse ha oui juste on va relance mais mdr un truc à dire? \n<USER> <USER> une honte!! <URL>
1832495739123200232,"ma freebox se reset plusieurs fois par jour durant cette semaine, pourtant y'a aucun cable qui défaille, vous savez comment régler ce problème ? <USER>"
1832496792941773004,<USER> ça fait 3 soirées où les débits sont autour des 500 Ko/s
1832541316456046596,Panne chez <USER> <USER> ? (Fibre avec la ultra ) vous aussi ?
1832542351195046021,"<USER> plus de box, plus de mobile c’est quoi le problème ???? J suis la seule ???"
1832570044921897076,<USER> vous êtes le pire opérateur all time
1832588156497002558,"<USER> je suis un vieux client...depuis 2014 si mes souvenirs sont bons...c'est vrai ca? car moi, en temps que vieux client...jamais droit à rien. Je demenage prochainement, meme si je suis satisfait du service, la concurrence commence a me faire de l oeil..<URL>"
1832725176095478265,<USER> <USER> <USER> <USER> Oui mais j'ai appeler pour avoir des infos etc... Mais ils me répondent jamais free
1832753296764699082,<USER> is there support available in English please? Urgent
1832781501127151874,<USER> <USER> <USER> comment vous pouvez laisser un quartier sans infos sur une panne démarrée jeudi dernier? Franchement c’est scandaleux en terme de service. Et pendant ce temps la on paye… 🤷‍♀️
1832808746545762520,J'ai la fibre\nMerci <USER> <URL>
1832821221496394229,"Mon jouet préféré et increvable marche tout à fait normalement, ... mais j'avoue qu'il a essayé de me faire un petit clin d'oeil quand je suis passé à côté\n\nOn va voir ce que dit le support... (avoir un long downtime pour un détail esthétique serait une mauvaise idée)\n\n<USER> <URL>"
1832862387751596200,"Presque une semaine entière qu’on a plus accès à internet, chaque fois que l’on appel <USER> <USER> on nous informe que notre connexion sera rétablie deux jours plus tard et chaque fois rien. Aujourd’hui on rappelle et on se fait raccrocher au nez, c’est vraiment honteux."
1832893390930759985,Bonjour <USER> <USER> ça vient d'où ce souci depuis qq temps sur toutes les chaînes de <USER> alors que <USER> marche très bien ? <URL>
1832901652996554814,<USER> <USER> VOUS ME FAITES VIVRE UN ENFER DEPUIS 2020 PUTAIN DE MERDE RÉPAREZ VOS PUTAINS DE CÂBLE DE FIBRE DE MERDE YEN A MARE
1832911144018661447,<USER> coupure deux fois par semaine je paye 40€ par mois pour que ça coupe ! Je vais demander un dédommagement à l’année bande de chien ! On est en France ou au bingladesh !
1832914052844229040,"<USER> Bonjour, je possède une Freebox mini 4k et je voudrais migrer vers la Pop qui, à priori, donne un meilleur débit (j'ai la fibre).\n\nEst-ce que ça vaut réellement le coup ? Et est-ce qu'il y a des frais de migration .. ?"
1832914369468125228,<USER> <USER> <USER> pourquoi quand la box plante le réseau 5G aussi ?? Plus de box et plus de 5G ce soir !!! Grrrr
1832917177931808901,<USER> vous êtes le pire opérateur de tt les temps !Chaque semaine 4 coupure à partir de 00h comme si on devait aller se coucher à cette heure !Y en a qui taffent la nuit !Bande d’incompétent !Je savais que vous étiez nul de fou mais là je vais tellement vous cracher dessus
1833066660623794583,"<USER> \n\nUne semaine plus tard : toujours aucune résolution de la part du ""support"" technique Free.\nProchaine facture bloquée et migration vers <USER> <URL>"
1833066953885220951,"<USER> Bjr, 3 fois que j'appelle pour le même problème, au début coupure d'1h puis 2h maintenant c'est toute la nuit. Ça ne sert à rien que je vous appelle car 1 ticket d'incident est ouvert puis rien, pas de suite. J'ai ni le wifi (ma box) ni la 4G (mobile). Je vais changer!"
1833077361857679387,"<USER>\nNous sommes en panne depuis vendredi midi, le technicien est passé ce matin, il est reparti sans réparer, 'en catimini' sans rien dire, l'assistance est injoignable, j'ai tenté la boutique. 'nous on est des commerciaux, on n' à pas accès à votre dossier. \nOn fait quoi ?"
1833077766310203554,<USER> bonjour je voudrais avoir une confirmation qu'un technicien se présentera à l'extérieur de mon domicile aujourd'hui ? Car je n'ai toujours pas de nouvelles ! Sachant que je n'ai plus internet depuis vendredi matin.😭😭😭
1833080536241205430,<USER> bloqué à l’étape 2 <URL>
1833085289989898614,"<USER> C'est bien de lancer de nouveaux produits, mais ce serait mieux de ne pas laisser ses clients en plan. Pas de connexion depuis 7 semaines et le service client qui répond chaque semaine ""Soyez rassurés, les techniciens sont au courant"". 11 pannes depuis janvier déjà..."
1833122787889660056,<USER> <USER> quand Jean-Michel te traite de menteur !!! Alors tu as la preuve que la lettre recommandée a bien été envoyé et bien reçu !!!\nQu’est ce qu’on peut faire <USER> ?
1833122992500420919,<USER> c'est normal que les installateurs s'enfuient comme des voleurs tout en proposant des IpTV en disant que votre nouvelle offre Ultra+ ne comprend pas <USER> ni <USER> et surtout impossible de vous contacter.Vous me faites regretter d'avoir changé d operateur 😡
1833136511123873903,<USER> ça fait plus de 30j que je fais que de vous envoyer des messages sur votre assistance et vous me répondez : blabla on ne sait pas quand ça sera réparé
1833149233886605678,"<USER> \nBonjour Free \nMa fille qui n’est pas cliente chez vous vient de se voir prélever 37,07€ , quelqu’un pour m’aider ? Merci"
1833163081641341353,"<USER> Bonjour, je ne reçois plus certains mails importants et récurrents. En allant sur votre webmail, je les ai trouvés dans spams ! De plus l'option 'filtres' a disparu du webmail. J'ai donc des filtres actifs, non créés par moi et non modifiables. Que faire ?"
1833169382798700957,"Bonjour\n<USER>\n<USER> \nGénial, abonné Freebox ultra depuis le 1er février j’attends toujours l’échange de mes répéteurs wifi 5 en wifi 7. Après 20 ans chez Free, il vaut toujours mieux être un nouvel abonné. Et bien moi aussi je vais devenir nouvel abonné !"
1833177187257647508,"Quand tu veux mater tranquillement une série sur Netflix et que ton accès chez <USER> bloque à l'obtention d'une IP et qu'on veut t'envoyer un technicien. 🤔\nMon voisin chez Bouygues est pareil, pas d'internet. C'est quoi le délire ?\n#freeboxdown\n#Valdemarne <URL>"
1833179817568870704,1 semaine sans internet vous êtes sérieux <USER> <USER> ?? En 2024 ??? Pour un client chez vous depuis plus de 15 ans ??
1833181977660236247,<USER> Bonjour j'essaie d'avoir quelqu'un par message depuis tout à l'heure sans retour. J'aimerais voir pour devenir client dans un futur proche\n\nMerci
1833182524555624953,"<USER> \nj’aimerais avoir des infos concernant l’intervention d’un technicien ce jour pour raccorder la fibre chez moi à Bordeaux. \nLe technicien est venu les mains dans les poches, ne répondait pas à nos questions et est reparti sans rien faire …"
1833186121422917746,<USER> comment ça se fait à plus reprise le soir je me retrouve sans réseau mobile et sans internet box bloqué à étape 6
1833197492315230552,"Dites <USER>/<USER>/<USER>/<USER> (<USER>/<USER> on vous parle aussi), vous n’avez pas honte ?\n\nVous n’avez pas honte de laisser depuis le mois dernier des personnes de 90 ans, malvoyantes, à mobilité réduite et avec des problèmes cardiaques, sans télé, sans internet et sans leur téléphone fixe avec différents numéros d’urgence reliés dessus ?\n\nFree : hier, un opérateur qui se démarquait par un service client de qualité et des conseillers directement joignables par téléphone.\n\nAujourd’hui, un opérateur injoignable, avec des « conseillers » de « « proximité » » qui changent à chaque message envoyé et incapables de solutionner un problème.\n\nDepuis août, plus aucune connexion au domicile de ces personnes âgées et dépendantes.\n\nÀ cause, visiblement, d’un câble décroché et enroulé… dans un arbre. Incompréhensible !\n\nFree renvoie la responsabilité à Orange (France Telecom). Orange (France Telecom) renvoie la responsabilité à Orange. Le petit train-train habituel avec pour grand perdant le client.\n\nQuand ce ne sont pas des rendez-vous programmés par erreur par Free et obligeant ses clients à rester chez eux pour rien (car n’étant pas un vrai rendez-vous, la notification annonçant le rendez-vous étant un bug), c’est encore pire :\n\ndes rendez-vous (des vrais cette fois) pour lesquels les agents NE SE PRÉSENTENT TOUT SIMPLEMENT PAS ET OÙ LE CLIENT N’EN EST ABSOLUMENT PAS NOTIFIÉ, NI PENDANT, NI APRÈS.\n \nAu final, la ligne a donc été débranchée (par qui, on ne sait pas), rien n’avance et des personnes âgées sont coupées de tout depuis un moment désormais.\n\n<USER>, <USER>, vous n’avez pas honte ?\n\n#Free #Orange #FranceTelecom"
1833227643786801314,<USER> Comment accède -t-on à la TV by canal avec un abonnement Freebox révolution? Y a bien écrit que TV by canal est inclus mais trouver le site où se connecter c'est mission impossible. Ca serait pas mal que vos développeurs mettent votre site et les informations de connexion à jour.
1833237463973888390,<USER> premier mois en tant que client <USER> j'avais longtemps hésité à cause des retours... Pourquoi j'ai craqué ?\nC'est littéralement du VOL. <URL>
1833280680798916829,<USER> <USER> 1 grd moment de foutage de gueule + de réseau internet… box bloquée à l’étape 2 depuis hier matin… 1 intervention technique le jr même pr m’informer qu’il y a des travaux fibres et que tt sera rétabli le même jour avant 18h… tjrs pas d’internet… pas de suivi
1833318305165082632,Par contre <USER> pouvez-vous me rendre ma connexion que j’ai perdu il y a de cela 2h mtn merci à vous
1833387145907646774,<USER> <USER> ral bol toutes les nuits pas de fibre ni de portable cela a commencé depuis le 7 juillet pour et quand j'appelle free c'est Normal pour eux réparation en cours et toujours aucune remise et geste commercial <USER> secteur oise !!
1833409952297205803,"<USER> Pourriez vous me contacter en DM de toute urgence... impossible de joindre qui que ce soit via WhatsApp, au 1044 ou au 3244... GROS SOUCI URGENT 🙏"
1833514498168173010,iPhone 16 Pro. Un studio pro dans votre poche.\n\nLe nouvel iPhone 16 Pro bientôt dans votre boutique Free. Design en titane. Commande de l’appareil photo. Dolby Vision 4K à 120 i/s. Puce A18 Pro.\n\nDisponible en précommande dès le 13 septembre à 14h en boutique et sur <URL>
1833516584264208437,"Vraiment <USER> on m’avait dit du grand bien de vous , mais au bout de huit mois c’est une dinguerie , le service client est catastrophique <USER> aucun geste rien"
1833516731840745867,"abonnement freebox souscrit le 20 août, installation de la fibre prévu le 29 août entre 8h et 10h, un tech se présente à 13h30, me dit qu’il a pas le matériel nécessaire qu’il va le chercher auprès d’un collègue, il n’est jamais revenu \n\nreprise de rendez vous pour aujourd’hui"
1833516735510589608,"entre 14h et 16h (10j après) toujours personne, aucune nouvelles du technicien, le support <USER> qui n’a aucun moyen de contact avec ses techniciens me dit d’attendre demain \n\nptet j’ai pris rendez vous en 2034 on sait pas \n\nmerci <USER> !"
1833520048306106652,"<USER> <USER> Bonjour,\nJ’ai acheté d’occasion un Devialet la semaine dernière, j’ai bien demandé à Free avant si c’était possible de le rattacher à ma Freebox Ultra. Ils m’ont dit que c’était bon, la demande est en cours.\nÀ ce jour je n’ai toujours pas de nouvelles. Quels sont les délais ?"
1833539090979148080,"Contrat fait en mai, on est en septembre ma ligne internet est toujours pas activée, je passe en boutique on me prévoit un rdv téléphonique avec l'assistance ojd et tjr pas d'appel ... <USER> on peut m'aider ou je dois de me débrouiller et aller ailleurs?"
1833545127853494320,<USER> bonjour j’ai besoin d’une assistance svp sur un abonnement Freebox Fibre grand public
1833560989171663356,"<USER> impossible d'annuler l'abonnement canal series associe a ma freebox, merci de me contacter par DM pour pouvoir l'annuler, ce n'est pas normal de ne pas pouvoir l'annuler simplement, ca ressemble a un parcours du combattant <URL>"
1833561833048801497,"T'as plus de thunes, tu veux baisser ton offre : bam on te facture 49€.\nÇa ne donne qu'une seule envie, partir...\n\n<USER> <USER> vous avez des offres fibres sympas en ce moment ? On a aussi 4 mobiles.\n\nMerci"
1833562807184347537,"<USER> Entre l’attente et une personne qui doit me mettre en relation avec un technicien, la communication est coupée au bout de 10mn sous prétexte qu’il y a trop d’appels 🙄 \nEt maintenant injoignables !! Insupportable !!"
1833568205475922320,Allô <USER> ? Pas d'internet depuis hier 9h09 et aucune info... 🤨
1833570037594263672,"<USER> Ne plus avoir internet depuis le 22 mai mais prélever les abonnements, merci free pour régler nos addictions sans impacter le budget de la sécurité sociale. Service client niveau 0 <USER>"
1833579620006047821,"<USER> Tien Free parle ici, ça ignore mes courriers mais sa parle ici, vous êtes à la limite de la procédure de mise en demeure si vous continuez à m'ignorer."
1833581845260472646,<USER> Pas d'internet à castelnau le lez :-(
1833612066067791895,"<USER> 3 coupures en 1 journée, quasi 3h à chaque fois. Je paie pour ce service, c'est vraiment une honte. Comment on fait quand on est en télétravail ?"
1833670057739604276,<USER> coupure de wifi et 4g qui marche 1/2 on m’explique svp ?
1833809831888654417,"<USER> Hola, possible de regarder pourquoi ma connexion va aussi vite qu'un poney dans une course de chevaux ? Cordialement"
1833813985549828583,<USER> <USER>\nPlusieurs semaines que nous faisons des démarches pour avoir notre freebox dans notre nouveau logement (nouveau lotissement) tout est bon mais free ne peux toujours pas nous proposer l'installation... DECEVANT\nVa-t-on devoir transférer tous nos contrats ?
1833816778763366825,<USER> bonjour une intervention est prévue sur ma ligne Freebox pendant 4 jours la semaine pro. Comment je fais en fait vu que je suis en full télétravail ??? De plus aujourd’hui ma box ne fait que de se déconnecter et ça n’est pas la première fois. Je perds patience
1833827353794875748,Je vais changer d'opérateur tu paye un abonnement pour rien chez <USER> y'a toujours des pannes !!!
1833829328670306732,<USER> <USER> <USER> 1 semaine que ma fibre est en panne impossible de joindre fre
1833850927096168569,"<USER> impossible de vous joindre\nSuite à demenagement le 3244, le 1044 ou 0892135161 ( surtaxé) personne ne repond. Le technicien ne respecte pas ses engagements de raccordement. \nJe vais vous quitter."
1833895920066342995,Ma recherche Google improbable du jour :\nComment parler à un humain chez <USER> \nCoucou <USER> ça serait bien de garder un peu d'humanité dans votre service client.\nSurtout quand la prise de rendez-vous via votre chatbot ne fonctionne pas.
1833903181568659558,"<USER> un de vos techniciens a saccagé notre immeuble, c’est impossible d’avoir la fibre du premier étage jusqu’au 5eme, possible de rentrer en contact ?"
1833903899654435042,<USER> un coup de main serait le bienvenu
1833910806427365389,<USER> <USER> <USER> possible de venir mp ?
1833912131261268065,"Jamais eu un souci en 15 ans avec Free mais faut bien un début…\n<USER>, j’ai tenté de contacter le service d’assistance avec un temps d’attente « d’actuellement 45 minutes ».\n\nC’était y’a 3h ! Vous êtes où ?! J’ai ma freebox qui grince comme si elle allait exploser ! 😱"
1833948353534546180,<USER> JE VOUS HAIS TELLEMENT TOUS LES 6 MOIS OBLIGÉE D'APPELER UN CONSEILLER PARCE QUE MA BOX MARCHE PLUS J'EN AI RAAAAAS LE BOL
1833950839272026519,Encore une fois … <USER> hs … étape 3c … c est que la 26eme fois depuis l installation de la fibre #free que je n ai pas de connexion… depuis mai ouf ! 😡 quand c est pas de signal #fibre #hs c est l authentification… finalement je vais peut être mettre plus cher ailleurs
1833967497340489869,"Y'en a marre des débranchages... J'en peux plus, c'est plus de 10 fois par an... Je règle une facture 1 semaine en retard je mange une pénalité... Ou sont vos pénalités pour interruption de service <USER> ? Je sais que vous n'êtes responsable du NRC mais c'est épuisant..."
1833984555239326175,"Contre la décision de l’#Arcom, je soutiens le recours du Média pour le pluralisme et l’indépendance sur la #TNT ! #UncanalTNTpourlesIndes via <USER> <URL>"
1834007077854781460,"<USER> <USER> Au fait, j'ai essayé de régler mon ""bouquet"" de box <USER> mais la 165 n'apparait pas dans les chaînes, et la 350... ne donne rien non plus..."
1834113584466428155,"Non mais sérieux <USER>, ça fait depuis lundi que je n’ai plus internet, un technicien répare le souci hier dans la matinée, je rentre du boulot en soirée et… plus internet à nouveau ? \n\nOn est 2024 quand même, comment c’est possible ? C’est mon jour de repos et je n’ai rien."
1834131750487822491,"<USER> Ça ne sert à rien, dites bien fort en public que ce n’est pas possible plutôt que de me faire perdre mon temps sur vos messageries…\nEn plus même pas possible de choisir une date de résiliation Free vraiment vous êtes une secte"
1834133104086106415,"Toujours avoir un autre FAI en backup\nFree en panne depuis hier soir 22h, freebox etape 6. Telephonie 3-4-5g compliquée, pas de data.\nPassé en hotspot sur ligne Orange.\nZero infos de Free, et que des robots coté assistance.\nmerci <USER> changez rien, c'est le top."
1834187727895511340,<USER> Ça serait la moindre des choses de mettre à jour votre site internet non ? Car vous renvoyez toujours vers un lien de discussion WhatsApp qui est donc non fonctionnel c'est bien cela ?
1834246789106405475,"<USER> impossible de vous joindre via le 3244 et tout autre numéro. Ma box ne fonctionne plus. Plus d’Internet, de wifi, donc de TV et de PC. Or je dois télétravailler dans les jours qui viennent avec des dossiers urgents sur le dos. AU SECOURS ! 😊"
1834247836797387083,Dit donc <USER> . Pas de connections depuis 1 semaine Pas de tv\n . Un boîtier 5G qui ne capte pas la 5g Aucune date de disponibilité. Aucune information. \nLa révolution serai de partir ?( sans jeu de mot )
1834270522080628953,<USER> est ce que c’est normal un délai de 10 jours pour venir dépanner notre freebox ? \nOn est 3 free-lance dans le foyer et on va clairement galerer à bosser !! \nEt on nous dit de faire un « partage de connexion »🤡 \nVous remboursez l’abonnement téléphonique dans ces cas là ?
1834281911726076060,<USER> Et sur les problèmes liés aux envois de freebox y a quelque chose ou pas ? Y a personnes qui est capable de me répondre <USER> <USER>
1834285804010831943,<USER> ça capte plus là remettez la connexion 🙏🙏
1834333917769269523,"Je suis fatiguée <USER> \n\nMon iPhone est sur la box, je vois pas quoi faire de plus. <URL>"
1834357012341076189,<USER> c’est normal tout les soirs coupure de fibre à la même heure? 50€ pour ça ? Gluant
1834488095657329123,"Tous les soirs j’ai plus de réseau entre 00:30 et 1:45 voir 2h30 du matin, <USER> merci de régler le problème svp"
1834490749166989406,"Salut <USER> \nPanne fibre depuis le début de la semaine, 6 rdv plus tard (car vous en avez annulé 3 au dernier moment) toujours rien. \n\nÇa vous coûte quoi de ne pas me laisser dans le noir ? Le prélèvement fonctionne lui."
1834516617528594928,"<USER> Comment fait-on pour parler à un humain?? Au 3244 on accède à une arborescence de menus, mais si on a une question qui n'est pas prévue par cet arbre et qu'on ne fait aucun choix, le système raccroche, en disant ""à bientôt"" avec une voix enjouée particulièrement énervante."
1834526312431518153,"ca fait 4j que j'ai plus de fibre <USER> <USER> suite à un ""incident collectif"" j'aimerais bien avoir un peu plus de news sur la date de rebranchement, travaillant en télétravail ca devient lourd..... #free #freebox"
1834527186579075399,<USER> <USER> ps: bloqué en etape 2 sur la freebox depuis mardi lourd
1834531919951781961,"<USER> Bonjour, plus rien ne fonctionne la box rest rouge depuis hier fin d’après-midi"
1834551012125810748,J’en peux plus ma box fait que de revenir sur Étape 3 après 30 minutes à chaque fois pitié <USER>
1834558149166047356,<USER> <USER> <USER> 45€ la box pour pas avoir internet ça fait chier
1834582438464327741,<USER> <USER> j'aimerais passer de ma miniFreebox4K vers un abonnement Freebox révolution light.\nComment je fais ?
1834586283965919643,<USER> Pour souscrire des lignes là y a du monde par contre pour résilier vous faites les sourds et mettrez en attente sans jamais reprendre la ligne. Honte sur vous et vos méthode ! <USER> help
1834590211407216891,"Bon <USER> il serait temps de respecter vos clients, mon réseau ne fait que sauter, la 4g ne fonctionne plus non plus. Ça devient trop récurrent, et il serait peut-être envisageable de faire un service client avec appel non payé non ? Je paye déjà 20 balles pas mois, c’est bon /2"
1834605712372019319,Hep ! <USER> La base de donnée de mon site web ( <URL> ) semble avoir disparue.\nPourtant ma page existe toujours et j'arrive à me connecter au FTP.\n\nTu m'expliques où elle est passée ?\n\nJe t'avoue que je suis moyen bof content là. Mon site tourne depuis 2006... <URL>
1834620345132659029,<USER> Bonjour \nJ'ai dû résilier mon abonnement chez Free - car impossible de faire le déménagement (1 mois après 13/06/2024). \nJ'ai fini par envoyer le courrier recommandé demandant la résiliation. (Les appels que j'ai reçu étaient de me retenir comme cliente) 1/2
1834621796873597384,<USER> 3/3 \nDésolée pour le 1/2 du début c'est plus long \nJ'ai été prélevé des 49€ frais de retour de matériels le 06/08/2024\n\nEt là 3 relances pour me dire que je n'ai pas rendu les matériels et aujourd'hui menace (?) de me facturer+500€ de matériels ? \n<USER> <USER> \nMerci beaucoup
1834622611982065935,"<USER> bonjour, y aurait moyen d'avoir un conseiller par téléphone ? Parce que j'en ai un peu marre de galérer à avoir un conseiller 🥲"
1834635187981832390,"Nouveau : l'installateur Fibre Free qui passe, galère un peu sur le chantier,et dit qu'il repasse dans l'après midi avec un collègue. Depuis, c'est abonnés absents, ni réponse téléphone, ni SMS. Ça donne confiance. <USER>"
1834643309161046493,<USER> <USER> <USER> <USER> <USER> Chez moi ça fonctionne mais j’ai plus de débit fibre
1834646128823763093,<USER> Comment vous avez l'air de ne pas comprendre avec vos messages automatiques je vous remets mon message \n\n<URL> ce soit angélique Zelda ou même link 😂je ne répondrai que via Twitter
1834651696074563629,"<USER> cc les goats,on paye la dernières freebox avec canal + d'intégrer et tout mais toujours pas de canal +\nOn la activé puis il s'est désactivé <URL>"
1834655603794285024,"Il y a un temps où tu appelais <USER> tu tombais sur un technicien, puis un temps où tu pouvais chatter en direct.\nC'était le bon vieux temps, maintenant tu laisses un message, personne le regarde et t'indiques temps moyen 45 min alors que t'attends depuis 2h une réponse"
1834664073293631594,<USER> pop wifi 7 reçu à la place de pop 5… super!!! <URL>
1834664153237094798,<USER> pourquoi nous obliger à prendre un rdv dans des semaines avec un technicien pour nous raccorder?\nOn a deja la prise! Envoyez nous juste la Freebox je sais comment la brancher depuis le temps que je l'utilise!!!\nEt bien sûr impossible de contacter un support humain... 🤬
1834678896115302871,<USER> <USER> Te plein pas moi depuis le 22 février plus internet \nBientôt 8 mois \nEt ca se préleve toujours \nSi je bloque ils bloque la réparation de ligne et facture 10 de frais de rejet \nImpossible d avoir le service qualité ou consommateur à chaque fois j atteri au technique
1834741469845836258,<USER> <USER> <USER> <USER> envoyez-moi un message pour obtenir de l'aide
1834820528755941693,"Bonjour <USER>, vous avez des nouvelles de votre technicien qui devait intervenir sur ma fibre hier matin ? Merci."
1834930618871783836,"<USER> bonjour, comment est ce possible d'avoir un soucis sur 4 changement de box d'affilée ?!?!?!?! Vos techniciens manquent tant que ça de compétences pour avoir du matériel ne serai ce que juste fonctionnel?! Du gros foutage de gueule!"
1834954442036167086,Qui a une bonne offre FIBRE qui ne dépasse pas les 30€ par mois et le débit je m’en fou je ne télécharge rien du tout juste le fait d’avoir une bonne connexion et un bon service qui ne se coupe JAMAIS hein <USER> 👀
1835024207723294963,Bonjour <USER> \nQuand la Freebox pop sera t-elle disponible pour changer ma vieille Freebox révolution ? Maintenant que j’ai la fibre ça devient urgent et ça fait plus de 4 mois que c’est « momentanément indisponible »…
1835028025416528202,Bonjour <USER>\nQuand la Freebox pop sera t-elle disponible pour changer ma vieille Freebox révolution ? Maintenant que j’ai la fibre ça devient urgent et ça fait plus de 4 mois que c’est « momentanément indisponible »…
1835036298341761049,"Impossible de me connecter, il y a un soucis sur Zimbra free ? <USER> <USER> #free #zimbra"
1835039635669463071,<USER> <USER> <USER> Moi aussi!
1835040056999837697,"<USER> Pas fait d’avoir essayer via le service whatsapp, ça fait 4 jours j’ai 0 réponse ……\n\nDu coup j’envoie tous les jours un gif pour dire bonjour\n\nOn dirait presque (presque hein) qu’on paye un service"
1835045312240476227,"<USER> <USER> J’ai ÉNORMÉMENT de problèmes chez free. 15mb/s… , 2x en 6 mois qu’un technicien débranche un câble dans la rue… hâte de passer chez orange"
1835055840249749838,"Dans la série, je t’emmerde dégage de là connasse, on veut plus de toi et ta ligne, voici la réponse de <USER> à qui j'annonce une dégradation du réseau (déjà avant j'avais juste 1.2 Mo d'upload, là ils nous passent à 800 Ko) et voici Emelyne qui essaye de m'extorquer des sous <URL>"
1835291733417988382,3 jours que ma télécommande ne fonctionne pas donc pas de TV <USER>\n3 jours que je vous contacte en vous disant qu'aussi mon adresse mail communiquée je n'ai plus accès <USER> \nUn service client merdique... résiliez mon abonnement c'est mieux
1835320141229240454,Bravo au technicien <USER> <USER> pour avoir vraiment bien fait son boulot pour la fibre de notre immeuble.\n\nÀ ce niveau la d’incompétence c’est quasiment de l’art. <URL>
1835363409061097765,"La suite du feuilleton avec <USER> ... Ça évolue ... Pas dans le bon sens, mais ça évolue ... Pas notre faute, allez voir Orange. Cependant, Orange dit que c'est pas eux. On fait comment là ? Bref, <USER> vous allez gagner plusieurs comptes client (mobile + internet) <URL>"
1835379528673513710,"Dans le plus grand des calmes, <USER> fait payer son option ""enregistreur numérique"" 2€ et arrive à te placer 5 à 10min de pub avant d'accéder à ton enregistrement ... (J'ai pas encore pu voir s'il y en a pdt)\nJe regrette déjà ma #FreeboxRevolution...\nCc <USER>"
1835381848249438601,<USER> c'est abusé quand même. Pour regarder le Replay de #PekinExpress il y a au moins 10 minutes de pubs. Sans compter pendant l'épisode. C'est quoi ce bordel. C'est vous ou <USER> qui fait ça? Calmez vous.
1835382465818767846,"<USER> bonjour, je suis actuellement bloqué sur étape 3d enregistrement pon et ma box ultra ne veux pas aller plus loin je n’est plus internet depuis le 12/09/24"
1835383699048661350,vs me chiez dessus <USER> depuis le 22 aout c bon <URL>
1835401996347531571,<USER> ça va vous faire
1835412770986008657,<USER> remettez la connexion j’ai un programme à finir .
1835420098733191170,<USER> pas d’internet venez privé la j’ai raté la moitié du match à cause de vous zebi
1835610799080869934,<USER> \n\nD'offre du moment pour nouvelle client de Freebox ?
1835621307901264184,"Jour 15 - toujours pas de wifi chez moi, c’est quoi ce bordel 😭 #Free <USER>"
1835621944365851052,<USER> On a pris un rendez-vous pour le problème et ils ont annulé sans motive. Le lendemain il vient à midi et après 20mins ils m’ont dit que il sait pas c’est quand ça va être résolu MDR
1835629789492699238,"<USER> <USER> Bonjour je vous en supplie aidez moi à raccorder la fibre chez moi je ferais n’importe quoi pour l’avoir j’aimerais stream et m’amuser en ligne mais orange me fait des galères avec l’adsl, il y a peu de chance que j’ai des réponses mais je tente ma chance !"
1835642073698926980,"<USER> comment cela se passe quand on veut souscrire, qu on est dispo que les vendredi et qu on ne me propose que du lundi au jeudi pour le raccordement ?"
1835664201827659869,"<USER> Panne fibre quartier mean chemin de bert 44600 saint nazaire, ticket ouvert le 11/09, aucune nouvelle, ça devait être rétabli le 13, on est le 16/09 et ras. C'est quoi ce service client... Où en sommes nous de ce proble"
1835681238482407441,16 août -&gt; 16 septembre Étape 2\nIncident sur ligne horizontale au moins 80 abonnés concernés \n<USER> <USER> et <USER> se renvoient le ticket \nTicket perso ouvert chez <USER> chez <USER> et chez <USER> et toujours rien !\nHELP !!!
1835699966917898447,<USER> C’est absolument impossible de vous contacter donc à force de passer des heures pour des problèmes MAJEUR comme ceux que je viens de citer pour qu’au final vous envoyez un technicien qui dit que tout va bien alors que pas du tout. La prochaine fois j’irai en boutique.INADMISSIBLE
1835708008023670970,"Bonjour <USER> , je suis chez Orange et j'ai voulu basculer chez vous sur la <USER> Ultra. Résultat plus d'internet aujourd'hui et le tech ne vient que Lundi prochain ! Bravo Free, pour une entrée en matière c'est pas brillant ! Bloqué en étape 3D"
1835728109863047322,"Ma ligne internet HS tout le mois d'août \n<USER> : pas grave tant que ticket d'incident est ouvert, vous n'êtes pas facturé\n1er septembre, ligne réparée\n2 septembre, facture de 39,99€ sans aucune ristourne \nAllez vous faire frire le Q"
1835800798095135218,<USER> faut qu’on cause avec votre box qui a jamais internet la
1835808128723489246,Aucun contrat à long terme.\nFacile à commander en ligne
1835808632367432184,Aucun contrat à long terme.\nFacile à commander en ligne
1835989916053893484,<USER> pourquoi nous n'avons plus de connexion internet et tv depuis ce matin ??
1836000969647087820,<USER> Vous avez également à disposition le 3244 et notre compte Instagram.\n\nJulie - Free
1836002811361837500,<USER> pourquoi j'ai plus internet là c'est quoi ce foutoir
1836013321847205960,"<USER> Bonjour, Pouvez-vous me contacter au plus vite svp?"
1836022236160934288,"<USER> donc maintenant même en appelant le 3244 on peut plus avoir un technicien.\nC'est super t'as plus le net, et personne pour prendre en charge ton problème"
1836031444952436909,Je passe chez <USER> ils viennent m’installer la box et les PBO sont saturés. Aucun délai ne m’a été transmis ca fait bientôt 5 jours que je n’ai pas internet et la personne au telephone a le culeau de me dire vous devez attendre c’est dans les cgv 😡😡😡
1836050762935193919,"<USER> <USER>\nJe n'ai plus d'accès à internet depuis plusieurs heures alors que je bosse par ordinateur, on fait comment ?"
1836059965842247837,<USER> impossible d’avoir un conseiller en ligne… je suis abonné récemment mais même au 3244 rien….
1836077430294925573,"<USER> <USER> Pas d'internet depuis samedi midi à Garches et aucune information de free , je vais résilier rapido"
1836115284140372253,"Salut <USER> <USER>, tu vas bien ? ta freebox est bien branché ? \nCar la mienne est débranchée a peu prés tous les mois par tes ""techniciens"" voleurs et de mauvaises foi.\nA chaque fois entre 1 et 4j sans internet. Comment est-ce possible ? \nCe soir, j'ai cracké je suis allé"
1836130352261431349,"<USER> j'ai entamé le déménagement de ma fibre il y a plus de 2 semaines, et les conseillers me mentent toujours (il suffit de brancher dans le nouveau logement et ça ira, mais pas du tout). Je ne peux pas travailler sans internet et je suis obligé de payer en attendant. Honteux"
1836133323304849468,Quand tu cliques sur le lien pour te désinscrire de la newsletter de <USER>… peut être que Reef fait mieux pour le coup 🤪 <USER> qu’en pensez-vous ? <URL>
1836151761880400148,Salut <USER> Il faut faire quoi pour arrêter d’être harcelé par vos putain de service client tous les jours?
1836178337133178942,Putain mais <USER> il se passe quoi la! ca fait 2 fois en tois jours que les freebox sont en erreur d'authentification (Etape 6) !\nj'avais aucun probleme jusqu'a maintenant serieux!
1836179066845618213,<USER> <USER> Moi aussi dans la Loire plus internet box et réseau internet mobile lent depuis 15 min 😤
1836181747584655737,<USER> je viens de perdre ma ranked sur valorant a cause de vous j’espère vous aller me payer un skin pour le dédommagement .
1836182845460553797,<USER> <USER> Pareil… Box et SIM
1836183506285641989,<USER> Ce soir panne panne réseau mobile et box dans les Yvelines 😡
1836185280325226624,<USER> vous pouvez expliquer pourquoi en 2 jours ma connexion a sauté pendant plusieurs heures ?
1836190476187091175,<USER> <USER> <USER> Pareil ..
1836298895296454967,"Par contre <USER> vos beug à la con toutes les 24h que ça soit sur le réseau WiFi ou 5g depuis des semaines ça commence à casser les couilles en fait, 50 balles pour de la merde... de pire en pire.. je me charge de vous quand je rentre du travail 🤬"
1836305400951349694,<USER> Et un 2eme décodeur est payant ? Alors que la concurrence le fournit ?
1836312682359558220,"🗞️[COMMUNIQUE]\n\n<USER> annonce aujourd’hui être le 1er opérateur à proposer la #5G 3,5 GHz SA sur son réseau public à l’échelle nationale. \n\nEn rendant accessible au plus grand nombre dès aujourd’hui cette technologie radio de pointe, l'opérateur démontre une nouvelle fois sa capacité d’innovation et conforte son statut de leader technologique.\n\nA lire ici 👉<URL>"
1836321783399530566,? <URL>
1836332555009659342,"<USER> je suis actuellement dans un airbnb à Roquebrune-Cap-Martin \nEt la connexion internet viens de se couper , impossible de solutionner le problème , y a t il un soucis technique sur le secteur ? \nMerci"
1836343729436627088,Dites <USER> on s amuse bien à débrancher les gens pour se donner du boulot \n4 fois en 6mois .
1836356930433864015,N'importe quoi le sav <USER> #free #freebox
1836359063820460191,<USER> votre site d'assistance m a redirigé vers WhatsApp... Mais c'était il y a 4heures. Qqn répondra ou je patiente pour RIEN ?
1836371416943329772,"<USER> <USER> Ah je suis pas le seul, je capte rien chez moi alors que j’ai toutes les barres de la wifi"
1836383481900748943,"Hello <USER> <USER>, plus aucune connexion chez moi, en fibre et 5G. Avez-vous des soucis dans les Yvelines ?"
1836397884037529768,<USER> pouvez vous réglez le problème de connexion parce que sa fais depuis hier matin que la connexion ne foctionne pas y’a le PSG qui joue ce soir pouvez-vous régler le problème avant ce soir merci
1836408847692337393,devinez quoi 40 jours plus tard tout l'immeuble n'a toujours plus d'internet après que Free suite à une intervention ait tout cassé et le support me réponds: blabla on ne sait pas quand ça sera réparé\n<USER>\n<USER>
1836410081476252120,<USER> Je suis surpris d’apprendre que je dois 50 euros de résiliation offre adsl alors que j’ai souscrit une offre fibre ! Vous êtes sérieux?
1836410666443313367,"<USER> ,<USER> <USER> je suis raccordé le 23 septembre, j’attends vos offres 😉"
1836418275250504076,"<USER> est ce normal qu'en cas de déménagement ma Freebox et passer du prix réduit sur un an à taux plein ???juste car j'ai déménager ni avec <USER> ,ni <USER> cela m'est arrivée lors de mes précédents déménagement"
1836426878741029052,"Quand <USER> met 2h à réparer un problème sur la fibre au niveau de la voirie, <USER> n’est pas encore capable de donner le jour d’intervention et de rétablissement d’internet…pour le même problème…\nMerci #Free\n\n#Montpellier"
1836428807651102721,Coucou <USER> <USER> <USER> \n\nEncore en panne de Freebox à Nant Aveyron c'est quand que DSLAM CAV12-1 sera plus en panne ???\n\n25 fois en panne puis janvier 202\n\n<URL>
1836434815396020484,Salut <USER> . Si je prend la fibre chez vous mais que je garde mon forfait téléphone B and you ( Bouygues ) est ce que je peux avoir accès à l'application mobile oqee via mon forfait Bouygues grâce à mes identifiants free fibre ?
1836440419686563962,<USER> Sauf quand tu attends 8 mois pour avoir la fibre … et c’est pas fini
1836456913053028836,"<USER> <USER> <USER> j’ai 51m2 je l’ai pris, le wifi a la cuisine c’était plus possible 😂"
1836459575005847771,<USER> J'ai une vrai info si vous voulez.. 2 semaines sans internet impossible d'avoir quelqu'un au téléphone et quand ont appel le 3244 même la messagerie automatique nous raccroche à la gueule.\nJe déconseille free. Que des incapables.
1836462651624264075,"Hello la team <USER> <USER> , suite au décès de ma mère, j'ai demandé la résiliation. C'est indiqué comme retourné sur le site d'achat via le site relais colis avec l'étiquette fourni, et je viens de recevoir un mail indiquant que rien n'est arrivé. C'est quoi le délire?"
1836474086286934121,"<USER> 😡😡😡😡😡\nDes interruptions de services toutes les mois ou plus, aujourd'hui je suis à 10 jours entre chaque dysfonctionnement.\nService consommateur qui ne répond pas à tes questions. C'est quoi cet opérateur de 🤬 qui prend les clients en otage <URL>"
1836475433295954081,J'approuve totalement ce post et hier soir sur le multiplex chez <USER> j'avais un décalage d'au moins 10 secondes entre la parole qui était en avance sur les images\n\n<USER>
1836476840728236476,"Plus d'Internet depuis 10h chez moi, <USER> m'envoie des SMS et des mails toutes les heures pour que je prenne un RDV sur leur interface qui à chaque fois me dit qu'elle n'a aucun RDV disponible.\nBien entendu, pas moyen de communiquer avec un être humain."
1836486305120768276,<USER> <USER> Depuis 48h j’ai plus de wifi
1836510014128926797,<USER> <USER> <USER> ALLEZ VOUS FAIRE ENCULER ÇA FAIT 4 SOIRS DE SUITE QU’ON CAPTE PLUS RIEN QUE CE SOIR SUR LA BOX OU EN 4G VOUS ÊTES LES PLUS GROSSES MERDES QU’IL SOIT BANDE D’INCAPABLES RÉVEILLEZ VOUS PTN DE MERDE
1836640397126144166,"<USER> <USER> Bjr <USER> <USER> , votre enregistreur numérique est-il payant et obligez-vous les pubs (avance rapide bloqué durant les pubs) sur TF1 et M6 ?\nMerci"
1836668798302138566,<USER> Est-ce normal que 3244 me dise une chose et son contraire au sujet du backup internet gratuit en cas d'incident sur la ligne? \nPour me refiler l'option payante pour une panne...\nAlors que tout le monde est éligible cf Direction Iliad : <URL> <USER>
1836689833122525203,"<USER> Bonjour <USER> <USER> petite question, à qui dois je m'adresser pour un soucis avec mon Player TV, qui se freeze parfois, m'obligeant à changé de chaîne, ou un décalage du son et de l'image, m'obligeant aussi à redémarrer le Player?"
1836704502092607743,Quand ta commune est fibrée mais qu'on te propose de l'ADSL bas débit... Et que tu es en partage de connexion faute de me rétablir une connexion stable depuis juillet...\nJ'ai l'impression qu'on me propose une charrette alors que tout le monde roule en Tesla. 🚶‍♂️📡\n<USER> <USER> <URL>
1836707891186741337,"""Quand t’as plus de réseau internet et qu’on te propose de partager la 5G... ou pire, de repasser en ADSL. Merci Free pour cette immersion en 2003 !"" 👀 #RetourVersLePassé #WiFiQuiRame""\n<USER> <USER> <USER> <URL>"
1836709499853283608,Je suis le seul à avoir 5/6 coupures par jour avec <USER> ? Impossible de faire une session de 4h sans 1 à 2 coupures internet #Free
1836729318677831935,<USER> merci pour rien et votre malhonnêteté 10/10 franchement
1836784137933344919,"Oh <USER> vous me faites peter un câble. 3 semaines voir 4 que j’attends un technicien fibre, je change mon forfait Orange pour free en pensant avoir une meilleure connexion et au final m’a 5G s’apparente à de la 3G je vais peter un boulon. 0 dédommagement pr la fibre et mtn ça"
1836790230096977962,"<USER> Jamais vu une assistance aussi nul, plus de 10 ans chez le même opérateur et aucun effort commercial suite à une panne d'un matériel défaillant (appareil neuf).. Remettez vous en question, vous perdait un client fidèle ! 😤🤬😠"
1836792397935559044,3 coupures Internet chez <USER> en moins de 2 mois...Ça commence à faire beaucoup ! Faut-il aller voir si l'herbe est plus verte ailleurs ? 🤔
1836794455606657434,"<USER> Sans fibre depuis 2023, on me demande maintenant un ‘maximum d’informations sur mon adresse postale’... Sérieusement Free, c’est une blague ? Je suis pas perdu au milieu du désert, j’habite au milieu de Paris, mon voisin a la fibre !!! #foutagedegueule"
1836813794812776475,<USER> nous n’avons plus de connexion internet dans le 77 secteur Claye Souilly. \nJ’aurai besoin d’une solution pour pouvoir avoir internet et regarder la tv. Impossible de joindre un conseiller. Merci de votre action.
1836835800480203156,"Peur d’avoir fait la pire erreur de ma vie en voulant m’abonner chez <USER>, ils ont résilié ma ligne internet Orange depuis 1 semaine et quand on appelle pour avoir des news ils disent qu’ils ont rien résilié du tout, jamais vu autant de mauvaise foi 🤡"
1836845737902231680,<USER> Alors <USER> c’est pas beau de faire souscrire des abonnements Canal + Séries sur le dos des abonnés !!! C’est ce qui m’arrive en ce moment donc on fait quoi SVP <USER> <USER> ???
1836870769084612637,⚠#PANNE FREEBOX EN COURS⚠\n 📡20 freenautes ont signalé des pannes #Internet dont 18 sur le réseau #fibre de #Free depuis 20h35\n🌍Ville concernée : Décines-Charpieu (69150)\n⬇️⬇️⬇️\n<URL>
1836878256848482542,<USER> <USER> <USER> Pareil étape 6 à l’instant et chez mon collègue pareil
1836878861826494858,<USER> votre co de clochard qui marche pas f u 🖕
1836890663687790874,"<USER> <USER> \nC'est quand vous voulez pour le donner un rdv pour rétablir ma connexion, 3 décablages en 2 mois ça va ? Je vais voir <USER> je pense qu'ils se bougeront plus vite"
1836896855424217323,"<USER> Vraiment la putain de <USER> , vous êtes en bug le jour de la sortie de FC25 dans ma ville , doux jésus! je suis maudit rajoutez un Freenautes ça fait 21"
1837030131539325412,"bonjour <USER> <USER> dites, c'est quoi ce ""pack Viacom""?\nc'est jusqu'à quand? (jamais reçu de mail de mise au clair)\nmerci <URL>"
1837045549205184906,<USER> <USER> <USER> <USER> <USER> vous allez nous proposer les maths du PSG via OQEE ?🥳😝😜
1837046599412850807,"🚨 ANNONCE PARTENARIAT 🎉\n\n<USER> est fier de devenir partenaire officiel de 3 clubs historiques du football français : le PSG, l'OM et l'OL.\n\n🗞️ LE CP : <URL> <URL>"
1837047312293536095,Nous actuellement : <URL>
1837047664371712327,"Free devient partenaire officiel du <USER> pour offrir aux fans une immersion unique au cœur de l’action! 📲⚽️ \n\nAccédez à des contenus exclusifs, coulisses, entraînements et bien plus, directement sur vos écrans.🔴🔵 <USER> <USER> <URL>"
1837047848795357276,<USER> <USER> <USER> <USER> y’aura des remise pour les abonnés ?
1837047980752322687,<USER> <USER> Moi qui avait prévu de résilier ma Freebox aujourd’hui…
1837048127825625186,<USER> <USER> J’espère notre équipe aura moins de problèmes de connexion que eux
1837048919668232251,L’Olympique de Marseille est heureux d’accueillir <USER> en tant que partenaire officiel 🤝\n\nEn savoir plus 👉 <URL> IG : Zekefilm <URL>
1837057528846290976,"<USER> Vous actuellement vous feront mieux d’aller bosser sur les services de communication, votre service client clientèle, votre service technique et améliorer la qualité de vos réseaux réseaux car vous êtes vraiment nuls !"
1837057682185798102,On va devoir rendre la <USER>
1837060684422484378,<USER> <USER> Matchs dispos sur Free FOOT du coup? 👀
1837074584295588008,<USER> Slt free j'ai une question ça fait 1an j'ai ma ps5 et si je ne la câble pas en ethernet avec ma Freebox (révolution) bah je ne capte pas bien mm a 50cm de la box alors qu'avec ma PS4 👌🏻
1837075987386843479,<USER> Mettez la fibre chez moi svp
1837115656317129158,<USER> Si seulement le réseau était aussi bon que leur CM ! C’est un peu le frère jumeau du <USER> ! Un CM au top niveau pour une équipe en bois de cagettes
1837132069534617774,"<USER> Bonjour, petite question sur mon abonnement actuel svp!"
1837133842664100118,<USER> Abruti que vous êtes
1837146579402199291,"Sinon <USER> j'aurais internet chez moi un jour?? Contrat fait en mai, on est mi septembre j'ai tjr rien ... ça commence à faire long la demande d'autorisation d'ouverture de ligne ... sans compte les rdv téléphonique avec un conseiller (rdv samedi à 11h) où on m'appelle pas .."
1837160685257576918,<USER> \nEncore un effort pour connecter l'option du site à la réalité <URL>
1837175275848880365,<USER> ça fait bientôt un mois que j’ai souscris j’ai toujours aucune nouvelle vous avez des solutions à m’apporter ? <URL>
1837199084157030662,<USER> Franchement ras le bol !!! Panne de <USER> jusqu’à lundi ! Je fais comment pour travailler ?!!!!
1837217587853480190,Il n'y a que chez moi que les replays de <USER> sur <USER> sont impossibles à regarder tellement il y a de freeze??
1837235864088498414,<USER> il y a eu restitution de box; vous vncontinuez à prélever déjà deux mois après. Ce n'est pas légale
1837390444461686827,<USER> 3 pannes en 2 semaines.... quelque chose a changé ? en tout cas c'était mieux avant! je pense serieusement a changer d'opérateur.... pas bravo.
1837426056589897814,"<USER> bonjour 3 pannes en même pas 1 semaine à albi, il va falloir se réveiller un peut ..."
1837427860602020151,"<USER> bonjour, plus d’accès au webmail depuis 15 jours ? Des soucis techniques ? Une coupure volontaire des anciens abonnés ?"
1837444119968244068,<USER> vous me soûlez sérieux
1837472106163950064,"pas mal <USER> ma mère n'as plus d'internet depuis ce matin et ce n'est pas la première fois que ça se produit, dans son village elle ne capte pas le réseau mobile et quand elle a contacter l'assistance ont lui répond un tech passe le 30 septembre, c'est une blague ?"
1837495202858033558,<USER> jsuis encore sous révolution ya moyen de m'envoyer la nouvelle box ??
1837497302388252820,"<USER> Au lieu de vous occupez de vos partenariats ou autre conneries, rétablissez votre putain de réseau, ça fait 15jours sans internet sans télé rien, et vous en branlez pas une. Pire opérateur de France ces fdp de free"
1837501566779035724,<USER> Deja rétablissez internet a la maison parce que ya rien qui fonctionne on paye pour que ca ne fonctionne pas vous êtes vraiment des tdc
1837883649854709895,"<USER> bon ca fait 1 ans que je suis chez vous et que j'ai la fibre, mais que j'ai autant de connexion que quand j'avais pas internet."
1837955815031857187,<USER> il est beau mon réseau fibre 😮‍💨😮‍💨😮‍💨😮‍💨 <URL>
1838090533501083799,"<USER> Voilà ce que j’ai après 1 mois sans internet et 3 pseudo techniciens qui sont intervenus. \nToujours pas d’internet, pas de rendez vous, pas de geste commercial.\nEn revanche ça débite sur le compte ! \nAttention vous devenez aussi nul que sfr en termes de qualités de service <URL>"
1838091580441235944,"<USER> Bonjour, cela fais plusieurs jours que je vous ai écrit mais toujours pas de réponse. \nCordialement"
1838098490141896876,<USER> <USER> <USER> <USER> 10 jours sans fibre. <USER> est ce que le rdv technique de vendredi sera honoré aujourd'hui ? Ou est-ce qu'il faut encore recommencer à zéro ?
1838117380192403582,Coup de main <USER> <USER> j'essaie par tout les moyens de rattacher la ligne mobile de mon beau père a ça Freebox mais rien ne fonctionne.
1838133406443429979,"C’est fou, <USER> préfère laisser partir ses clients (client Fibre + mobile) à la concurrence en refusant de proposer une offre sur la box Ultra alors que cette offre est faite aux nouveaux clients. Incompréhensible cette gestion pour conserver la clientèle…dommage\n<USER>"
1838144150362902862,<USER> Vous devenez bidons chez free... Plus possible de joindre qui que ce soit par téléphone et bien sûr quand on laisse un message comme demandé sur votre répondeur jamais personne ne répond.. Service client à chier... Merci free!!
1838192157384908861,<USER> <USER> <USER> vous briefez vos techniciens à faire l'autruche ou à esquiver les questions ? <URL>
1838235261219598707,"<USER> Bonjour,\n\nJ'ai pris une ligne chez vous récemment, suite à un rendez la personne ne l'a pas installé. J'aimerais résilier mon abonnement afin d'aller chez un de vos concurrent. \n\nMerci de me contacter pour mon identifiant."
1838258215881961889,<USER> <USER> Pour Etampes toujours pas de nouvelles
1838262830081913300,<USER> la chaîne 37 DAZN n'apparait pas sur OQEE svp
1838263511387938854,"<USER> possible de passer en DM? 1 semaine que vos conseillers nous prennent pour des dindons, je vais pas tarder à bloquer le prélèvement si cela continue"
1838267030954479783,<USER> <USER> Vous respectez pas les gens…ça fait une semaine que je suis abonné et déjà plus d’internet
1838285781355405425,"Ça serait trop demander <USER> d'avoir un débit normal pour que je puisse profiter de la télé correctement svp ? Pcq bon ... Payer pour avoir ça, ça sert a rien autant supprimer l'option télé de mon abonnement hein 😮‍💨🙄 <URL>"
1838322459956699536,<USER> donner moi la fibre j'monte immo sur valorant jle jure
1838335084245454865,"<USER> Quelle est votre adresse e-mail ? Nous essayons de vous envoyer un e-mail en répondant à un e-mail que vous nous avez envoyé, mais nous recevons un message indiquant que l'adresse e-mail n'existe pas. Votre email n'est nulle part sur votre page."
1838341131525923315,"Hey ! <USER> !\nJettes un œil un peu à tes dashboards !\nL'débit est merdique ! Ou, on est repartis sur un cycle de bridage comme vous avez l'habitude de le faire ?!\n\nPS :\npas de réponse et pas de MP suite au post à destiné aux services <USER> ! C'est récurrents ce type de truc ! <URL>"
1838348229898825994,"Les coupures régulières chez <USER> commence vraiment à m’énerver , j’ai la ultra depuis quelques mois et c’est un calvaire . J’étais sur la delta avant et jamais eu de soucis …. Bref , on va checker la concurrence ."
1838478460483674406,"<USER> je vous ai appelé il y a 45mn pour vous signaler que ma connexion est morte et j'ai eu zéro retour. Je suis en télétravail, je fais comment ????????"
1838518115178537179,<USER> un service qualité déplorable ! Pas d’internet depuis jeudi dernier à mon domicile et on me dit de faire du partage de connexion (à mes frais puisque chez un autre opérateur) jusqu’à rétablissement de la ligne sans délais !
1838522958756610204,"<USER> \n\nEst ce normal que la seule information disponible sur une panne ce soit ça ? (voir Screen) et que quand on téléphone pour essayer d'avoir un humain, la réponse c'est ""soyez patient c'est une panne globale"" alors que je suis le seul à ne pas avoir internet par chez moi ? <URL>"
1838524068640805084,<USER> bonjour serait possible de répondre sur le tchat ? A chaque fois c’est le même problème chez vous
1838531812848463874,jamais présent quand on a besoin d’eux !! 😡 <USER>
1838540769411371509,<USER> <USER> HELP!!! De plus en plus compliqué d’avoir une connexion stable depuis quelques temps… des latences qui se ressentent aussi bien sur la wifi que pour la télévision… comment fait-on quand on paye un service et qu’il n’est pas à la hauteur? #pascontent #signalconso <URL>
1838563827689877915,"J'avais oublié a quel point il faut suer du sang pour déménager sa <USER> !\nDéja 2 techniciens, internet qui marche un petit peu et puis s'en va, hotline et prochain rdv technicien... samedi !! ☠️"
1838564726030082266,"<USER> Bonjour ! Plus d'internet depuis 20 min sur le secteur d'Houdan (78). Freebox bloquée à l'étape 6, ça ne m'avait pas manqué... Avez-vous des infos à nous transmettre svp ?"
1838573901040832913,<USER> <USER> Demande au syndic ou à free
1838583133303652387,Inédit <USER> pour les nouveaux abonnements <USER> expérimente une nouvelle procédure pour l'activation fibre. Raccordement sans RDV et un email informe le nouvel abonné qu'il peut brancher sa Freebox en autonomie. Info TUTO <USER> 🕷️\n\n<URL> <URL>
1838604566020981212,<USER> <USER> Personnellement l’iPhone 16 je m’en moque pas mal par contre on en parle de la free depuis 14h qui est censé durer jusqu’au 1er octobre selon vos dire sur votre site! C’est inadmissible et vous ne donnez en plus aucunes nouvelles sur cette panne!
1838605399307751477,<USER> <USER> Pareil à Maulette <USER> <USER> <USER>
1838610302004232623,<USER> <USER> Panne depuis 15 H20 <USER> sur Maulette <USER>
1838610617281687983,"<USER> <USER> <USER> <USER> Free, au secours"
1838620428580839663,<USER> vous pouvez avoir des conseillers aimable qui ne se moque pas ouvertement de quelqu’un lorsqu’elle a un pb ?
1838627668184699052,"Merci à tout le monde pour ce subathon c'est incroyable, je relance demain pour finir les 3h restant du subathon à 17h à cause de <USER> qui fait que de couper toutes les 5 secondes parce que l'antenne est alimenté au foufou sauce graine"
1838628851615764845,<USER> <USER> <USER> <USER> moi a force que les tech sectionne les câbles va me falloir une procédure pour réparer moi même l'armoire
1838638946776936958,<USER> <USER> mais sinon vos pannes à répétitions un dédommagements quand malgré les lettres AR franchement je vais passer chez reef !
1838643094230900922,c’est quoi ce réseau de merde <USER> ces deux derniers jours wsh
1838653578392584493,"<USER> \nBonsoir.\nPourquoi mon abonnement est-il passé depuis août de 29,90€ à 39,90€, sans explication ?\nMerci pour vos lumières."
1838662221322145917,<USER> toujours pas de perturbation sur le 27 ?? Deux jours bloqué à étape 3c (comme d hab) et signal fibre ok (pour une fois) reboot ok\n\nDésolé de ping mais c est que la 32 eme fois depuis mon abonnement #free (mai) donc bon … quand y a pas de fibre ok … <USER> #gisors
1838669209468809362,<USER> ptn free vous pouvez travailler un peu sur votre réseau de merde <URL>
1838671075489484929,"<USER> Payer un abonnement cher et ce depuis des années, pour être sans internet depuis 36h ! + clé 4G qui ne fonctionne pas du tout!\nOn n’a pas d’info sur ce qu’il se passe ni quand ça sera rétabli ! Comment on fait <USER> <USER> quand on est en full Télétravail ?"
1838711569103901037,<USER> hellooooooo j'ai plus internet chez moi. \nJe regardais un bon film c'est la deuxième fois cette semaine !
1838723904115757109,<USER> <USER> encore une coupure en pleine nuit…vous commencez sérieusement à me faire perdre patience…votre offre est très bien mais pas toujours son fonctionnement…je vais finir par retourner voir les anciens FAI…
1838733302133395578,<USER> <USER> <USER> <USER> Idem…💀
1838733699656892455,"<USER> , Panne sur la <USER> depuis 1h00 du matin !\nEst ce une panne générale ou une mise à jour qui prend du temps à ce mettre en place ??\n\n<USER> pouvez vous faire en sorte que Free envoi un SMS pour prévenir lorsqu il y as une panne générale dans notre secteur ?"
1838734318182568383,"<USER> <USER> <USER> <USER> Même problème et je suis à Viry-Châtillon. Pas de données mobiles ni de WiFi , obligée de passer par un WiFi Orange"
1838735252832792741,<USER> <USER> <USER> <USER> <USER> Je suis sur Athis c que dans notre secteur je crois :/
1838822452534669331,<USER> panne internet <USER> <USER> <USER> toutes les nuits vous faites Quoi Janville Oise
1838831491821752321,"<USER> <USER> c'est sympa vos répéteurs sauf quand vos trucs ce connectes à notre réseau wifi alors qu'on a aucun répéteur, ni de Freebox pop, ni de télé chinoise 🤨 (merci la sécurité)\n\nOn m'explique comment on les bloque ?"
1838840942855397423,"<USER> vous avez quel âge pour realiser des travaux au PTM mais ne pas dire aux autres fournisseurs accès internet ? Non mais ça va 5 min vos histoires de gamineries,cest pire que la maternelle. Essayez de tous vous entendre ça nous ferais des vacances. Au lieu d'être pris entre 2"
1838843805866267112,<USER> bonjour 👋 \nL'un de vos techniciens est intervenu lundi matin pour l'installation d'une box pour l'un de mes voisins \nEn revanche il s'est trompé en déconnectant ma box <USER> \nC'est possible d'avoir un retour rapidement svp ? Car en attendant le consommateur paye
1838849193495892117,"<USER> hello free ! Ma mère de 75 ans n'a pas internet depuis 1 semaine. Un technicien devait passer le 26 septembre et le rdv a été annulé sans explication. Il ne se passe plus rien depuis. \nPlus d'internet plus de téléphone fixe, plus d'alarme (qui utilise la connexion internet)"
1838908615303835932,"<USER> <USER> <USER> <USER> \nQuestion : l'application TF1+ va-t-elle être mise à jour sur les Freebox Delta Devialet ? Car l'année dernière on avait pas accès au live avec le château... Même si abonnement évidemment 😭, une application complète avec les chaînes fast ?"
1838912257754890508,"<USER> <USER> <USER> <USER> <USER> <USER> <USER> [19/09, 16:43] Manrique Jean: [19/09, 16:38] Manrique Jean: Je suis en colère car les personnes que j'ai eu au téléphone sont bornés et ne m'écoutent pas\n[19/09, 16:39] Manrique Jean: Au mois de décembre ça va faire 1 an et le forfait va passer à 49,99€par mois je ne suis pas"
1838916961918443957,<USER> <USER> Votre connexion de merde fait que crash et bug toutes les 10 min jvais tout exploser
1838931523417899031,"Bonjour <USER> , mes parents n'ont plus Internet (plus de téléphone fixe non plus) et ont besoin de gérer des rdv's médicaux urgent. Pas moyen d'avoir accès à un opérateur. Système de gestion des RDV's ne fait que valider les coordonnées mail+portable. Aucun rappel depuis 5 jours!"
1838947916985082033,<USER> #tf1plus A quand les directs sur les applications box / Android TV (<USER> et autres) ?\n<USER> <USER> <USER>
1838957629789339958,<USER> Impossible de contacter le service clients suite á ma résiliation vu que le standard virtuel demande un ID que je n'ai plus du coup je ne peux pas faire de réclamation suite á un mail concernant la demande de retour du materiel que j'ai déjà retourné depuis fin août!
1838990526189834477,"<USER> <USER> <USER> Ça va, tranquille ? <URL>"
1838993079782490167,On fait comment pour DIRE à Free que notre boxe internet est défaillante et a un problème avec la fiche fibre ?\nParce que là les options dans au 3244 y'a rien qui me donne un conseiller ou la possibilité de dire que j'ai un soucis sur la freebox <USER>
1839046662322548774,"<USER> <USER> <USER> Promesse de 8 Gbps Ultra mais pas + que 0,4 gb/s Le pire le SAV a l'astuce de raccrocher ou prétendre comprendre 1 autre pb. ils laissent la ligne ouverte sans parler, me forçant à raccrocher. Vous surfez sur l’ignorance des abonnés! #FreeArnaque"
1839057145481805930,"hello <USER>, les courbes de débit sur Freebox OS ont l'air équivalentes (à quelques Mo/s près) entre Download et Upload, et les stats sont fausses (plus de 70Go DL mais seulement 365Mo reportés) <URL>"
1839180110802420107,<USER> bon c’est du foutage de gueule vos techniciens formés comme des peintres qui au lieu de réfléchir préfère débrancher la jarretiere de quelqu’un d’autre au lieu de travailler correctement. C’est quoi le but ? De faire le service fibre le pire service de France ?
1839195161932284247,Svp <USER> svp <USER>
1839198616214176233,"<USER> bonjour, j'ai déménagé et je ne peux pas me connecter à mon espace. Je n'ai pas mon numéro de téléphone. J'ai plus Netflix prime... Help!!!"
1839208165964976319,1 mois et demi sans la fibre free .. je vais bientot 1 mois complet sans internet <USER> <USER>
1839209444757901338,<USER> <USER> <USER> <USER> \nNormal que les boites mail soient inaccessibles en POP comme en IMAP?\ncc <USER> <USER>
1839233514518024436,Bon bin c'est le moment de quitter <USER> <USER> 🖕
1839238055548400099,"Bjr <USER>, une intervention d'Orange sur les installations fibre de copro 5 parvis du Breuil à Antony est terminée depuis le 20/09 18h mais vos services n'ont visiblement pas l'info =&gt; Impossible d'obtenir un RDV pour que nos fibres soient rebranchées. Pouvez-vs intervenir ?"
1839239528491487667,⁦<USER>⁩ ⁦<USER>⁩ je crois qu’il y a un bug chez vous <URL>
1839241642332533075,En train de regarder <USER> et je pense que je vais les contacter à propos de <USER> .::\nHallucinant cette émission !!!
1839272670904393899,"<USER> Bonjour, comment on discute avec vous afin de régulariser votre vol de +280€ pour matériel non restitué alors que ce n'est pas le cas ? Aucun numéro de téléphone, aucune adresse mail ou vous joindre!"
1839280416814985299,"<USER> Vos services sont une honte ! Aucun moyen d'avoir une pers compétente au téléphone, ils ne font que ""transmet le message"" \nBouygues à résolu le problème en 24h chez mon voisin... vous ça fait 2 sem et rien\nUne belle bande d'incapable caché derrière des téléopérateurs impuissants"
1839283600912445855,"Bonjour <USER>, <USER>,\n\nMise en garde aux abonnés qui souhaiteraient déménager.\nProfiter de mon déménagement pour augmenter mon abo de 3€/mois et mettre cela sur le dos de Netflix alors que je vous ai démontré le contraire.\nEst-ce vraiment ainsi que vous traitez vos clients? <URL>"
1839283782513230022,<USER> aidez moi ou je me suicide
1839286484337074651,<USER> vraiment vos technicien c’est une catastrophe ! Sa se présente pas mais sa prétend s’être présenté et avoir attendu 40min en bas de chez moi ! 4 d’abonnement ben je vais vite résilier.
1839289696964456735,Totalement désemparé face a cette décision.. c’est dans vos habitudes <USER> de me promettre un poste et de d’assurer que l’on peux démissionner ?\n\nTout ça pour qu’au final la prise de poste soit annulée 4 JOURS AVANT MON DÉPART DE MON ENTREPRISE ACTUELLE ?
1839292039445508279,Hé <USER> <USER> <USER> c’est normal vos 3000 relances par jour avec ce genre de messages ?? <USER> <URL>
1839308532522660194,Hi <USER> \nOn se dirige vers 3 mois sans internet via la fibre pour quelques voisins dont le FAI est free ds 1 secteur où vous êtes operateur d'infrastructure on fait comment pour vous joindre?\nEt <USER> qui ne propose aucune solution pour avoir un accès internet 4g de back up
1839318195313967435,<USER> je vais péter un câble j’en peux plus ça fait depuis le 15 août que j’ai demandé la création de ligne à mon domicile \nJ’ai eu 3 de vos collègues qui me promettent la fibre pour début septembre\nLa 4e (oui parce que j’ai appelé 4 fois vos services pour savoir l’avancée)
1839320871120613837,<USER> <USER> Looooooooooool plein le cul de votre service de merde ! Incompétent 🤬🤬🤬🤬 <USER> faites quelque chose
1839323883188691367,<USER> <USER> c’est pas possible de payer une box 50€ par mois et avoir des travaux tout le temps et de pas pouvoir en bénéficier sois c’est travaux sois c’est coupure
1839365890049245251,<USER> votre réseau naze j’ai pas de télé ni wifi depuis 2j la
1839381978979979430,<USER> la ligne est coupé depuis hier 17h dans ma rue aucune nouvelle de free et aucune intervention. Ce n’est pas compréhensible ni acceptable
1839421327620313359,<USER> on paye tt les mois pour avoir un connexion il serait peut être temps de nous en fournir? On peut même pas jouer a fifa que votre connexion de con saute toute les 2min
1839425926162997495,<USER> <USER> <USER> <USER> <USER> Quand j’étais sur delta tout était nickel depuis le passage à ultra c catastrophique je me tâte à aller chez un autre fournisseur. Je pense que y’a trop de monde qui a pris le ultra ils arrivent pas à suivre
1839430602593800430,"<USER> Bonsoir, pourquoi n'y a t'il plus les Replay des différents ciné+ (classic, frisson, festival, émotions, family) ?"
1839433597742104643,<USER> rendez mon argent bande de sous race 8 deco en rivals vos grande tantes
1839470015587791203,<USER> elle est où ma box jcrois ils l’ont perdu à chronopost jveux jouer a valo en paix la
1839525421072716211,"<USER> Bonjour free , plus d un mois.pour une création d ouverture de ligne fibre c est pas un peu long ?"
1839581025904534004,"<USER> bjr, actuellement je n'ai pas les chaînes 15, 16 et 26, pourquoi ? je suis sur freebox révolution !"
1839582206030705139,<USER> Ma wifi ne fonctionne pas depuis ce matin
1839583903096430741,"<USER> Bonjour,\n\nNous gérons ici les demandes d'assistance Freebox.\nN'hésitez pas à me contacter en DM.\n\nÀ très vite,\nZelda - Free"
1839586426465263895,"Que des numéros 10 dans ma team.\n\n1. Pour appeler ta bff pendant 4h.\n2. Parce qu’ici on adore l’illimité.\n3. Pour mettre du Wi-Fi 7 dans ta vie.\n4. Non je déconne, internet c’est la vie.\n5. Dédicace au X.\n6. Pour liker la publi de tata Sandrine.\n7. Pas besoin d’en dire plus.\n8. Pour éviter de répondre à ton ex.\n9. Pour éviter le divorce entre nous.\n10. Pour une connexion aussi rapide que Dwayne Johnson."
1839586428872753501,On attend vos classements sur <URL>
1839586751083409665,<USER> venez faire les travaux dans ma rue la. En une semaine c'est la troisième intervention que je dois faire à cause de la coupure de wifi. Votre matériel est disfonctionnel
1839603301458841740,"<USER> c'est normal que les mec qui viennent fixer ta fibre te demandent de les payer en liquide au ""BLACK"" pour faire des reparations ou on est d'accord que c'est hors la loi ? <URL>"
1839605736239718563,Bjr <USER> Pquoi le service client de <USER> est-il dans l'impossibilité de programmer le passage d'un technicien pr rebrancher la #fibre de ses abonnés après une interv° d'<USER> sur le PMI d'une #copropriété ? Des années que ce pb persiste. Les relances n'aboutissent jamais.
1839610639175618697,<USER> <USER> La vente forcée chez <USER> est une pratique normale appliquée par votre service client ou il faut chouiner ?
1839613800971952206,<USER> bonjour bloquage étape 2 freebox revolution région Montbéliard incident connu ?
1839635696035803448,"<USER> vous êtes une sacrée honte humainement ! Plus d internet plus rien - écrasement de la ligne par VOS CONCURRENTS , bataille corps et armes pour que vous vous bougiez je vais rester polie .. Votre seul rendez vous à nous donner c’est le 3 octobre ????? HONTEUX 😡😡😡"
1839637070764965985,<USER> Et surtout faites pas les autruches <USER> sinon je vais encore plus loin et je vous fais un scandale et Buzz NATIONAL !
1839653040447504813,"<USER> j’ai vraiment besoin de ton aide, je me tatou le logo <USER> s’il le faut"
1839666076566671579,"<USER> Je suis dégoûté d'avoir Netflix avec les pubs maintenant ... \nPour des raisons dont j'en ai rien a foutre, je ne peux pas revoir la série viking.... \nSi il faut payer toujours plus, je coupe tout et je reprends les téléchargements"
1839673016742994408,"<USER> Client depuis même pas 1 mois. Le cpl ne fonctionne pas, pas de wifi sur le player (?!?), le player n'accepte pas de répétiteur. Je ne peux pas faire passer un câble au milieu du salon."
1839680606617096481,<USER> Pour capter nul par ? Pour ne pas avoir le débit écrit ? Pour avoir des conseillers qui vous parles mal au téléphone et auquel il faut comprendre leur Français !? A jamais free les arnaqueurs de merde RIP a Isaac et Ryan du service client ! Deux grosses merdes
1839682717023183079,Pourquoi à chaque fois que je déménage avec la fibre un technicien doit intervenir ?? <USER>
1839706588958900707,"Salut!\nPeut-on me dire pourquoi mon abonnement Freebox a augmenté de 10€, sans raison???\n<USER>"
1839709421321998718,On adore <USER> une connexion fibre digne d’un habitant au Bangladesh
1839730371350405594,"<USER> En plus vous êtes des champions pcq je vous ai dit de surtout pas résilier mon abonnement chez <USER> ,\nMais tellement a la recherche client télement sa doit pas marcher pour vous que vous prenez des décision sans concerté le client fortiche Free mdddr"
1839731798688821384,<USER> <USER> POURQUOI ÇA BUG JE VEUX JOUÉ À FIFA
1839738963394998452,<USER> service client de Gujan mestras pour Freebox étape 4 HORRIBLE !!! <USER> merci de me contacter en privé
1839745703301853448,<USER> impossible de contacter l'assistance freebox
1839752528549781785,<USER> <USER> <USER> durov
1839758534063308991,"Payer 50€/mois pour avoir la fibre optique et avoir ce résultat sur chaque chaîne, c’est comment <USER> ? En journée quasi pas de pb mais le soir c’est tout autre chose … dsl de regarder en même temps que tout le monde - vs aussi ça fait ça ? <URL>"
1839806968115929227,<USER> j'en ai rien a foutre de ton alerte info de merde règle mon problème de co stp j'arrive pas a jouer a rocket league
1839913359862296776,S'abonner c'est toujours rapide. Résilier chez <USER> c'est reef en fait. 🥳 <URL>
1839918081755275570,"Quand tu bosses a 80% du temps en télétravail...alors que j'ai eu un avertissement d'un ""écrasement de ma ligne fibre"" et donc j'ai prevenu que c'était une erreur, j'ai besoin d'internet... j'arrive même pas a aller sur X avec le partage de ma 5g ... <USER> <URL>"
1839941065635205143,"<USER> <USER> Ils sont forts les autres opérateurs pour deviner N° de prise optique chez vous ou c'est votre ""proxi"" le vrai menteur....."
1839943747653570765,"<USER> mise a part que vous me faites payer le double alors que je suis censée beaucoup moins que ça ma wifi et que quand je demande a votre « service clients » ils sont incapable de répondre, vous me devez toujours 1 téléphone a qui j’attends le remboursèrent depuis Mai"
1839946950428229920,"Je me réveil sans internet un samedi, la classique hein <USER>"
1839964555373330455,Ehooo! <USER> j'ai besoin d'aide.
1839978939038511485,"Salut <USER>, 10 coupures de fibre depuis le début de l'année, dont 2 en 3 jours ! C'est inacceptable. J'attends un technicien dans 4 jours... Quelle solution proposez-vous ? #Free #ServiceClient"
1839982651614138576,<USER> heu ça marche le contact client free sur WhatsApp ?? Message le matin il est 12h… <URL>
1840000628438774240,"<USER> est le pire opérateur et le pire service client, tous opérateurs confondus. C'est une dinguerie #free"
1840004704345981005,<USER> ça fait une semaine que ma connexion est comme ça... <URL>
1840052483936120961,<USER> dites moi ils foutent quoi vos techniciens a longueur de journée pour être obligé d'attendre 15 jours pour un taff qui dure 10 min c'est a dire tirer un file ?
1840077234381476339,"<USER> <USER> Bonjour <USER> je suis chez <USER> <USER> aussi. Même constat impuissant : l'opérateur répète ""intervention en cours"", il ne veut pas comprendre qu'il faut juste venir rebrancher la fibre de ses abonnés. Mes voisins hors <USER> sont reconnectés depuis pls jours eux !"
1840103751320826217,"Vraiment fuyez <USER> pour la fibre c'est insupportable à quel point leur service est médiocre, c'est des clowns comme leur pdg sur Twitter."
1840140158450184267,"<USER> a coupé internet… Ça doit être leur manière de nous préparer à l’apocalypse digitale. Merci pour l’entraînement, mais je préfère quand même Netflix. #Free #SurvivalMode"
1840287385076006960,<USER> possible de passer en message privé ?\n\nMerci^^
1840435997235892508,<USER> c quoi votre connexion en carton au nom c’est grave je lance un match fifa full bug de Connection on va vite changer d’opérateur !
1840484957816266854,Va te faire enculer <USER>
1840485360045842641,<USER> <USER> Gros j’ai 20mgbit en wifi ducoup l’iptv bug de fou je serre
1840487998921855200,Bonjour <USER> ...100Mbits c'est normal pour de la fibre?
1840503584753914284,<USER> pourquoi jai 10mbps au lieu de 600 wtf
1840504671238226274,<USER> Hey free merci tout mes appareil de santé connecté a internet pour mon suivie medical sont hs vue que j'ai pas internet depuis 5 jour et vos technicien me disent c'est comme ça faut attendre
1840652735261085707,"Bonjour <USER>, petite étrangeté lors d'un déménagement. Je connais la date de déménagement. Si je click sur le ""bouton si dessous"", ça ne me demande pas la date de déménagement (ça ne fait pas ce que ça dit), ça me dit que ça va couper ma ligne en fin de mois (aujourd'hui) <URL>"
1840668998838501592,"<USER> Cela fait 10 jours que l'aérodrome de Fayence n'a plus de service Internet à cause de pertes de paquets sur la ligne. La réponse: ""c'est en cours, attendez"" . Sérieux ?"
1840732911303082118,"<USER> <USER> <USER> <USER> maintenant que pour un prix inchangé, je me tape des #pub dans les films je ne sais pas pourquoi je ne changerais pas d'offre... Déjà que je ne regarde pas la télé parce qu'il y a des pubs tout le temps maintenant même la VOD s'y met.."
1840734651725357126,"<USER> Très mécontent de la freebox ultra, fonctionnement conforme 1 mois we temps ensuite 3 semaines de panne sans solution de réparation. Plus que déçu !"
1840737400995119465,"Merci <USER> pour les 2 semaines de coupure, on va tester ailleurs. \n\nSur ces 2 semaines, vous avez consommé 25h de mon temps avec 10 rdv technicien, me générant une perte minimale de 2125€ de CA. \n\nLà c'est de nouveau KO, je ne repars pas sur 2 semaines de vos conneries."
1840764864676897065,"<USER> <USER> bonjour, vos techniciens fibre qui viennent chez les voisins restent pendant 4h chez les clients et trouvent comme seule solution de me débrancher la fibre on fait comment ?"
1840791747690963386,"<USER> Chez vous depuis février. Une galère pour l'installation de la fibre. 3 techniciens différents, le premier n'est jamais venu (1 journée posée pour rien), le second est arrivé à 20 heures jusqu'à 22 heures. 2 jours après, fibre coupée dans mon local par un autre technicien."
1840797902404264080,<USER> bonjour je suis à Bordeaux et il semblerait que je n’ai plus de connexion depuis 18:27. S’agit-il d’un problème connu ou très local ?
1840799437494370463,Toujours pas de co merci <USER> vous me régalez ! je re streamerai quand j’aurai de la co l’équipe !
1840802932444578089,<USER> <USER> je peux avoir une réponse ouuuu ?
1840803880029790330,Salut <USER> ca fais plus d’1 semaine que le changement d’adresse a ete fait mais tjs personne pour venir installer \n\nQue faire ?
1840804618252489097,"Salut <USER> \nC'est normal l'absence de vrai communication avec le 3244?\nBoite vocal automatique, plein d'options qui ne correspondent pas, et à la fin, ""veuillez enregistrer votre message et vous serez recontacter"""
1840835804966580293,<USER> <USER> la meme 3 jours avant plus de co avec free pendant 3 jours
1840842147488285053,"<USER> <USER> Bonsoir, chez nous près de Rennes c’est la même chose depuis 16h à peu près"
1840892605573325059,Free... C’est dingue. 50€ l’abonnement pour que tous les soirs ça bug ????? <USER> <USER> que ça mobile et la Freebox au même temps dans le 01
1840911323929973054,"Eh <USER> vous avez cru, c’était la box à vos mères a couper la connexion comme ça ? Ça fait déjà 2 games dans la soirée que je crash à cause de cette putain de connexion"
1841009374644298042,"Tu peux proposer 1 Forfait Free à 9,99€ mais pas 4.\nAh bah si. <URL>"
1841015174704107679,<USER> Et pour mes 190€ scandaleusement extorqués lors de la résiliation de mon abonnement ?
1841020582558642537,<USER> <USER> <USER> Envoie du matériel ?
1841025089669571068,<USER> Vraiment dommage que ça ne concerne pas la Ultra…
1841027090793091438,"Il y a 6 mois, je vous racontais mes déboires avec les escrocs de <USER>, qui vous vendent un service qu'ils ne sont pas capables de fournir.\nComme de juste, ce 1er octobre, je n'ai de nouveau plus Internet depuis une semaine.\nEn six mois, strictement RIEN n'a été fait.\nLe problème, selon un premier technicien qui s'est déplacé, dépendrait de <USER> qui gère le câble reliant l'armoire (dégueulasse) de ma rue et le placard (dégueulasse) central.\nOn me fixe un RDV ce matin.\nLe technicien ne vient pas.\nLe SAV de <USER> ne répond plus.\nNi au téléphone, ni aux mails. \nUn voisin vit cette situation depuis 3 mois, déjà. \nCes gens sont des brigands.\nQui nous poussent dans les bras d'Elon Musk... 😡"
1841034965372248378,Qui va m’arrêter ? 🏴‍☠️ <URL>
1841050528899272876,"<USER> \nAlors <USER>, comme ça, on ne veut pas me renvoyer mon Apple TV que j'ai acheté en étant abonné chez vous? <USER> sont ils des voleurs? <USER> , vous en pensez quoi ???"
1841051896292823065,"Bonjour, pouvez vous venir dm s’il te plaît ? <USER>"
1841053864407052671,<USER> 5 jours j’ai plus de connexion sur bondy depuis 5 jours j’attends une intervention personne est venu c quoi ça
1841058192102735908,<USER> #arnaque aucune fidélité aucun cadeau 20 ans de clientèle et rien
1841059848986767566,"<USER> <USER> <USER> <USER> <USER> <USER> Bonjour maintenant que les profils sont dispo en tv et mac /PC.. Peut-on les avoir sur Ipad, Iphone ? Merci"
1841061602742677887,"Bonjour <USER> \nJ'envisage de migrer d'une freebox delta vers une pop ou une ultra\nComment réutiliser le kit sécurité ?\nA défaut, quelle est la compatibilité du kit avec d'autres solutions type home assistant ?\nMerci"
1841082482671653006,<USER> <USER> <USER> Même soucis toi avec la wifi et du coup obligé de la relier avec un câble internet
1841093879258353836,<USER> Vous pouvez également nous contacter via Whats'app.
1841107918734741915,"<USER> bonjour,\n\nJe viens de commander une Freebox, je vois qu'un technicien doit passer pour faire le raccordement.\nHors j'étais déjà raccordé à la fibre, via Sosh.\nDu coup j'ai du mal à comprendre le pourquoi de ce rdv.\n\nEst-ce que vous pourriez me renseigner svp?"
1841120319722971267,"Les #apple geek,\n\nLes HomePod mini, c’est géré par le lecteur <USER> pop ?"
1841125090739540373,<USER> <USER> d'accord mais personne repond ducoup on fait quoi vous rembourser les frais que je paye pour vivre autre part avec les appareil de santé\n ???
1841132109643010051,"Un jeu-concours fort fort sympa 💚\n\nPlongez dans l’univers DreamWorks en remportant un voyage inoubliable à Londres pour vivre l’aventure Shrek en famille.\n\nPour participer, c’est juste ici ➡️ <URL> <URL>"
1841137010574311820,Le lancement d’offres prépayées par Free Mobile se précise avec un nouvel indice <URL> <URL>
1841140218788737114,<USER> <USER> C’est tout le service après vente des FAI qui est catastrophique <USER> c’est pas mieux…
1841144784158687539,"<USER> <USER> bonjour, je n’ai pas résilier mon abonnement je déménage que se passe-t-il pouvez-vous régler cela ? impossible de renseigner le nouvel identifiant. <URL>"
1841152950669890000,<USER> Pour le moment pas de forfait famille à 9.99€ dispo avec mon abo ultra cc: <USER> <USER> <USER> \n<USER> serait bien dans un abo free
1841167675344536027,"Octobre 2024. Super Plateau de Saclay, technologie de pointe et grandes écoles.\nLa FIBRE n'est toujours pas à Villejust (91) au cabinet, à 15 kms de Paris, au cœur de l'agglo.\n<USER> n'a tjs de pas de date de déploiement <USER> <USER>\n<USER>\nLa honte non ?"
1841183188795654418,"Merci <USER> de m’avoir couper la wifi et le fixe une semaine avant mon déménagement, franchement génial là j’ai plus de wifi et tout mes équipements inaccessibles, je songe à changer d’opérateur là ça me gonfle"
1841188231821607174,"Mars 2024 : Je souscris à un abonnement <USER> incluant un pocket wifi. Excité à l'idée d'utiliser ce nouveau service. Spoiler : 8 mois plus tard, toujours rien."
1841188239165608140,"<USER>, est-ce votre standard de service ? Combien de temps vos clients doivent-ils attendre pour recevoir ce qu'ils paient ? J'attends une réponse et une solution concrète. fbx32934554"
1841190622377722213,<USER> <USER> c'est la pire connexion internet de l'histoire ! Heureusement je vais bénéficier d'un CSP le. Mois prochain et donc la perte d'un cdi pour pouvoir résilier seulement 1 mois après le début de mon abonnement 😘
1841203104244502969,⚠#PANNE FREEBOX EN COURS⚠\n 📡20 freenautes ont signalé des pannes #Internet sur le réseau #fibre de #Free depuis 19h28\n🌍Ville concernée : Witry-lès-Reims (51420)\n⬇️⬇️⬇️\n<URL>
1841240984446750842,J’me dis jv rentrer chez moi après ce match de merde allumer ma play et jouer un peu à fifa mais bien sûr que non j’ai pas de co \n\n<USER> VOUS ÊTES LES PIRES !!!!!
1841257633262542912,"<USER> Merci pour votre réponse Tony, j'ai déjà eu l'assistance en ligne, il ne peuvent pas supprimer les pubs sans que je paie un surplus. C'est dommage mais c'est comme ça ..."
1841265429303673302,Dimanche 6 octobre 2024 à 20h50 sur ⁦<USER>⁩ disponible exclusivement sur ⁦<USER>⁩ c’est les oubliés de la république. Un documentaire de Mamadou Saliou BAH <URL>
1841278920114557210,<USER> <USER> <USER> <USER> on n'arrive pas a voir cette chaîne <USER> tu peux ce sur canal stpl merci
1841310450153079270,sinon 0 internet 0 réseau pendant des heures et des heures et ce plusieurs fois par mois? on en a marre à force en fait et ça se ressent pas sur le facture du tout merci free bien sûr <USER> <USER> <USER>
1841368479061971285,Plus aucun résumé de match sur l'appli <USER> et aucune info ou communication de la part de <USER> ou <USER> 🫤
1841372080593395998,Vous pensiez ne pas être éligible à Free Family ? Free confirme le contraire !\n🔗 <URL> <URL>
1841373011816956139,"Bonjour <USER> <USER>,\nCela fait plus de deux mois que je n’ai pas internet.\nLorsque je téléphone au service client, on me répond qu’un technicien va me contacter dans les jours à venir et rien.\nDepuis deux mois !!\nQue fait on ??"
1841399299600437428,"Je vous donne RDV jeudi soir pour le meilleur des concepts de la chaîne ! 🙇‍♂️😎\n\nLa carrière des Twittos ça sera 2 lives chaque semaine consacré à 100% à ce projet ! 🥹\n\nChaque live je ferais en sorte d'avoir quelqu'un avec moi pour commenter, alors je vous attends nombreux ! 🫶🏻🙏🏻 <URL>"
1841406624558162270,"Tellement triste de ne pas avoir la fibre 😭😭😭\nAlors que littéralement à 20 mètres ton voisin la , help me <USER>"
1841437192863846651,". <USER> nous n'avons plus d'internet à Massy, quartier avenue nationale, et ce depuis hier. Vous semblez faire des interventions de PM. Quand comptez-vous rétablir le réseau fibre du quartier ?"
1841447981456707944,<USER> panne de réseau à Nanterre
1841458327487660072,<USER> <USER> Dans le même cas....
1841471438143827980,<USER> j’ai besoin d’aide
1841474533322084681,<USER> Et maintenant ça répond plus ?
1841480914460725610,"Dites donc <USER> <USER> vous pouvez m'expliquer pourquoi quand on a plus d'accès internet (fibre coupée), le player de la Free Rev ne fonctionne pas! Depuis quand il faut être connecté pour lire un dvd ou un enregistrement?"
1841482757307801889,<USER> <URL>
1841489282491445397,"<USER> Sauf qu’une personne abonné à Free depuis 20 ans et Free Mobile depuis 10a, il n’a pas le droit d’avoir cet avantage………. <USER>"
1841490920228696512,<USER> <USER> <USER> votre technicien a encore 11 minutes pour me contacter. Sinon je résilie. Après 12 ans de fidélité
1841508531909927187,"Bonjour <USER> comment trouvez-vous la prestation de votre installateur fibre ? Câble qui pend dehors, découpe dégueulasse, porte en bois massif percée à l'arrache et abîmée à l'intérieur. C'est pas une installation, c'est un sabotage ça ! <URL>"
1841519941792543105,"Dites <USER> <USER> <USER>\nPlus d’internet (plus de télé, plus de télétravail, plus de domotique…)\n\nPremier créneau pour envoyer un technicien et débuter l’analyse dans une semaine. \n\nUne semaine. \n\nAlors votre 5G, comment dire…"
1841533602170855794,<USER> cliente depuis 20 ans - je reçois un appel de votre service commercial pour me proposer vos services - votre équipe n’est pas au courant - je pense que avez besoin au choix (multiple possible) d’un CRM et/ou de revoir vos process- en 2024 faut il en rire ou en pleurer ?
1841535946753507588,Que notre maître saint Xavier écoute ma prière et l’applique aussi chez <USER> et toutes ses entités 🙏🙏🙏
1841543624112427157,J’en peux plus de pas jouer sur mon setup <USER> remettez moi ma co je vais commencer à dire des folies
1841544087196860871,<USER> Remeter la co a <USER>
1841544210572308509,<USER> <USER> <USER> <USER> <USER> il se passe quoi ??
1841544342437298223,<USER> <USER> Moi aussi mon opérateur c’est free et ma co a vraiment des soucis depuis quelques jours 💀
1841544397537640735,<USER> <USER> <USER> ??????
1841544739499524571,<USER> <USER> Ho <USER> faites quelque chose là <USER> faut se réveiller un peu
1841549076212355499,<USER> <USER> chaque joue qui passe le tweet est de plus en plus vener mdrrr
1841549451422302658,<USER> <USER> <USER> <USER> <USER> Il y a bien un Free capable de nous répondre afin d’en savoir plus sur cette panne qui se prolonge ?
1841551984609907176,Puce <USER> en Martinique qui reçoit une alerte digicel à moitié en espagnol redirigeant sur une page en erreur 404.\nJe ne sais pas si c'est concluant surtout si l'alerte est prévue à 14:30 et est reçu à 14h44.\n<USER> <USER> <URL>
1841555774826328135,<USER> <USER> <USER> \n<USER> \n<USER>
1841558181811527808,"<USER> des coupures internet QUOTIDIENNES et pas d’assistance, dois-je aller chez Orange ?"
1841559101173547164,"<USER> <USER> Oh on vie à quelle époque Mr Niel ? En 2024 on ne peut pas avoir une panne Free ou quelconque opérateur qui dure plus de quelques heures !!?? Aujourd'hui Snayzy ça fait plusieurs jours !!! c'est une honte pour Free !! Vous voulez quoi qu'il change de fournisseur avec la pub qui va avec ? c'est n'importe quoi ? <USER> une offre à faire peut être, une solution d'urgence ?? <USER>"
1841559133830709678,<USER> <USER> <USER> <USER> Idem pour moi
1841562997677797886,<USER> <USER> XAVIER ÇA VA T'ENVOYER UNE ÉQUIPE 🗣🗿💯⛓️🔥🏴‍☠️
1841573092448952804,<USER> <USER> \nJe veux contacter le service résiliation. Je ne paierais pas 45ct/minute <URL>
1841595529911804089,"<USER> que se passe-t-il soudain ?depuis 10' environ, la connexion de la box et la connexion mobile ont sauté toutes les 2 ! Secteur #strasbourg <USER> <USER>"
1841599011695837260,Va falloir vous bougez le cul <USER> #strasbourg <USER>
1841602185601126636,<USER> Panne totale <USER> à Strasbourg Wifi + 4G ce soir 2 octobre depuis 23h30. \n0h12 toujours en cours ...
1841603104850014630,<USER> <USER> <USER> pareil
1841604429172093099,"<USER> <USER> <USER> <USER> A Lingo et geispolsheim c’est pareil, plus de co depuis 30 min.."
1841606630267383816,<USER> <USER> <USER> <USER> <USER> pareil sur Eckbo
1841607075165512052,"<USER> <USER> <USER> Confirmation également sur le secteur d'Achenheim, plus de connexion internet et mobile."
1841610779830677788,"<USER> hi i did buy an unlimited data plan with sim card free during olímpics ( august 2024) it supose to be one charge of 30 euros but you are still charging\nMe in my debit card in september and i am not longer using the Service , i would like to check this with you"
1841615239499989083,<USER> <USER> <USER> Svp diviser encore sur votre chaîne YouTube
1841626286277492886,<USER> <USER> <USER> <USER> Dinguerie toujours pas revenu
1841653595479097625,<USER> Alerte info vous résilier des lignes et vous dites qu’il est impossible de récupérer \nBravo free
1841717548376608899,"<USER> plus de deux mois que j'ai signalé que de ma ligne Freebox delta ne fonctionne pas et aucune information donner par l'opérateur, est ce que c'est normal. Ils arrivent même pas a réparer et je paye 60 Euro chaque mois pour rien , vous pousser client à Changé d'opérateur"
1841719976018780490,<USER> <USER> j’ai la même c la merde je joue en partage de co Frr
1841736325415817359,"La baise, je viens de découvrir (car j'avais pas lu toutes les CGV) qu'en déménageant mon abonnement <USER> je perdais ma remise pendant un an 🫠\nJ'ai reçu ma facture, ça fait mal\nOn fait quoi <USER>, on résilie ?"
1841778014067028382,<USER> <USER> plus internet depuis bientôt 24h en haute Savoie ???? Qu’est ce qu’il se passe ?
1841787646235811881,<USER> Je l’ai déjà fait et je n’ai pas de réponses. Je souhaiterais qu’un appel avec le service résiliation soit programmé au plus vite avant de bloquer le prélèvement
1841797994380775704,"<USER> <USER> Ahh ça je sais j’en ai une .\nMais vais pas en acheter une deuxième tout de suite!\n\nAlors apparemment, non ça n’est pas compatible"
1841801464403870206,"Un problème avec <USER> ? \n\nPas de service réclamation en boutique physique ou au téléphone, opérateur de merde <USER> tu devrais avoir honte"
1841805569629303169,La Bbox ultym waouh je pleure de joie c’est incroyable je joue à fifa sans beuguer merci <USER> je suis amoureux de vous ❤️❤️❤️❤️
1841808942067855367,<USER> <USER> j’attends toujours une réponse de votre part
1841824576600207403,<USER> <USER> Libérable de chez l’horreur <USER> et le service client de merde xjdkdkdkd 😍😍
1841835863019327776,"<USER> bjr 3 jours ss accès aux services, un agent orange d’après l’assistance est passé chez moi alors que je n’ai pas bougé et sans m’avertir d’1 passage. Alors que je ne sais même pas quel est le problème. Il doit passer pourquoi?? Aucun diagnostic m’a été communiqué."
1841873928291287434,<USER> niquez bien vos mères bande d’escroc 3 mois qu’on me donne pas de suite pour ma résiliation et maintenant zerma je vous dois 120€ ??? ALLEZ BIEN VOUS FAIRE ENCULEZ VOUS AUREZ PAS 1€
1841880696375189956,"<USER> Plus d'un mois et toujours aucun remboursement d'une transaction annulée. Annoncé sous 15j, puis 30j. La boutique Free de Valence Victor Hugo n'aurait elle pas fait le nécessaire ?"
1841881462691307691,<USER> quand on prend un abonnement fibre chez vous c’est pas pour avoir une connexion ADSL du début des années 2000. Donc ça serait bien d’avoir ce pour quoi on paie s’il vous plait
1841888429883248889,"<USER> Pire opérateur au monde !\nPlu internet depuis 3 jours, le seul créneau disponible pour une intervention dans 7 jours. \nJ’ai commandé un téléphone la commande est en attente de validation depuis alors que je suis client depuis plus de deux ans\nBref rien qui va ! \nFuyezzzzzz!!!!!!"
1841889099923296567,"Bonjour <USER>, pourquoi est-ce que je reçois une facture en octobre alors que j'ai résilié mon abonnement en septembre ?"
1841911722845638994,"<USER> Et sinon, pour répondre à des clients en absence de wifi et sans retour du service technique free depuis plus de 48 h, on appelle aussi le boss adoré ?"
1841934588194480298,Free Magnier vous le cul tout les soirs que des bug de réseaux 50€ tout les mois pour avoir une connexion de merde régler vos serveur de merde svp <USER>
1841936981384728755,J'espère que ma <USER> va finir sa mise à jour avant que je finisse ma vie.
1841940331996000266,.<USER> j’ai 300 de ping là au boulot <URL>
1841940933459505251,<USER> C'est normal de passer d'une connexion fibre à une connexion 56kbps ? 300ms de ping vers n'importe quelle destination. Pas mieux en 4G. Gros soucis en cours. #freebox #Incident
1841941406870589943,Une mise à jour de la box à 22h\nUn débit internet très instable\nUne connexion en 5G plutôt moyenne et qui passe vraiment pas de partout\nUn player TV qu’on doit reboot tous les 4 allumages car il n’arrive pas à se connecter en Wifi\n\nJ’crois que j’vais me tirer de chez vous <USER>
1841941566715269578,<USER> <USER> Je suis exactement pareil j’étais bien j’ai redémarrer ma box d’un coup connexion lente je peux plus rien faire
1841941576173408712,"<USER> <USER> Problème sur leur infra, tous les abonnés sont touchés à première vue, ping au ""top"" sur leur serveur DNS : 212.27.40.240, j'ai 12ms dessus, toutes les autres destinations mini 250ms et un débit aux fraises parcontre 🫠"
1841941764330160316,<USER> C’est chaud quand même là <URL>
1841942241062899898,<USER> <USER> <USER> Je suis deeeg
1841942417349493127,<USER> il se passe quoi avec votre connexion internet là ????\n\nFrr je peux même pas jouer à la PS5 ni naviguer sur internet pourquoi rien ne vas chez vous bordel de merde ???
1841942840613683670,<USER> y’en a marre de vous sérieux ! Que de problèmes avec internet chez vous !
1841943789339820112,Merci Free de niquer ma soirée ça serait possible d’avoir une connexion viable ? À défaut de jouer à la play j’aimerais pouvoir regarder au moins Netflix en qualité appréciable.. <USER> <USER>
1841944832039698797,"<USER> \n<USER> \nBonjour, pourquoi ai-je de la publicité maintenant sur #Netflix ? Je n'ai pas changé de contrat ?"
1841944881528189385,<USER> <USER> <USER> On se croirait de retour a l’adsl
1841947395241759137,<USER> je sais pas ce qui m’a prit de prendre un abonnement internet et mobile chez vous. J’ai actuellement la pire connexion possible <URL>
1841948305699319915,"<USER> <USER> Je suis dans le même ça depuis plus de 30min plus débit, impossible de game, de mater un film ou même d'aller sur le net en wifi"
1841950278704366003,<USER> <USER> <USER> <USER> c'est revenu non ?
1841964085899903454,<USER> <USER> dis toi j’ai tjr pas internet là j’suis connecté sur le réseau suisse mdr fuck <USER>
1841966841859584073,"<USER> <USER> <USER> je sais pas toi mais moi genre parfois ma co elle se coupe 5 sec puis revient et ca chaque jour je comprend pas, j'etais chez orange et j'ai jamais eu de probleme"
1841972491138343140,<USER> ça commence à casser les couilles
1842080340103270784,<USER> c'est quoi ce délire ma facture box à augmenté de 8 euros et mon mobile de 1 euros je suis même pas prévenue !!!! forfait ultra qui passe de 49.99 à 55.99 ?????
1842086163709861955,C'est inadmissible <USER> et Max je suis facturé pour cet abonnement sans pouvoir me desabonner ni sur Max ni sur Free
1842093221767221544,"<USER> trois jours sans réseau. C’est mon outil de travail. Personne réponds au téléphone.\n Un ticket ouvert ne change rien. J’aimerais savoir quand le reseau sera rétabli. \nPas de réponse claire, nous résilierons notre contrat ce soir. Nous sommes fatigués de votre service."
1842101836372697122,<USER> Je n’ai pas de réponse depuis mercredi
1842105028942667833,<USER> Aller vous faire enculer j’ai dis \n25 min hier à attendre quelqu’un au téléphone pour qu’on me dise que c’est saturée
1842106592273080830,"Plus de connection internet <USER> depuis début MARS 2024.\nAucun suivi ou rappel et ce malgré de nombreux contacts avec vos services. \nCinq mois à payer un service inexistant soit 149,50€.\nEn OCTOBRE, j'arrête mes prélèvements, on augmente mon abonnement et me réclame DES FRAIS !"
1842113972264198252,"<USER> <USER>\n<USER>\nIl est dommage de devoir déployer autant d'énergie pour une simple question : abonné à Netflix depuis plusieurs années tout allait bien, sauf les augmentations, mais bon, et hier soir Netflix m'a demandé ma date de naissance mon genre et puis la pub est arrivée?"
1842128911347404959,"<USER> <USER> <USER> <USER> De ce qu’on m’a dit c’est lié au tram, on aurait dû récupérer jeudi 3/10 mais toujours rien, aucune communication que ce soit par sms ou mail , ni même pour nous prévenir. Le SAV n’a aucune info vu qu’ils font intervenir des techniciens d’Orange. \n<USER>"
1842138425563992555,"<USER> hello plus de connexion e mende, normal ?"
1842184732928331830,Bonjour Mr <USER> est il normal que je vous avance toutes les semaines 10€ parceque vous avez un disfonctionnement dans votre société <USER> \nVotre collaborateur me propose de faire l'avance et que je serai remboursé plus tard sous peine de me couper le service j'ai 5 lignes
1842199113514803506,<USER> <USER> <USER> <USER> C'est normal qu'il faille attendre une semaine pour qu'une serrure d'une porte du point de mutualisation fibre soit réparé un jour ? Ça fait une semaine que j'attends que tout ça soit résolu. Un technicien s'est déplacé 2 fois et rien n'est fait.
1842201203985277424,<USER> j'ai passé 20mn avec un conseiller au téléphone pour lui expliquer que je ne souhaitais pas payer une facture qui va jusqu'au 31 octobre alors que ma résiliation sera effective le 11 octobre. Il m'a bien fait comprendre que je n'étais plus cliente chez lui donc que ce (1)
1842206559587143873,<USER> <USER> <USER> <USER> Askip c’est tout le quartier de koenig ils m’ont dit rétabli le 7 octobre ça fait 3 jours j’ai plus aucune connexion j’ai envie de tout brûler
1842211242334638378,Ça marche chez vous ? <USER> #freebox
1842214054779064394,"<USER> d'après la carte fibre de l’equipementier passé dans mon village , ma maison est éligible à la fibre mais quand je vous demande la fibre vous me dites le contraire par mail. On fait comment, je vais chez un concurrent ou je vais réussir à avoir quelqu’un pour en parler ?"
1842225752663605596,Donc j'appel <USER> pour une montee en gamme revolution vers --&gt; ultra (avec netflix prime ect) je souhaite beneficier des frais de migration et/ou avoir le tarif nouveau client : Non ok bha go chez <USER> comme les mobiles <URL>
1842226009338224733,"Bonjour <USER> <USER> vous bossez aujourd'hui ? Car depuis ce matin 9h, pas de réponse de votre part. Vous êtes plus réactif pour me facturer 10e supplémentaire tous les mois sans m'en avertir... et contre mon consentement..."
1842228116376453431,"Ça va aller, essaye de lâcher prise."
1842230165817979136,"<USER> . <USER> : cela fait maintenant près de 5 jours que le PM FI-91377-000M est en incident. \n\nVotre support n'a lancé aucune intervention, ne donne aucune date de rétablissement ! Nous aimerions savoir quand sera rétabli le service !"
1842233646524088804,"<USER> <USER> <USER> Non plus, vous êtes bloquer à quel étape sur la box ?"
1842238743836573757,<USER> je crois que je vais passer chez la concurrence hein je paye 45 euros par mois ça fait chère quand meme <URL>
1842239944313487542,<USER> <USER> <USER> Étape 2 … et vous ?
1842245503443976302,bon pour avoir de la 4G qui marche chez free on doit faire quoi 🫠<USER> <USER>
1842247510951100445,"<USER> les techniciens qu’on a au téléphone c’est des incapables. le mec me demande de débrancher et rebrancher ma box, j’attends 5min, 10min, il parle pas, je demande ce qu’il en est et plus de réponse ! je fais quoi moi ? <USER> <USER>"
1842248014770950631,"""Freebox POP : 76 ✂️ coupures internet en une journée, record battu ! Et maintenant plus du tout d internet...Merci Free, j'ai vraiment 😫 rien compris."" \n\n<USER> <USER> <USER> <USER> <URL>"
1842255782441623940,<USER> j'adore free pr le prix mais alors qu'est-ce que le service est nul sur hotline et en boutique ! L'IA n'aura pas de mal à remplacer vos hotline vu le type de réponse que l'on a . Être courtois est bien mais ne pas réussir à résoudre les problèmes c'est usant !\n<USER>
1842284822066262404,Cela fait 3 jrs que j’ai plus internet chez moi. Je désabonne de <USER> c’est fini. J’ai eu le même coup l’an dernier.
1842416215274271042,Est-ce qu’il y a des conseillers capables de me répondre chez <USER> ?\n\nJe suis victime d’une sorte d’arnaque de votre part <USER>
1842461680002888068,<USER> depuis le 02 octobre nous sommes plusieurs à ne plus avoir internet ( incident collectif) impossible d'avoir des nouvelles sur l'avancement et impossible d'avoir qqun au service client normal ? <USER> un peu plus d'humain serait bien...
1842473637888102444,<USER> \nVoilà une semaine que nous sommes coupé du monde suite à des incidents sur notre ligne!!!\nAucunes réponses de Free si ce n'est sur la prise en charge de l'incident !!! Aucun numéro de téléphone afin de parler à autre chose qu'une messagerie vocale !!!
1842476035654185057,"Cela fait aujourd'hui un mois que nous sommes privés d'internet.\n\n<USER> est dans l'incapacité de résoudre le problème et de nous donner un délai, c'est effarant.\n\ncc <USER> <USER>"
1842477724390105387,<USER> je n’arrive pas a rétracter mon abonnement 😃 et votre ligne téléphonique ne me permet pas de le faire
1842478372808495614,<USER> Ligne résilier on le prélève le mois entier . Combien de temps après je reçois la facture de résiliation et mon remboursement ? Je ne vais pas payer 2 fois pour le même numéro ridicule
1842492526181167370,PUTAIN NIQUE VOS MERES LES PUTES <USER> je paye 50€ pour être déco en pleine game ptn
1842514388533608470,"Ma Freebox est bloqué a l’étape 2 depuis 24 heures, est ce que c’est normal <USER> <USER>"
1842584893261566113,Message en rimes riches à <USER> <URL>
1842594869631758797,<USER> <USER> <URL>
1842596772792967635,<USER> <USER> J'ai gagné ! <URL>
1842609733641056391,"<USER> <USER> <USER> <USER> <USER>\n\nMerci Free pour ces plus de 20 ans de cohabitation, Internet et téléphonie.\nJ'ai eu Free, parce que j'avais tout compris mais il aura fallu le passage à la fibre et la volonté d'un changement de box, pour que tu révèles."
1842829008393662942,"<USER> bonjour, ça serait bien de régler vos problèmes d'adsl... Internet qui se coupe toutes les 5 10min, c'est chiant"
1842843465383624759,<USER> hey freebox un débit de 1.70 Mbit/s en téléchargement pour 32€/mois en fibre c'est normal ? \nJe suis sur Tarbes (65000)
1842897640674971851,<USER> allo à l'aide vous pouvez rétabli la connexion internet avec ma box svp ça fait depuis vendredi aprem la <USER> c'est quoi votre soucis bande de fainéant
1842951439825731809,je paye 55€/mois faut vraiment m'expliquer là <USER> <URL>
1842965555407634547,"<USER> on n’a aucune réponse malgré toutes nos sollicitations, est-ce qu’il y a un problème ? <URL>"
1842980585134043258,"<USER>\n<USER>\n<USER>\nJ'en ai assez de la freebox elle ne marche plus du tout depuis 3 jours, ni internet, ni tv sans raison !!! Je suis obligée de payer une clé4G pour internet......"
1843002441052393711,<USER> c’est vraiment des trdbl ça fait 3 semaines ma grand mère elle a pas de fibre ça t’envoie des techniciens bien cons qui coupent la fibre des voisins et ils te font la même quand un voisin appel mdr j’comprends après pourquoi y’a des gens ils tabassent les techniciens
1843008199215263893,"5 jours de travaux qui étaient sensés en durée 3, les techniciens sont partis sans nous rebrancher pitié à l'aide <USER> <USER>"
1843048832936124872,<USER> <USER> je résilie tout demain ☺️☺️ j’ai pris rdv avec un technicien pour mardi et le rendez-vous s’annule tout seul ! Non merci ! Pas de réseau « fibre » depuis vendredi c’est indécent ! Des suggestions d’autres opérateurs ?
1843183573870026967,<USER> Et quand vous voulez résilier y’a personne qui le fait pour vous.
1843191261408444521,"Bonjour <USER> <USER> On a plus de fibre depuis presque 1 semaine sur Strasbourg aux alentours de la route des romains, vous avez des infos ?"
1843204422761161041,"<USER> <USER> Aaaah, moi je suis bloqué à l'étape 4 depuis une semaine sans internet, et 0 explication à part ""il y a plusieurs clients concernés""...\n\nUne bonne partie des commerçants de la rue est impacté aussi (restos, coiffeurs), mais rien... Que ce soit chez free ou la marie <USER> 🤬"
1843228909099532593,<USER> Moyen de récupérer la Télé et la Connexion ??
1843232844224844001,<USER> normal de plus avoir internet et TV ? Panne générale ?
1843233575862505601,<USER> avec free vous avez tous compris. N'y allez pas. J'attends toujours un dépannage depuis 3mois
1843285170994257944,"<USER> Je n'ai reçu aucune notification. Je payais 10,99€\nPourquoi m'avoir passé sans avis à 5,99€ ? <URL>"
1843301427609059688,"bonjour <USER> il y une grosse coupure internet Free tout autour des travaux du tram de la route des romains à Strasbourg et ça depuis 5 jours, apparemment personne n'a d'info (aucune réponse de <USER> ou <USER>). Vous êtes au courant de quelques chose ?"
1843301683650322812,T’es chez Free ?\nMmmmmh…… <URL>
1843304056795877700,<USER> Sauf si le répétiteur télé ne fonctionne pas !\n\nUn client fidèle depuis 20 ans.
1843306081076064473,Déjà comment ça se fait on est chez <USER> depuis 2006 et on a pas de cadeau de fidélité genre une télé de fou ?
1843310547246408123,"<USER> Bonjour, j'ai essayé de vous contacter toute la journée. Est-il possible de parler à quelqu'un ?"
1843314722344681872,<USER> ce serait possible d'avoir un retour mon ticket incident tjrs en cours bloqué sur étape 2 mais aucune information depuis ce matin 9h.
1843330786654847125,<USER> <USER> <USER> encore une fois tout le #aveyron se retrouve sans internet free. Ca arrive au moins deux fois par mois en ce moment. la qualité de service est de plus en plus déplorable <URL> .
1843333466026586446,"Je dois attendre une semaine pour avoir un technicien pour qu’il intervienne chez moi car la box fonctionne pas… <USER> on va pas être copain, ça sent la séparation !"
1843356937607614529,<USER> En tout cas chez Free pas de wifi durant 1 semaine le téléphone forfait Free qui capte pas 0 solution proposée a part attendre et se faire mal parler par le service client 👍👍
1843360530993750434,<USER> j'en peux plus de vous sah c'est trop chiant <URL>
1843364269431370068,"<USER> coucou. Y'a quelques bugs dans l'appli iOS Free et le site mobile qui empêchent de saisir une heure de RDV Free Proxi, je peux faire suivre ça à qui ?"
1843367943247458461,"<USER> Messages les 5/9 et 7/9 via WhatsApp, mais non lus donc AUCUN retour : 1ère année et des problèmes TV + Mobile = Méga Déception !!!"
1843415567019192572,"MA CO QUI CRASH JUSTE AVANT SPARKING ZERO ! <USER> JE VOUS AIMES, MAIS LA JE VAIS TOUT CASSER AHHHHHHHHHHHHH <URL>"
1843536287724384496,"hey <USER> ! c'est fini une semaine je n'ai plus internet, plus de téléphone et plus de télé. malgré plusieurs tentatives de contact votre équipe de Paris Tolbiac n'a pas répondu. est ce la qualité de service que vous visez ?"
1843552369503617084,"<USER> bonjour, je n'arrive pas à avoir quelqu'un au téléphone. Suite à une coupure sur ma ligne j'avais rendez vous avec un technicien vendredi mais le rendez vous à été annulé et je ne sais pas pourquoi. Pouvez-vous m'aider ? Merci"
1843579429781676309,<USER> on vous appelle pour un problème on nous dit vous aussi vous avez un accident technique est-ce que c’est sérieux ça ???
1843590394405077056,"Toujours aussi peu sérieux <USER> cloture ligne, materiel retourné et reçu par Free le 6 aout mais reception d'un sms le 2 octobre :Bonjour Veuillez renvoyer votre matériel Freebox (ligne ***) en recommandé à ""Freebox Résiliation C/O PUBLIDISPATCH"
1843598596509438072,"Bonjour <USER> <USER>,\nC’est normal que mon adresse soit éligible à la fibre chez <USER> <USER> et <USER> mais pas chez vous ?\nIl y a deux mois, un technicien Free m’avait dit qu’il y a eu du retard sur la commande de la route optique mais toujours pas de news…"
1843602314046910955,4ème coupure d'Internet et réseau mobile en moins de 15 jours <USER> Rien contre vous au contraire mais ça commence à faire beaucoup. Vous voulez pas mettre des grosses clôtures électriques pour éviter les sabotages ? 😂
1843623763201413306,"ca faisait longtemps que ca n'était pas arrivé, mais la perte de synchro et blocage en etape 3 sur la ligne <USER> après plusieurs anomalies ces derniers jours, ca exaspère\nTicket ouvert, mais technicien centre d'appel totalement malpoli."
1843627776680624301,"""Chez Free, on résout les problèmes en un clin d’œil : on vous explique que c’est toujours la faute de l’opérateur historique ! 🔄 #ServiceClientPremium #ProblèmePasRésolu""\n\n<USER> <USER> <USER> <USER> <URL>"
1843640660496167219,"<USER> Ouais mais faites qqch pour ma connexion, la 5G et la WiFi sont pas du tout stables..."
1843653838949224635,A tout les techniciens <USER> <USER> et autres . Ça vous fait vraiment pas chier de débrancher quelqu'un qui a besoin d'internet pour mettre un autre a la place et ça 5 fois en 1 semaine ?!
1843663557327761861,<USER> bonjour il est impossible d’avoir un conseiller au téléphone ?
1843664052272411001,Fuck <USER> et leur co de merde
1843670642262176174,Mdrrr depuis que je suis passée chez <USER> ma wifi bug constamment c’est insupportable
1843671826695881085,"Bonjour <USER> ça environ 15 jours que je suis sans connexion. 15 jours que votre service client me balade d'excuses en excuses. C'en est assez. Une intervention a été faite, a privé et prive mon logement d'internet. Vous vous bougez un peu le popotin ?\nCordialement."
1843686377206231521,"<USER> #fibre <USER> #nice\nBonjour Free,\nComment ont fait quand l'immeuble où j'habite a Nice n'est fibré par aucun opérateur ? Des connexions en ADSL en bas débit, fin 2024 ça pique ! Rue barberis, 06 Nice"
1843698547780399167,<USER> pouvez vous m'expliquer pourquoi il n'y a que les chaînes du groupe Canal+ qui ne fonctionnent pas
1843721510550417717,<USER> ptn ma box saute tous les 5min la vous faites quoi
1843729949079023713,Salut <USER> <USER> ^^\nEst-ce que vous trouvez ça normal que ça fait deux jours que la connexion se coupe comme par hasard à la même heure ? ^^ Et sans avertissement (une spécialité de free) ^^
1843787552257650795,<USER> MA BOX POURQUOI JE LAG JSUIS EN RANKED ZEBI
1843795165796020656,"<USER> voilà une fois de plus en plein film plus de réseau 😡 même après avoir redémarrer la box, cette dernière reste bloquée sur ""authentification de la freebox en cours"" ça fait 1/2heure..😡 Après on ns dira q la fibre c'est plus fiable q l'adsl.. Conneries😡😡"
1843797118290678140,"Hello <USER> <USER> <USER> <USER> \n\nJ'ai remarqué que vos services Free et Free mobile semblait souvent tomber sur cette tranche d'heure \n(00h30/1h00) Pendant une 30aine de minutes environ, avez vous une explication ou s'agit t'il d'un défaut matériel ?"
1843912671974080999,<USER> tous les soirs on va plus avoir de réseau \nLundi coupure à 21H37\nMardi à 20H52\nPlus de téléphone \nPlus d’internet \nCode postal 32170\nLaguian Mazous
1843954270313628069,Après 15j sans fibre parce qu'au PM les câbles se sont débranchés tous seuls...\nAprès la réparation hier...\nJ'ai à nouveau ma box en étape 2 ce matin.\n#free #freebox <USER> <USER>
1844082732080693487,"<USER> remettez nous la co le soir , après 21h on a plus de co genre mdr !"
1844084344035606900,"Salut <USER> , client depuis maintenant quasiment 20 ans, bah ça fait 20 ans que j'ai de l'ADSL. En 2024, est-ce que, habitant en pleine ville (Clermont-Ferrand), je peux oser rêver obtenir un débit meilleur que 15mbps ?\nPitié, faites quelque chose dans mon quartier ! :'("
1844159534023180774,"Il se passe quoi sur votre réseau ces derniers jours ? Seconde fois de la semaine que je n'ai plus rien ni sur la box, ni sur ma puce mobile.\n(Haute Garonne)\n\nHeureusement que mon boulot me fournit un second tel avec une sim <USER> pour hotspot\n\n<USER> <USER> <USER>"
1844281659354660949,"<USER> honteux!\nHabitante Juilly, ça fait 1 semaine que je suis sans réseau ni TV, on les appelle, seule réponse : faut patienter car nous n'avons aucune solution.\nJe me déplace en boutique,0 solution à part qu'on pourra me rappeler à partir d'aujourd'hui 9h! \nTjrs aucun rappel !"
1844293573375905941,"<USER> <USER> mais grave, vous foutez quoi <USER> 4 jours que j'essaye de contacter l'assistance sur WhatsApp, AUCUNE REPONSE, et plus de fibre depuis 1 semaine !!"
1844294504662323229,"Free <USER> c'est une arnaque et des escrocs. Évitez de vous abonner chez ce fournisseur. Meme si les tarifs sont attirants. Souvent des pannes sans dédommagement, surfacturations abusives et un service client incompétent ou inexistant."
1844296065408958728,"Je suis fatigué de <USER> <USER> . Ça fait un mois que je subis des déconnexions quasiment tous les jours\n\nQuelle erreur d’avoir quitté Orange, qui a la meilleur ligne de France, pour cette merde qu’est la ligne Free ! <URL>"
1844299589429625282,Quand je mets mon tel en ne pas déranger et que personne ne me dérange. <URL>
1844305555873202413,<USER> <USER> Quand ma box free saute pr la 3e fois de la soirée haha ^^
1844317368979423264,<USER> <USER> <USER> ptn jpensais c'était que moi hein mais nn
1844319316197638163,<USER> vous êtes une vraie blague je vous jure
1844329995201806602,<USER> Il y a un décalage son/image sur <USER> 1. Possible de corriger ça svp ? #HomeOfTennis
1844335023974989887,"Je suis passée chez <USER> pour mon entreprise, le réseau est instable, que ce soit mobile ou internet box et le pompon, j'ai ouvert un ticket à l'assistance depuis 1 semaine et n'ai toujours pas été rappelée. N'allez JAMAIS chez <USER> !"
1844337280946929950,"<USER> <USER> <USER> Visiblement, c'est l'application <USER> où il y a le décalage... Sur ma TV (abonné chez Free), je n'ai pas ce décalage. Possible de régler ça <USER> ?"
1844337837002588647,"<USER> 4 mois sans internet chez Free et toujours aucune solution. Aucun suivi, aucune transparence. Comment est-ce possible qu’ils soient incapables de donner une simple date d’intervention ? #FreePanne <USER>"
1844339465172767176,<USER> j’ai plus de wifi depuis bientôt 2h alors que je suis en télétravail ??? On fait comment là ?
1844339713811062956,<USER> je dois venir signer chez vous ?
1844339997240897541,Je languis… 😒 \n\n#free #freebox ⁦<USER>⁩ <URL>
1844349679443771656,<USER> J'attend toujours que le technicien règle le problème qui fait qu'on a pas internet depuis plus de 24h...
1844361759798579532,<USER> Quand les techniciens Free doivent raccorder un logement à la fibre. <URL>
1844362946417406386,<USER> Vous êtes au courant que ça va bientôt faire une semaine que j’ai plus d’internet vous reportez votre dépannage au lendemain depuis samedi. Avec tout le respect vous êtes énervant hein.
1844375509456781665,#C8 <USER> sur free tv les paroles sont décalées par rapport aux images : suis je la seule à avoir ce problème ? épisode de Barnaby <USER>
1844384711717888118,"<USER> bonjour, un répéteur wifi ça met 1 semaine à arrivé ? Ça fait depuis le 4 octobre que j’ai été prélevée mais rien reçu même pas de message de suivi rien"
1844404687837200681,C’est fou ces techniciens fibres <USER> <USER> <USER> <USER> <USER> <USER> qui ne savent pas rebrancher correctement les prises lors de leurs interventions. \n2 fois cette semaine. 😤
1844419020491194720,Je commence à craquer avec ce service client nul à chier de <USER> ! Ça fait 2 semaines qu’ils doivent faire remonter l’information à leur supérieur comme quoi je n’ai plus d’internet du tout chez moi via ma <USER> … <URL>
1844423146700669318,Je viens d'avoir la fibre de chez <USER> chez moi mais le fixe il marche toujours pas c'est normal? Ça fait ça depuis ce matin
1844425758091116803,Quelle blague la fibre #free <USER> <URL>
1844431081543750103,"<USER> Coupure de service dans mon immeuble depuis le 4, les autres opérateurs on rétabli leur ligne seul Freebox ne fonctionne pas, on me répond que il faut attendre jusqu'au 31 octobre pour le passage d'un technicien. Une lenteur jamais vu. Je change d'opérateur le mois prochain."
1844431330278506938,svp y’a pas quelqu’un ici qui bosse chez free ?????????? <USER>
1844468759240769543,"<USER> plus de connexion internet depuis le 9 octobre 20h21, incident ouvert et à ce jour aucune information, aucun être humain pour répondre, WhatsApp sans aucun retour.\nIncident ouvert et zéro communication.\nQue se passe-t-il ?"
1844632804279066748,"<USER> donc nous on prend rdv et vos techniciens ne viennent pas, pour nous facturer c’est facile mais pour qu’ils viennent c’est autre chose"
1844645663016898918,<USER> <USER> <USER> pas d'internet depuis lundi - aucune information et pas d'assistance - je vais devoir changer le fournisseur pour rétablir mon internet
1844654924933533816,Bonjour <USER> <USER> \nVous êtes vraiment des gros con ! Vous faites passer un technicien pour changer le raccordement de mon logement sans me prévenir et sans mon accord !!! Avant même que j’ai pu réceptionner la box ! C’est quel genre de service ca ?!
1844695389582078223,Devinez qui a ENCORE perdu internet ?? <USER> <USER> faut agir là
1844710286541860917,"<USER> le numéro que vous appelez n'est plus en service. En tête d'un courrier de chez vous... Va falloir la com'... En plus numéro payant, aucun moyen de vous appeler sans payer !!! <URL>"
1844725613669634225,"Bonjour <USER> depuis plusieurs jours (avant #Kirk), je constate une grande dégradation de mon débit fibre. Que dois-je faire ? Est-ce un soucis dû à la météo ou autre chose ? Merci <USER>"
1844758583616925835,<USER> j’ai un problème
1844791981416858085,<USER> bjr. Je viens à l’instant de m’abonner à Free et de résilier Orange. J’ai des questions à\nVous poser. Un conseiller peut il m’appeler ?
1844811349492158563,<USER> je vous souhaite que du malheur <URL>
1844831292602630488,Je sens que je vais changer de FAI moi... 🤬 <USER>
1844999390315855995,<USER> pq j’ai 200 de ping depuis que jsuis chez vous on est en 2006 les gars ?
1845006960497758250,"Bonjour <USER>, ça fait 2mois que j'ai fais une demande de migration pour passer a la Freebox ultra.Malgré plusieurs relances via mon espace client j'attends toujours la box + le rendez vous avec un technicien J'attends encore une semaine et ensuite je pars chez la concurrence"
1845025247122047330,"Help ! J'ai besoin de votre aide <USER> <USER> <USER> \nSi t'as Free, t'as tout compris... mais moi, je comprends plus rien: 3 semaines sans boxe et 2 semaines sans réseaux téléphonique et pas une explication, une alternative, rien ....Tu parles d’une liberté ! #panne"
1845032088854036561,"<USER> <USER> bonjour,\nIl y a une pénurie de techniciens dans le 04 ? Un rdv pour étape 2 à J+10 ??"
1845047792898621475,"<USER> impossible de joindre quelqu’un de chez free, tu passes 5 min a appuyer sur des vieux numero pour etre redirigé vers un conseiller mais le robot a la fin te dit de rappeler plus tard. Bah non en fait"
1845073449061892206,"Ah c'est bien vrai, j'en ai ras le bol de <USER> ils me font Ch...., des appels toutes les semaines avec des escrocs qui ont un parlé incompréhensible. Allez tous vous faire foutre !"
1845097275837604128,<USER> Quand y'a une Freebox revolution light à 30€ par mois mais que toi t'y as pas le droit parce que t'as déjà la Freebox revolution à 45€ par mois <URL>
1845106517969694758,Je suis chez Free depuis que je suis arriver en cote d'or et depuis que je suis passez.en fibre j accumule panne et ralentissement de débit d d'internet ou des beugues énorme au.niveau service télévision sansnparlez des plateforme comme Netflix ou primevideo <USER>
1845114157072339302,<USER> Et l'assistance de proximité <USER> de Meaux est indisponible... impossible de créer un ticket...
1845123984196538709,"<USER> bonjour free, ça fait une semaine que je suis en panne de fibre , votre conseiller me dit que c est une panne collective dans mon immeuble alors qu aucun de mes voisin de chez free dans mon immeuble sauf moi . Votre assistance de proximité nous envoie balader"
1845153773250916757,"<USER> <USER> Presque dans le même cas de figure que toi. Environ 2 mois d'attente, toujours en cours de migration.\n\nUne connaissance l'a eu en 4 jours étant un nouvel abonné chez Free. Livraison et installation en 7 jours."
1845174764865794068,<USER> Vous êtes les pire free vous êtes trop nul on a même plus internet je vais résilier avec vous #boycottezfree
1845402212270293154,<USER> refuse de raccorder un couple agé à la fibre parce que Free s'est trompé de numéro de rue. Personne n'habite au zéro de la rue! 🤡🤡🤡
1845437990966841610,"<USER> : depuis Vendredi 11 Octobre 2024, pas de connections internet. Pourtant avec ma freebox delta j'étais censé avoir un secours 4G. Mais cela ne fonctionne toujours pas. Une solution ?"
1845515478279540765,"<USER> Mise à jour de la Freebox Révolution... ça rame comme pas possible, naviguer dans la liste des chaînes prend plusieurs secondes... juste après la mise à jour du firmware..."
1845730935653761463,"<USER> Moi aussi je vais plus vous déranger. Abonné depuis 2006, sous forfait delta et mobile on m indique qu il n est pas possible de changer pour un forfait plus économique… au lieu de vous appeler <URL> vous devriez vous appelez <URL>"
1845784038117699904,<USER> bonjour j'hesite a passer chez vous le mois prochain quand mon engagement sera fini chez mon ancien fai je souhaite prendre le ultra essentiel \ndans les chaines by canal je voit y'a les eurosport \nil y a t'il aussi les 360 ?dans le doute je demande aussi a <USER>
1845786413150675184,"<USER> panne à Rueil-Malmaison (92), réseau tombé vers 13h06 pour tout l'immeuble au 15/17 parc Jacques Chirac (entre autre, car plusieurs autres immeubles sur le même raccord)"
1845793820669046841,<USER> panne fibre à Reuil-Malmaison depuis 30 minutes. Freebox bloquée à l’étape 2.\n12 rue du general Noël
1845794939772285340,Bjr <USER> <USER> \nCela commence à être sérieusement casse-pieds de ne pas pouvoir envoyer de mail d'office 365 vers free\nVous pourriez vous entendre non ? <URL>
1845797862841504147,"<USER> <USER> <USER> Ici, on en est à la 4eme panne en 2 mois. Actuellement, pas d’Internet depuis mercredi dernier (oui, presque une semaine..)"
1845815847371051433,wesh <USER> <USER> j’suis bloqué a l’étape 2 depuis 3heures là… depuis le 93
1845843770371182800,<USER> ...\nFree c de la merde ...\nJ'ai demandé une migration sur une autre box car la mienne déconne il y a plus d'un mois et j'ai toujours pas de nouvelles même pas de date de disponibilité...\nJe pense vraiment que je vais changer d'opérateur
1845850106223870185,<USER> <USER> SERVICE ASSISTANCE FreeBox <USER> CA TA STRO PHI QUE !!!! \n\nDemande de raccordement à la fibre DEPUIS le 11 JUILLET dernier ! On est le 14 OCTOBRE ! \n\nRésultat ? R I E N -> je précise : RIEN !!!! #rien \n\nLa seule constante dans notre dossier c’est votre réponse : je passe votre dossier à mon supérieur qui va la traiter personnellement et on revient vers vous. \n\n3 MOIS ET TOUJOURS PAS DE NOUVELLE DU FAMEUX « SUPÉRIEUR » ! C’est qui ce mec ? <USER> C’est Dieu votre supérieur le plus haut et le plus compétent chez vous ? Je comprends pourquoi il met autant de temps à répondre ! Y’en a ça fait 2000 ans qu’ils attendent encore une réponse … donc 3 mois de délai on devrait se sentir chanceux c’est ça !!?! \n\nEn plus : cerise sur le gâteau -> c’est VOUS (donc FREE) qui gérez l’installation fibre de l’immeuble. Y’a même pas d’excuse parce qu’un autre opérateur vous met des bâtons dans les roues. C’EST UNE HONTE ! Car en parallèle je PAYE TOUJOURS MON ABONNEMENT Bbox chez Bouygues Telecom <USER> car la portabilité n’est toujours pas active et mon abonnement n’est pas résilié chez eux. Bref … un VRAI FIASCO\n\n #nul #honte <USER> <USER> <USER> <USER> #fail <USER> <USER> <USER> <USER> #mercilachatte
1845863025850679547,Il teste son Forfait Free 5G. <URL>
1845867465324073322,<USER> oh 1h45 que j attend qu un technicien me rappel pour un problème de décodeur sur votre site vous dites 45 minutes pour un nouveau client vous ne marque pas beaucoup de point la !!!
1845872021508370483,"<USER> bonjour,\nJe finis mon engagement fibre le 07/11/2024 avec mon opérateur actuel. \nÀ quel moment je peux faire un abonnement pour une migration chez vous ?\nPassé cette date ou un peu avant ? \nÀ bientôt"
1845913691679871453,"<USER> vous avez l'intention de faire quelque chose au fait que la box se mette en étape 2 sans raison ni explications ??? #freebox #free <USER>\nSi je n'ai pas d'explication, je me casse."
1845967418146832664,<USER> on est en 2024 bientôt 2025 c’est pas normal d’avoir des sauts de déconnexions tous les jours et de plus avoir de wifi du tout actuellement…
1846075465603158209,"Par contre <USER> on ne vous dérange pas ? <USER>, <USER> un avis ? Par ce que la notion de prix indiqué en gros valable 6 mois sur un engagement de 12 mois, si ce n'est pas une volonté claire de tromper le consommateur, je ne sais pas ce que c'est. <URL>"
1846078709511422327,"<USER> cher Free on vous donne un bon *unique* pour retourner *un* colis, mais en fait vous en avez deux : la freebox et son décodeur dans un carton *plein*, et le boitier fibre dans un autre petit carton. On fait comment ? Vous fournissez un plus gros carton ou un second bon ?"
1846106030758924522,Sinon <USER> on peut l’équipe de France mal jouer ? <URL>
1846109815703003276,<USER> <USER> J’ai la même chose 🤦‍♂️
1846118262486061344,Devoir résilier <USER> parce que c’est devenu trop cher 🫠 orhhh proposez quelque chose haaa
1846139939680845949,"Bon, pas de connexion depuis 48h, je suppose que <USER> en a plus rien à foutre, bien joué à vous, je vais chez <USER> cet après-midi 🫡"
1846155269484445842,22 HEURES !!!! J’AI EU LA FIBRE QUE PENDANT 22 HEURES AVANT D’ÊTRE COUPÉ À NOUVEAU \nON DOIT ÊTRE SUR UN NOUVEAU RECORD DE MÉDIOCRITÉ LÀ <USER> <USER> 👏🏾👏🏾👏🏾👏🏾
1846193216225214622,<USER> DES VOLEURS JAI JAMAIS VU ÇA DE MA VIE FUYEZ LES
1846201248443519299,"Convention annuelle des communautés de Free ce vendredi : Abonnés, posez vos questions à Free ! <URL>"
1846206035595337944,je veux stream <USER> dépêchez d’installer ma fibre PITIÉ
1846219467665063964,"Bonjour <USER> cela fait bientôt 1 semaine que je n’ai pas accès à mes services (wifi, TV) et cela sans aucune explication. À chaque fois que je contacte le service de proximité on me dit qu’on reviendra vers moi et on ne me propose pas de solution. Pouvez-vous m’aider svp ?"
1846220315606622358,<USER> votre box de merde que y’a marquer 3c mes couilles vous êtes claquer
1846241345884553361,<USER> <USER> Bonsoir ! Freebox bloquée en étape 6 depuis ce matin..
1846241696641663059,<USER> <USER> bonjour vous aviez pu résoudre votre problème ?
1846249900780224644,Chez vous non plus l’application <USER> n’a jamais fonctionné sur smart TV Samsung ? <USER>
1846252316745519513,<USER> <USER> problème depuis ce matin routeur bloqué sur 2 ( sud ouest lyonnais)
1846256658504180204,<USER> votre truc ne marche pas encore depuis 15:20 faites qq chose
1846265574512554298,"<USER> Problème Etape en région Lyonnais, vous pouvez me dire une estimation de reprise de service ?\n\n<USER> <USER>"
1846270654061949307,"On sait envoyer des fusées avec space X, mais on est incapable de corriger des bugs sur les replays !!! <USER> et <USER> vos replays buguent !!!! Ça nous balance des publicités en continue dès que ça coupe le programme !!! Impossible de continuer à visionner ! #free #m6"
1846270964532736276,"<USER> bonjour,\nSuite à une panne due à un acte de vandalisme dans mon quartier à Lomme, je suis coupé de la fibre et de la ligne fixe depuis le mois de juillet, c'est bien de dire que vous allez réparé mais il faut rétablir le service. Merci"
1846286688156307721,<USER> <USER> <USER> <USER> <USER> <USER> <USER> <URL>
1846331470618497368,<USER> y’a moyen d’arrêter dme couper la wifi A CHAQUE FOIS QUE JFAIS UNE GAME DE OUF PTN JVAIS CÂBLER CEST FOU DE FAIRE CA
1846332958497771709,<USER> je vais changer d’opérateur tout les 2 jours la connexion se coupe et mon forfait je le paye et je suis bloquer en 3G depuis une semaine
1846333733915279805,<USER> vous êtes fou ou quoi à couper la connexion comme ça au gens
1846333852760883325,<USER> <USER> Même moi ma co elle a couper d’un coup en pleine game je jouais avec un pote ça a couper chez lui aussi ont est chez free tout les deux donc je crois que le problème viens de chez eux
1846333878086021369,wesh c'est quoi le probleme avec free???? \n#free #wifi <USER> <USER>
1846333957341601998,<USER> NI VOTRE WIFI NI VOTRE 5G MARCHE C’EST UNE BLAGUE OU QUOI REMETTEZ VITE LA
1846334040179122295,Je vous déteste de toute mon âme <USER> votre co de fdp c’est une singerie ce que je vous souhaite
1846334050329366996,<USER> Rendez mes RR j'ai crash pendant ma game
1846335079737446788,"<USER> c'est plus possible vos plantages régulier, je travail sur internet et ça m'empeche de travailler correctement avec mes collaborateur."
1846335842517741627,"<USER> <USER> va falloir m’expliquer ça fait plusieurs mois la connexion coupe régulièrement certains soir ou la nuit plusieurs heures, defois y’a même plus de réseau"
1846337971831599188,"<USER>, franchement, mais sincèrement hein, j’aime trop free ! \n\nMais là j’vais finir par exploser ma box si ma connexion continue de sauter toutes les 10 minutes ! 🤯\n\n<USER> <USER> svp dites-moi ce qu’il se passe 😢"
1846343314867417443,<USER> c’est quoi ce bordel encore la régler le bug on paye nous
1846343719840035136,<USER> on paye pourquoi enft
1846362471663079930,<USER> il se passe quoi avec la co ????????? tu m’aides pas la
1846447901737685009,<USER> Ras le bol de votre box <USER> révolution qui reste bloquée en phase 9 à chaque fois que le serveur redémarre 😡
1846453497245364230,"Moi qui attends <USER> en bas de chez moi pour que le technicien puisse voir ce qui bug, il aurait dû être là y’a 20 min <URL>"
1846465372134011251,"Les chaînes Eurosport pourraient finalement rester dans les offres Canal+, négociations en cours en vue d’un accord <URL>"
1846536094893908252,.<USER> <USER> c’est normal que je paye les 49 euros de résiliation alors que je veux passer de la delta à la pop ???? Pitié je veux juste changer de box vous me prenez 100 balles. En plus vous mettez des pub partout sur le streaming pitié !!!!???
1846540896390557778,"<USER> Merci free qui pour chaque réclamation demande d'envoyer un recommandé à 7 euros, c'est la meilleure celle là , si quelque chose ne va pas un recommandé pour chaques demande de compensation #FREEBOX #FREE"
1846560139433693313,Oh free vous êtes des grosses merdes mettre 15min rappel quelqu'un c'est quoi ça <USER>\nArrêter ma Co sans rien dire vous êtes des fdp comment on se débrouille
1846599267622047907,Bon ça fait 4 x que j'essaie d'appeler et j'ai pas que ça a foutre en période de Worlds <USER> un tech à vous ou un boulet d'une autre boîte a littéralement cut m'a fibre pour mettre celle d'un voisin ou j'en sais rien\n\nMoyen de régler ça ? J'ai juste besoin de bosser les derniers éléments du show quand je rentre chez moi quoi ^^
1846600618602799158,<USER> <USER> <USER> Littéralement j'ai jamais eu un seul soucis avec ma freebox c'est une folie qu'un boulet puisse faire ça sans raison
1846612759011905792,Euh free c’est quoi c’est beug de raison depuis hier ?! <USER>
1846615466933883132,#telephonelignefreefonctionneplus\nMon téléphone fix ne fonctionne plus alors que la freebox focntionne <USER> <USER>
1846622102130249947,<USER> <USER> <USER> Oui enfin
1846626229526687780,"Les coupures a répétions, ça commence à me courir sur la haricot. Cerise même l’assistance est bugué pas moyen de faire un ticket. le lien whatapp? en berne!... des années chez vous mais je pense qu'on arrive a la fin <USER> <USER>"
1846628709081460778,<USER> Avant de faire des vannes réparé ra connexion encl
1846640415199711748,"<USER> pourquoi absence de sous titre dans feuilleton ""un soupçon"" sur fr2 ???"
1846669432795340886,"Bonjour <USER> et <USER> , avec mes amis nous avons remarqué que les deux seuls à avoir des ""pertes de paquets"" et ""éclatements de paquets"" sur les jeux en ligne sont ceux qui sont chez Free ... Cela dure depuis pas mal de temps, pourrions nous avoir une solution? Merci !"
1846670410630549739,<USER> <USER> <USER> Pareil chez moi !
1846672951451787419,<USER> m’a box wifi a crache on fais comment la
1846673338841596121,<USER> <USER> Frr sa fais une heure <USER> svp
1846717991750123656,<USER> déconnecter la co encore une 5eme fois en 2-2 bande de fdp juste pour voir un truc
1846758061517496787,"<USER> déjà deux jour sans internet à Longeville les metz… pas d’info, pas de solution, pas possible de travailler. Est ce que vous faites quelque chose ?"
1846809909976842251,"<USER> 10jrs de temps de réaction... <USER> , il va falloir revoir les procédures de l'assistance <USER> ."
1846810248499077422,<USER> <USER> 1 mois pour rétablir ma fibre bonne chance
1846832121995763731,"<USER> <USER> <USER> T'es sur le même appareil ? Distance equivalente de la box si c'est en wifi ? \nJe suis passé sur l'ultra aussi depuis quelques mois, j'en suis globalement assez content mais clairement pas aussi stable que la Fibre Orange par exemple"
1846856949586960788,"<USER>\n\nL'étude Jean Benzaken et Associés m'a contacté, et soit dit en passant, sans explication, mal aimable et malpoli.. au sujet d'une facture de 190e par rapport à du matériel que je ne vous aurais pas renvoyé, hors j ai bel et bien déjà renvoyé ma box !!!"
1846859112086155327,Bonjour <USER> moyen de me contacter pls en gros la fibre est installé faut juste la brancher mais vous louez le truc à sfr donc pls moyen de contacter sfr pour leur dire de venir me brancher ( j’vous suis si vous voulez me contacter en pv )
1846863397721182480,"Plus d'une heure au tel avec le SAV <USER> et bien 50min que le conseiller ne me parle plus!!! que fait <USER> de ses équipes??? Une honte pour ce ""conseiller"" de se moquer ainsi du monde. Est-il payé au temps passé en ligne??? #easymoney <URL>"
1846907551469748687,<USER> vous êtes mort ?\nLe Cm est parti aux soirées de p. Diddy pendant 15 j ?\n\nFaut nous expliquer pourquoi toutes ses coupures d'internet ??\n\nFaites pas les aveugles 🥸
1846924349883679170,"Bon <USER> ça fait 3 jours sans internet, on fait quoi maintenant ?"
1846924376622403637,"<USER> <USER> <USER> <USER> Mon courrier a fait réagir, c’est bien.\nPar contre quand vous proposez un lien pour prendre RDV et qu’en cliquant dessus on a un message qui indique que vous n’avez pas de disponibilités actuellement, c’est un peu moyen 🫨 <USER> et le technicien qui se pointe sans RDV aussi…"
1846930790846026180,"<USER> <USER> Bonsoir, depuis ce matin 7h pb de fibre Boulogne rue du Château- signal vert allumé et pas le jaune. Pourriez vous intervenir svp - pas de réseau, pas de Wifi, pas de tél"
1846933875731087526,Je dirais même que tu mérites 350 Go.
1846940966562693312,<USER> je n’ai plus d’Internet depuis lundi 14 octobre suite à un soi-disant « incident technique ».\n\nSachez qu’à la fin du mois je résilie et je passe chez <USER> \n\nY’en a marre.
1846970988572913880,"Plus d’<USER> live sur la TV by canal à partir du 14/11 😭. \nC’est justement pour ces chaînes que j’avais pris cette option, du coup <USER> <USER> vous baissez le prix !!?"
1846973611636048151,"<USER> hello, je jette une bouteille a la mer, je voudrais migrer (oui c'est dans l'ère du temps) mon offre, d'une révolution a la pop\nJe vais en boutique on me dit d'aller sur mon espace mais .... How do I do? #help #rodolphedefree <URL>"
1846990193179742666,"<USER> plus d’Internet depuis le 26 septembre. Impossible de joindre vos services par téléphone car un ticket est déjà ouvert donc je dois attendre. Via WhatsApp, quand j’envoie des messages, j’ai des retours 2jours après. A ce jour service, tjrs pas rétabli…."
1847012076775948355,<USER> panne fibre 49120
1847016672349016407,"<USER> Un prestataire <USER> passe chez moi et me dit que la fibre est surchargé dans mon quartier, il propose de décharger la ligne pour une meilleure connexion à condition de passer chez orange ?!?!?\nQu'en dite vous ???"
1847029742119076188,<USER> un jour j’pourrai jouer à fifa en bonne et due forme ? Ou faut que j’aille voir chez la concurrence si la connexion est de meilleure qualité ?
1847148190203560267,Énième panne générale de <USER> sur mon département et les départements voisins. Ils aiment mettre le bordel surtout sur leurs infra. J’ai jamais eu autant de panne d’accès au net <URL>
1847150953641787780,<USER> Bravo et surtout merci !
1847186997078597961,<USER> <USER> <USER> \n\nMa Freebox encore en panne j’ai souscrit au backup internet mais rien fonctionne \n\nQuand allez vous rendre stable la connexion sur le répartiteur CAV12 ?\n\n<URL> #NulFreeANant
1847187994601496679,<USER> <USER> Une grande partie de l'Aveyron et du Lot est privée d'internet depuis hier soir 23h. Y a-t-il un délai de rétablissement prévu ?
1847190900050366652,"<USER> Voilà, encore une augmentation dont les abonnés Freebox illimités ne profitent pas..."
1847198067860156664,<USER> c’etait un problème de connexion aussi pour avoir une réponse 2jour après ?
1847207259119534090,<USER> c’est normal qu internet coupe depuis 3 jours mais quand on appelle le service client tout est normal ?
1847210871862301065,"<USER> Abonnée free box révolution, plus aucuns accès aux replays. Free me répond que cette box est trop ancienne pour supporter les replays. Je suggère de prendre la pop la seule avec adsl ! réponse. Il n'y en a pas de dispo! je fais quoi? réponse! on va bidouiller qq chose! 😡😡"
1847214834405736904,<USER> <USER> jusqu’à quand allons nous devoir nous retrouver en difficulté ? Sans internet sans tv alors qu’on paie 70€ par mois ? Je dois attendre jusqu’à demain pour une solution vu que j’ai rien d’autre à faire de mon week-end ? Je ne peux même pas travaillé <URL>
1847217307761983686,"#JeuConcours 🎁\n\n<USER> , diffuseur officiel du Rolex Paris Masters vous fait gagner 2x2 places pour les demi-finales, le samedi 2 novembre 🎾\n\nPour participer :\n👉Follow <USER> \n👉Follow <USER> \n👉 RT ce post\n\nTirage au sort le 25 octobre 🍀 <URL>"
1847218000899735623,Se fou pas un peu de la gueule <USER> 😅 <URL>
1847236337214115951,<USER> après plusieurs appel avec vos conseillers le problème persiste sans aucune amélioration <URL>
1847272089046147497,<USER> <USER> <USER> Voici\nCela fait 3 jours que nous sommes privés de service <USER> (118 foyers touchés) à cause d’un problème de coupleur. Aucune information sur un délai de rétablissement malgré nos demandes. #Free #ServiceClient
1847272521210429762,"<USER> Bonjour, Je n'ai plus d'internet depuis le 20/09/2024 et personne pour résoudre mon problème (fibre coupée à 95m de mon domicile) et ce malgré mes nombreuses sollicitations et vos conditions générales d'abonnement que vous ne respectez pas en l'article 10.2."
1847306158459015674,"Bonjour <USER>, je rencontre des difficultés avec votre assistance qui n’est pas satisfaisante. Pouvez-vous me contacter en DM pour résoudre cela rapidement, merci."
1847315237348757560,<USER> il faut faire quoi pour faire bouger un statut de livraison de colis. Depuis Mardi ma box est installé et câblée mais votre outil déconne et je nai plus d'internet. Au secours...
1847476582480257210,"<USER> sont les plus nul , j’ai un débit catastrophique, je capte même pas le wifi à fond à 4m de la box et quand je leur demande de venir vérifier sur place il chipote, tous sa avec leur soit disant meilleur box fuyez vite …"
1847577759024926795,<USER> jvais bientôt retourner chez oranges qui son bien meilleur <USER> <URL>
1847593718066426074,"Mdrrrr <USER> donc comme c’est le week-end, vous ne pouvez pas faire de raccordement?? Donc le technicien intervient aujourd’hui, mais je n’aurai internet que Lundi??\n\nQuelle incompétence!!!!"
1847601745431560342,<USER> en fibre c’est tellement instable
1847607036009156920,<USER> En fait vous êtes tout autant incapables que SFR
1847611877028667762,"Quand <USER> ne fait aucun effort pour comprendre que je ne vais pas payer 3 mois de Février à Avril 2024 quand j'étais à <USER> car je suis passé chez <USER> au mois de Janvier tout en prenant un abonnement Canal+...\nNon je ne vais pas payer deux fois!\nEt je veux ""My Canal"""
1847613242253746543,Bonjour <USER> \nJ'ai payer 600 petard pour lancer une demande de fibre ou on ne me répond même pas un peu c pas super sérieux si j'ai pas la fibre ya moyen de me rembourser les 600 balles \nEh merce xavier \nCordialement moi même \n<USER>
1847628194054074540,Le réseau <USER> en panne chez vous aussi ? J’ai plus internet chez moi 😭
1847873612939678097,<USER> bonjour \nMa télé comme de ma freebox révolution est cassé j’en voudrais une nouvelle comment cela ce passe si je veux me la faire livrer à domicile ?\nMerci
1847969489825968445,<USER> On zappant sur les chaînes <USER> cette après midi sur ma #Freebox je remarque ce petit message 😱 Est-ce que ça y est c'est acté la disparition est officiel? il y a plus d'accord en vue ? 😔 <USER> <URL>
1847982850999468252,<USER> <USER> <USER> Vous faites vraiment payer pour le backup 4g alors que j'ai des pertes de connexion plusieurs fois par mois et que j'ai votre abonnement le plus cher et que vous retirez Disney+ dans pas longtemps ?
1848004074148356131,"Est-ce que Eurosport 1 et 2 sont incluses dans l'abonnement Freebox Pop ? Si non, comment peut-on l'avoir chez Free ? <USER> ? <USER> ?"
1848006162781733223,Non free par contre vous abusez hein ça fait presque 2 semaines qu’on a plus de wifi on les appellent ils nous répondent juste d’attendre depuis 💀
1848010967562543248,Le pire c’est qu’on est pas mal dans le quartier à être concerné quoi <USER> pls rendez le wifi 😔
1848041090953187765,<USER> vous pouvez m'aider?\nÇa fait 30 jours que ma box ne fonctionne plus.
1848056311826846094,donc là j’ai plus de wifi jusqu’à mercredi <USER> vous servez à quoi au juste <URL>
1848056809631756384,"Résilier un abonnement <USER> pour une personne décédée c'est constater que l'humanité ne fait pas partie de leur charte...\n1/ Sur le site c'est indiqué de faire un courrier recommandé, mais l'adresse n'est pas indiquée..."
1848082043164602630,<USER> Ça doit être plus simple que chez <USER> où ça va bientôt faire 2 mois et ils ont toujours pas fait le nécessaire pour me raccorder à la fibre
1848082579259375706,<USER> \n<USER> \n<USER>\nC'est quasiment tous les jours ça devient très énervant : <URL>
1848084015842316691,<USER> c'est quoi ce délire chez free ???? j'ai la box ultra avec pleins de chaines normalement que j'ai eu du début :paris première teva et là on me dit que je dois m'abonner pour les voir ?? c'est une blague ???????
1848085937630396910,"4 mois que j'ai plus internet chez moi, une backup internet que j'ai eu en vous soûlant pour me dépanner mais qui se déconnecte toutes les demies heures !!\nToujours taxer malgré 0 service !!\nAucune remise aucun geste !!\nC'est normal ? <USER> <USER> <USER>"
1848101542726906325,"<USER> Bonjour, j'aurai besoin de vous poser une question en pv svp cordialement"
1848103542763971008,Dis <USER> j'ai pris l'offre TV by canal pour <USER> . Dans quelques jours c'est fini. Tu proposes quoi en remplacement?
1848263399957745762,"Client va en agence <USER> pour déménager ligne, confirmation que l'actuelle restera jusque fin du mois : ce matin coupure !!\nLà encore, quel niveau de SEVISSE CLIENT <USER> ? \nHeureusement, prêt de mon hotspot 4G ici, sinon plus de télétravail.\nHaut niveau d'incompétence ! <URL>"
1848301098093719829,Bonjour plus d’internet depuis ce matin quel est le problème ? Merci 🙏 <USER> <USER>
1848333654067421498,<USER> c’est possible de résoudre mon problème de box ??
1848337650446410009,Bonjour <USER>\n\n #FREE #free <USER>\n\n #xavier75 <USER>\n\n #free_1337 <USER>\n\n <USER>\n\n <USER> <URL>
1848371173538550267,"<USER> <USER> <USER> Pareil, l’horreur 💀"
1848375037692203017,"Presque 50minutes avec le service client <USER> <USER> et le conseiller m’a coupé depuis plus de 15min, sans explication ! C’est une honte. Comment avoir accès aux enregistrements ? <USER> <URL>"
1848378898985201933,"<USER> ça y est vous n’apportez plus aucune assistance à vos abonnés ? Impossible d’avoir un suivi malgré 50€ de frais de mise en service ?\nOn me raccroche au nez avant même d’avoir un conseiller, personne qui répond sur WhatsApp assistance et on me fait poireauter sur le chat <URL>"
1848379303190286370,"Les gros clowns de chez <USER>, 5 rendez-vous techniciens dont 3 annulés sans me prévenir et repoussés de 2 jours, tout ça pour qu’un me propose un échange de box après le 5eme rendez-vous, et que le seul matériel défectueux de ma box ne soit pas fourni avec\nTROP DROLE !! 🤡🤡🤡"
1848382074132086840,<USER> <URL>
1848392630872207724,<USER> et <USER>\nC'est donc ceci la nouvelle définition du service client?\n#free #freebox #France #internet <URL>
1848443113750065162,Salut <USER> et <USER> .\nOqee fonctionne sous Xiaomi mibox s ( 2d gen ) ?\n#freebox
1848461250818097392,merci <USER> NTM LA PUTE
1848477871536541989,<USER> depuis que j’ai ma nouvelle box <USER> je n’arrive plus à piloter ma domotique à distance avec mon téléphone. Une solution ?
1848505502570836083,"<USER> , normal ? Rupture réseau Freebox et free mobile depuis 1 h du mat sur muret haute Garonne ?"
1848505854154227853,Panne Free dans le 78 … <USER> <USER> <URL>
1848508664044556416,<USER> <USER> La meme pour moi a St Lys
1848520026879393902,<USER> pire opérateur internet! Tout les 2/3jours panne générale pas de tv pas d’internet réseau a chier pire que SFR et de treeeeees loins! 2mois que j’ai free j’en suis a au moins 20 ou 25 panne total! Adieu et RE BONJOURS <USER> <URL>
1848647107810394323,<USER> <USER> bjr vous trouvez ça normal qu’on me fasse payer des frais de résiliations alors que j’ai indiqué avec preuve du dépôt de plainte avoir perdu mon travail suite à du harcèlement sexuel et physique à mon poste et que de ce fait je déménage ?
1848651649700557141,"<USER>, <USER> une communication par rapport à ceci ? Merci.\n<URL>"
1848662776656351565,"🚨🔴CYBERALERT, 🇫🇷FRANCE 🔴 | 19M de comptes et 5M d'IBAN de l'opérateur téléphonique Free mis en vente sur le ""Amazon de la cybercriminalité""\n\nHier nuit, un cybercriminel a mis en vente deux bases de données supposées appartenir à Free :\n👉 l'une comportant 19 192 948 de comptes clients\n👉 l'autre constituée essentiellement de 5,11M de coordonnées IBAN\n\nIl n'y a pas de prix affiché. Le cybercriminel appelle les intéressés à négocier avec lui et en passant via un système d'escrow - comprendre système permettant de garantir la transaction !\n\nUn échantillon a été fourni en plus de captures d'écran...\n\nOn retrouve des informations assez sensibles dans cette base de données comme :\n\n👉 Nom,\n👉 Prénom,\n👉 Numéro Téléphone,\n👉 Adresse postale complète,\n👉 Date de naissance,\n👉 Email\n👉 ...\n\nCe supposé piratage et fuite d'informations concernerait les clients Free Mobile et Freebox.\n\nLa fuite d'information daterait selon le cybercriminel de la semaine dernière... à savoir le 17 octobre 2024.\n\nIl est aussi à noter que le profil du cybercriminel a été créé hier...\n\nDernièrement, bcp de ""cybercriminels"" procèdent de la manière en créant leur compte juste avant publication d'infos/piratage/cyberattaque/fuite de données sur la France.\n\nA prendre donc avec des pincettes en attendant conformation. Une autre pratique qui a le vend en poupe, et que je pointais il y a quelques semaines, demeure la génération d'info en s'aidant de l'IA.\n\n⚠️Si c'est avéré ce serait une nouvelle hécatombe après le hack de SFR il y a quelques semaines...\n\n💡 Par principe de précaution, voici quelques conseils, et ce serait l'occasion pour vous si vous êtes chez Free, d'appliquer une passe de sécurité pour votre vie privée numérique :\n\n📌 Changez vos mots de passe\n\n📌 Utilisez un gestionnaire de mots de passe / coffre-fort numérique\n\n📌 Activez le fameux MFA/2FA (c'est ce code que vous recevez la plupart du temps par sms pour confirmer un achat par internet)\n\n📌 Mettez à jour vos systèmes (ordi+tel)\n\n📌 Ne cliquez pas sur des liens reçus par SMS ou par email\n\n📌 Ne téléchargez pas de logiciels craqués ! Ils sont piégés et contiennent des stealers (infostealers) qui vont pomper tous vos identifiants et mots de passe\n\n📌 Restez vigilants\n\n📌 Alertez votre entourage (parents, grands-parents, etc.)\n\nCybèrement vôtre,\n\nSaxX ¯\_(ツ)_/¯"
1848664211624255711,"Cela reste à confirmer par <USER>/<USER>, mais il semblerait que des données soient sorties de chez eux… 😦\n\nSoyez vigilants !"
1848664977600594291,Après SFR... c'est Free !\n\nQui sera le prochain opérateur avec des ventes d'IBAN... Bouygues ?
1848669017076080737,<USER> Hey <USER> <USER> \nAvez-vous des informations sur cette fuite de données ?
1848670402693808630,Bonjour <USER> il serait utile d'avoir une communication rapide de votre part pour savoir si c'est vrai ou une intox
1848675340060672149,"<USER> <USER> <USER> <USER> <USER>, vous confirmez ?\nAucune info reçue en tant que client !"
1848676035195256884,"Coucou <USER>, je dois m'inquiéter ou bien ?"
1848676055479124114,Un hacker revendique le vol des données de 19 millions d’abonnés Free et de 5 millions d’IBAN <URL>
1848686460901196142,"Potentielle violation de données massive subie par <USER> ? Auriez-vous plus d'informations, <USER> ?"
1848688834336247901,C’est sympa de nous donner des conseils comme activer le MFA/2FA mais y’a pas de MfA chez Free <USER> <USER> \n\n<USER> <USER> merci de nous informer de la véracité de cette fuite de données. Genre vous savez pas chiffrer un mdp ?
1848690684754002308,"🚨 Énorme fuite de données chez Free 🚨\n\nUne base de données clients Freebox/Free Mobile serait en vente sur un site spécialisé !\n\nSi cela est avéré, 19,2 millions de clients pourraient être concernés, ainsi que 5,11 millions d’IBAN !\n\n<USER> des infos ? <URL>"
1848694257487397173,Bonjour <USER> à quand la communication sur la cyber attaque que vous avez subie et la fuite de données ?
1848698316873245112,Bonjour <USER> <USER> c’est vrai ?\n- et si c’est vrai il faut nous expliquer avec les termes simples quelles mesures avez vous pris pour protéger nos données et quel geste commercial vous effectuerez pour les abonnés au vu de cette éventuelle faille de sécurité ? Merci par avance
1848699620349681985,EUHHHH ..... <USER> ??
1848703977111621664,"Bonjour <USER> <USER>, j'ai 6 déconnexions en un mois sur ma ligne Freebox. Six fois que votre technicien se déplace pour me rebrancher et à chaque fois je suis débranché 24h après. Il serait temps de missionner un technicien qui s'occupe correctement du dossier non ?\nÇa coûte !"
1848705693097804022,<USER> <USER> C'est quoi ce bordel ? <USER> <USER>
1848710142381961269,<USER> Euhhhh...Un mot pour nous rassurer <USER> ? Allo <USER> ? Y'a kunkun ?? Je doit être inquiet ou pas tranquille ? 😅
1848712625091158136,<USER> <USER> <USER> C’était pas l’année dernière ça ?
1848713235068846136,<USER> <USER> Allo <USER> <USER> <USER>
1848715540023353603,<USER> <USER> <USER> le #RGPD impose à une entreprise de déclarer dans les 72h si les comptes de ses utilisateurs ont été compromis...\n\n<URL>
1848715673913921662,"Sachant que ni <USER> ni <USER> ne m'ont prévenue que mes données avaient fuité (mais vu le nombre de spam reçu sur leurs alias dédiés... ), j'attends donc les spams de <USER> (alors que je n'ai pas non plus reçu d'avertissement).\nC'est pas vraiment #rgpd friendly <USER>"
1848718489638314470,"<USER> <USER> <USER> <USER> <USER> Non mais t'as totalement raison hein, c'est pas normal.\nJ'attends quand même la confirmation de <USER> à ce sujet."
1848721544253436219,Aaaaaah putain d'merde!!!!\n<USER> bordel!!!???
1848722196962635907,<USER> 🇫🇷 ALERTE INFO ???\n<URL>
1848727798443049136,On fait quoi? <USER> <USER> ?
1848728468600553675,<USER> <USER> <USER> On change nos mots de passe et vérifie aussi tes mises à jour
1848728940665356460,"<USER>, <USER>, un mot d’explication peut-être ?"
1848731002228601114,<USER> <USER> On m’a répondu que c’était une fake news.
1848731547848815075,"Ah bah génial <USER> moi qui venait de faire transférer mes contrats chez vous, un mois après vous vous faites voler des infos clients."
1848732227175092376,<USER> <USER> <USER> Essayer de vendre des fausses informations sur le dark web
1848732979247321260,<USER> <USER> <USER> Pas le même périmètre ? (Ils disaient à l’époque : pas les données bancaires)
1848735733701349740,Tranquille <USER> et <USER>
1848738555054497890,Bonsoir <USER> des nouvelles sur l’absence de service depuis ce matin dans le 13 ?! \n\nMerci
1848746291045482704,"Bonjour <USER> <USER> Depuis hier midi, la chaîne <USER> numéro 176, l'image n'arrête pas de sauter.\n\nC'est la 1ère fois que cela arrive. J'espère que vous allez rapidement régler le problème car c'est compliqué de suivre une course avec une image qui saute et un son strident comme sur la vidéo.\n\nMerci de retweeter ceux qui ont le même problème pour remonter rapidement l'information. Merci à vous, Bonne journée 🏇🏇"
1848747559285588206,<USER> salut bande de blaireaux ! Possible de vous sortir les doigts du derche et de m’envoyer un technicien qualifié pour me raccorder ! J’attends toujours Internet depuis le 28 juin !! Au lieu de m’envoyer vos grosses chèvres de prestataires !
1848755450314883148,"depuis le mois de juillet le réseau <USER> dysfonctionne sans cesse dans le 18e et <USER> ne fait rien (à part encaisser les abonnements, bien sûr) 💀"
1848758396012429657,"<USER> Depuis le 3 octobre je n’ai plus d’internet, j’en peux plus !!! Le service client inutile me donne aucune solution chaque fois des excuses différentes et des promesses en l’air !!!"
1848758519379493158,"Hey <USER> j'ai envoyé un message WhatsApp hier à 18h j'ai toujours pas de nouvelles, et toujours pas internet car il y a un câble coupé."
1848759103604036039,<USER> <USER> <USER> <USER> Idem chez moi
1848764982931919015,<USER> plus dinternet depuis le 3 octobre !!! Je dois faire quoi passer chez <USER> ?
1848773384341164119,"""Alerte rouge chez #Free ! Les données bancaires de 5 millions de clients en vente sur le web""📍 <URL> via <USER>"
1848776044498849981,"<USER> <USER> Il y a 4j <USER> m'a notifié qu'une demande d'écrasement de ma ligne fibre leur avait été envoyé.\n\nJe les appelle : on ne peut rien y faire (ma ligne a bien été écrasée lundi), obligé de refaire une procédure de construction de ligne (en cours).\n\nÇa devient n'importe quoi. 😤"
1848785550083559745,Faut le faire pour avoir une pire connexion que <USER>
1848820831796744596,"Bonsoir, j’ai pris votre Freebox Ultra il y a 15 jours à peu près, ma tv se coupe en permanence de façon aléatoire, franchement ça rend dingue!\n49€ pour ça?\nMais c’est une puta*n de blague!\nJ’exige des explications !\nC’est un problème récurrent apparemment !\nCc <USER> <USER>"
1848827437641245025,Combiens seront les prix en 2027 ? <USER> \nMerci.
1848857499778342924,"<USER> ça commence a me gonfler les pannes a répétition, je pense que je vais aller chez Bouygues 🤡"
1848858467307823247,<USER> ya toujours des probleme chez vous c’est incroyable <URL>
1848859085774721353,Ya une panne free ? <USER>
1848886461644337339,<USER> pire opérateur 🤬
1848968137569386598,"<USER> C’est bien joli de lire que Free est inventeur et tout le baratin, mais quand il faut joindre Free c’est galère. Après avoir passé en revue les tapez 1, tapez 2 et compagnie, Free vous raccroche au nez. \nSur WhatsApp c’est encore pire. Incompréhension totale 😳 <URL>"
1848995750853668890,Donc la tout mon quartier est blacklisté de fibre (???) mais j’ai pas un seul mail de <USER> pour m’en informer. J’ai juste plus internet et je dois faire les recherches moi même et en attendant il prenne l’argent de mon abonnement. Ça me dégoûte
1849005397501231391,"<USER> votre service est nul, sans wifi et sans téléphone mobile pour les habitants de la ville d’Argenteuil depuis une semaine 0/5. Pas de prise en charge et en plus vous jeter le tort sur <USER> comme étant votre fournisseur d’infrastructure."
1849013397108523483,Hello <USER> problèmes de réception de ma chaîne essentielle canal 176 <USER>. Un problème général ? Merci de votre réponse
1849016123749974179,Hello <USER> pourquoi vous me privez de 5G ou tout simplement de me permettre d’appeler quand je suis à l’extérieur ?\nC’est parce que je me barre bientôt chez la concurrence ?\nMalhonnête vos pratiques commerciales !!!
1849018716073206254,Impossible de se connecter à Zimbra Free encore ce matin… y a t-il des soucis ? <USER> #free #zimbra #mail
1849024606310367532,"<USER> bonjour,\nJe viens de m'abonner à la fibre et je suis déjà à l'étape 4 👍 par contre le rdv avec le technicien est fixé à lundi 28/10/2024 et la Freebox n'est toujours pas partie. Arriveras-t-elle à temps ?"
1849028577792016682,"<USER> <USER> Mauvais timing, panne depuis 3j et sans aucune nouvelle"
1849029329960813038,<USER> <USER> Idem pour moi
1849034467739934887,<USER> <USER> Oui c'est tout pété
1849035546598736102,<USER> <USER> C'est n'importe quoi. Ça fait plusieurs heures que c'est comme ça en plus j' en ai besoin pour des raisons professionnelles.C'est bizarre comment les développeurs de free travaillent et casse la prod sans faire un minimum de test.C'est pas compliqué.
1849047372979970382,"vachement utile les chatbot, ca fait 4 essais et 1h d'attente comme ca.\n<USER> au top... (ou pas) <URL>"
1849049476318494860,"<USER> <USER> AVEC VOS BRANCHEMENTS SAUVAGES, DE LA FIBRE PAR DES SOUS TRAITANT SANS AUCUN DIPLÔME, VOUS FAITES DE LA MEEEEEEEERDE 💀🤬"
1849053637042979177,"<USER> <USER> Impossible de joindre l'assistance Freebox désormais je pense depuis quelques semaines alors, free mobile déjà à éviter absolument, maintenant avec la Freebox ils commencent à ne plus vouloir de clients, bientôt de retour chez Orange ou Sosh au final même pour la freebox"
1849083169405907372,"<USER> vous n’avez pas des abonnements, fibre optique, sans décodeur TV comme vos concurrents ?"
1849099734092313042,"<USER> coupe encore aujourd’hui ,je ne peux plus bosser et toujours l assitance en PLS et whatapps ...rien le néant !!!"
1849107958250066228,"<USER> après 12 jours d'attente (le délai prévu est - de 8H sur le contrat) pour 1 ligne PRO et de multiples relances je n'ai toujours pas de réponses, une Freebox qu'affiche des messages d'erreur 650, une Box 4G+ Backup qui ne se connecte plus au réseau..."
1849141395862507835,Un petit indice sur la surprise que lancera Free le mois prochain pour ses 25 ans <URL> <URL>
1849146116337754449,<USER> <USER> normal que depuis hier on est que des coupures et plus de wifi ? \nJ’attends des réponses
1849149794154926327,<USER> on n’a pas eu de connexion pendant 2 heure et pourquoi ?
1849166662500766130,Pourquoi je ne peux pas voir le match du lille sur <USER> alors que j'ai la chaine avec la freebox ultra ??? <USER>
1849177147174228213,<USER> des pannes de wifi tous les jours vous allez payer pour mon thérapeute
1849209595648160102,Encore une panne #Freebox #Freemobile à #cholet. Quelqu'un a des infos sur les raisons ? 🔴
1849214435358814584,Et allé..... Encore une coupure territoriale de <USER>..... <URL>
1849218884597068199,<USER> Ça fait 2x en 2 semaines... Si je trouve une info je partagerai. En plus c'est sur le fixe ET mobile <USER> <USER> que faire ?? 😭
1849224950856499438,"Hello <USER> je me demandais cette Freebox Ultra, elle est sans coupure internet tous les soirs de minuit à 5 heures ? Comme c'est écrit ""comme un air de jamais vu"""
1849331524837036508,"<USER> C’est incroyable mpossible de joindre quelqu'un !! Ouverture de ligne , rv du technicien fibre prévu 21 octobre personne est venu, pas d’appel pas de réponse au tchat. Aucune possibilite d’avoir une interlocuteur..."
1849372345904791712,<USER> Bonjour merci Free de prendre en compte ma demande de résiliation depuis le début de tous mes problèmes de dysfonctionnement émission réception malgré le changement de matériel et les offres promotionnelle que je n’ai jamais pu en profiter Merci stop 🛑 ✋ <USER> <USER> 🤬⚖️ <URL>
1849411330547106260,"<USER> bonjour, est-ce normal que je n'ai pas de réseau depuis 10h, j'ai un oral très important à passer et je ne peux pas me connecter. Je suis en h+ alors que normalement,je suis en 5G sur mon forfait mobile donc c'est impossible pour moi de me connecter à monoral.aidezmoisvp <URL>"
1849411986594930762,<USER> Quand Free refuse de déménager votre abonnement parce que leur matériel est bloqué au point relais depuis plus de 20 jours. Ben tu n'as pas d'autre choix que d'aller voir un autre opérateur non ?
1849413637003215306,"<USER> Où est passé le sens commercial, aucune réponse par un être humain sur appli et aucune considération par la hotline 3244. Client depuis pas mal d'années box et mobile, contraint de résilier, aucun geste commercial proposé, on préfère perdre un client fidèle... Très déçu."
1849424895353974932,"<USER> Ça fait 15 ans chez gré , je déménage à villebon sur Yvette j’appelle free car jai fibre quand je fais le test sur la carte officielle, j’appelle je tombe sur une femme malpolie qui me sort « c’est faux vous mentez vous vous tromper c’est pas free » mais c’est quoi ce bordel ?? <URL>"
1849428240378577341,"hello <USER> <USER> la ultra marche très bien, franchement merci ! juste un truc, les imprimantes n'aiment pas le 6Ghz, est-ce qu'il y a moyen de séparer la bande passante en 6 et 2,4 pour éviter de tout recâbler pour sortir une impression tout en gardant les perfs du 6GHz?"
1849428369747640567,<USER> <USER> <USER> Tout le vaucluse est en rade...
1849428824821317871,Webmail de <USER> en panne. Impossible de se connecter depuis presque une heure. <URL>
1849450508336894027,"<USER> vous me faites péter mon crâne sérieux, des pannes tout les jours, toutes les semaines des RDV avec des techniciens qui sont annuler ... Vous jouez à quoi sérieux ?"
1849458007425290682,"<USER> <USER> <USER> Bonjour, j’ai le même problème depuis une semaine et apparemment ils sont incapables de résoudre ce problème.\n\nAu départ ils me disent que lundi de cette semaine cela Devait être résolu et depuis lundi ils ne savent pas quand cela sera résolu."
1849465520589848824,"<USER> <USER> <USER> Hello, c’est infernal. Ça ne fait que de sauter 🤬"
1849488797966238136,Et voilà encore un debranchage de ma fibre <USER> et le SAV <USER> qui répond pas. \n3 fois en un mois 😤😤😤
1849488819004866690,2e technicien qui bouge chez moi pour m'installer ma prise fibre et TOUJOURS pas d'installation de faite pcq les techniciens de <USER> sont des branleurs\n\nVous misez sur combien de passage avant que j'ai ma fibre sachant que c'est assez urgent ?
1849496482505998533,"<USER> j ai plus internet depuis hier 22h50. Impossible de joindre Free, téléphone, assistance Free , et whatsapp aucune réponse."
1849507363369177513,Bsr <USER>. Désolé de vous écrire mais cela fait 03 semaines que mes services <USER> Ultra Fibre Optique sont HS à Paris 75017 et la date de remise en service est repoussée d’une semaine à chaque fois que je demande. (1/3)
1849549401162657965,<USER> <USER> <USER> <USER> Vous êtes dans le 77 ? J’ai réussi à avoir free et franchement ils mon dit qu’il y avais une panne et que le technicien font le nécessaire ça fait déjà deux jours qu’on est dans cette situation
1849555669440946647,Les enfoirés de <USER> <USER> qui m’envoient un spam pour DAZN alors que j’ai explicitement dit non\n\nIls vous payent combien <USER> pour ne pas tenir compte de l’out_out explicte ? \n\nCoucou <USER> \n\nEt expliquez nous la différence entre ne pas recevoir et recevoir aucun ? <URL>
1849559983156846756,<USER> en l’espace de même pas un mois je rencontre 3/4 coupure internet intempestives ?! Si vous ne pouvez pas me fournir une qualité de service continue je vais devoir résilier
1849564735890501929,<USER> encore plus de fibre comme hier
1849628258683453825,<USER> <USER> encore pareil ce soir ..
1849702823170060384,<USER> <USER> moi c'etait mercredi matin a 9h45. ticket toujours en cour (youpi j'ai un suivi qui s'affiche)
1849705924719436061,<USER> j’ai besoin d’un renseignement en mp
1849711055506747426,"<USER> décidément... qui coupe la ligne à tord, sans notre accord, c'est la 2eme fois en 1 mois et demi. C'est inadmissible, je n’avais encore jamais vue autant d’incompétence et de je m’en foutisme au meme endroit!!"
1849711470897930660,<USER> <USER> une explication concernant les pannes recurrentes la nuit sur la fibre et le mobile sur le sud du Maine et Loire (3 pannes de plusieurs heures en une semaine) ?
1849711569703256176,"<USER> La messagerie privée X n’est plus disponible, et nous en sommes désolés.\nEn cas de besoin, vous pouvez solliciter une assistance :\n\n👉 depuis Twitter : <URL> depuis Facebook : <URL> – Free"
1849750745744048448,"<USER> \n\nBonjour, pourquoi un pack freeboxpop TV by canal (ce n’est pas une option) souscrit depuis plusieurs années à 44,99€ ne peut il pas être transformé en freeboxpop 39,99€?"
1849763637361041444,2e fois dans la semaine que j'ai plus internet et bien évidemment pas d'intervention avant lundi ! \nInadmissible <USER> \nEngagez plus de technicien je sais pas ?!
1849778253004771501,"<USER> suite résiliation, j'ai retourné en point relais le matériel. Je reçois un message de votre part m'indiquant que vous n'avez rien reçu + pénalité financière si vous ne recevez pas le matériel.... quoi faire...."
1849803238708498564,<USER> bonjour.l'assistance abonné freebox est toujours opérationnelle?
1849818719142191476,<USER> pitié j’ai ni de 5g ni de wifi depuis bientôt 15 minutes qu’est ce qu’il se passe <URL>
1849836957683081537,"<USER> pas de tv, pas d'internet et impossible de joindre l'assistance ! Bravo ça fonctionne bien 😡"
1849842813401186360,"Je n'ai jamais été autant emmerdé avec la fibre interne, depuis que je suis passé chez <USER> <USER> !! Même chez <USER> j'étais pas emmerdé à ce point ! <URL>"
1849847885916963324,"Panne #fibre chez <USER> sur le 54 depuis deux bonnes heures 😡.\nLes prix de la fibre, eux, ne sont pas en panne !"
1849856087534772487,"Bonjour <USER> impossible de se connecter au site aujourd’hui, soit disant que l’identifiant ou le mot de passe est incorrect. Impossible puisqu’enregistré dans mon browser, qui remplit automatiquement ces champs. Que se passe t’il ?"
1849856788725907471,"<USER> \nVu qu'appeler le 3244 ne sert a rien, je vous écris ici. Depuis le moi de mai j'essaie d'être raccordé à la fibre. Tout commence bien avec un rdv rapide. Pas de chance, fourreau bouché. Au 3244 on me dit pas de souci, une autre équipe va venir avec plus de moyens. 1/6 🧵"
1849868738641920362,<USER> c’est quoi ce bordel même pas un mois et on a plus internet à la maison?
1849870490388804027,"<USER> Toi aussi tu as tout compris, sauf internet ? #free #panne #internet"
1849872267246960825,"<USER> ça va les pannes a répétition ça vous gêne pas vous en tout cas hein ... T'en a marre de payé pour avoir internet a mi-temps seulement !!! Va falloir réglé vos problèmes de serveurs et vite , depuis 16h là c'est en panne dans des milliers de foyers mais bref 😡😡"
1849877072400859175,"<USER> Une panne le jour de la sortie de BO6 je vous pardonnerai jamais, il est encore temps de pas gâcher ma soirée ça fait 6h maintenant, vos techniciens sont entrain de jouer eux aussi?"
1849885497566351734,<USER> <USER> <USER> Idem. Est de la France aussi ?
1849891156647088506,Merci <USER> <USER> pour la panne fibre depuis cet après-midi… Aucune nouvelle mais par contre le prix lui est toujours là 👀
1849896518754402355,"Trop bien la <USER> qui te coupe internet un vendredi soir, pile quand tu veux te reposer le weekend 🤡"
1849901272541036815,"<USER> Comme la conseillère Free qui finit par s'énerver, couper son micro et poser son tél pour que ce soit toi qui raccroche quand on lui demande quand la panne internet sera réparée et qu'elles infos elle a à donner. Best service client ever 👌"
1849901352547188995,"<USER> la box free et le réseau free fonctionne très mal ,de plus la fibre arrive chez moi avec tous les autres opérateurs sauf free ,je vais devoir changer d opérateur si vous n arrivez pas à suivre .que proposez vous ?"
1849904407359492163,<USER> et sinon vous n'avez pas des infos sur la panne ? Car ça fait 5h qu'on attend la 😅
1849918321677959497,<USER> effrayant les freebox 1er mois chez eux et déjà plus de réseau internet pas un seul effort ça donne pas envie de rester
1849936665684398098,<USER> ça va ? On vous dérange pas trop d’avoir des pannes limite toutes les semaines alors qu’on paye tous les mois ? + aujourd’hui avec la sortie de bo6 ?\nFinalement orange m’intéresse de plus en plus et j’pense que je suis pas le seul..
1849938981552599508,<USER> vous pouvez améliorer votre service de connexion ? j’en ai marre des freeze sur mon fut champion
1850074801668284765,<USER> <USER> <USER> \nMais elles sont où mes données maintenant ? <URL>
1850101859660321227,"<USER> Bonjour xbeaudouin,\n\nJe comprends votre interrogation, sachez que si votre compte est concerné, vous avez reçu ou recevrez rapidement un email de Free, sur votre adresse email de contact. \nVous y trouverez toutes les informations à connaitre."
1850102076354728078,"<USER> Bonjour Doalou,\n\nJe comprends votre interrogation, sachez que si votre compte est concerné, vous avez reçu ou recevrez rapidement un email de Free, sur votre adresse email de contact. \nVous y trouverez toutes les informations à connaitre."
1850102207233904670,"<USER> Bonjour AlphaGeekV2,\n\nJe comprends votre interrogation, sachez que si votre compte est concerné, vous avez reçu ou recevrez rapidement un email de Free, sur votre adresse email de contact. \nVous y trouverez toutes les informations à connaitre."
1850102385210782059,"<USER> Bonjour gchampeau,\n\nJe comprends votre interrogation, sachez que si votre compte est concerné, vous avez reçu ou recevrez rapidement un email de Free, sur votre adresse email de contact. \nVous y trouverez toutes les informations à connaitre."
1850102557902835843,"<USER> Bonjour Bombus_Unelli,\n\nJe comprends votre interrogation, sachez que si votre compte est concerné, vous avez reçu ou recevrez rapidement un email de Free, sur votre adresse email de contact. \nVous y trouverez toutes les informations à connaitre."
1850102735699431447,"<USER> Bonjour Denisss000,\n\nJe comprends votre interrogation, sachez que si votre compte est concerné, vous avez reçu ou recevrez rapidement un email de Free, sur votre adresse email de contact. \nVous y trouverez toutes les informations à connaitre."
1850103053807956391,"<USER> Bonjour Hedteur,\n\nJe comprends votre interrogation, sachez que si votre compte est concerné, vous avez reçu ou recevrez rapidement un email de Free, sur votre adresse email de contact. \nVous y trouverez toutes les informations à connaitre."
1850103370364682735,"<USER> Bonjour potti_jaguar,\n\nJe comprends votre interrogation, sachez que si votre compte est concerné, vous avez reçu ou recevrez rapidement un email de Free, sur votre adresse email de contact. \nVous y trouverez toutes les informations à connaitre."
1850103676423086399,"<USER> Bonjour UnKmerQuiTweet1,\n\nJe comprends votre interrogation, sachez que si votre compte est concerné, vous avez reçu ou recevrez rapidement un email de Free, sur votre adresse email de contact. \nVous y trouverez toutes les informations à connaitre."
1850103884867354787,"<USER> Bonjour ntwolfmother,\n\nJe comprends votre interrogation, sachez que si votre compte est concerné, vous avez reçu ou recevrez rapidement un email de Free, sur votre adresse email de contact. \nVous y trouverez toutes les informations à connaitre."
1850104011342385580,"<USER> Bonjour Aetheer_,\n\nJe comprends votre interrogation, sachez que si votre compte est concerné, vous avez reçu ou recevrez rapidement un email de Free, sur votre adresse email de contact. \nVous y trouverez toutes les informations à connaitre."
1850104144159223892,"<USER> Bonjour hinqoipq,\n\nJe comprends votre interrogation, sachez que si votre compte est concerné, vous avez reçu ou recevrez rapidement un email de Free, sur votre adresse email de contact. \nVous y trouverez toutes les informations à connaitre."
1850104309809139915,"<USER> Bonjour Babasstwitt,\n\nJe comprends votre interrogation, sachez que si votre compte est concerné, vous avez reçu ou recevrez rapidement un email de Free, sur votre adresse email de contact. \nVous y trouverez toutes les informations à connaitre."
1850104478579466361,"<USER> Bonjour MeloarFreilhec,\n\nJe comprends votre interrogation, sachez que si votre compte est concerné, vous avez reçu ou recevrez rapidement un email de Free, sur votre adresse email de contact. \nVous y trouverez toutes les informations à connaitre."
1850104621810753551,"<USER> Bonjour PrRoumanet,\n\nJe comprends votre interrogation, sachez que si votre compte est concerné, vous avez reçu ou recevrez rapidement un email de Free, sur votre adresse email de contact. \nVous y trouverez toutes les informations à connaitre."
1850104799317909997,"<USER> Bonjour Dohko1265,\n\nJe comprends votre interrogation, sachez que si votre compte est concerné, vous avez reçu ou recevrez rapidement un email de Free, sur votre adresse email de contact. \nVous y trouverez toutes les informations à connaitre."
1850104969174650907,"<USER> Bonjour Nyuwb,\n\nJe comprends votre interrogation, sachez que si votre compte est concerné, vous avez reçu ou recevrez rapidement un email de Free, sur votre adresse email de contact. \nVous y trouverez toutes les informations à connaitre."
1850105143146041723,"<USER> Bonjour Kitishin,\n\nJe comprends votre interrogation, sachez que si votre compte est concerné, vous avez reçu ou recevrez rapidement un email de Free, sur votre adresse email de contact. \nVous y trouverez toutes les informations à connaitre."
1850105297517363492,"<USER> Bonjour KennethJKitsom,\n\nJe comprends votre interrogation, sachez que si votre compte est concerné, vous avez reçu ou recevrez rapidement un email de Free, sur votre adresse email de contact. \nVous y trouverez toutes les informations à connaitre."
1850105457379078636,"<USER> Bonjour 12janvier2019,\n\nJe comprends votre interrogation, sachez que si votre compte est concerné, vous avez reçu ou recevrez rapidement un email de Free, sur votre adresse email de contact. \nVous y trouverez toutes les informations à connaitre."
1850105578883874860,"<USER> Bonjour 100Dents1,\n\nJe comprends votre interrogation, sachez que si votre compte est concerné, vous avez reçu ou recevrez rapidement un email de Free, sur votre adresse email de contact. \nVous y trouverez toutes les informations à connaitre."
1850105708752027949,"<USER> Bonjour Red24226165,\n\nJe comprends votre interrogation, sachez que si votre compte est concerné, vous avez reçu ou recevrez rapidement un email de Free, sur votre adresse email de contact. \nVous y trouverez toutes les informations à connaitre."
1850105829929709699,"<USER> Bonjour mylnr,\n\nJe comprends votre interrogation, sachez que si votre compte est concerné, vous avez reçu ou recevrez rapidement un email de Free, sur votre adresse email de contact. \nVous y trouverez toutes les informations à connaitre."
1850105965288321477,"<USER> Bonjour Djoe___,\n\nJe comprends votre interrogation, sachez que si votre compte est concerné, vous avez reçu ou recevrez rapidement un email de Free, sur votre adresse email de contact. \nVous y trouverez toutes les informations à connaitre."
1850106118258704562,"<USER> Bonjour ap3375,\n\nJe comprends votre interrogation, sachez que si votre compte est concerné, vous avez reçu ou recevrez rapidement un email de Free, sur votre adresse email de contact. \nVous y trouverez toutes les informations à connaitre."
1850106305878302878,"<USER> Bonjour ZelionGG,\n\nJe comprends votre interrogation, sachez que si votre compte est concerné, vous avez reçu ou recevrez rapidement un email de Free, sur votre adresse email de contact. \nVous y trouverez toutes les informations à connaitre."
1850106478587216341,"<USER> Bonjour Alex7638,\n\nJe comprends votre interrogation, sachez que si votre compte est concerné, vous avez reçu ou recevrez rapidement un email de Free, sur votre adresse email de contact. \nVous y trouverez toutes les informations à connaitre."
1850106646086779241,"<USER> Bonjour Outman_echarki,\n\nJe comprends votre interrogation, sachez que si votre compte est concerné, vous avez reçu ou recevrez rapidement un email de Free, sur votre adresse email de contact. \nVous y trouverez toutes les informations à connaitre."
1850107123578884576,"<USER> Bonjour AdrienGon62720,\n\nJe comprends votre interrogation, sachez que si votre compte est concerné, vous avez reçu un email de Free, sur votre adresse email de contact. \nVous y trouverez toutes les informations à connaitre."
1851546959221326259,"<USER> <USER> Messieurs les OI et les OC, je suis raccordable sur demande à la FTTH, donc je vous le demande... Raccordez-mois s'il vous plait. <URL>"
1851576118119108876,"🤳🇫🇷 Selon vous, quel est le pire opérateur en France et pourquoi ?"
1851797936956407933,Freebox je paye un abonnement chaque mois pour qu'au final voila 2h qu'internet a coupé et pourtant j'ai pris votre fibre et tout.\nBref toujours bloqué a l'étape 3 de la box quel service de merde sérieux <USER>
1852131252595495159,<USER> <USER> qui juste pour changer de forfait veulent me faire payer 49€ on sait pas pourquoi
1852142062122258680,"<USER> <USER> Pareil pour moi, plus d’internet depuis lundi et pas d’intervention avant une semaine. Aucune solution alternative pour avoir internet dans l’entretemps. Du jamais vu <USER> <USER>"
1852265633632735547,<USER> ou l’entreprise de l’arnaque
1852266664441594346,"Si vous faites (comme moi) partie des victimes du vol de données chez <USER> alors je ne peux que vous recommander de lire l'article suivant, puisque chez <USER> on a l'air de s'en battre les reins ⬇️"
1852273730933645670,<USER> <USER> on peu rattâcher une Freebox devialet a un autre compte ultra sans résiliation ?\n\nCordialement.\n\nLe 3244 m'a deja refusé un rattachement d'un autre boîtier tv devialet... <URL>
1852293442220531884,"N'allez jamais chez free, sa pue la merde, 10 jours sans internet, ils installent des backup qui ne fonctionnent même pas. Plus jamais free ! <USER>"
1852436691711353071,"<USER> Encore une soirée sans internet. Ça fait un an que le problème perdure. Un an que je vous envoie des messages, un an que vous ne faites rien vous ne réglez pas mon problème. L’an dernier une conseillère me dit « août 2023 la fibre arrive chez vous » 🤡"
1852440162451558411,<USER> <USER> je me tape des gros bugs de connexion toutes les 10 minutes malgré mon réseau fibré. Ça commence vraiment à m'énerver là. <URL>
1852440566870561010,<USER> c normal ma connexion bug alors que d'habitude ça marche bien ?
1852441276655829448,"Marre tout court <USER> d'avoir été gentille et compréhensive et d'y avoir cru quand on m'a assuré maintes fois au 3244 de résoudre le problème. Donc là je suis en train de loucher du côté des autres fournisseurs Internet+mobile. Voilà. Dommage, j'aimais bien Free..."
1852443026951721023,"Je regarde la pub <USER> et je suis en train de me demander si je ne suis pas plutôt abonné a <USER> ?\nJ'ai le player relié a la <USER> qui saute tous les 1/4 d'heure, impossible de regarder un truc en continu ..\nJe suis reparti sur la TNT 🥴 <URL>"
1852457506603417955,<USER> <USER> Venez privée svp
1852470114253230309,<USER> vous êtes des bons a rien laisser moi jouer à la Play bordel
1852643221626630285,<USER> <USER> <USER> <USER> <USER> <USER> <USER> Je vais surtout résilier Free beaucoup + rapide que de changer le mot de passe et l'iban
1852647876909773022,Sympa <USER> \n1 mois que je suis dans mon nouveau logement j ai passer 1 semaine et demi sans réseau ni 5 g et maintenant 3 jour sans box télé \nEt quand on appelé on nous dis que le problème et en cour de traitement \nOn fais comment ?
1852676253179888080,"Allo <USER> ?? Vous annulez rdv intervention prévue a domicile suite souci connexion sans me dire pourquoi ! Et zéro info sur mon compte en ligne, rubrique assistance, zéro conseiller joignable ! Contactez moi en mp!"
1852699880105427016,<USER> abonne à la free pop fibre depuis 1 mois … ma fille attend toujours que ça marche !!! Appel tous les jours… problème toujours pas résolu ! Bravo Free! Service client et technique d’une incompétence rare !
1852700886276948380,<USER> <USER> <USER> Oe
1852715110961119724,<USER> <USER> <USER> Moi c’est h24 comme ça je te jure c’est horrible
1852721817217101886,<USER> ma box qui coupe tous les 3j ça va aussi je peux avoir internet ouuuu ?
1852724901351735428,C'est génial <USER> maintenant tu dois attendre que le conseiller te réponde t'as même plus de contact téléphonique je pense qu'on va très vite changer d'opérateur vous êtes trop des clowns
1852740121151299592,<USER> 2 semaine sans internet catastrophique !
1852779420445974849,"<USER> <USER> l assistance free par whatsapp, c'est 1 reponse 3j + tard pour te demander si ton pb est tjrs d actu, et redisparaitre 3j pour recommencer. L assistance par tel, c'est on ne comprend pas, mais suffit de prendre une box plus cher. Merci free. 15j sans wifi!"
1852783123131494678,"<USER> <USER> <USER> Question, j'ai le sentiment d'être dans le même cas que toi, tu es en bleu foncé ou bleu clair ? T'a réussi à avoir un rdv d'installation ?"
1852807407694491923,"Bon <USER>, il serait temps de sortir une box 5G illimitée ! \n\nUne box 4G+ avec 250 Go par mois, ce n’est pas terrible, surtout comparé aux concurrents … <URL>"
1852809368372121883,<USER> <USER> <USER> Webmail HS.
1852812276757299275,"bonjour <USER> <USER> cela fait 7 mois qu'on nous balade pour notre connexion fibre. Le passage de plusieurs technicien n'y change rien. Devra t'on résilier? l'assistance a deja été contacté a plusieurs reprise, mais aucune solution de proposer a part patienter..."
1852817093365780665,Bonjour <USER>\nDepuis hier soir j'ai des déconnexions et synchronisations intempestives sur ma Freebox Pop c'est un calvaire!!!!\nPouvez vous m'aider a résoudre ce problème qui me tue je suis à bout.... <URL>
1852822606204035231,Depuis 20h30 plus de réception e-mail de free <USER> <USER> peux être problème réseau server <USER> ??? <URL>
1852828785776746881,"<USER> <USER> <USER> Depuis 1 heure, + ou - 21H40 ce samedi 2/11. Impossible de se connecter aux mails de free. Ça commence à faire beaucoup free ! <URL>"
1852842306988069355,"Dites, pour ceux qui vivent en région parisienne et ont un abonnement mobile avec <USER> , internet a été rétabli pour vous ? Plus de 15 jours que la coupure dure...."
1852844134597300448,<USER> <USER> ??? J'ai parfois des problèmes (zéro connexion sauf en wifi chez moi). Éteindre puis rallumer le téléphone a à chaque fois réglé le problème.
1852859474098245801,"Il a piraté ⁦⁦<USER>⁩ , il a tout compris. <URL>"
1853011086431166927,<USER> Bonjour <USER> \nJe n'arrive pas a vous contacter\nJ'aurais besoin d'informations svp
1853032128520335515,<USER> je vais commencer à insulter vos mère ça fait 24h que ma free est bloqué à l’étape 2
1853049435493650789,<USER> Faudrai déjà qu'on puisse valider en ligne vos conditions générales d'abonnement quand on veut déménager notre abo...
1853064297368125610,"Depuis hier, la connexion ADSL de <USER> coupe, aujourd'hui, jour où je travaille sur le site de l'associations, c'est impossible de bosser. Nous payons cher pour des coupures ! <USER> #Internet"
1853090292670267632,<USER> pourquoi j’ai des bugs de connexion comme si je payais pas la fibre tout les mois ?
1853136632284602603,Pas de Wi-Fi jusqu'à JEUDI car certains fils de pute (oui je parle de vous <USER> ) arrivent pas à régler un problème de connexion que je signale depuis 2 mois car ils n'y ont pas prêté attention. Je répète CA FAIT 2 PUTAINS DE MOIS QUE JE LE SIGNALE EN BOUCLE BRJRGHFJKDB
1853190256243175564,"<USER> Bonjour, je n'ai plus internet depuis le 24 Octobre et un ticket à été ouvert le même jour mais je n'ai aucune nouvelle.\nJ'ai essayé d'appeler mais vu qu'il y a un ticket d'ouvert le répondeur téléphonique a raccroché.\nEst-il possible d'avoir des renseignements ? merci"
1853366027276501393,"<USER> \nC'est une blague votre service d'assistance par whatsapp. \n\n""Désolé pour les 2 jours d'attente, nous avons pas de réponse à vous apporter. Si vous en voulez une, merci de renvoyer un autre whatsapp"" \n\nLa blague. <URL>"
1853370810741690745,"<USER> \nBonjour,\n\nJe rencontre des difficultés pour contacter l’assistance Free. (nouveau client)\nj'appelle le 3244, je saisis mon identifiant et mon mot de passe en 4 chiffres comme demandé. Ensuite, un message automatique m’informe qu’un SMS me sera envoyé. je recois mais ca bug"
1853396813602017474,"<USER> <USER> Bon ça fait trois semaines que la fibre free ne fonctionne plus sur Avon 77210. Une panne visiblement au niveau de l'armoire sur la voie publique.\nC'est assez scandaleux non seulement ce délai, mais surtout de n'avoir aucune date de réparation."
1853402443037442140,"<USER> Hello vous! \n15 jours sans services, 15 jours sans geste commercial de l'entreprise, ni proposition d'une clef 4G ou quoi, pas d'information sur l'incident ni le pourquoi. Bref, on fait quoi les copains ? (À part me prendre pour un faisan, bien-sûr ! 🙂👌🏻)"
1853454827965046991,<USER> bonjour. Je suis dans l'attente de l'intervention demandée depuis le 23 octobre. Je me suis mis en congé pour que le technicien puisse passer entre 14 et 16. Il est 16h07. \nC'est beau. Entre rapidité et efficacité. Bravo
1853456084175814884,"<USER> Bravo. \n1 appel le 23 octobre pour soucis connexion. \nPas de rdv avant le 4.11. \nRdv pour 14-16h. \nJ'ai posé congé, il est 16h16 et toujours personne. \nFoutage de gueule ?"
1853465893214228781,"<USER> 2 eme fois en 3 semaine que j'ai plus ni de Wi-Fi ni de TV, le télétravail avec vous ça existe plus ... et plus moyen d'avoir quelqu'un au téléphone non plus... quel bonheur!"
1853474504694989085,<USER> je n’ai pas internet depuis 1 mois malgré plusieurs appels SVP AIDEZ MOI
1853477044861964562,"<USER> Depuis jeudi dernier je suis privé de services internet. Pas de téléphone, pas de télévision, pas d'internet. Votre service assistance de proximité m'a annoncé une intervention pour ce lundi entre 15h et 17h. Il est 17h40, toujours personne."
1853503942518256030,"<USER> Internet installé le 25 octobre et n'a fonctionné que 2 jours. J'ai enregistré le cas d'assistance sur le tableau de bord à plusieurs reprises, mais la réponse est de Free. Un service absolument terrible !"
1853505668902166921,<USER> Il c'est passé quoi ? J'ai plus eu de connexion internet ni de téléphone pendant 15mn ???
1853514603633971603,"<USER> c’est vraiment le pire opérateur. 1 mois que notre box est en panne (aucun service dispo, aucune wifi) et aucune solution n’a été trouvée. On est tous en hors forfait a la maison. J’ai qu’une hâte c’est de résilier !"
1853530468311855123,"<USER> bonjour, ma box marche pendant 2h ensuite elle se déconnecte il faut que je l’éteigne et que je la rallume pour que ça remarche et ainsi de suite. Pouvez-vous m’aidez svp ?"
1853537220948349208,"Bonjour <USER> , vous avez pris un abonnement sans sous-titres pour les James Bond? toujours pas de sous-titres pour Quantum of Solace... <URL>"
1853540625339040109,"Ça se précise, pour bientôt ✨📱 <URL>"
1853588928097304975,<USER> ehhh c’est quoi ces bug de connexion ???
1853589390662005113,<USER> <USER> <USER> Encore une panne fibre optique Free sur Épinal dans le 88 il se passe quoi sérieusement ça fait la 2ème panne depuis le 25 octobre dans la région faites-quelque chose stv vraiment !!!!
1853674023177118069,"Bonjour <USER> je n’arrive pas à faire le déménagement de ma box, pouvez-vous m’aider ? Merci"
1853678672667877453,"<USER> bonjour, je téléphoné hier au alentours de 17h10 ces derniers mois plusieurs coupures de plusieurs jours sans solution et sans compensation. Lors de mon appel j'ai 5 minutes d attente et je constate qu'une personne me raccroche au nez. 60 euros merci le service."
1853713139033915809,"<USER> <USER> <USER> <USER> Vous êtes des voleurs, je veut récupérer mes 300€ prélever vous êtes en possession de votre matériel depuis 4 semaines. Vous vous foutez de qui. Et pour info le remboursement de hors forfait que vous mettez au gens j ai 50 euros de communication pour aucun remboursement voleur"
1853718417527771229,<USER> vous trouvez ça normal ? J’ai fais une demande de box fin septembre. Je suis toujours bloqué en étape 1. Je n’ai toujours pas eu la box. Je suis allé en boutique deux fois déjà ou on doit me rappeler mais personne ne le fait. Je dois faire quoi sérieusement ? 😡
1853728642557173957,"<USER> #mayday #mayday\n9.48 Mbps de débit en plein coeur de Paris (TV éteinte) vs. 8 Gbit/s promis!!\nEn attente de l'assistance depuis 5 jours, sans nouvelles.\nWTF?!! <URL>"
1853730624332288223,"<USER> Coucou <USER> <USER> 3eme coupure sur la fibre en 1 mois à #Strasbourg, ca va durer encore longtemps ?"
1853737155996070074,"#bouygues vienne de sortir leur box B&amp;you à 23,99 sans TV. <URL>"
1853765754543329383,Il y a le live ankama a 16h <USER> vous avez intérêt a réparer ma connexion avant
1853771967628726502,"#free perce mur et fenêtre pour installer sa fibre. Lettre au DG <USER> <USER> <USER> en juin et toujours pas de réponse.. Les sous-traitants de sous-traitants sont aux abonnés absents, surtout quand ils ne parlent pas français et sont sans papier.."
1853774292925771891,<USER> <USER> Désolé Free mais ça va partir chez eux wtf
1853782857996452229,"Je viens de compter… 18 fois le même problème depuis le 25 Décembre 2023 et personne n’est foutu de régler ce problème, <USER> <USER> <USER> vous trouvez ça normal ??"
1853822950949990867,<USER> <USER> On est ensemble moi aussi ça fait 1 mois
1853824745633935394,"Eh Mr <USER> lorsqu'on perd la connection 5 fois depuis 3 jours sans raison apparente, que l'on téléphone et qu'on se fait insulter voir même raccrocher au nez par vos ""conseillers"", est-ce vraiment là votre nouvelle méthode clientèle ?"
1853830037729919378,"Voilà pourquoi je ne suis pas resté chez <USER>, samedi 26/10 8h45 plus de fibre (chez FREE) inter <USER> lundi 28/10 fibre détériorée dans l'armoire de rue, dossier transmis à <USER> (SFR gère l'infrastructure dans la commune) \nOn est le 29/10 et toujours pas réparé"
1853838446311215384,"Bravo <USER> .\n\n2 x étape 2 en 10 jours, y'a pas a dire c est champion.\n\nIntervention prévue dans 48h.\n\nDédommagement : aucun\nJe paye, j ai pas accès à ma prestation et je vais me faire voir.\n\nJe vais pas être le seul si ça continue"
1853844138191368482,<USER> <USER> La boutique de Mulhouse comporte des personnels qui sont totalement irrespectueux de leur client. Une honte. Sans parler de votre service free proxy qui est un scandale à lui tout seul car il nous donnent des informations erronées..
1853847472931836271,"<USER> Bonjour, j'ai un soucis parce que j'ai besoin d'un être humain pour parler de ma problématique. J'ai appeler le 1044 et le 3244 mais je n'ai pas de proposition qui correspond. J'ai besoin d'aide s'il vous plaît"
1853848024058831036,"<USER> alerte info, encore la panne ! Bloqué sur etape 2\nCa va etre tous les mois le piratage ? \nEn plus vous ne connaissez pas le geste commercial qd on n'a plus de service pendant 4 jours"
1853850069658681422,"Je devrais avoir un pass avec <USER>, j'appelle au moins 1 fois par mois pour diverses problèmes !!! <URL>"
1853858156683706447,C est pas les coupures de courant et d internet qui m arrêteront cette année.\nC'est de l'eau.\n\nPs :\n<USER> faites un effort des fois quand même hein
1853859169369276565,<USER> On est sans connection internet depuis samedi et on doit attendre jeudi pour que vous envoyez quelqu'un? Ca va vous vous foutez pas trop de la gueule des gens?
1853863504039518409,"<USER>\n#Free #panne\nÇa vous dirait un jour de réparer votre réseau #BoxFree est en rade depuis 2 jours chez moi notamment (et plein d'autres gens)?\nJe dis ça juste comme ça parce que la facture,elle, vous ne l'oubliez pas. \nMerci hein 🙏"
1853867232671011051,1 mois que j’ai déménagé et toujours pas d’internet 🤙\n\n<USER> joue au ping pong avec mon dossier j’ai bien l’impression 🏓
1853878953343119473,Ça fait une heure que ma box fait un bruit de moteur péter.\n\n<USER> une solution svp ?
1853890898238861709,Ah mais <USER> ils envoient quand même la facture ce mois-ci ?? <URL>
1853892772719132743,<USER> <USER> On a le droit de leur envoyer tous les mails frauduleux qu'on reçoit depuis leur connerie ?\n\nNon parce que je dois en avoir une bonne centaine là...
1853893845081043303,<USER> PARDON ? \n- J'ai dû attendre casi un mois pour être raccordé\n- Une fois raccorder j'ai internet pendant 3 jours et de nouveau une coupure. Je décide donc de me rétracter en appelant le 3244 \n\n(1/1) <URL>
1853907987359748102,Hello <USER> <USER> ça va d'éditer les factures de box le 5 à 19h et dire payable le 4 sérieusement les remise à 0 se font le 1er à minuit et à chaque mois il faut 3 à 4 jours pour éditer une facture c'est lassant...
1853924130589905178,<USER> ça fais 3j que je reçois plus aucun mail ce qui est extrêmement embêtant !! C'est quoi la solution ???!!!
1853929140308865293,<USER> <USER> <USER> Insupportable depuis quelques jours
1854110940272251191,<USER> <USER> <USER> c’est devenu du grand n’importe quoi ! On m’invite gentiment à résilier si je ne suis pas content 😠. Je n’ai juste plus internet depuis des jours malgré le passage d’un technicien !
1854137514358866390,"Et moi, je n'y ai pas droit <USER> ?\n\n<URL>"
1854144470872183181,<USER> 1 semaine que leur box ne fonctionne pas \nIl prévoit l'installation d'une 4G box (1 semaine après 💀💀) mais leur 4G ne marche pas non plus 🤣🤣\nLeur solution : patienter \nLa morale : heureusement que j'ai un forfait mobile sfr sinon même ce tweet ne serait pas possible
1854146964633375138,"<USER> \nBonjour,\nil se passe quoi en seine et marne depuis ce matin ? La navigation internet est tres difficile pour ne pas dire impossible. même contacter votre support est une mission ardue. Un peu de visibilité serait plus que bienvenue. Merci."
1854149341151125937,"<USER> <USER> si on déménage à l’étranger et que l’on est logé, pourquoi doit-on payer les frais de résiliation ?"
1854154023017824449,<USER> pouvez vous arrêtez de me voler ?\nJ’ai résilié mon abonnement le 29 juillet et vous ai renvoyer votre matériel dans la foulée.\nRemboursez moi tous les prélèvements fait jusqu’en Octobre!
1854159719536939192,<USER> Toutes façons vous êtes des voleurs mon père et décédé depuis février et vous me réclamer une facture du moi août 2024 bandes de voleurs et vous osez proposer des solutions 😂😂😂
1854160415413903539,<USER> un problème de serveur dans le 75018 ?
1854165362905948427,<USER> <USER> Pareil ici. Qu’en est-il <USER> ?
1854190551857578329,<USER> vous etes les pires opérateurs de france je vais resilier à tout jamais
1854205234014499157,"<USER> Est-ce qu’on peut faire qqchose contre les sondages,bureaux d’études et autres pubs qui pourrissent nos téléphones jusqu’à 4 et 6 fois par jour?Quoiqu’il Il y a tellement d’arnaque par téléphone que même si on pouvait s’intéresser à un de ces trucs, il reste prudent de raccrocher"
1854214121383977190,"<USER> je paye une blinde par mois pour avoir que des soucis, c’est trop là 🤦🏻‍♀️"
1854221460924965070,"<USER> salut la team,\nUne âme charitable pour résoudre mon souci :\nJ'ai beau débrancher et rebrancher mon player Pop et toujours cette page. \nTentatives pour en sortir avec télécommande Android et télécommande Free ! Rien ne se passe...\nHelppppp !!!! <URL>"
1854232713927983508,<USER> ca va free les abonnements involontaires ? J'ai prime et TF1 pour rien au monde je ne paierai pour ca <URL>
1854234411585466375,Ko yen na marre do <USER> ko ça capte keudale. 😾\nPapou kil va retourner chez oronge.😾 <URL>
1854262197339488742,"<USER> Ça y est vous, toujours plus longue la coupure internet"
1854413620110557683,"<USER> <USER> je suis furax !!! Prélèvement non conforme à l'offre indiqué par mail de vos services qui précise bien ""que je n'ai rien à faire, l'offre sera mise en place automatiquement"" !!!!! MP svp. Réclamation et remboursement. J'ai 4 abos chez vous 😤😤😤😡"
1854417354773475346,#Liberté #Vérité #Simplicité pour vos abonnés <USER> ❗️\n\n🔴 Du « chaos » est également née la situation actuelle de vos abonnés après la #CyberAttaque de #Free❗️\nAlors que faire à présent avec nos données personnelles❓\n\n#CyberVictimes #RGPD #DPO #CNIL #DonnéesPersonnelles <URL>
1854446828852224461,<USER> y a t’il moyen de parler à quelqu’un d’autres qu’un robot dans votre service client ? Pckon essaie de vous joindre depuis hier et impossible !!!
1854449115033182366,<USER> vous êtes le pire opérateur à partir de mtn
1854451985602269418,"<USER> bonjour ! 15 j sans internet, et impossible d'avoir votre assistance ?? Sur votre application, impossible de prendre rdv avec un technicien et de changer mon n° de téléphone de contact... Impossible d'avoir qqun en ligne ! Une solution ? Avant la réclamation ?"
1854470518595842163,<USER> \nC’est sympa de me donner RV téléphonique à 10h aujourd’hui pour déterminer si mon pb vient de la ligne ou de la box &amp; de ne pas m’appeler. Je tente de vous joindre mais impossible ! Après le piratage ça commence à faire beaucoup 😡
1854474791144530375,"En cette journée nationale de lutte contre le harcèlement, faisons ensemble du #numérique un espace de confiance pour les plus jeunes 🤝"
1854492473516601809,"<USER> <USER> \nJ'appelle votre service qui me dit que soit disant je n'ai pas fait de demande de résiliation, et que ça serait pour cette raison que vous continuez à me prélever, voici la preuve que c'est faux. <URL>"
1854493175886348324,"<USER> bonjour, ma freebox One est bloquée à l'étape 3 depuis 10h40.\nHier déjà il y a eu quelques étapes 3 très courtes mais cette fois c'est permanent."
1854496780513124648,<USER> <USER> Indemnisé pour ? A quelle hauteur ? Sur quelle base ?
1854513960998867403,"<USER> <USER> Bonjour, suite à ma résiliation, j'ai été facturé par erreur pour une télécommande manquante. Mon numéro client est le suivant : 33729874\n\nDans le colis, il y avait deux télécommandes car l'une d'elle fût défaillante pendant l'abonnement,"
1854530642735780188,<USER> <USER> C’est très mauvais Free oui .
1854535654736023922,"Nous avions accès aux chaînes canal + gratuitement sur freebox pour tout le mois de novembre, depuis ce matin plus rien du tout. ça n'aura pas duré longtemps ce cadeau."
1854543853576982747,<USER> ‼️‼️scandale \nPlus de 200 maisons sans internet 🛜 depuis dimanche et vous oser nous dire que y pas de problème 😫!\n\n#freeclientmerde #freeoperateur #telecom #France
1854560603362435089,<USER> c’est normal que plus personne ne réponde après plis de 24h bloqué à l’étape 6 ?
1854564630967853355,<USER> \nBonjour\nJe ne reçois plus les chaînes canal plus en clair alors que ça marchait avant. Avez vous une explication ?\nMerci
1854594480617218121,"La box est arrivée, mais je dois attendre que France Telecom raccorde la ligne. Ptet que je vais jamais avoir internet on sait pas. <USER> oskour svp <URL>"
1854597185226088918,"🚨 DERBY #OLASSE : Supporters de l'<USER>, ce message est pour vous !\n\nRDV ce vendredi à la boutique <USER> Bellecour, tirez la bonne enveloppe et remportez des places pour le derby 🎟️🔥\n\n📍 10 Rue de la Barre, 69002 Lyon <URL>"
1854604081949487171,"Hé, <USER> <USER> c'est quoi ce délire ?\nUne notification de l'appli, <USER>, m'informe de la ""fin proche"" de mon abonnement.\nLe compte <USER> dit, abonné avec free.\nSur le portail Free, je suis bien abonné ! 🤔 🧐\n🚨J'ai rien compris !\n#PrimeVideo\n#Freebox\n#Free"
1854609896408277343,<USER> besoin d'aide j'en ai assez d'avoir 5mo/s en filaire sur répéteur alors que je paye la fibre depuis 2 ans et que jusqu a y'a 1 mois j'ai tjr eu un réseau et un débit très correct (environ 70mops en téléchargement )
1854612704117285355,"<USER> bonsoir j'ai trouvé une freebox à la poubelle, est ce que vous voulez que je vous l'envoie ? <URL>"
1854643836238155882,<USER> honteux !!!!\nJe suis client depuis des années. \nJ’ai la box delta. Ça fait maintenant 1 semaine que je n’ai + de connexion. \nJ’ai appelé l’assistance à plusieurs reprise. À ce jour tjrs rien !!!\nOn me considère tellement qu’on m’a pas envoyé de technicien. Free a fuire !
1854647869103653177,Bon ils cassent les couilles <USER>\nY'a que des pb ces derniers temps. Plein de coupures et bien longues <USER> \nOn est censé bosser comment ??
1854650778901766453,<USER> je vous déteste tellement ma haine contre vous m’empêche de dormir
1854753496244887908,"<USER> bonjour, panne internet bloqué à l'étape 2 depuis 3 jours au 17 clos de la bataille 14600 Honfleur.! Je suis à 2 doigts de changer d'opérateur"
1854753592881611200,"<USER> <USER> bonjour, panne internet bloqué à l'étape 2 depuis 3 jours au 17 clos de la bataille 14600 Honfleur.! Je suis à 2 doigts de changer d'opérateur"
1854794886257475952,<USER> pk avoir du mal à vous contacter ?
1854813672691945853,<USER> <USER> <USER> On est des milliers comme toi depuis 48h et FREE ne fait rien !
1854824177674371280,<USER> hello free\nLorsque j'utilise oqee toute les 30min environ j'ai ce message d'erreur.\nÇa devient très pénible. Pourriez vous m'aider svp <URL>
1854844317308739667,"Bonjour, \nJe n'ai plus internet et sa reste en étape 2. C'est pénible ! <USER>\n#freebox <URL>"
1854847198128746895,"<USER> <USER> <USER> J’ai actuellement le même problème d’étape 2, ça a l’air d’être une panne généra pas un coup d’un technicien"
1854859671825195398,"2 semaines à me battre pour avoir de la connexion, me débrouiller pour pouvoir venir au raccordement d’un technicien pour qu’on me dise que y’a un problème et que je dois refaire venir quelqu’un pas avant la semaine prochaine. Merci <USER> 😊 <USER>"
1854862836637327628,"<USER> Bonjour, j'ai besoin de quelqu'un de compétent dans mes dm pour échanger sur un problème de facturation. Merci d'avance"
1854883276017553488,"Le service client de <USER> c'est le pire de tous. Les opérateurs eux-mêmes me disent qu'ils mentent. 1 mois sans internet, aucune info sur le ticket incident. Des mensonges. Des faux rdv. #free"
1854886242418081824,"<USER> <USER> Coupure fibre optique depuis le 14/10 sur le secteur Orsay Moulon. En tant que gestionnaire de l'infra fibre, vous ne voudriez pas donner un peu de visibilité aux opérateurs ? <USER> et <USER> dans le flou total sur les dates d'intervention..."
1854929557306085726,"<USER> <USER> 3 jours sans internet au 307 av d Argenteuil 92270 offre Ultra… toujours pas de résolution, les copropriétaires s’impatientent et songent à passer chez Orange.."
1854939489883275374,"<USER> <USER> on peut savoir pourquoi depuis quelques semaines, quand on regarde un programme on a de la pub pour <USER> qui s’affiche d’un coup et coupe le programme ?! C’est quoi ce délire ? 😠 <URL>"
1854941501689643519,<USER> <USER> <USER> <USER> <USER> <USER> Idem… vous avez trouvé une réponse ?
1854967082225746048,<USER> <USER> je vis dinternet et 5 jours que j’peux pas travailler ?! ALLÔ!!!!!!!
1854967242972086773,Alors comment vous dire que a 1h de la course j'ai <USER> qui a un coup de mou .....\n\nPlus d'internet depuis 15 min 😭
1854973447530856660,"<USER> bonjour, pourriez-vous m’indiquer pourquoi je n’ai plus accès à certaines chaînes comme Nickelodeon alors qu’elles sont incluses dans mon abo ?"
1855037554191380771,Jai essayé tous <USER> <USER> <USER> les pires des pires reste <USER> avec leur boxe de merde la ultra ne prenez jamais une box chez eux jamais
1855040914160599274,<USER> <USER> Dix jours depuis ma box pop est bloquee sur l'etape 2 que Free m'envoie untechnicien pour retablir la liaison avec la fibre . !! SAV ? jeanclaudeb21<USER>.fr
1855046412603433000,<USER> j'ai demandé a resilier mon ancienne ligne vous avez resilié ma nouvelle qu'est cqui va pas chez vous ?
1855150883446689910,"<USER> <USER> J’ai vérifié dans les dans offres freebox sur leur site, c’est toujours inclus normalement .."
1855158647531225131,"<USER> <USER> J’appellerai lundi; parce que moi je paie pas 4,99 en plus pour ça. J’espère qu’il feront un geste sinon j’irai voir ailleurs"
1855163486629670966,<USER> Idem... J'avais compris tout le mois de novembre... <USER> <USER>
1855172196580147307,"<USER> cela fait des mois que je n’ai plus Internet avec 1, passage à la fibre catastrophique ou l’on me dit que l’on va me rappeler à chaque fois que j’ai une personne au téléphone. Si ça continue, je vais vraiment en parler sur des réseaux plus conséquent."
1855184715663175991,"<USER> 14 jours sans box malgré les nombreux appels avec seulement 1 interlocuteur une fois, ET AUCUN TECHNICIEN qui se déplace c'est normal pour <USER> ?"
1855234888103829702,<USER> <USER> <USER> Bonjour\nPareil j'ai ete prélevé alors que plus de service chez eux depuis 1 an !\nsavez vous comment les apprler gratuitement ? Depuis mobile.\nMerci 🙏🏼
1855260848039530995,"2H que je me fais baladé de numéro en numéro <USER> personne pour m'aider à régler mon problème de box, ça se refile la patate chaude et me fait appeler des numéros surtaxés qui me disent d'appeller le 3244 (avec qui j'ai déjà était au telephone 1 (une) H...."
1855280451528577143,"<USER> pas mal le service fibre, installation hier ne fonctionne déjà plus.\nc'est encore plus fun quand on es en télétravail et d'astreinte"
1855293241601491342,Bonjour <USER> c'est normal de laisser vos clients sans internet ni solution tout ça parce que c'est un long week-end ? C'est tout simplement honteux !
1855306347580915884,.<USER> c'est vrm la pire connexion toute les semaines j'ai des coupure d'internet 🤡
1855541329314406613,<USER> honteux !!!!\nJe suis client depuis des années. \nJ’ai la box delta. Ça fait maintenant 1 semaine que je n’ai + de connexion. \nJ’ai appelé l’assistance à plusieurs reprise. À ce jour tjrs rien !!!\nOn me considère tellement qu’on m’a pas envoyé de technicien. Free a fuire !
1855584579924439377,"<USER> \nBonjour ma box ultra est bloqué sur l’étape 3D, normal ?"
1855636144710422746,<USER> \n<USER> \nFranchement c'est la galère depuis 3 mois on demande notre fibre leur seule réponse c'est les boitiers sont pleins si <USER> était actif 😭😭
1855667905938980919,"<USER> Comment peut-on faire pour avoir la fibre dans son nouveau logement ? demande de déménagement de la ligne fin septembre, aujourd'hui 10 novembre, toujours rien ...."
1855904472607629382,"<USER> Qui contacter pour proposer des améliorations du service TV avec le player TV. Y a 2, 3 petites choses qui ne marche pas bien et qui ne nécessite pas grand chose pour être résolue."
1855904499623235909,<USER> <USER> vous prenez vraiment vos abonnés pour des putains de pigeons?\nFreebox sans internet depuis le 14 août avec 3 fausses informations de rétablissement 2 rdv annulés. Pas moyen d'avoir une réponse par un de vos conseillers mal informés!
1855942357000106041,<USER> vous êtes le pire opérateur de France ! \nVotre réseau mobile est médiocre on capte rien nulle part mais parlons même pas de vos box. Ça fait depuis le premier novembre que j’ai plus de wifi et qu’on a aucune informations mais quand il s’agit de prélever le 5 vs êtes rapides
1855971379515949096,<USER> Pourquoi MTV chaîne 84 est maintenant bloquée ???
1856049538186043521,Hallucinant <USER> ma box est plantée depuis 15h30 j’ai essayé d’appeler Free j’ai envoyé des messages et personnes ne répond à rien. J’ai un code erreur 80 je dois télétravailler et Free ne réponds pas #Free
1856053134969233597,"<USER> au secours, j'ai plus internet à la maison 🤧🤧"
1856209257961549962,"HAHAHAHAHGAGAGGA \n\n40 EUROS CONSTRUCTION DE LIGNE MAIS JE PLEURE JE JURE LE TECHNICIEN IL EST VENU CHEZ MOI 5MN, IL A BU LE CAFÉ ET IL EST REPARTI\n\nET PRORATA MES COUILLES JE SUIS RESTÉE 1 MOIS SANS INTERNET J'AI DEMANDÉ LA FIBRE ILS ONT MIS L'ADSL \n\n<USER> VOUS ÊTES PAS PRETS <URL>"
1856245368003911866,Sérieusement <USER> <USER> ???? Personne ne me rappelle ou ne prends contact par mail???
1856270221473898853,"Purée <USER> me faite pas regretter d’être venue chez vous, j’ai mm pas de 4g"
1856306447694319937,Dites <USER> <USER> vous pouvez dire à Maria du service commercial d'arrêter de me droper des msg sur répondeur non sollicités? Le #RGPD et le #consentement ça vous parle? #OptIn #OptOut
1856319528998785074,"<USER> <USER> <USER>\nBonjour je vous envoie ce message dans un élan de désespoir en sachant très bien que la probabilité que vous le voyez est nulle, \nJe possède actuellement un forfait mobile et un box chez free, ça fait 2 mois que j'ai déménagé et que je me bat au près de"
1856344773151383566,<USER> VOUS ÊTES LA PIRE PLATEFORME D’ASSISTANCE QUI EXISTE !!!!!!!
1856345509545288166,"Franchement, le sav <USER> ça devient n’importe quoi… tu reçoit un message, demandant d’appeler le 3244 pour avoir un conseiller; mais sur ce même numéro, TOUT est fait pour ne pas réussir à joindre un humain. \nBox bloqué en étape 2 depuis vendredi sur Corbeil… <USER> ?"
1856361239015731327,"<USER> Bonjour,\nFree a bloqué mon adresse mail depuis samedi pour tentative de piratage et je n’arrive pas à la débloquer car je suis en vacances à l’étranger.\nJ’ai besoin d’y avoir accès urgemment car mon billet retour est dans ma boîte mail…."
1856366849614565397,"""Face à la Pure Fibre de <USER> , la réponse timide de Free : une offre triple play sans révolution"", via <USER> #PureFibre\n\n<URL>"
1856403415745622324,<USER> <USER> <USER> <USER> <USER> <USER> on a tous pas de connexion depuis se matin ou quoi ma free est bloquer à l’étape 2
1856408312184713368,"<USER> bonjour, normal que vos conseillers soient injoignables quelle que soit l'heure?"
1856416281630474595,"<USER> <USER> Bonsoir, ma freebox est bloquée sur l’étape 2 depuis cet après-midi, l’assistance ne répond pas et impossible d’ouvrir un ticket. \nPouvez-vous m’aider ??"
1856595754959171837,C'est quoi le problème avec la <USER> depuis ce matin je bloque à l'étape deux !!!
1856598126213378319,"Je suis dépité! Je regrette tellement d'avoir pris une boxe <USER> pour mes studios. Wifi instable et maintenant wifi en panne depuis hier, personne chez <USER> n'est en mesure de lancer une intervention rapidement afin de régler le problème. Donc pas de live certainement ce soir. 😔"
1856613868220432497,<USER> ça fait 1 semaine j’attends votre signal dans mon immeuble ! Tous les autres opérateurs ont été réactifs !\nVous avez envoyé 5 techniciens dans un immeuble ! Quelle organisation dis donc \nJe comprends mieux pourquoi ça traine
1856621118708232483,<USER> Vous êtes TELLEMENT dingue de couper le réseau comme ça vous !!!!
1856630200135499998,<USER> <USER> bon vos techniciens incapable d'installer une prise fibre on fait comment du coup ??
1856636482385055816,<USER> <USER> Plus internet de 25 jour. <USER> \n😡😡😡
1856637804324762070,<USER> on fait comment pour résilier chez vous pour la box ?
1856661924861104232,<USER> problème portables et freebox\nDans le 93 ???
1856694276786192838,⚠#PANNE FREEBOX EN COURS⚠\n 📡20 freenautes ont signalé des pannes #Internet dont 15 sur le réseau #fibre de #Free depuis 11h49\n🌍Ville concernée : Cavaillon (84300)\n⬇️⬇️⬇️\n<URL>
1856709067269443715,"<USER> <USER> <USER> J’ai voulu prendre l’ultra pour le wifi 7, je regrette car les antennes wifi portent moins loin qu’une livebox 6 d’orange, je retourne chez <USER> illico. Les boxs de <USER> ne sont pas finalisés. On sert de bêta testeurs lol… il y a qu’à voir la fréquence des maj <USER>"
1856720945026678884,<USER> t’en pense quoi de ta connexion <USER> de merde
1856737058485907513,"<USER> <USER> depuis ce matin 11h plus de réseau mobile et internet , je pense sérieusement à changé d’opérateur ."
1856737978036732040,"<USER> 1 fois par trimestre on se retrouve pendant quelque jours sans internet. Et constamment ont doit se retrouver à vous appeler, vous courir après pour des réparations ou de la maintenance. Ça devient épuisant ! La sensation de payer pour rien… y’en a qui sont en TT ici"
1856739693158641930,<USER> je n'arrive pas à vous contacter pour ma box internet
1856743080520499460,"<USER> <USER> \n29 jours à attendre l’installation de la fibre \nUne freebox toujours pas reçue? \nMais par contre, un premier prélèvement de fait? \nVous trouvez ça normal?"
1856751016831504877,<USER> <USER> <USER> Free c’est un cauchemar \nJe capte même pas chez moi !
1856751693418897712,<USER> hey c’est normal que votre numéro de support client ne soit plus attribué? \nJ’ai plus d’internet depuis hier et impossible d’avoir quelqu’un en assistance…
1856757054406267291,"🚨#PANNE MAJEURE FREEBOX EN COURS🚨\n 📡99 freenautes ont signalé des pannes #Internet dont 81 sur le réseau #fibre de #Free depuis 11h35\n🌍Villes concernées : Pertuis (84120), La Bastidonne (84120)\n⬇️⬇️⬇️\n<URL>"
1856758012330786983,<USER> <USER> serait il possible d’avoir des nouvelles merci !
1856760598534787379,Et sinon <USER> tu comptes refonctionner aujourd'hui ?\nParce que bon en panne depuis ce midi ca commence à faire long ?\n#free #freebox #panne
1856772151648321661,<USER> <USER> <USER> pouvons-nous savoir pourquoi et quand est-ce que ça va être résolu ??
1856778212946170248,<USER> <USER> ça fait 1 semaine j’ai pas internet vous comptez faire quelque chose ou faut que j’aille voir la concurrence ça commence à me monter en pression
1856778435055526199,<USER> ça fait 4h que j’ai aucun réseau uniquement dans ma ville et 2 jours que ma box ne fonctionne plus ???? Rendez mes sous ???
1856809051658571798,Sinon <USER> <USER> toujours vous écrivez des Tweets quand tout fonctionne mais là depuis 24h j’ai plus de co? On débat sur ça ou pas
1856811531230482865,on en a marre de payer la box + la fibre pour qu'au final le wifi marche pas c'est grave <USER>
1856811943975133679,<USER> c’est quand vous voulez que vous remettez en service le web ?
1856818409058832556,<USER> pas d’internet sur Livry Gargan. Je suis en télétravail et je n’ai pas pu travailler aujourd’hui. Comment je fais maintenant ? Je vous paye vous êtes censé me fournir internet
1856865832946545117,"<USER> un jour on va en découdre je vous le jure, j’en ai plus qu’assez de vos incompétences"
1856866086928498831,<USER> <USER> Au nom de Dieu jvais résilier c’est trop fr
1856988879959597220,<USER> <USER> Pour une fois ce n'était pas un débranchement mais la fibre dans le boîtier qui était cassée.\nLe seul bémol plus aucuns humains sur le service client que des robots.
1857033592028742003,<USER> <USER> Sa ne changerai pas grand choses ils ne répondent même pas sur les réseaux... depuis 48h passer plus d'internet et aucunes réponses..
1857044729491313100,C’EST QUOI VOTRE PROBLÈME FREE ????! <USER> <USER> \nJ’ai un problème avec ma box parce qu’il il y’a eu une mauvaise manipulation d’un technicien!!!! Et maintenant on me dit qu’on technicien dois passer SAMEDI c’est déjà bien loin mais ok j’ai pas le choix …1/2
1857051465094778921,<USER> pas de news sur l'incident depuis mardi 18h!!!! Pas très commercial #livrygargan
1857069549767544955,"ptn mais vraiment <USER> ça bouge pas c’est le pire FAI de france frère j’ai jamais vu ça, un mois sans internet mais tout est normal hein"
1857135616925774108,Freebox Delta bloquée étape 2 depuis cet après-midi 😣 suis-je la seule en galère? <USER> <USER> #freebox
1857146530966474948,"<USER> <USER> Il s'agirait de nous remettre internet dans le 81, ou du moins de nous expliquer les raisons de l'inutilité de nos box internet actuellement."
1857152503017623906,"help logement raccordable à la fibre, un technicien est venu il y a 6 mois disant que ce n’était pas possible et jamais eu de retour depuis.. à chaque fois que j’appelle je n’ai personne qui ne peut me renvoyer quelqu’un <USER> <USER> <USER> 🙏🙏"
1857169685210398917,<USER> <USER> Tellement j’ai pas de wifi chez moi sfr m’ont offert de la 4G
1857279983506358647,<USER> <USER> <USER> \nIl ne vont pas te répondre sur whatsapp ou Facebook\nMoi ça fait 1 mois qu'il me facture l'option multi tv alors que j'ai résilié cette option......\n\nJ'appelle ça du vol
1857294801663582529,"<USER> sympa vous m'avez deja coupé la connexion alors que j'avais demandé jusqu'à la fin du mois, du coup je suspend les paiements aussi non ?"
1857375387401011634,"Donc chez <USER> , pour une personne malentendante, en aucune façon on ne peut joindre le service commercial ! le seul moyen est un numéro de téléphone !\n-ou comment <USER> va récupérer 2 lignes mobile et une ligne fixe !\n<USER>"
1857423726494556339,<USER> Gros souci avec ma wifi depuis 3 jours. Peut-être du à la dernière mise à jour de la box serveur ? Suis-je le seul dans ce cas-là. <USER> <USER>
1857444418346762680,"Bonjour <USER> nous n'avons toujours pas la fibre dans mon lotissement à Givry (71640) ... 3j pour télécharger mes jeux, on est en 2012 ouuuu ? \nY'a moyen de faire quelque chose ? En échange de quelques bouteilles de Givry 1er Cru 👀 ... <USER> <URL>"
1857455162333290816,"<USER> \n<USER> \n<USER> \nChez Free depuis à peine plus d'un mois, que des problèmes. \nC'est peut être mieux chez Reef finalement. \n#panne \n#problème"
1857456480737255922,Faut venir récupérer le monsieur qui tweet depuis ce matin devant le magasin rue Sainte à Marseille svp
1857496690804003281,<USER> ça fait 3 jours que j’ai ni télé ni internet et personne au bout du fil. \nOn fait comment ?
1857733947305722162,"<USER> j’ai plus internet depuis lundi car quelqu’un a coupé volontairement mon fil fibre , on m’a dit qu’un technicien allait passé avant samedi , j’attend toujours ! En attendant je paye une box un abonnement etc alors que j’ai accès à rien ! Normal ?"
1857744449117303108,<USER> a genre vous voulez pas répondre sur le 3244? Je vais appeler toute les boutiques
1857747705822380332,"<USER> Bonjour, suite à la résiliation de mon contrat chez vous, j’ai renvoyé tout le matériel il y a plus d’une semaine dans un point relais et je n’ai reçu aucune confirmation ni d’envoi ni de réception de votre part… pouvez-vous me confirmer que vous l’avez bien reçu ?"
1857796636774162755,<USER> <USER> Et moi j’veux qu’on répare ma co ça fait depuis mardi quand même
1857853493647671597,"<USER> Ça fait depuis mardi que ma box est bloquée a l’étape 2 donc pas de wifi depuis presque une semaine et votre service client par téléphone fait mine de rien, il serait temps de régler le problème car c’est archi pénible"
1857878301097996488,<USER> <USER> <USER> Très franchement je suis très déçu du service...Aucun technicien disponible pour dépannage dans mon bâtiment. Nous sommes 4 familles impacté par la coupure/malveillant aucune solution à l'heure ou j'écris. Je vais mettre fin à mes contrats Mobiles(4) et boX .😥 <USER>
1857878766405521804,"<USER> bonjour, je suis abonné free box et j'ai perdu mes identifiants.\nQuelle est la procédure pour les récupérer ?\nMerci"
1858030551296266281,<USER> <USER> <USER> svp ou sont les replays de la chaine RTL9 ? La chaine n'est plus dans les replay depuis ce matin merci de votre aide
1858128012266360961,"<USER> <USER> Plusieurs jours que notre box reste bloquée à l'étape 2 sans que rien ne soit fait pour régler la situation. Vous trouvez ça normal ? Non parce que si nous on ne paye pas, notre accès à internet est directement coupé. Je pense que la résiliation va arriver"
1858132049023902130,Donc moi je paie 40e par moi pour avoir ça comme débit ? <USER> venez par là on a des trucs à se dire <URL>
1858168629222662183,"Hey <USER> , on vient d'installer la fibre dans mon immeuble. Quelles sont vos promos actuelles ? Et quels sont vos délais pour raccorder mon appartement à la fibre et avoir accès à la fibre ?"
1858185842457768425,Toujours bien de dire que j’ai toujours pas vu l’once d’un Go hein <USER> rendez ma connexion pitié
1858264809915260992,"Bonjour <USER>, toujours pas de raccordement ok pour une demande faite le 31/08 et une adresse éligible depuis septembre. Loin de votre délai annoncé de 15 jours. Nos relances sont restées sans réponse ! Faut il s’adresser à vos concurrents pour bénéficier de la fibre ? <USER>"
1858288503681081350,<USER> vous n'avez pas de solution pour un fidèle abonné qui n'a plus internet depuis le 24/10 ? Je n'en peux plus. Je vais devoir partir de chez vous... :-(
1858434600239821257,"Bonjour <USER> et <USER> , malgré mes relances, depuis 1 an, je n'ai toujours pas de technicien pour installer la fibre à mon bureau situé dans le 1er arrondissement de Paris. Pouvez-vous m'aider à résoudre ce problème rapidement ? Merci."
1858436229571711025,Incident Free réseau sur <USER> et #73100 ?\nIncident sur câble semble t'il ?\n<USER> <USER>
1858454566460694825,"<USER> je vais vriller, ça fait des semaines ma connexion se coupe, votre service client inexistante, aussi vide que une game en ranked sur sparking zéro\n\noù sont votre assistance technique ?"
1858506088179507698,<USER> bonjour je veux migrer vers la fibre mais l’offre avec réduction n’est apparemment que pour les nouveaux clients. Donc pas d’autre choix que de partir chez la concurrence?pour être appelé après pour se voir offrir des reduc ou est la logique
1858534551611486392,"<USER> <USER> Indadmissible, 1 mois que j'ai déménagé et ma co internet est instable au maximum, des déco tout les jours, aléatoire et rien de fait, 5 techniciens sont passé et rien, un changement de box, rien non plus ! Jvous aime bien mais la jcommence à aimer Bouygues."
1858549223144202659,"<USER> ""nous constatons qu'un ticket d'incident à été ouvert du 31/10 au 19/11 (17 jours)"" y a comme un problème de math non ?"
1858573152495735164,<USER> Bonjour <USER> \nJ'ai un problème avec ma boîte mail free qui a une capacité de 1g et je voudrais l'augmenter mais impossible depuis mon espace abonné \nQue faire merci
1858581385109291096,"<USER> Bonjour à vous alors voilà votre mail et je veux bien vous contacter au 3244 mais vous ne voulez pas, vu que je n'ai pas de code secret 😅 <URL>"
1858605846264967311,<USER> <USER> normal que je paie un abonnement 50 balles par mois pour avoir soit disant la meilleure fibre optique de France mais que ça dépasse pas les 10mb/s ?? Vous vous fouteriez pas un peu de notre gueule pr hasard ?
1858675544944169368,"Nous n’avons pas Internet pendant plus d’une heure, et la réception téléphonique non plus. ce qui se passe? \n<USER>"
1858806216119431366,"Chez <USER> <USER> tu résilies ta box, ils te prélèvent encore le mois suivant. En +, le SAV coûte 0,45€/min car t’es plus abonné. 👍 !! 10 min d’attente pour rien, 4,5€ de perdu x2 + appels où je n’ai pas le temps d’attendre… Des génies ou des voleurs ?"
1858816860986196184,<USER> bonjour je suis abonné mobile catel François pourriez vous me joindre svp
1858842390875848754,Pourquoi je suis en débit réduit encore <USER> ?
1858848706264522830,"Depuis le 9 oct, fils arrachés, box qui ne fctne plus. 4 techniciens sont venus, pour dire qu'il fallait une nacelle, mais jamais de nacelle. Aucun contact possible hormis l'assistance de proximité qui ne fait rien. Un suivi nul. Je fais quoi ??! <USER> <USER> <USER> #freebox"
1858850279535284709,"<USER> <USER> <USER> Non ca s’affiche sur n’importe quelle chaine en direct sur ma freebox, je n’ai pas Oqee."
1858855899332272396,"<USER> <USER> <USER> <USER> Bonjour , j'ai aussi un problème. La semaine dernière le technicien était venu et ça recommence aujourd'hui. Le problème de free est de choper un conseiller. <URL>"
1858863691879379190,<USER> Help svp <USER> ? 😊
1858865041031696752,<USER> <USER> pourquoi votre service réclamation n’est pas joignable par téléphone ? J’ai eu 3 semaines de coupures internet et faut encore que j’envoie un courrier pour être dédommagée ?
1858865184296640772,Free je n'en reviens pas après l'orage plus de connexion c'est dingue apenne 2 semaine et déjà des problème 0 technicien \n<USER> <USER>
1858917042717368552,Quelqu’un aurait la ref du forfait ? C’est pour un pote.
1858921207229297052,<USER> pourquoi me priver de services 3 jours avant la date de résiliation ???\nMerci de me répondre SVP
1858926375526429176,"<USER> vous venez de perdre un client, ciao."
1858932914240520306,<USER> <USER> <USER> Pareil depuis 14h
1858933673938362868,<USER> <USER> Bonjour je m'abonne à <USER> pour suivre la <USER> mais le stream est totalement boggué sur Android... il y a un décalage énorme entre le son et l'image. Donc soit vous régler le problème soit vous me remboursez. Merci
1858949485298131087,<USER> Pourquoi ma télé marche plus ? C’est pour un pote
1858958448056271017,"<USER> est ce quelqu'un de chez vous peut m'aider. Free me laisse internet depuis le 24 octobre sans aucun suivi, aucune aide. Sachant que mon mobile ne capte pas sans la box. Fidèle cliente depuis le 1er abonnement free.. Pour rien"
1858963702659072380,<USER> c possible de se parler en dm ?
1858972722094829632,"<USER> Si vous pouvez encadrer vos techniciens sur Toulon car ils font un carnage dans mon secteur😱. Débranchement intempestifs, branchement sauvage, on est presque heureux quand on réussit à avoir une semaine sans incident. Je ne comprends pas que <USER> <USER> ne securise pas!"
1858982064235966864,Help <USER> <USER> <USER> <URL>
1858995385911701760,<USER> c’est quoi cette connerie ? On ne peut plus passer les pubs si on regarde en différé.\nEnlevez ça de suite ou je me désabonne !\n<USER> <URL>
1859030673774047254,<USER> <USER> <USER> <USER>\n\nY'a une Panne free à Fontaine dans le 71 ? 🤔
1859135713834365260,"<USER> Moi je connais le forfait après 18 ans de fidélité, je dois payer 49€ + 20€ de frais de port pour changer d’offre internet, et payer 10€ de plus par mois par rapport à un nouvel abonné… merci <USER>"
1859151771496509822,<USER> c’est vraiment de la merde que des problèmes
1859191716168794570,"PUTAIN <USER>, RAS LE FIACOS.\nJe me suis dis vas-y je vais stream un coup et après dodo, je peux même pas.\nJ'ai la FIBRE pourtant, je vois ping à 7 je me dis c'est bon ça passe, et ben NON. J'AI MÊME PAS 40 MÉGA BORDEL DE MERDE, COMMENT C'EST POSSIBLE D'AVOIR ÇA EN AYANT LA FIBRE. <URL>"
1859227157060309213,<USER> pour info le replay de votre chaîne ne fonctionne plus chez <USER>. Message affiché : Contenu indisponible.
1859227942536040740,<USER> <USER> <USER> moi aussi ca ne marche pas
1859240984174882920,<USER> bonjour \nJ'ai un problème avec un nouveau contrat \nJ'attends le technicien depuis 3h. Toujours personne. Impossible de joindre quelqu'un \nImpossible de me connecter à mon compte \n\nEst-ce qu'on peut me rappeler ?
1859249510532178402,<USER> comme personne ne veux que je converse avec le service résiliation ne répond chez free il veulent sans doute que je parte à la concurrence comme on donne rien au abonnés actuel on fait marcher la concurrence
1859267914731593745,Coucou <USER> cela fais deux jours que je n’ai plus internet il serait possible de voir le problème avec vous ?
1859270112164872361,<USER> c’est quoi ce bordel ? Vous prenez l’argent des gens bien rapidement et en en échanges on a une connexion internet de merde ! Faut cessez l’abus là quand même !
1859275967941804407,"2 semaine pour avoir un rendez vous installation \nLe colis indiqué livré dans ma boîte au lettre est absent \n\nTu commences bien <USER>, dire que j’avais le choix entre ça et <USER> je pensais pas trouver aussi pire que le démon rouge"
1859278084328804705,<USER> problème de connexion. Sur ma box n’arrive pas à joindre service assistance
1859285988352184358,Bonsoir <USER> \nAvez vous une solution à proposer à un client fidèle depuis 20ans ?\n#free #fidelite #freebox
1859312126982332457,"<USER> Bonsoir, depuis plusieurs jour service tv très dégradé. Un problème sur le secteur de Sélestat ?"
1859313040312696915,<USER> plus possible de zapper les pubs sur TMC quand on regarde un programme en décalé 😡.\nJ'espère que celà ne va pas se généraliser sur toute les chaînes 😡😡😡
1859313533827285310,C'est une dinguerie j'ai pas de connexion avec free alors que je dois envoyer un devoir ce soir ??? <USER>
1859320507721474208,Je peut avoir acces a Internet ouuuuu <USER>
1859348415450431494,<USER> j’aimerais savoir ce que vous faites de vos journées sérieusement on passe plus de temps en ayant des pannes de réseau et d’Internet que le moment ça fonctionne bien évidemment on paye toujours le même prix…
1859350785194328561,"Ma freebox tv bug tous les soirs vers 22h30 depuis 2 semaines. Ecran noir. Je suis obligé de faire un va-et-vient pour que ça refonctionne sur d’autres chaines, voire devoir redémarrer le décodeur tv. Que se passe t-il ?? <USER> <USER> #freebox mini4k"
1859373392048038312,"Je suis obligé de contacter <USER> toutes les 2 semaines depuis que je suis chez eux pour divers problèmes, encore ce soir j'ai des déconnexions en boucle pendant plusieurs heures mais vous inquiétez pas ils ont LA solution. J'enverrai la facture internet mobile à la fin du mois🤡 <URL>"
1859384057647267915,La vie de ma mère <USER> jvais cabler srx ça pue la merde la co depuis 1 mois et j'ai la fibre jsp faites un effort nn ? en plus là c'est bloqué étape 6 ptn
1859384110357053725,<USER> il se passe quoi encore ? #free #down
1859387092205244708,"Coucou <USER> pb de connexion #pasdecalais dans pas de calais (62) depuis 5/10 minutes, #ultra led rouge allumée normal ? Merci pour votre réponse 😉 bon courage si c'est un PB sur le réseau 👍"
1859387334526927050,<USER> <USER> En gros tout les soir après 22h30 depuis 1 mois c'est le loto pour savoir si tu aura de la co ou pas 😅 ce soir c'est perdu
1859387851734913362,"Moi qui voulais lancer Cs2, quand la mise à jour s’arrête et je vois plus de réseau sur mon ordi et mon téléphone. Faite quelque chose <USER> laisser moi lancer ma Game"
1859396832314445962,<USER> need help j'ai plus de co <URL>
1859402443194339730,"<USER> c'est pour compenser les décos constantes de ma fibre soit disant ""haut de gamme"" made in free ? ou j'ai pas tout compris ?"
1859473400592314878,Hey oh … <USER> <USER> vous êtes où ? Plus d’internet !
1859483335925416084,<USER> <USER> <USER> Salut Freebox bloqué étape 3-4 aussi ?
1859526899459879117,"<USER> je suis bloqué avec un opérateur éclaté au rez-de-chaussée encore 1 an car j'avais pas le choix, tu peux pas m'aider à m'en débarrasser pour passer chez <USER> \nJe paye plus cher et j'ai que Netflix Meskine 🙁"
1859543655553335570,<USER> J'ai la réf mais cette nuit tout à péter chez vous la box et le réseau mobile plus rien d'accessible
1859553295393587537,<USER> possible d’avoir une assistance ou un retour sur la situation j’ai plus internet / tv depuis hier soir
1859587419491770432,Encore des soucis de connection chez <USER> ou je suis le seul ? Secteur Sorgues (84).
1859587650769846744,"Bonjour <USER> pas de connexion télé internet téléphone, j’ai appelé laisser un message sur votre répondeur et un message écrit sur l’application pas de réponse (les 45 minutes sont dépassés) vous pouvez réagir ? C’est chez une personne âgé. Merci !"
1859597317201920031,<USER> J’ai encore eu 2 coupure en début d’après midi tien 😭
1859603343137526208,"Ma ligne <USER> qui retombe en panne, pas de technicien pour le diagnostic avant le 2 décembre, Orange m'installe la fibre dans 1 semaine pour moins cher, à dégager <USER>"
1859609781427745223,<USER> interruption de service ( plus d’internet ) dans les zones d’evry courcouronnes ? Que faire?
1859631232696361246,<USER> Vos serveurs de mail sont HS ?
1859631625866264626,Ya moyen que je recupere ma co ouuu ? <USER> <USER>
1859634128980713566,Depuis que je suis chez <USER> j’ai tellement de bug 😟😱😱😱 putain les coupures de tv et internet c’est hallucinant ! Franchement c’est même pire que <USER> ! Et pour être pire que SFR c’est quelques chose.
1859666522685505769,"Le conseiller <USER> me dit qu'il va gérer la résiliation de ma box red by sfr (mai 2023), sauf que non.\n\nEntrainant ainsi 18 mois d'abonnement chez les deux. 540 euros de perdu.\n\nJe résilie de suite."
1859678587336655279,Encore une panne depuis 11h30 aujourd’hui <USER> <USER> !!! Devient lassant !!! 🙄 <URL>
1859716567304634678,<USER> <USER> <USER> Pareil
1859720941271691309,<USER> <USER> <USER> je sais pas qui contacter mais j’en ai ras le cul de jouer à 150 de Ping tout les jours elle arrive quand la fibre là ça fait 10 ans j’attends tout les villages du coin sont fibrés… ça devient invivable aidez moi je suis à bout là
1859742391022072264,Sympa la VOST chez <USER> merci <USER> <URL>
1859774283373019385,"<USER> j'ai toujourS deS problèmeS avec vouS, avec la "" révolution "" et même maintenant avec la "" delta "" j'ai deS erreurS de connexion le disant que je n'ai paS assez de débit et là maintenant j'ai encore le son qui est décalé de l'image, super pour voir leS programme télé"
1859853636920279201,"Bonjour <USER>,\nDepuis que j’ai souscrit à une offre <USER> pour ma permanence parlementaire, j’ai ""perdu"" mon numéro de téléphone. \nJe ne suis plus joignable et vos services me promettent chaque jour une solution rapide, sans résultat.\n\n<USER>"
1859881222048293155,<USER> <USER> vous allez vous renvoyer la balle combien de temps ? C’est qui le stagiaire qui a pas fait son boulot de résiliation ?
1859888058373743066,"Vraiment j’espère que free va quitter le marché. Depuis le 30/10 j’ai pas de wifi et je n’ai que peu de 4G chez moi (mon téléphone aussi est chez free) je fais un examen blanc en distanciel actu mais j’ai PAS DE CONNEXION POUR L’ENVOYER \n<USER> si je valide pas, vous allez payer <URL>"
1859934957101269355,"<USER> bonjour,\nJe ne peux pas débloquer mon adresse mail Free suite à une possible utilisation malveillante. Le service recupcompte n’est plus disponible, est-ce normal ?"
1859945051998306624,"Les gars est ce que quelqu’un travail chez <USER> (dans le nord) c’est une dinguerie, problème de fibre (que chez moi les voisins 0 problemes) et les chiens au téléphone me donne 0 solution et je dois attendre jusqu’à MARDI mdrrrrrrrr et j’boss comment ??"
1859953711793222029,<USER> Bonjour\n<USER>\n\npouvez vous me mp j'ai besoin de votre aide d'urgence !
1859980019214471197,On dit « le » Wi-Fi. <URL>
1859982408051003525,<USER> <USER> Alors j'ai un problème de fibre depuis vendredi dernier à cause d'un câbles arraché et <USER> veut rien faire et on sait pas quand le problème sera réglé car quand tu les appelle il te mette en attente et si tu insiste trop il bloque ton numéro ? Reste chez orange ou Bouygues
1859987296038318457,<USER> <USER> Viens surtout pas chez <USER> ça fait exactement 22 jours qu’internet est coupé à la maison ils font rien pour régler le problème. Fin du mois je décale. <URL>
1859989948277067831,"Petit échange avec le Service Free, pour avoir un geste commercial, suite à ma fidélité à <USER> .\nJe pense que <USER> appréciera comment ses conseillers proposent à ses fidèles clients de résilier leur contrat, pour avoir un geste commercial. <URL>"
1859991605488623905,"Bonjour <USER> comment on fait quand un sous-traitant nous débranche la fibre pour brancher quelqu’un d’autre (notre voisin), l’admet clairement, mais remet la faute sur vous ? Au final ni notre voisin ni nous n’avons la fibre maintenant 👍 <USER> <USER> <URL>"
1860000388755390691,"Sinon chez <USER>, vous avez pensé a réparer vos équipements pour assurer le service de vos clients au lieu de chercher la bagarre devant des supermarchés?"
1860003235488268528,"<USER> Ça donne des leçons de français, mais pas capable de réparer une panne internet. Mdr"
1860013045168377975,<USER> bonjour \nJe ne retrouve plus mon mot de passe zimbra . Help!!!!!!!!!
1860036479864701021,<USER> ma box est bloquer à l’étape 6 que puis je faire ?
1860042558258446639,<USER> c est quoi ce réseau !!!!!! <URL>
1860059156113232062,<USER> peut m'expliquer c'est quoi son délire à passer toutes les chaînes payantes !? Tu paies soit disant un abonnement internet + télé pour au final avoir que les chaînes de la TNT disponibles mais KOUNIA MANMAN ZOT !
1860068924886225060,⚠#PANNE FREEBOX EN COURS⚠\n 📡20 freenautes ont signalé des pannes #Internet sur le réseau #fibre de #Free depuis 20h52\n🌍Ville concernée : Bussy-Saint-Georges (77600)\n⬇️⬇️⬇️\n<URL>
1860110560270123326,<USER> Ma box me coute 60€/mois soir disant dernière generation et a des freeze toutes les heures nous sommes des centaines à nous plaindre mais sympa le tweet 👏👏
1860248655325782428,Quand le sav de <USER> me dit que la fibre sera installée avant la fin de l'hiver promis même si on vous le dit tout les ans et qu'on fait rien.\nVous inquiéter pas ! <URL>
1860259963886522689,"<USER> Bonjour, je suis déjà client chez Free.\nJ’ai tenté de joindre vos services à plusieurs reprises sur Whatsapp pour une question sur le changement d’offre à la fibre Ultra. Pas de réponse depuis plus d’une semaine et 4 messages. Pouvez-vous me recontacter?Excellente journée"
1860260334642057699,"Bonjour <USER>, panne depuis plus de 48h dans le secteur Vitry-sur-Seine/Villejuif (94) et aucune information de votre part malgré des mails et appels téléphoniques. Est-ce possible d'avoir un suivi de la situation svp ? Merci."
1860265738293870982,"<USER> je profite de la visibilité lol, ça fait UNE semaine que j’ai plus de boxe internet non plus et ce tous les 2 mois 🥱🥱🥱 <USER> ‼️‼️"
1860350637348626937,"<USER> j'ai actuellement un incident entre le PB et le PM dont le réseau est géré par <USER> qui ne semble pas pressé de réparer la rupture de fibre. Toutefois, sans connexion, impossible de démarrer la Delta. Une idée pour démarrer ma VM domotique dessus??? Prêt d'un backup 4G?"
1860369636329419010,"<USER> vous avez une idée de la résolution de votre panne vers Bussy tout mon quartier est impacté, je vous rappelle que je paye votre abonnement que je dois absolument travailler ça commence à faire long depuis hier soir plus de réseau. 💀"
1860373382694380008,"<USER> <USER> Jeudi au tel (box télé + 2 forfaits mobiles) pour se plaindre du prix hein, j'ai obtenu 7€ de moins sur un abonnement pendant 1 an. On va résilier hein !!!"
1860399906634047977,<USER> je vous aimes bien les gars mais les micro coupure de connexion internet c’est pq faire
1860418142146551841,<USER> c normal de pas avoir de wifi depuis mercredi mdr ? pas de wifi pas de télévision ?
1860645323409940931,<USER> ça fait 2 mois dans la 15e arrondissement de Marseille que y’a une panne <USER> c pas normal de nous manquer de respect comme ça
1860671752101110047,<USER> J'attends que <USER> répare ma fibre toute pourrie là
1860685640389562865,<USER> votre réseau wifi pu la merde
1860702116756557882,<USER> bonjour je n’ai plus d’internet 77860 et aucune réponse de l’assistance a priori je ne suis pas le seul sur mon secteur.
1860708077416157565,<USER> svp faite quelque chose avec votre connexion psk même si c’est que 10€ par mois ya aucune connexion avec la pop zebi prenez exemple sur <USER> nan
1860746559878553675,<USER> je suis abasourdi de voir votre insistance et en plus me sortir que je vous quitte en 2024 alors je suis chez un nouvel opérateur depuis le 17/08/2023 et je dis bien 2023 mes factures faisant foi. Vous me demandez de vous rendre la box alors que je n'ai plus la box car après plusieurs appels de ma part vous ne m'avez pas répondu si je devais ou non vous la renvoyer. Si je reçois encore de votre par un mail ou autre je serais dans l'obligation de le faire part à mon conciliateur.
1860763277875179837,<USER> Impossible de passer de l’offre Freebox révolution à l’offre light ? J’ai une connexion de bouseux dans ma petite campagne et donc prendre l’offre light me reviendrais moins chère pour le même résultat… Mais on me dit qu’il faut résilier et me réabonner donc 49€ + 49€…
1860772998317285782,<USER> depuis se matin ma freebox ne fonctionne pas. J’aimerai des explications.
1860796629432893648,"<USER> Bonsoir Monsieur,\nPlus de 2 mois que j’ai souscrit à la fibre chez <USER> et toujours pas raccordé. Honteux. Je vais aller chez Reef moi vous allez voir 😡 #PasContent"
1860952691544920356,<USER> SFR refait la fibre dans mon bâtiment et depuis plus de fibre...service proxy me dit qu'ils ne peuvent pas intervenir parce que incident collectif et a côté de ça des voisins se font raccordé par free. C'est quoi ce bordel? On cherche à me faire partir ?
1860959019449331894,<USER> Je me casse des chez vous. Je vais rejoindre la <USER>
1860961026705117368,<USER> \nBonjour\n\nCela fait maintenant 3 jours que nous n’avons plus internet (77)\nD’après certains sites c’est notre zone car il y a plus de 300 signalements. \nAvez vous une estimations de la reprise ?\n\nMerci.
1860972293364515087,<USER> <USER> Je suis sans internet depuis 3 jours avec <USER> et j’aurai aimé passer à <USER> mais étant en appartement je ne peux pas.
1860987373468684469,Free box c'est de n'importe quoi depuis plus d'un mois on a pas ni d'internet ni tv dans la maison et quand vous les appelez jamais de réponse c'est de n'importe quoi \n<USER> à fuir sont pas de tout sérieux vivement <USER>
1860996343453434154,Et c’est parti pour troisième panne générale de #Free <USER> sur mon département en 6 mois environ. Avec le piratage de mes données perso je vais commencer à chercher un nouvel FAI. <URL>
1860999601932689739,"Bonjour, une interruption de service a été constatée sur les communes de Cahors, Figeac et leurs environs (46). Nos équipes sont déjà mobilisées et nous vous tiendrons informés de l'évolution, merci pour votre patience <URL>"
1861004697781387705,<USER> Deux ans que j attends sur Avignon la fibre qui m est promise chaque mois par Free…Problèmes de connexion 7 mois sans internet…Aucun remboursement et 4 rdv techniciens ou j ai posé des RTT et ils ne sont jamais venus…Bref Free du grand foutage de gueule d amateurs…
1861007707571900526,"J’avais pas le choix que d’aller chez <USER> pour mon emménagement et c’est le pire. \n\nJ’ai pas internet depuis 2 semaines, et je suis en TT 3 fois dans la semaine… \n\nFranchement 0 <USER> \nGo voir pour changer d’opérateur"
1861020279780044849,<USER> 3 rdv non-honoré par le technicien Free pour rétablir internet chez moi. On dit plutôt « LE » service de merde.
1861033873028575639,"<USER> \nBonjour Free \nPlus d’internet depuis 3 semaines et toujours pas de nouvelles, aucune information, la freebox adsl tourne dans le vide \nJe sens que je vais aller voir ailleurs !"
1861036937693245607,Désormais 6 semaines avec la fibre coupée. <USER>\net <USER>\nsemblent dans l'incapacité de traiter cet incident sur l'infrastructure gérée par #orange #fibre et un jeu de ping-pong s'est installé. La blague c'est jusqu'à quand ?\ncc <USER> <USER>\n<USER> <USER>
1861044228459032996,La chaîne MTV qui et devenue payante Prcs elle appartient à canal+ niquer bien vos mere !!! Je payerai pas votre abonnement flemme et <USER> jvai également me casser 40 balle la boxe pour avoirs les 3/4 des chez payante flemme #MTV #Canal+ #Free
1861055775122030896,Visiblement j'ai l'air de faire chier la conseillère téléphonique de <USER> puisqu'elle m'appelle pour changer ma box et elle me raccroche à la gueule en me faisant croire qu'elle va me passer quelqu'un d'autre.
1861068518336217406,<USER> Attention <USER> si sa continue je porte plainte contre vous pour harcèlement
1861082170359505130,<USER> \nGrosse dégradation sav free pas habitué à çà depuis +de 20 ans à FREE!
1861083302209167832,« T’es trop sur ton tel » alors que t’es juste un mec chill qui ponce son Forfait Free 5G <URL>
1861086151315988807,<USER> Hey <USER> me reste 2-3 mois à faire chez <USER> vous remboursez des frais de résiliation par hasard ?
1861121127801639169,"1) Petit aperçu de la coulisse de <USER> , pourvoyeur d'internet proposé par <USER> aka Xavier Niel. Notre agence Premières Lignes a souscrit un contrat pro chez eux. Malheureusement, ça tombe en panne. Plus d'internet... Au début, ils interviennent en 24 heures, puis 48h..."
1861123625060815079,<USER> <USER> <USER> Je suis chez free et en panne en ce moment même. Aucune intervention n'est prévue à ce jour.\nAprès 2 ans chez orange sans aucune coupure...
1861140419666473403,w’ الله Free c’est une dinguerie comment sa pue smr y coupe la co chaque semaine 1 journée entière sans wifi <USER>
1861148413003198965,<USER> \n\nBonsoir.\n\nDes cyber-criminels ont pris le pouvoir dans le firmware de ma freebox revolution et affichent des conneries qui n'ont rien à y faire sur son écran. Vos mises à jour incrémentales n'y changent rien. Comment reinstaller totalement le firmware pour virer ce truc ?
1861170051350417751,<USER> vous êtes vraiment des rats. Je vous appelle pour souscrire une offre fibre et je vois quelques heures après que vous m’avez mit sur une offre adsl. Demain j’annule tout et je peux vous dire que la publicité ne sera pas bonne!
1861181485908124070,<USER> J’ai plus de co À L’AIDEEEEE
1861194018106781729,"<USER> <USER> pareil, y’a que des coupures en ce moment jdeviens ouf"
1861195117408760233,"<USER> Installation de la fibre par "" technicien "" Free ; Je ne peux pas installer la prise là où vous la voulez car le fil est trop court..."
1861201984046440487,"<USER> <USER> <USER> Ah donc chui pas le seul, j'ai essayé de redémarrer ma box elle est bloquée à l'étape 6"
1861203272851194064,<USER> <USER> J’ai le même problème je commence à devenir fou frère
1861216014358175999,<USER> demain vous perdez 5 clients à cause de vos pannes de réseau
1861255349551911167,<USER> faite un effort merde j’étaie entrain de regardé blacklist la <URL>
1861277865603428435,4 semaines sans internet et plus de gigas dans mon forfait mobile.. pff merci <USER> et merci #iserefibre
1861360188034302055,Le service mail <USER> est en panne ?\nJe n’arrive pas à me connecter…
1861372062616506624,Ma Freebox est bloquée à l’étape 4 😠 <USER> <USER>
1861380914149720127,"Cher <USER> <USER> , après plus de 20 ans de vie commune, je suis au regret de t'annoncer que je vais partir, depuis 18 mois, tu es incapable de me fournir une ligne fibre stable, j'enchaîne les connexions et ton indifférence, et tu es incapable de résoudre le problème #Etape3…"
1861388167045165311,"Merci <USER> pour la publicité mensongère, vous diffusez partout des CP à tous les médias qui font croire qu'on à desormais accès à My Canal gratuitement mais c'est juste faux... la <USER> est elle au courant ? <URL>"
1861390441892970721,<USER> Allô <USER> ?
1861396940451131400,<USER> <USER> comment en une journée impossible d’accéder à mes mail depuis 14 jours ??
1861410966333743224,"<USER> <USER> Est-ce que je suis le seul à avoir ce problème ? J'ai contacté l'assistance, qui devait me rappeler, mais cela fait une semaine et toujours rien. C’est prévu pour l’année prochaine ? (J'ai demandé un changement de box.) <URL>"
1861445864184508743,Si riot games me ban car déconnexion en pleine game je me désabonne de chez <USER> \nDonc si <USER> ou autre ont un meilleur prix/qualité faite moi savoir :D
1861449822328303886,<USER> <USER> <USER> remettez moi mon wifi svp
1861466969423118404,"<USER> Salut free, possible de passer en DM? J'ai résilié mon abonnement mais je cherche à vous contacter! Merci"
1861476713089151219,10j sans internet en France en 2024 c’est un SCANDALE <USER>
1861504780121657809,<USER> votre réseau internet qui coupe tout le temps on a beau redémarrer la box plusieurs fois rien n’y fait et bien sûr impossible de joindre un conseiller car les services sont fermés <URL>
1861534793659240757,J’ai plus de télé!!! T’as <USER> t’as juste rien compris!!! <URL>
1861556709673562259,<USER> c’est normal les coupures réseau + internet pendant 10 min ? Faut prévenir
1861705275482296791,"<USER> pas de service depuis deux semaines, manque de solution de votre part! Le service client est à pleurer!!!"
1861713045149336006,<USER> Laisser galérer ses clients pendant un déménagement alors que la concurrence me propose en attendant une box 4g.... Que dois je faire ?
1861716439901647306,"<USER> bonjour, mon rdv de ce matin a été pourquoi ?"
1861723748082090421,"<USER> \nAttention à FREE le Sav en cas de panne est devenu pire que les autres : pas de technicien dispo, centre d appel incohérent sur les diagnostic , pas de délais de réparation. Bref depuis plus de 20 ans chez Free et vraiment gros déclin"
1861739364880924813,<USER> vraiment de la merde free perte de connexion tous les jour pourtant en fibre ces pas cher m1is ces de la merde go résiliation
1861751173943857199,"🤬🤬HONTE 🤬🤬Y a 10 jours <USER> me demande de confirmer ""ma demande d'écrasement de mon compte"" je reponds ne pas en être l'origine, 3 jours après demande d'envoyer ma quittance de loyer pour prouver ma ligne, á 7 jrs coupure qd même rétablit dans 1 semaine SEULEMENT😡😡😡 <URL>"
1861764181810110712,"<USER> <USER> Qu'est ce que je devrais dire, ça fait mnt plus de 48h que j'ai signalé un incident à <USER> et toujours rien..."
1861767583269372228,#Brèves Player Freebox Pop et Ultra : lancement d’une nouvelle mise à jour d’Oqee pour résoudre un plantage gênant pour les abonnés <URL> <URL>
1861861298058731641,"<USER> <USER> <USER> connection fibre HS erreur 2, proposition de dépannage dans 1 semaine <USER> vos équipes sont restées sur 3615 ULLA ? Faut les passer à la fibre ! Enfin quand cela fonctionne… ma domotique full HS, merci , au niveau de <USER>"
1861867557042470922,"Bonjour <USER> depuis plusieurs semaine ma Freebox fait des siennes, elle se déconnecte sans arrêt, redémarre et reste bloquée à l’étape 2. Un redémarrage complet résout le problème pendant quelques jours et ça recommence. Un rdv avec un de vos techniciens était prévu et…"
1862013729853878285,<USER> <USER> <USER> savez vous comment je peux contacter free pour une suggestion d'amélioration du player pop ?
1862078869517267327,<USER> Vous avez trouvé le moyen de me facturer 49€ de résiliation suite à une résiliation demandée pour cause de décès de l'utilisateur à qui je payais l'abonnement depuis 10 ans car j'ai utilisé la box en étant de passage pour l'enterrement.\n\nBravo #freebox 👏 <URL>
1862119869409325155,"Bonjour <USER>, <USER>, <USER> ainsi que <USER>.\n\nJuste un petit coucou pour vous rappeler que je vous déteste et que je déteste également l’étape 2 de vos Freebox qui a manifestement décidée d’être plus présente dans ma vie que mon père."
1862125238844031131,<USER> <USER> c’est normal qu’on me douille depuis plusieurs mois sur les factures et que je n’arrive à joindre personne à ce sujet??
1862127001584218372,<USER> bonjour j'ai un problème pour accéder à ma boîte de courriels \n\nErreur 302\n\nAvec cette fenêtre d'erreur \n\nSur PC et mobile pareil\n\nSi on clique sur here\nLa même page s'affiche en boucle\n\nY a-t-il un problème chez Free <URL>
1862130273321725992,"<USER> bonjour free, j'essaye de vous contacter depuis 11h50 ce matin sur votre WhatsApp. Est-ce que la messagerie est off? Merci"
1862139056382955978,Depuis 1 semaine qu’on doit raccorder ma ligne <USER> vous abusez
1862183879009779924,"<USER> Votre service SAV est des plus amateurs, raccrocher au nez de son client, il faut le faire !"
1862191394015641913,<USER> il y a des pbs de streaming de certaines chaînes sur le réseau fibre en Normandie à partir de 18:45 tous les jours
1862195330206269482,<USER> bonjour je rencontre un problème avec l une de mes adresse mail est il possible m aider merci
1862205897717449029,"<USER> <USER> , on peut parler de la qualité de relation clients chez <USER> <USER> ?"
1862247342772015395,"Coup de gueule, payer 40€ d’abonnement de box internet pour souffrir merci <USER> \n\nPs: j’ai plus de beug que de connexion internet 🫠 #réseauxDeMerde"
1862287721563074698,MON RÉSEAU NE MARCHE PLUS <USER> BANDE D'INCAPABLES
1862409088820195490,"<USER> c’est plus drôle la, à ce jour cela fait une semaine que j’ai pas internet chez moi, comment on fait maintenant ??🤬"
1862413732078346284,"<USER> il faut changer votre système de suivi de ticket. Car il y a aucune info, aucune évolution sur le sujet du ticket. \nC’est frustrant pour nous utilisateurs de ne pas connaître l’avancement de notre problème."
1862427285325857016,<USER> qui decide me couper internet et de me ghost sur l'assistance parce que j'ai demandé à changer de fai dans une semaine 👍
1862430411327963556,<USER> il faut qu’on parle
1862492441938420096,"<USER> \nBonjour \nInternet qui tombe en panne tous les jours, ça s'arrête quand?"
1862503344046006319,"Bonjour <USER>, <USER>, est-ce possible svp de dire à votre service client D’ARRÊTER de m’appeler tous les jours pour me proposer offres de box, forfaits ou que sais-je ?? Ça fait 3 semaines que ça dure, c’est GONFLANT et ça va finir par faire fuir un client fidèle…"
1862522533016162420,<USER> <USER> 5eme RDV NON HONORÉ et <USER> qui se permet de donner des leçons?Apprenez déjà la politesse s’excuser d’une annulation de rdv prévenir votre client un minimum non ?! CONCLUSION : RECOMMANDERIEZ VOUS FREE ?! NON PUBLICITÉ MENSONGÈRE AUCUN MOYEN D’AVOIR UN RESPONSABLE !! A FUIR
1862536905696461307,<USER> panne de réseau fixe ou mobile qui dure depuis plusieurs heures a Saint Gély du fesc
1862539919949791249,<USER> vos démarchages téléphoniques peuvent cesser ? Quand un client n'est pas intéressé le mardi il ne l'est toujours pas le jeudi et encore moins le vendredi après 4 appels.
1862542561052704846,"<USER> bonjour j'ai une Freebox révolution mon débit actuellement est de 100M, votre conseillé me demande d'investir dans des câbles ethernet de qualité au lieu de m'aider à résoudre le problème , j'ai besoin d'aide merci <URL>"
1862544401253257348,"<USER> hello,\nOn me facture 49€ si je suis absent à un rdv technicien, par contre vous me donnez combien pour un technicien qui ne vient pas sans prévenir? Et qui clôture le ticket alors que le problème persiste ?"
1862556642815959467,<USER> Ça beugue free depuis hier non ?
1862564274259866078,"<USER> \nFreebox HS forfait pas de connection internet service client injouable , envois 127 message identiques en 5min, tu appel le service client ils comprennent rien... <USER> je suis pas chaud pour le rdv au lidl mais fais qqch bg"
1862570659559215113,Panne #free 92 blocage étape 2 merci <USER> <USER>
1862572262739558508,<USER> qu'on m'explique le principe de l'assistance qui pose une question à laquelle on ne peut pas répondre parce que le chat est grisé. Problème de player depuis 4 jours impossible d'avoir une solution c'est lourd!
1862805647311491182,"<USER> bonjour, un moyen de connecter les appareils wifi, imprimante télé a la freebox ultra ? le ssid est detecter mais a cause du niveau de sécurité impossible de connecter ces appareils. Une manip pour récuperer ?"
1862807229679747505,On en parle du niveau du service client de <USER> <USER> qui est de plus en plus médiocre 🤦‍♂️😡\n4 jours sans internet et aucune information fournie à part « incident collectif »\nOn dirait je suis abonné à <USER> 🤦‍♂️🤦‍♂️🤦‍♂️
1862811734781632684,"Hey <USER>,\n\nSerait-il possible de faire passer quelqu'un dans notre immeuble pour réparer ce boîtier svp ? <URL>"
1862836375063605645,<USER> pas de connexion sur Kerlaz (29) depuis deux jours et aucune réponse sur le WhatsApp d’assistance … Ça commence à être chiant.
1862846983922131155,"<USER> <USER> <USER> \n\nBonjour, j'ai retourné et résilié l'abonnement la semaine dernière et vous en avez accusé réception. Je ne comprend pas pourquoi je trouve toujours ce ""FreeWifi_Secure"" alors que j'ai résilié mon abonnement. \n<USER> je vous remercie de me répondre. <URL>"
1862861093195882700,"Technicien <USER> doit installer la #fibre, repart sans rien faire, démonte le tableau élec et s'en va comme ça, emportant avec lui mes vis du tableau! Technicien se justifie de ne pas prendre en considération un client parce qu'il ""ne fait pas partie du service client ""!!! Honte <URL>"
1862880026993016861,"<USER> Bonjour, est normal que vos conseillers se permettent de mal parlé à vos clients au téléphone alors que nous sommes sans services depuis plus d’un mois et que vos services techniques ne font rien pour y remédier. Par contre pour prélever sur mon compte c’est très rapide"
1862893383716344260,<USER> 1 semaine sans wifi je peux parler a un vrai assistant pour regler mon problème plutôt que parler a un bot ?
1862919699400433870,<USER> bonjour <USER> je vous contacte depuis plusieurs jours au sujet d’un problème de télécommande sur ma freebox et c’est impossible de vous joindre que ce soit whatsapp ou au 3244! C’est inadmissible !
1862944807171084761,<USER> aled pitié pq ma co est en pls comme alors que je suis en fibre + filaire même le wifi bug
1862947168681611563,<USER> ma mère uma une Freebox révolution et au passage a oqee tous les enregistrements ont disparus c'est normal?
1862948821656809925,"<USER> <USER> <USER> Il y a visiblement un problème avec la MAJ 4.8.16. Je suis en SFP+ et depuis que j'ai fait la maj ce matin, mon débit a été divisé par 10 (sur Freebox Delta R1) <URL>"
1862957305802747935,"Suite MAJ de votre <USER> Player Révolution, il est désormais possible de gérer au mieux vos supports de lecture et d'enregistrements TV <USER> avec <USER> Je vous propose en images et sur ce TUTO de voir en détails à quoi cela correspond. 🕷️\n\n<URL> <URL>"
1863145114593296728,<USER> Bjr \nAuriez vous une adresse sur le 78 pour un espace vente conseil svp \nMerci d'avance \nCordialement
1863176221275959784,On lui déroule le tapis rouge.\nRendez-vous le 3 décembre ⏳ <URL>
1863185446869533047,Freebox Ultra Édition Limitée (?) \n\nFree nous donne rendez-vous le 3 décembre ! <URL>
1863222336171675800,<USER> <USER> plus d’internet depuis le 13 novembre… faut peut-être bouger un peu…
1863232133675843673,"<USER> Quand je lance un Speedtest, j’ai la vitesse qui s’affiche durant une 1s, et après plus de connexion.\nSi j’ose mettre la vue satellite dans Google Maps les cartes ne se chargent plus, normal j’ai eu une coupure.\nDes fois j’arrive même pas à ouvrir une page Google.\nMerci <USER>."
1863232761152033233,"Vous joindre par message aujourd'hui dimanche à 15h43, faut cliquer et... Bah nan c'est fermé ! #merciFree <USER> <USER> <USER> <URL>"
1863278624859656449,"<USER> “<USER> Très mauvaise expérience pour mes débuts chez vous : 5 jours de retard pour la livraison Freebox avec <USER>, aucune info, un livreur insultant et menaçant à l’arrivée. Est-ce à cette image que vous voulez associer vos services ? J’attends des explications.”"
1863301167838601499,<USER> Fortement déçu des services de free puisque incapables de rétablir notre connexion internet depuis déjà + de 10 jours! Nous sommes balades de service en service sans avoir de réponses. Y'a t'il un vrai service commercial pour nous rappeler et donner des infos?!
1863306279235539004,"Bon <USER> je vous aime bien, mais le prix de l'abonnement Delta S n'a plus vraiment de sens aujourd'hui, est-ce que je passe chez Bouygues maintenant où il faut que j'attende le 3 au cas où ?"
1863326787490439245,"<USER> <USER> <USER> <USER> La réponse : votre ligne est fiable ,aucun souci , sauf que tous les 2/ 3 mois dès avaries du genre , font que tout est HS , et la VM dans la box en vrac aussi ( sans internet elles ne bootent pas) j’ai des soucis de gigue / stutters depuis le début , personne comprend …"
1863475136797565235,<USER> interruption de service a 7H35 sur Marseille aujourd'hui. Freebox bloquée a l'étape 3. Signal fibre PON detecté.\nComment régler le soucis ?
1863563682485096725,"Merci <USER> et <USER>, déjà 7 sem. soit 49 j d'indispo de la fibre. L'incapacité à maintenir un rzo fibre pr ts les abonnés est un réel sujet ds la 7è éco mondiale. Et toujours pas de dialogue entre eux... <USER> <USER> <USER> #FibreOptique #Internet #LaWifi"
1863593044655923625,"<USER> plus d'internet sur ma box dans le 78, (bloqué étape 2) c'est normal ?"
1863647318081163669,"Franchement <USER> la qualité du support <USER> est pas loin d’être scandaleuse. Plus de ligne depuis vendredi matin et au support le 1er créneau qu’on me propose c’est mardi soir. En attendant, plus Internet alors qu’en Télétravail, plus de TV. C’est pas sérieux !!! 😠😠😠"
1863648997518254161,"<USER> alerte info pour free , car vous étés la seul est unique entreprise a refusé d'harcelé les gens qui ne veulent pas venir chez vous et ca dur depuis plus de 10 ans."
1863659286229913706,"Bonjour <USER> ,Quelque chose de prévu pour ça ? <URL>"
1863661274359275586,Bonsoir <USER> Es ce que c’est normal ce débit avec la fibre de chez <USER> <USER> ? \nJe sais que vous faite la fibre aussi dans ma ville vous pouvez me fournir plus ? Par ce que chez eux obligé d’appeler tout les mois par ce que je passe de 350/400 mega à ça <URL>
1863673641415664001,"<USER> <USER> est-il normal que depuis plus de trois jours, nous sommes sans service et la seule réponse apportée est que nous savons patient technique sur votre secteur, aucune réponse sur le retour des services prévus"
1863680778162352606,"Ouais <USER> vous avez un service incompétent de fou, c’est la période des partiels les gens doivent bosser avec internet et vous êtes incapables d’envoyer un technicien ALORS QUIL DEVAIT PASSER AUJD ??? C vous vous payez ma 4g ?"
1863686726876606834,"<USER> Y'a pas à avoir une box qui se deco toute les 5 minutes, j'ai appelé votre sav 6 fois en 3 jours j'pense que je vais vite décaler chez <USER>"
1863848893097578677,<URL> free box ultra qui clignote vive les surprises claquer au sol de <USER>
1863853375231570421,"🗞️[DOSSIER DE PRESSE]\n\n🚀Depuis 25 ans, <USER> se définit par des valeurs fortes : la simplicité, la générosité, et bien évidemment la passion pour l’innovation technologique. Pour son anniversaire, la marque continue de surprendre en dévoilant aujourd’hui une Freebox Ultra Édition Limitée, au design unique 👇"
1863855893491613731,"Découvrez notre Freebox Ultra Édition Limitée : attention, elle risque de vous faire rougir 😳 <URL>"
1863856370258165780,"<USER> Ne sert à rien, ultra nul 😂"
1863857906183032836,"<USER> Faites en sorte qu'on ai des débits égal ou supérieur a 7gbs en après midi soirée etc c'est mieux avec la ultra ,car le matin oui , les débits sont là , mais des 12h -12h30 passé bah c'est passable , et vers 16h c'est encore plus nul ,merci ."
1863861829828546958,"<USER> Le wifi 2,4Ghz fonctionne ? Par ce que moi c’est complètement HS pour les appareils connectés ! 😓et j’ai bien dit les ! Je suis donc sur à 100% que le souci vient de la FreeBox Ultra !"
1863864062657917272,"<USER> Bonjour, \nSerait ce possible d'échanger en dm ?"
1863867689547989299,<USER> déjà que la box coûte une certaine somme chaque mois et la obligé de 49€ juste pour un échange abusé
1863873370858700948,"<USER> On fait comment pour avoir la connexion chez vous ? Des coupures quasi toutes les semaines, sans plus d’explications !"
1863885978298970340,"Rarement vu un service après vente aussi lent et mauvais chez <USER> <USER> Plus d'internet depuis le 19 novembre, là seule réponse est ne vous inquiétez pas on s'en charge #Support #Mauvais #ExperienceClient #JequitteFree"
1863893214320627870,<USER> bonjour j’habite a vitry secteur Edouard Tremblay. J’ai plus internet en ayant redémarrer la freebox. Y a t’il un soucis dans le coin?
1863903755806114158,"bonjour <USER> \nj'ai un commercial qui doit m'appeler tout à l'heure , et je préfére poser la question au cas ou j'oublie mais l'installation de la fibre peut ce faire maintenant et débuter le contrat en janvier?"
1863922461911245005,<USER> On peut pas l’avoir si on a déjà la ultra blanche ?
1863943895513546987,<USER> C’est cool mais régler les problèmes de coupure internet plutôt que de sortir du nouveau Hardware. Je suis toujours bloquer à l’étape 2
1863981904430551430,<USER> Free est en train de devenir littéralement un fournisseur de merde. Il met impossible de rentrer en contact avec un conseiller malgré 2 abonnements professionnels.
1863992452551524825,<USER> my internet is down. Can I get help please.
1863993173690761395,<USER> vous trouvez ça normal de ne plus avoir de wifi depuis + d’1 mois et de faire tourner en rond vos clients ? Un service client tellement médiocre !
1864005942079013254,<USER> Bande d’escroc vous coupez internet et vous empêchez le contact
1864009869436522521,"Bravo <USER>, opérateur lamentable : vos propres techniciens n’ont pas pu raccorder la fibre et m’ont conseillé d’aller chez un autre opérateur. Pourtant, vous refusez toujours de résilier malgré mes appels et messages. Silence radio. Quel service client ! 👏"
1864010514780618784,"<USER> <USER> „If you’re getting something free, you are the product“\n\nIl me manque toujours le câble USB spécial pour la caméra de sécurité pack Freebox Delta. \nOn ne peut pas prendre un câble USB « normal » pour l’alimentation."
1864011304609939952,<USER> c’est normal de ne plus avoir de wifi depuis plus d’un mois et que votre service client pitoyable nous fait tourner en rond ?!
1864022999575228438,<USER> Salut free vous voulez pas m’offrir la migration de ma pop vers le modèle avec le wifi 7 ?
1864024526322831402,"Dites <USER> , ça vous embêtes pas de vendre un contrôle du direct que l'on ne peut pas contrôler parce que TF1 paye pour m'imposer ses pubs ?? #blackmirror <USER>"
1864025296569053229,"<USER> <USER> Salut,si nous prenons l'offre a 7€ <USER> pour les abonnés est-ce qu'on retrouve la chaîne canal plus après résiliation ?? Merci 😊"
1864026782426403275,<USER> <USER> j’attends depuis vendredi un courrier postal pour pouvoir reprendre le contrôle de ma boîte mail Free. \nSans blaguer y a pas plus moderne comme méthode ?
1864031124126617741,<USER> pourquoi je ne peux pas souscrire à l’offre Freebox dans mon nouveau lotissement (Chieulles) alors que l’offre fibre est dispo chez <USER> <USER> et <USER> 😭\nJe veux venir chez <USER> moi !
1864037345885859955,"<USER> bonjour, aura t on la chance de profiter de la bande 6Ghz sur Freebox Pop? Car pour moi pas de changement de débit de wifi6 à wifi7 et donc déçu.. 🥹 Seul possibilité, faire profiter de la bande 6Ghz ..SVP."
1864093415840813387,<USER> <USER> <USER> <USER> Suite à la MàJ tous mes enregistrements qui étaient en local on disparu impossible de retrouver le menu (ancien) enregistrement
1864104296796532935,<USER> c'est quoi ce bordel pourquoi j'ai plus internet ni de réseau mobile d'un coup là (2x en 1h ?????)
1864116581053136957,Ma play du coup c’est limite impossible d’y jouer jvais serre ça fait au moins 2h que je me bat y’a rien <USER> <USER> <URL>
1864207110772269200,"bonjour <USER> tous les enregistrements de vidéos dans l'onglet ""mes enregistrements"" ont disparu ! vide !\nune solution pour les récupérer ?\nMerci"
1864220192122798506,C'est trop frère 160 de ping on a la FIBRE ca fait 2 jours <USER> faite quelque chose <URL>
1864244446616797307,"Depuis quelques jours avec l’Apple TV\nEt l’application <USER> lorsque je demande de mettre une chaîne mais la chaîne l’Apple TV indique, je regrette, je ne trouve aucun résultat correspondant\nEt vous \n\n<USER> <USER> <USER> <USER> <USER>"
1864248804137902565,"Bonjour <USER> , conaissez vous le problème qu'il y a depuis hier midi sur #bruz 35170?"
1864261513193603114,"Bonne nouvelle, Free offre également Universal+ gratuitement aux abonnés Freebox Delta !\n\nNews de <USER> : <URL> <URL>"
1864280934461137017,<USER> la mère n a plus internet depuis un mois . Qu est ce que vous faites comme. <USER>\n<USER>
1864283612943683903,"<USER> Vous commencez a rendre fou , vous etes en panne vous répondez à personne , aucune offre proposée rien du tout . Et quand on vous appelle , le répondeur dit que vous alliez envoyer un mail quand la panne sera réparer ? Vous prenez vrm les gens pour des cons en vrai vous"
1864288486477508806,"<USER> 4 semaines depuis la souscription de mon abonnement Freebox : Toujours pas d'activation de la ligne malgré toutes mes relances et colères, et aucun rendez-vous avec le technicien n'est planifié... Le laxisme et l'incompétence sont désormais la règle chez Free..."
1864290481166774628,<USER> j'attend toujours l'appel de votre service commercial! Cela fait maintenant 6 jours que vous m'avez coupe de ma connexion internet or je suis censé faire prospérer mon entreprise! Sans internet c'est compliqué et je perds potentiellement des clients... Donc de l'argent
1864290800294674502,"<USER> Quel manque de respect de votre service client au bled ils ne peuvent même pas envoyer un sms ou un mail pour confirmer ,quelle honte de profiter comme ça et en plus non respect du client ,raccroche sans un mot ou alors s en va et ne répond plus free service nul nul et nul"
1864298648772677917,<USER> que doit on renvoyer comme cordon lors d'une résiliation ? impossible de trouver l'info
1864303362969145575,Bonjour <USER> \nAuriez-Vous vous la possibilité de me donner en mp un numéro de téléphone ou un mail qui pourrait régler mon problème avec votre sous traitant qui installe la fibre ? \nPar avance merci
1864336998510526559,"<USER> Ce qui est fort regrettable, c'est que nous attendons des échanges de répéteurs WiFi 5 en WiFi 7 depuis le mois de Mai, et que le statut ne bouge pas. Ok pour l'investissement mais aussi la productivité. <URL>"
1864338873217630453,"<USER> ATTENTION aux méthodes peu scrupuleuses de cet opérateur, relevant pour moi de l’escroquerie. En effet, ils se permettent de facturer des options Canal+ alors même qu’on a aucun accès à ces services, et ce même après confirmation auprès de Canal+ qu’il n’existe aucun abonnement."
1864340975545364510,"<USER> y a pas moyen de les avoir au tel ça va me rendre dingue, 3 semaines que j’essaye de résilier mon abonnement on me répond jamais au téléphone !"
1864343328654811553,"Le technicien de Free Réseau qui me dit que je ne suis pas branché sur un armoire fibre optique et que je dois attendre qu'orange me raccorde....Euh, comment dire j'ai eu le fibre <USER> de février à début novembre 2024 donc le branchement existe. Qu'en pensez-vous <USER> ?"
1864345025749950507,"À un moment, va falloir m'expliquer les choses car je n'y comprends rien.\nL'équipe free proxy dont je dépends m'a prêter un back up internet. J'ai un peu de wifi mais pas la tv ???\n<USER> <USER> <USER> <URL>"
1864345365903712503,"<USER> IL VA FALLOIR M'EXPLIQUER POURQUOI MA FACTURE INTERNET AUGMENTE HORS QUE CA FAIT PLUS 2 MOIS QUE JE NE ME SERT PLUS DU TELEPHONE FIXE, NI MÊME DE BOX TV !!! AH ET AUSSI RÉPONDRE À MON COURRIER RECOMMANDÉ EN VOUS PROUVANT QUE VOUS ÊTES RADIÉ DEPUIS 03/02/2012 !! VOLEUR !"
1864348327698936309,"<USER> <USER> \n\nVous m’avez prélevé 39,99€ pourtant on a résilié chez Free, et je ne peux plus me connecter sur votre site .. comment procéder ..?"
1864350049913729366,"<USER> bonjour free, ce matin j'ai fait la mise à jour de la freebox révolution car l'appareil me le demander et depuis cette mise à jour, j'ai perdu tous mes enregistrements et je n'ai plus la possibilité d'enregistrer... Merci de votre aide."
1864373275393950016,"<USER> et <USER> le pire du pire dinternet !!\nApplication qui marche jamais, internet qui ne marche jamais \nPutain 57€ pour leur box de mes couilles ?!\nMais allez ça dégage \nJ’ai jamais pu regarder la télé depuis 2 mois !!\nC’est normal <USER> ?!!"
1864377190307045594,<USER> vous êtes le pire opérateur \nPas joignable !!!
1864378254481613114,<USER> <USER> Gros problème avec le freebox player revolution ! Impossible d'ajouter des enregistrements depuis la box. Aussi les enregistrements du DD passés n'apparaissent plus. Bref heureusement qu'avec l'app OQQE j'ai pu ajouter des enregistrements.
1864387192245604779,"D'habitude je prône la bienveillance mais comme ça fait 42 jours que <USER> me laisse sans internet, sans nouvelles, dans la merde pour le travail, si vous avez quelque chose à leur dire lâchez-vous sous ce post ✌️"
1864400555533123664,Dis donc <USER> je viens de prendre la Freebox ultra et je n'ai pas le wifi 7 comment cela se fait ?
1864440631281561738,<USER> 45€ par mois vous avez pas l’impression d’être des voleurs avec votre connexion qui marchent pas là tin
1864442885606637785,<USER> j’ai un problème je veux changer ma box on me demande de renvoyer l’ancienne avec la télécommande ( que je n’ai plus ça fait plus de 10 ans que je suis chez vous ) je fais comment 😭😭😭
1864454349172179454,<USER> Scandaleux : Free facture des frais d’installation et d’abonnement pour une Freebox non déballée (ligne téléphonique non opérationnelle)\nDe drôles de méthodes condamnables
1864553458885439860,Depuis le 20/11 mes parents de 84 ans n’ont plus de connexion internet et surtout téléphone et <USER> nous balade et les laisse sans pouvoir être joints et sans expliquer ce qu’il se passe!Je n’ai jamais vu ça!Tout se passe par écrit donc c’est facile on subit et rien ne se passe
1864570388304306438,<USER> vous vraiment je vous déteste
1864571189277921285,<USER> Préciser chez free dans mon cas c payant <USER> <USER>
1864581983218614583,"<USER> bonjour qui c est fait arnaquer avec le soit disant max gratuit pendant 1 mois reçu mail le 9 novembre inscrit dans la foulée et payer 5,99€"
1864596001413017908,<USER> pourquoi personne n est capable de remettre la fibre chez ma fille en’panne depuis la semaine dernière lundi déjà 10 jours on aimerait bien une réponse
1864596264429523439,<USER> hello ya quelqu'un pour réparer une box après 10 jours de panne
1864603096183124085,<USER> C'est cassé !! <URL>
1864603136377098408,<USER> Ça ne marche pas <URL>
1864604498443825196,"Free x CORAIL°, une collab’ branchée.\n\nDécouvrez notre paire de baskets recyclées avec des morceaux de Freebox Révolution.\n\nTentez de les remporter ici 👉🏻 <URL> <URL>"
1864617469303750849,<USER> mon abonnement que j'ai résilié en septembre ne s'est en réalité pas résilier et je paye 45 € par mois depuis septembre et votre service est injoignable c'est normal ? Faut en parler 2 minutes là
1864624010790641697,"<USER> <USER> <USER> <USER> la qualité du support <USER> à légèrement chuté depuis quelques temps... et la page ""mon assistance"", n'en parlons pas ! .. strictement inutile ... \nwhatsapp ils mettent 3 jours à répondre pour au final dire ""désolé on n'a pas eu le temps, reposez votre question"" et le 3244..."
1864657954936348757,<USER> la wifi qui marche pas depuis deux jours c’est quoi?
1864658235266892076,"<USER> C'est maintenant trois mois que je me suis désabonné de vos services de box Wi-Fi et que j'ai retourné tous les articles, y compris les routeurs et la box Wi-Fi. Vous continuez à prélever de l'argent sur mon compte malgré le fait que je sois venu dans vos bureaux et que j'ai effectué toutes les démarches nécessaires. Quelle est la solution à cela ?"
1864666497521439105,<USER> \nbonjour \nJ’ai besoin de vous joindre à titre personnel mais impossible le 1044 et 3244 ne correspondent pas à ma demande et j’ai t’entends l’assistance il n’on pas accès au service commercial \nDite moi svp comment vous joindre \nMerci d’avance
1864666589611561358,<USER> Bonjour j'ai été prélevé d'une somme alors que je ne suis même plus chez vous. Puis-je avoir qqn de compétent pour régler ça au plus vite? Merci bien
1864667487079424076,Elle est là 😍😍😍🚀🚀🚀 #FreeboxUltraEditionLimitee25Ans Merci <USER> <USER> <URL>
1864696119860588784,<USER> <USER> \nIl se passe quoi là ? <URL>
1864700573951344876,"<USER> Plus d'internet depuis deux jours. Je l'ai signalé, réponse: nous informons l'operateur historique"" depuis plus de nouvelle et surtout IMPOSSIBLE DE VOUS JOINDRE ni de joindre cet operateur historique! Comment je fais pour bosser?????? Aucun suivi SAV!!! #Free #iliad"
1864701033177378871,<USER> <USER> les mails ne fonctionnent pas depuis ce matin. On peut avoir des infos ?
1864708493170573445,je commence en avoir marre . J'ai un problème avec ma box je prends rendez-vous ce samedi et c'est annuler . Par contre pour joindre un conseiller impossible. Je vais quitter FREE <USER> <USER> pourquoi annuler mon rendez-vous ? C'est pas bien de laisser les gens. #Free <URL>
1864716763960623363,"<USER> bonjour,\nOn doit m’installer ma box demain, mais elle ne m’a pas été livrée 😡"
1864720599660089351,"Bon... <USER>, je ne sais plus quoi faire... J'ai pris il y a 2 mois un abonnement free fibre pop. 3 techniciens sont intervenus chez nous, en plein Paris, ds un immeuble où il y a déjà des abonnés Free. Ils ont été incapables de nous brancher à la fibre Free. Pire..."
1864725207644057647,"<USER> , vrai foutage de gueule, comment ça je ne peux plus avoir de conseiller directement au 3244?!"
1864726281880789157,<USER> normal que la box Freeze sur le bandeau ? 🤷‍♀️😱 <URL>
1864753696342483396,<USER> Avant de faire des offres régler vos problèmes de box ce sera mieux
1864763299201458212,"<USER> Un seul mot: inadmissible !!! Chez vous depuis mi-septembre et déjà plus que déçu...! 48h que nous n'avons plus d'internet à la maison sans solution, sans information, sans aide. Nous allons résilier. Aberrant de voir un tel service et que dire du service client/assistance"
1864766982501077251,J'aimerais bien :-) J'ai une demande de raccordement fibre en cours depuis le 31 juillet. Un cauchemard. Vous pouvez m'aider <USER> ?
1864772283488690316,Ils ont quoi <USER> à bug comme ça
1864772297271165252,"<USER> Merci de m'avoir coupé internet suite à un retard de 1, <URL> vous rappel que on n'es pas tous payés le 31 ou le premier du mois. Moi j'en n'es ma claque. De free. Je vais résilié le contrat et allé. Chez Bouygues comme ça je pourrais"
1864775010075730343,<USER> Freebox niquez vos meres vous etes la pire connexion lvdm vous etes nuls vos connexions encore pire votre service client de con vous etes bon qu'a mettre des ratios bande de fdp mais quand pour gerer le ping ya prsn bizzarement ya que votre télécommande ca va mais c pr la manger
1864921983957209144,<USER> <USER> <USER> Je l’es reçu mais je comprends pas comment brancher mon enceinte devialet !! Maintenant que j’ai renvoyé ma delta
1864924890882580869,"<USER> <USER> comique de parler de ""bien faire son travail"" quand <USER> passé son temps à percer des murs sans autorisation pour installer sa fibre"
1864958469230473490,"Face aux ""décisions fiscales et pénalisantes"" et face à l'ARCOM qui supprime C8, la décision du Groupe Canal de se retirer de la TNT va avoir de très grosses conséquences sur le PAF <URL>"
1864965536523649082,<USER> la chaîne Fox news présente 1 décalage d'environ 7secondes entre image et son
1864968477846433967,"<USER> bonjour, impossible de supprimer un abonnement MAX depuis mon compte Freebox (alors que je suis bien débité par Free pour cela). Il est noté sur mon compte que je n’ai aucun abonnement en cours"
1864969786968388038,<USER> <USER> <USER> c'est quoi le problème chez vous ? On n'arrive pas à vous joindre. Par aucun moyen de communication que vous mettez en place. Des que ça parle de facturation plus personne ça fait un an que je signale un souci tarifaire sans réponse ! 20ans de fidélité
1864981110360301606,"Client chez <USER> en vdsl, j’ai demandé il y a 3 jours pour basculer à la fibre et 3 jours qu’ils me répondent que l’offre est en étude. Du coup signature chez <USER> … apparement les employés free n’ont pas tout compris."
1864992771733352521,<USER> <USER> <USER>
1865002626426818758,- votre câble fibre est abîmé \n- quand est ce que ça pourra être réparé ? \n- je ne sais pas \n- comment je fais pour avoir internet en attendant ?\n- je ne sais pas \n<USER> vous pensez que je paye pour ça ? c’est mieux vous trouvez une solution rapidement
1865034412263358974,Pourquoi on a pleins de chaines qui fonctionne plus depuis ce matin <USER>.
1865042774690533720,<USER> <USER> c'est marrant 5 minutes votre panne general sur les box mais j'ai aucun réseau mobile ni fibre moi maintenant ...
1865043271367463291,"<USER> bonjour, actuellement en télétravail ma connexion vient de sauter. J'ai contacté l'assistance qui n'en est plus une, pour me faire entendre dire que des tests sont en cours à l'extérieur sans plus d'informations. Impossible de reprendre mon activité."
1865057166689702362,<USER> ce n’est vraiment pas acceptable de votre part de laisser les habitants de la ville d’Argenteuil sans internet depuis plus d’un mois 0/5 ⭐️
1865066909558862208,"Plus aucun service <USER>. Des semaines d attente et toujours aucun signe d un rdv, aucun délai... Un boîtier 4G qui sert à rien. Envie d aller voir ailleurs 😤 <USER>"
1865067119823433965,"<USER> Application Oqee, ou alternative…1PTV🤭\n\nVeut tu que je te met en relation avec le service technique <USER> <USER> 😌🙂?"
1865077948438446253,"<USER> Plus de réseau téléphonique sur Mont de Marsan (Landes) ni d'internet depuis 15 h, grosse panne qui touche toute la ville et ses alentours, savez-vous pourquoi? Merci"
1865082553603957178,"<USER> <USER> La même a Dax, un peu de réseau perso, 5g de temps en temps mais Freebox impossible à connecter"
1865082787247612216,"<USER> une fois de plus depuis bientôt + 2h ns n'avons plus d réseau, plus d'internet.... En fin d compte vous êtes pire q ""REEF"" y en a marre... 😡 J vais résilier."
1865087034127167534,<USER> <USER> <USER> Est ce qu’on peut discuter pour savoir si il y’a possibilité d’avoir l’édition limitée svp
1865098187565892092,"<USER> vous pouvez svp m’expliquer pour je suis sans cesse déconnecté sur l’Apple TV ? Sur la même vidéo, deux déconnections, les autres sévices fonctionnent"
1865124052030922775,"<USER> <USER>\nUn ""technicien"" qui me propose un répéteur wifi pour des coupure d'internet... Aucune solution temporaire à mes problèmes. C'est limite si on me traite de menteur car ""j'ai rien de mon coté"" au téléphone.\nJuste déçu.\nUn technicien compétent pourrait m'aider ?"
1865140002658636264,1 semaine d’interruption d’internet pour travaux qui se transforment en 1 mois et demi j’vous deteste <USER>
1865164105704747113,"<USER> <USER> <USER> OK je suis pas seul, le mien clignote déjà (pas à ce point quand même) alors que je l'ai depuis 17h ajd. Heureusement je l'ai pas pris pour le bandeau LED, mais <USER> sans déconner..."
1865334730943553914,"Bonjour <USER>, tu veux pas faire activer les fréquences 3500 5G SA des antennes autour du Château de la Piscine à Montpellier. (Capture d’écran de l’antenne sur laquelle je suis branché)\n\nJ’ai même pas eu le temps de profiter de mon Ultra EL 1 jour avant de subir un débranchement sauvage 😭.\n\nEn attendant qu’un technicien vienne lundi, ça serait l’occasion de tester votre 5G SA 🙏❤️\n\n<USER> <USER> <USER> <USER>"
1865369755827236937,3j en étape 2. En 2028 <USER> me fournira internet normalement… 🙄\n<USER> je paye 100k pour savoir pourquoi 2 câbles connectés donnent se résultat 😂 <URL>
1865405791701757991,"Bonjour <USER> pour <USER>, combien de fois doit-on demander un report de livraison pour avoir une confirmation de livraison à la date demandée ?"
1865438485324169503,"<USER> , comment fait on, quand étend ancien client Delta devialet, que nous n'avons plus accès à l'espace mon compte (sauf pour consulter les factures), afin d'aller dans l'onglet boutique, acheter une nouvelle télécommande ou un nouveau freeplug si ceux ci sont endommagés ?"
1865456355244470355,<USER> <USER> <USER> <USER> <USER> Problème avec des led qui clignote de mon coté 🙋‍♂️
1865486156105687528,<USER> bonjour je n’ai plus de wifi et la box est bloqué sur étape 3D. Qu’est-ce que je peux faire ? Merci
1865696414187065518,"<USER> c'est en passe étape 2 depuis hier soir, galère dans le 94 ?"
1865712676099252592,Il boycotte un mec juste parce qu’il est fier d’être français : on appelle ça comment déjà ? 🧐
1865715019398164554,<USER> vous me prélevez une option que je n'ai jamais souscrite <USER>
1865717788846809122,"<USER> <USER> <USER> pourquoi ne peut-on tout simplement pas ce connecter avec ces identifiants ? J'ai un compte Premium et impossible à synchroniser sur ma Delta Devialet, cette histoire de code dans l'appli sa marche pas. Voir photo jointe.. 😭 <URL>"
1865796120326365356,<USER> <USER> <USER> <USER> <USER> je crois qu'on a une perte de connexion au niveau national.
1865802600358027631,<USER> suite à mes déconnexions répétitive et votre SAV lamentable je suis en train de chiffrer ma migration vers un autre opérateur..bye bye free apres 20 ans
1865835950800089221,"<USER> bouteille à la mer, un rdv pour qu'un technicien passe chez moi brancher la fibre, c'est possible ou non ? ça fait 1 mois que j'essaye tout ce qui est possible pour vous avoir :)"
1866012827502133648,Qui d'autre est sans internet depuis plus de 24h sur freebox au Pays-Basque ? <USER> <USER>
1866062727732428848,"Nous sommes un magasin de cuisines équipée qui fonctionne depuis 7 ans à Strasbourg. Tout a commencé il y a à peu près 3 mois, lorsqu'un commercial de Free m'a démarché pour remplacer mon abonnement professionnel chez Orange. C'était le début d'un cauchemar. <USER> <USER> <URL>"
1866064256015482885,"Suite à l’intervention du technicien, mon second post sera un peu cinglant car ce qui n’aurait dû être qu’une simple formalité prend finalement les allures du parcours du combattant:\n\nCe matin le technicien arrive dès le début du créneau (bien !), il vérifie les branchement de mon côté, évidement tout semble bon avant de brancher le laser et se rendre au point de mutualisation derrière. Ce n’est que lorsqu’il finit par revenir avec un backup internet 4G que le début des déconvenues commence:\n\n- alors que je suis client <USER> <USER> depuis 2 ans, j’apprends que je n’ai pas de place attitrée dans l’armoire (Pardon ? 🤨)\n\n- plutôt que de déconnecter un client actuel et me brancher à sa place, le technicien reste pro (tout à son honneur) et préfère m’installer un backup internet 4G… qu’il n’arrivera finalement pas à activer car le système d’information ne le permet pas (à cause de l’Edition Limitée de la Freebox Ultra)\n\n- bonne nouvelle: “il paraît que vous avez un pocket 4G !” alors oui, mais il est impossible d’y brancher ni mon NAS <USER>, ni mon relais <USER> !\n\nLE BILAN:\n\n- j’ai donné 49€ (alimentant la trésorerie de <USER>) pour obtenir la Ultra Édition Limitée des #25ans de <USER>… ce qui m’empêche finalement d’avoir la box de secours (qui elle dispose de ports ethernet).\n\n- fidèle de <USER> depuis plus les débuts, j’apprends qu’en retour, la société n’a daignée m’attribuer une place fixe officielle dans son armoire.\n\n- je dois utiliser mon pocket 4G, qui est un service inclus (et pour lequel j’ai payé 10€ à l’origine) mais surtout qui ne dispose pas de ports ethernet afin d’y brancher mes appareils démotiques et mon NAS.\n\n- je vais devoir attendre, je ne sais combien de temps, qu’un nouveau rack soit installé au point de mutualisation…\n\n- j’ai posé une matinée de RTT pour rien, et je vais devoir en poser une seconde pour la prochaine intervention !\n\n- et pour finir, la fréquence 3500 MHz 5G SA de l’antenne sur laquelle je suis branché avec mon <USER> (dont le partage est finalement plus pratique que la pocket 4G) n’est toujours pas activée.\n\nSi mon post initial à ton endroit <USER> était “mignon et compréhensif” car un débranchement, ça peut arriver, je me devais de le compléter par celui-ci, nettement moins sympa mais, je le pense, mérité !\n\nLe seul à saluer, c’est le technicien d’aujourd’hui, qui au lieu de débrancher un autre quidam a préféré faire les choses proprement, mais ce n’est pas pour autant à porter au crédit des autres car celui qui m’a débranché, lui, ne s’est contenté que de la facilité !\n\n#Free #Iliad #Freebox #NotreDameDeParis #NotreDame #NotreDameCathedral #Fibre #Internet #France #PasContent \n\n<USER> <USER> <USER> <USER> <USER> <USER> <USER> <USER> <USER> <USER> <USER> <USER> <USER> <USER> <USER> <USER> <USER> <USER> <USER> <USER> <USER> <USER> <USER> <USER> <USER> <USER> <USER> <USER> <USER> <USER> <USER> <USER> <USER> <USER> <USER> <USER>"
1866065153021591965,"<USER> , on fait comment pour vous joindre quand il n'existe pas de tel pour vos agences ?"
1866071219595887092,"Dès le départ, j'ai précisé que mon abonnement devait être PROFESSIONNEL. Le commercial m'a assuré à plusieurs reprises que c'était le cas. Pourtant, il n'a même pas demandé le nom ou le numéro de mon entreprise. J'aurais dû me méfier... <USER> <USER> <USER> <URL>"
1866071538333819110,<USER> vraiment déçu de la dégradation de l'assistance Freebox dans le 78. Intervention du technicien entre 8h et 11h. On m'appelle pour me dire qu'il a du retard il vient à 10h. Il est 11h43. Si moi je suis présente on va me foutre une pénalité de 49 euros.
1866091330444648841,"<USER> <USER> Gros dysfonctionnements chez Free : depuis le 21/11 toujours aucun raccordement à la fibre. \nOn me balade de conseiller en conseiller, des rdv tech non honorés, et la facturation des frais d'installation et d'abonnement est déclenchée... On marche sur la tête !"
1866098909052875012,"Bonjour <USER> .\nÉtant donné que <USER> ou <USER> ne me propose aucune solution de dépannage, vous n'êtes pas loin de les rattraper niveau service client..."
1866124054790365367,"<USER> Au lieu de faire des collabs essayez de régler votre but premier : offrir une connexion satisfaisante à vos clients . Encore une fois bloqué en étape 2 , on s’y habitue presque."
1866130894467092589,"<USER> <USER> 1,5 mois d indisponibilité totale adsl et Fix a cesson 77240 et rien de chez rien n est fait, et ça facture tranquillement en attendant…."
1866138860876710310,Petite reco lecture : <URL>
1866167863490367955,<USER> bonjour c’est normal que votre technicien s’amuse à débrancher et dit que c’est pour être payé plus . Il est intervenu sur gareoult aujourd’hui . Du coup j’ai encore plus internet que faire svp? C’est urgent et comme d’hab ça ne répond pas . <USER>
1866174311179964795,<USER> comment on fait pour vous contacter maintenant ? C’est devenu une galère j’aimerais juste renvoyer mon matériel après une migration…
1866180684982997077,<USER> OK mais viens réparer ma fibre jpaye dans le vide la frero au lieu de poster des vannes
1866238004047552969,<USER> Ils me facturent mal et je n'ai aucun moyen de les contacter. Mauvaise compagnie!
1866267383524188448,<USER> c'est normal que ma wifi s'est arrêté ma box veut rien savoir?
1866377180105805850,Bonjour <USER>. La #freebox #Delta est bloquée sur l'étape 2 depuis hier soir vers 23h40. Depuis plus rien malgré le redémarrage de la box. Savez-vous ce qui se passe dans le secteur de Lomener à Ploemeur ?
1866378723525795956,48h sans internet 😤 <USER>
1866402803498762373,"<USER> Bonjour, je souhaiterais annuler mon inscription Freebox car je déménage dans une semaine et je n’ai toujours pas de rendez-vous…\nJ’appelle le 1044 et le 3244 mais aucune réponse"
1866410933771538843,"<USER> Bonjour l’équipe Free \nJe n’ai plus de connexion depuis ma FreeBox Crystal depuis qq jours. J’ai vérifié tout le câblage et rebooté plusieurs fois : j’ai toujours le rectangle qui tourne dans le sens des aiguilles d’une montre, pas très rapide."
1866413989267153205,"<USER> Allo <USER> , il y a quelqu’un ?"
1866416293865242943,<USER> <USER> on paye la fibre pour avoir une co comme ça ??
1866424799154647350,<USER> ton assistante sur whatsapp c'est de la grosse merde.\n*on vous répond dès que possible *\n5j plus tard : *oups on vous a pas répondu si vous n'avez pas trouver le réponse passez un message *\nJ'ai pas la réponse : *merci de confirmer votre identité *\n🤬
1866431365392269591,"<USER> \n\nBonjour, \n\nJe reste dans l'attente de la réponse d'un être humain via l'assistance WhatsApp depuis plusieurs jours... (sic).\n\nJ'ai question sur une double facturation."
1866453229363413361,"<USER> <USER> #1 bonjour, ça fait 20 ans presque que je suis free, vous proposez la fibre, je dis ok, vous envoyez une 10zaine de personnes pour constater que la gaine est bouchée, je dis ok!"
1866459180447768814,Merci de RT \n\nJ'ai FreeboxUltra depuis ce matin 11h\n\nDeux soucis : mes speedtest bloquent à 900mbps malgré que j'ai une carte réseau 10Go. Sur Freebox OS je vois Débit max 8Go puis entre parenthèses (1Go)\n\nje suis toujours bloqué à l'étape 4 sur le site malgré que j'ai du reseau
1866461663798702587,<USER> <USER> <USER> Ps : j'ai tenté d'appeler 32 44 mais impossible d'avoir un conseiller. La boîte vocale me dit que je suis en cours de raccordement et raccroche
1866468689509314733,"<USER> J' en ai plein le cul de Free, j'enregistre des films et 3 jours après les films ont été effacés. Payer 40€ par mois pour une merde pareille c'est chiant. Je comprends qu' il y en ait qui prennent des boitiers IPTV."
1866481587258274091,"<USER> Bonjour LanenMichel,\n\nRetrouvez toutes les adresses de nos boutiques ici :\n▶️ <URL> - Free"
1866484026300854691,<USER> vous êtes toujours en activité ? Car ça fait 3 semaines que vous avez essayé de faire un trou dans mon mur pour faire passer la fibre sans réussir et depuis plus personne ne me répond ou ne me contacte... Comment faire pour réussir à avoir internet avec vous ?
1866499565588988104,"<USER> Bonjour,\nJe vous contacte ici car impossible de joindre votre service par téléphone : \nJ'ai résilié mon abonnement freebox en septembre, puis renvoyé mon matériel par relais colis (comme indiqué dans vos procédure)"
1866530946867925093,<USER> c'est quand que vous répondez à vos clients....\n20 minutes d'attente et vous raccrochez....!!!\nC'est quand que vous remettez la fibre à Scionzier?\nÇa fait 2 jours!!!
1866542234885111851,"<USER> <USER> <USER> <USER> Je vais les quitter dans peu de temps\nDepuis que j'ai la fibre, j'ai des caméras qui ne fonctionnent plus, ils parlent justement de réseau wifi instable, c'est sans arrêt, donc pas de connexion"
1866544280925319465,<USER> <USER> \n\nPossible d'avoir internet ou je dois encore attendre 1 mois et demi de plus pour un rdv technicien ? Ça fait long la.
1866586431264620873,<USER> j’aimerais parler à un conseiller
1866591971222999205,<USER> bonjour \n\nJ'ai un souci avec ma box qui se coupe a Étape 2\nMerci
1866595640194527701,"<USER> bonsoir j’suis bloqué en étape 3d suite à une histoire d’écrasement de fibre, et ce sans prévenir \nDes infos ?\nDois-je résilier et passer à plus fiable ?"
1866630888202834238,remet internet <USER>
1866664872194478487,"<USER> Ça fait deux fois cette nuit que j’ai plus d’Internet, que ce soit ma box ou mon portable, et ça pendant 15 min. Pas prévenu de quoi que ce soit, ça arrive au moins tous les deux jours et on ne nous dit rien qu’est-ce qu’il se passe chez free ? C’est extrêmement frustrant"
1866729522520826016,Inédit : Bonne nouvelle avec un beau cadeau sur la migration <USER> Révolution vers Freebox Ultra et certains abonnés <USER> qui peuvent en bénéficier. Faîtes vous partie des chanceux ? 🥰Comment le savoir ? Simple Tuto à lire pour avoir la réponse.🕷️\n\n<URL> <URL>
1866768698981470255,Mais <USER> c’est trop !!! Tous les mois j’ai une coupure internet
1866785139755507883,"<USER> <USER>\nBonjour,\nJe souscris un abonnement chez free. Je suis sensé recevoir la box le 10 décembre (SMS reçu).\nPas de colis, par téléphone une personne me répond comme un robot. \nJe n'ai plus internet pendant 24/48h et on me dit ""soyez patient""... \nMerci <USER> et <USER>"
1866792291572371473,Des incapables <USER>
1866826501498286317,<USER> Le seul FAI ou ont peut pas se connecter sur le jeu <USER> FF Je change d'opérateur
1866831685678932110,<USER> on fait comment quand personne nous recontacte ? Ticket incident ouvert depuis 1 sem. Client pro !!
1866849874630578302,<USER> tjs pas d’internet de tv rien ! On prend des rdv mais les techniciens n’appellent que moi qui suis au travail et pas là 2eme ligne de portable que nous avons chez eux de mon conjoint qui lui était à la maison pour eux…
1866862975505797563,"Bonjour <USER> . J'ai un abonnement à 9.99€ à vie (si si), je voudrais savoir si je peux avoir de la 5G pour le même prix sans perdre cette offre commerciale ?"
1866866037880242217,<USER> Bonjour on a installer la fibre dans mon immeuble. C’est quand vous voulez ( ps je vis avec un débit de 20Mb/s ) \nMerci
1866889299561681334,<USER> quand allez vous enfin régler le problème du #wifi 2.4 ghz. Dommage ça fonctionnait avant la dernière mise à jour\nRappel l'essentiel de la domotique est en 2.4 ghz 😡😡😡 <URL>
1866893558579605574,Mais c’est insupportable !!! Impossibilité de prendre la fibre en plein #Paris ! Et pas de possibilité avant 10/25 ! Et là <USER> ne veut pas me vendre la #box5gFree mais seulement l’ADSL en 2024 ! Incroyable ! <USER> 🥺🥺🥺
1866931956467867966,<USER> Suite à une résiliation du 9 octobre j'ai rendu le matériel dans le Relais Colis préconisé par FREE le 12 octobre et depuis ils me harcèlent et menacent de me faire payer le materiel alors que j'ai déjà répondu 3 fois à leur mail en joignant le justificatif de dépôt .
1866954209960116573,<USER> 10 jours maintenant que ma ligne freebox fonctionne plus l assistance me répond dans 72h maximum votre ligne sera réparée j ai obtenu un rendez-vous avec un technicien pour vendredi matin aucun technicien c es présenté et je reste en panne et sans réponse de free c nul
1866959724123439129,Qui a connu ça ici <URL>
1867091476926407026,"Chez <USER> avec leur abonnement c’est retour dans le passé ,comme quand on avait msn émule etc \nLa je veux juste faire une mise à jour et j’ai 3h d’attente avant de pouvoir commencé à bossé du coup , et je paye plein pot! et ne mon jamais proposé la fibre , c’est pas beau ça ? <URL>"
1867120843047817290,"Bonjour <USER> et la team <USER>, je souhaite passer la Freebox révolution que j’ai depuis plus de 10 ans à la #freeboxultra. Pour #noel2024, pourriez-vous m’offrir les frais depuis migration?\nMerci"
1867147172635971705,"Bonjour <USER> <USER> je viens de me rendre compte que vous me voler 9,99€ par mois depuis 5 mois grâce à une offre que vous mettez sans le consentement du client et qui reste à sa propre vigilance de résilier?\n\nC’est du vol \n\nFaites attention à vos factures!!!!"
1867157881822314834,"<USER> ▶️❓QUESTION pour Free : À chaque mise à jour de la box ça marche de moins en moins bien, et pleins de fonctions disparaissent... (Le marquage de vidéo perso vu et le retour en arrière sur la dernière MAJ !) Une explication à donner ???"
1867164028486787562,Je suis le seul à avoir ma box free bloqué à l'étape 6 ??? #freebox #free #panne
1867221589831348230,"Dites, <USER>, <USER>, c'est quoi le problème actuellement dans l'Oise ?\nUne résolution prochaine est-elle programmée ?"
1867239200044789872,<USER> Même souci dans l’Oise et forfait mobile aussi chez FREE donc je n’ai plus rien du tout pour télétravailler … déjà une journée de perdue 😡 <USER> ce serait bien de résoudre le problème quand même !!!
1867280683514966513,<USER> J’ai toujours cette box <USER> et je paye plein pot 😮‍💨
1867282291992789232,"<USER> <USER> <USER> Je croyais qu’il n’était pas possible de connaitre nos références &amp; emplacements sur l’armoire. Mais visiblement c’est pas trop le cas. Sérieusement, c’est le même problème plusieurs fois par an.\nVotre rôle est-il de satisfaire vos clients ?\n🤬🤬🤬 <URL>"
1867288437759656244,<USER> comment avoir des infos free sur X? \nMerci
1867291784415490300,"Jeudi, 12 décembre, 2024, 20h33min50sec.\nBon moment pour rappeler que free même avec la fibre c'est de la grosse merde n'allez jamais chez <USER>"
1867291855844442599,"Bonsoir <USER>, Je viens d'écouter ton itw sur <USER> où tu parles de l'échec de la Delta-Devialet pour cause d'embourgeoisement. Alors quand <USER> va-il répondre à BT et proposer une box ""fibre seule"" ? A moins que <USER> soit bloqué à vie sur des offres tripleplay..."
1867298645399269409,"<USER> <USER> Plus de connexion internet, plus de télé depuis plusieurs heures et aucune communication. Vous trouvez ça normal ? A quand le rétablissement du réseau ???? Marre de vos pannes à répétition !"
1867301749783994501,"<USER> Dans les choux ce soir. Pas d'internet, un gros soucis avec vos Dns?"
1867303659903824244,"Merci <USER> d'avoir laissé le stagiaire touché a votre réseau, j'ai plus d'internet chez moi😡\n\nJe prend sur ma 4G de Bouygues (300 Go ca va hein) mais bon c'est pas une vitesse fibre mdr😅"
1867309361129042244,<USER> il ce passe asse quoi ?
1867317649862275324,<USER> <USER> <USER> <USER> Dans le sud 83 plus de co ici
1867347822141747583,"<USER> <USER> :\nVous serait-il possible de cesser de nous couper Internet après 23h30, svp ?!\n\nD'abord parce que je paye pour ce service, toujours, sans aucun retard\net ensuite\nPARCE QU'IL EXISTE DES GENS AUTRES QUE LES GRANDES ENTREPRISES\nQUI BOSSENT\nLA NUIT.\n__"
1867362234722398317,"Salut <USER> , petite question : à ma nouvelle adresse, la fibre est dispo partout autour et mon immeuble est ""en cours d'étude"". Ms pas moyen d'accéder au formulaire d'intérêt et le débit ADSL est vrt moisi... <URL>"
1867519041323380935,<USER> alors il faut appeler chaque deux semaines le service client pour ce débit ? Puis tomber sur des conseillers qui n’ont pas envie d’aider et te disent librement tu peux voir ailleurs.\nLe débit est catastrophique en plein 94.\n\n#freebox <URL>
1867551889207791992,"1/2 [Événement] Nous avons installé un camion provisoire proche de la Place d'Austerlitz à Ajaccio (20) afin de renforcer notre réseau mobile <USER>. Notre camion permettra de profiter pleinement de la 3G, 4G et 5G pour les milliers de visiteurs prévus ce dimanche. <URL>"
1867879708584485363,5 114 jours qu’elle porte bien son nom. <URL>
1868986654708686879,"<USER> <USER> une vraie galère de prendre un abonnement chez vous. Bientôt en 2025, un abonnement prit depuis le 3 décembre et toujours pas internet, les techniciens ne savent pas quoi faire en arrivant à la maison et à chaque fois on me dit d’attendre 72h avant que 1/2"
1869001562405978461,<USER> médiocre la qualité du service.
1869361029463056775,"<USER> <USER> <USER> Client Freebox Révolution depuis sa sortie…..donc 14 ans.\nCette offre de migration ne m’est pas proposée dans mon espace abonné. \nAppel au service client……..""les Freebox Revolution ne sont pas concernés par cette offre"".\n<USER> récompense ses clients fidèles ? Quelle blague !!!"
1869362558404276295,"<USER> , abonné fibre avec une box Delta, vous voulez me faire payer 49 € pour passer à une box ultra. Vous offrez la mutation vers ultra pour les box moins performantes Dois dois passer en box inférieure 1 mois puis aller sur Ultra pour pas avoir l'impression d'être volé?"
1869377146810237145,<USER> <USER> Marre de payer des pénalités de paiement alors que mon dossier est à jour. Stop FREE !!!’
1869394093652300170,"<USER> <USER> je suis passé a la fibre y a même pas deux mois, c'est déjà en panne avec un technicien programmé pour dans deux jours. Quitter <USER> était une grosse connerie, jamais eu de pannes de plus de 30 min en deux ans"
1870904516507279473,<USER> merci 15 jours sans internet et des rendez-vous toujours reportés alors que nous sommes en grande agglomération !!! \nQuand le correspondant internet vous répond d’être patient chaque jour c’est USANT !!!
1870920409782308953,<USER> bonsoir. Pourquoi le ss titrage n'est pas possible sur JT de TF1??
1870945565397352534,"<USER> bonjour, j’ai renvoyé mes équipements, mais vous me dites que je dois les renvoyer. Que fait on ?"
1873803097023406520,<USER> bjr\nJ’ai un soucis avec vos services.\nJe vous ai retourné une box y a deux semaines et j’ai la preuve de dépôt .\nVous m’informez n’avoir rien reçu
1874134570687439104,"Bon <USER> ça va faire 1 mois qu'on a plus de fibre, donc plus internet/telephone/tv... c'est la 2eme fois qu'on nous décommande le rdv poser pour cette fois si comme raison une panne free générale 🤨 sachant qu'on doit intervenir sur le fil extérieur car c'est là le pb"
1874381663125618706,Arrêtez de dire LA Wi-Fi ?
1874439333283074051,"Hey <USER>, ma Freebox Ultra reste bloqué sur l’étape 3d, une idée ? Votre service client est off aujourd’hui…"
1874483360774619390,"<USER> Bloquée sur étape 3 depuis aujourd’hui, sans raison identifiée… l’année commence bien !"
1874737735766061365,"<USER> Mes parents n’ont plus d’internet ni TV depuis mi-décembre, impossible de vous joindre au 3244, ça devait être résolu mardi c’est toujours pas le cas"
1874767194292461692,<USER> étant donné qu'après presque 2 mois sans internet toujours rien n'est fait je me demandais qui est ce que vous conseillez entre un FAI de la ffdn ou orange ? J'aimerai bien avoir un FAI compétent m'voyez
1876546330840940818,<USER> Ça fait presque 20 ans que je suis chez free est en général c’est plus rapide
1876599350111191519,"Passage d’un technicien <USER> pour la 4e fois en 9 jours.\n\nPar contre, débrancher la fibre et la rebrancher dans l’immeuble, je peux le faire aussi.\n\n<USER> peut-être pourriez-vous corriger les problèmes sur votre infra plutôt que faire courir vos techniciens inutilement ?"
1876600901047333244,Free qui me prélèvent par « erreur » en plus sur mon forfait et là qui me prélèvent en plus sur ma freebox ??? <USER>
1876602805437469075,<USER> <USER> <USER> Y’a un cheat code pour accéder au support technique ?\n\nJ’ai besoin qu’un mec qui connaît un tout petit peu l’infra corrige les problèmes de signaux en amont du PMI de l’immeuble de mes parents et son NRO supérieur.
1876683594384699632,<USER> vous répondez au bout d'un moment sur vos service en ligne ou bien ?
1877655088535044436,La fibre &gt; la fève <URL>
1886742908981674089,<URL>
1889233383873446256,"Une super offre vient d’être repérée 👀\n\nAvec Qiara Protect, bénéficiez d’une protection complète de votre domicile pour seulement 19,99€/mois tout compris : télésurveillance et mise à disposition du matériel inclus, sans engagement.\n\nEt en exclusivité : les abonnés Freebox profitent du premier mois gratuit 🎁\n\nPour en savoir plus 👉 <URL>"
1889604656633946267,"<USER> \n\nBonjour,\nMon compte mail semble bloqué.\nQuand je fais mot de passe oublié, le process est un envoi postal, or je n'habite plus à l'adresse que vous connaissez.\nPouvez-vous me proposer un autre moyen pour réinitialiser mon mot de passe ?"
1891482073459744773,C'est une spécialité ou un mot de passe Wi-Fi ?
1891758640702407157,<USER> On peut prendre un RDV de raccordement fibre directement depuis votre site ou il faut obligatoirement appeler un numéro surtaxé et attendre 10 minutes dans le vide ?
1891844208920576101,"<USER> <USER> salut Xavier j'ai demandé la résiliation de ma box et sur la facture, on me colle un petit ""canal series"" what the...? <URL>"
1891854662971584972,"Bravo <USER> , boite mail soi-disant piratée, plus moyen de l'ouvrir. 1044 et boutique, à pars vouloir vendre, rien, Nada. Si, créer une nouvelle adresse... mes parents ont 85 ans, non, ils ne vont pas changer d'adresse mail! Une honte! Vive le progrès..."
1891898597945254321,<USER> bonjour 👋 est-ce que le débit par les\nWifi est-ce que c'est respecter mieux que orange \nWifi 2Gbits par équipement ? Bien sûr en fonction d'un nombre Wifi 5 6 6e
1892005449756553264,<USER> <USER> <USER> J’en peux plus 3h de téléchargement pour 98GO fais quelque chose
1892146617752400322,<USER> et <USER> \nVous pensez vraiment que l'on n'aura pas vu le design caché de la Freebox Ultra dans la pub de la Pop ? <URL>
1892152074332201439,<USER> comment vs contacter quand vs êtes injoignable au tel ??!
1892167295906017747,<USER> trop longtemps que ça dure ça va faire 1 an qu'on ne peut plus passer ou recevoir d'appel quand on est à l'interieur de notre logement on fait rien.. Maintenant la box se Mets à mouliner n'importe quand pendant 1h le replay marche pas. On nous dit pas d'anomalies ?
1892245357918142757,<USER> <USER> <USER> Mmmh...
1892321961180578065,Bjr <USER> pouvez vous m'expliquer pourquoi à chaque fois que je rentre chez mes parents la box tombe en panne ? Est-ce que vous me détestez ? Jpp je rentre trop heureuse d'avoir la fibre et de pouvoir jouer avec ma crush mais en fait non
1892567865061937212,"Chère <USER>,\n\nCela fait plus de 2 mois que vous promettez un raccordement à la fibre.\n\n- Un coup, le technicien a un câble trop court.\n\n- La fois d'après, les 2 techniciens oublient leur camion nacelle.\n\n- La 3ᵉ fois, le rendez-vous est annulé soi-disant à cause de la mairie."
1892893594907746414,"Bonjour <USER> j'ai initié mon déménagement depuis le 22 janvier.\nCe matin 😁 ça devait être fait.\nLe technicien appelle, il n'est pas au bon endroit : bon nom, bon tél, mais mauvaise adresse... à 500km de chez moi🤔😵‍💫🤬.\nT'as Free, t'as tout compris ????"
1892925587473186828,"<USER> <USER> <USER> Pas de fibre depuis le 14/01. Les équipes Free cherchent, soi disant, une nacelle pour réparer ma fibre aérienne à 2,5 m de hauteur. Une honte de service au clients."
1892946430077079947,"<USER> bonjour, pourquoi vous ne proposez pas les réclamations en ligne ?? mais que par courrier postal avec accusé de réception qui est assez cher ? est ce pour dissuader les gens ?"
1892961581257867422,Toujours en attente depuis trois mois de la résolution de mon dossier de raccordement à la fibre optique \n<USER> <USER> <USER>. Service 3244 inefficace.
1892977970517627308,"<USER> faut aller se faire foutre avec votre service client à chier, votre wifi a chier, rien ne vous appartient vous vous faites du blé en louant les services des autres. Vous êtes honteux, une entreprise de cette envergure ne devrais pas avoir un service aussi excecrable."
1892982436465635798,"<USER> <USER> Ma mère travaille en télé travail. 4j qu’elle ne peut pas travailler et free ne nous a rien proposer pour régler le soucis, et on arrive meme pas a les joindre. La seule fois où on a eu un technicien en ligne, il nous a envoyé un message et a quitté la conv sans mm qu’on parle"
1893201314336723330,"<USER> <USER> Et pour changer de box (en panne) et souscrire une box pop c'est possible ? La page dit ""momentanément indisponible"". Merci."
1893233466885443796,"5eme jour sans internet chez <USER> \nLa box est sur l’étape 2 depuis mardi, je n’en peux plus de cette étape 2!"
1893240166929535058,Honte à <USER> car une panne fibre il mette 15 jours à venir dépanner alors que j’ai signalé que j’avais besoin du réseau pour les personnes atteint de maladie qui peuvent avoir besoin de moi! Et je reste injoignable. <USER> 15 sans internet!! J’espère aussi un geste commercial
1893277419311628443,"<USER> <USER> <USER> C’est une honte … pareil pour moi, je suis en teletravail a 100% et si ça dure je risque de perdre mon emploi … honte a Free"
1893284009448268220,"<USER> rendez-moi internet peut être nan ? \nÇa fait deux jours que j’appelle, avant hier on me dit X, hier Y, et la Z frr \nFaut pas prendre les gens pour des cons nn plus."
1893288969132994963,<USER> <USER> BONJOUR\nMon chat a ouvert et a sectionné le fil rouge de mon boîtier fibre. HIER votre technicien est venu réparer et a fait ça avec .. DU SCOTCH ça n’a pas tenu et je suis en guerre avec votre assistance pour avoir un nv rdv mais je dois attendre que -
1893323932419137804,<USER> <USER> <USER> Bon courage à vous
1893333354717556967,<USER> On fait comment pour vous joindre qd on est plus client??? <USER> <USER> le code barre de retour colis n est pas accepté que ce soit en consigne ou en boutique!! Je fais comment pour vous rendre le matériel. Vu que mon accès à mon espace client est fermé je tente ici
1893408127933927821,<USER> C’est quand qu’on a de la connexion sinon svp
1893692305552416904,"<USER> \nBonjour,\nJe vous ai écrit à 3 reprises par mail : inscription<USER>.f suite à vos relances concernant la restitution du matériel. \nJ'ai précisé le relais colis concerné ainsi que le bordereau !\nJamais eu de réponse.\nEt aujourd'hui je reçois la facture n°1350928431"
1893964807537066095,Ça se voit qu'ils ne la connaissent pas <URL>
1893978033565909033,"Scandaleux ! J’ai souscrit à la fibre chez <USER>, le technicien a coupé mon ancienne connexion <USER> et maintenant je n’ai plus internet. Service client qui me balade, aucun rdv garanti, je suis bloqué. C’est ça l’accueil d’un nouveau client ? Urgent ! #Free #Freebox"
1893986492210405582,<USER> : Hello ! Je souhaite passer à la fibre chez vous. Je suis sans engagement auprès d'un autre opérateur. comment procéder pour que vous preniez en charge le passage à la fibre et la résiliation de l'autre abonnement avec migration du numéro de téléphone fixe ?
1893999933969084503,<USER> <USER> Non non je suis le seul de mon bâtiment à pas avoir de wifi alors que tous les branchements sont OK d’après les 2 techniciens qui sont venus. Le problème viendrai de Free qui n’envoie pas de signal.
1894096818209763449,Bon <USER> c’est possible d’avoir internet ? Nan parce que j’veux bien j’ai changé d’offre je paie plus cher mais si c’est pour avoir la box qui redémarre en boucle c’est pas la peine
1894349889405898789,"<USER>, cela fait maintenant 20 ans que mes parents sont fidèles à vos services avec <USER>. Depuis maintenant 5 jours il n’ont plus d’internet et aucune solution n’est proposée par vos services pour envoyer un technicien. <USER> est en perte de professionnalisme….."
1894364485210484959,"<USER> Ma free box pop marche pas. J'ai souscrit un abonnement il y a deux semaines, j'ai reçu la box mais elle fonctionne pas et je sais pas quoi faire. <USER> a l'aide."
1894384652229452060,<USER> Impossible pour vos services de prendre en compte ma demande de résiliation... Cela traine et on ne revient pas vers moi...\nJe bloque les prélèvements le mois prochain et dépose ma delta devant votre boutique ?
1894482892274700572,<USER> c’est quoi le but de payer une PUTAIN DE FIBRE ET AVOIR LA NOUVELLE FREEBOX DELTA SI CEST POUR BUG TOUS LES 2 MINUTES ET FREEZE CONSTAMMENT EN PLEINE GAME TOUTES LES 30 SECONDES
1894498510629654705,"Wtf <USER> <USER> \nOn peut plus mettre pause et avancer les pubs ? C’est un truc de fou comment la technologie régresse, ça fait 10 ans qu’on pouvait le faire."
1894721200129012015,"Possible d'avoir une information sur la panne Freebox a Epinay sur seine, du 17/02/2025 à 8h au 21/02/2025 à 18h \nNous sommes le 26/012/2025 toujours pas de connexion .\nLes rendez-vous téléphoniques pris en boutique , ne sont pas respectés c'est épuisant #freebox <USER>"
1894843689123418306,"J’ai plus internet avec ma freebox, <USER> <USER> AIDEZ MOIIIIII j’en ai besoin pour travailler 😔"
1894886009415889099,"<USER> Bonsoir, j'essaie d'appeler le service client ce mercredi soir vers 19 h. Après plusieurs interlocuteurs, je n'ai toujours pas de réponse concernant ma demande de rétractation pour ma commande réalisée ce mardi. Je suis vraiment déçu et vraiment peur de perdre mes numéros."
1895292960826368084,"<USER> la wifi qui marche pas, 4g qui marche pas, 5g qui marche pas y’en a marre !!!"
1895415688615076119,<USER> bonjour je viens de commander une box free mais je me suis tromper de compte bancaire ?
1895802554505904616,<USER> Bonjour une question sur votre offre freebox pop : l'ONT est déportable ou c'est inclus forcement dans la box (PTO dans le garage...) ? \nAutre question : le boitier TV est en wifi ou en CPL ?\nMerci et bonne journée
1896163290499502341,"<USER> Salut, mes parents n'ont plus internet depuis Vendredi, impossible d'avoir quelqu'un au téléphone. Ce serait possible d'avoir de l'aide, sachant qu'ils sont abonnés chez vous depuis plus de 15 ans ? Merci"
1896515083293036711,"<USER> <USER> Bonjour Free, 1 mois et demi que j'attends d'être raccordé et toujours impossible d'avoir un rendez vous. Et il parait que mon dossier est prioritaire depuis plus de 15 jours..."
1896527580620365942,"Bonjour <USER>, pourquoi je n'arrive pas à joindre vos services ???\nJai accès qu'au service vocal qui ne répond pas à mes questions."
1896567290294067549,"<USER> bonjour, j'ai reçu un email que vous m'informiez que je n'ai retourné pas la free box. Mais j'avais les envoyés dedans le délai correct."
1896576881581060443,"Coucou! <USER> <USER>, 1\n semaine que nos salariés ne peuvent travailler à cause d’une panne Free. Plein de tickets ouverts, un technicien va passer mais ne passe pas… si jamais ça peut accélérer les choses y’a un <USER> pas loin 😉"
1896866546024362018,<USER> Grrrrrrrr <USER> <USER> <URL>
1896917173303660674,Déguisé en goat ajd et vous la team ? <URL>
1896921665113915789,"<USER> Bonjour, j’ai un soucis avec ma fibre depuis le 7 février. Possible de me venir en aide s’il vous plaît?"
1896947024895115718,<USER> comment avoir quelqu’un quand on veut passer à la fibre et avoir un installateur compétent ?
1897000114465726612,<USER> <USER> j ai fait une demande de déménagement de mon abonnement mais visiblement vous avez compris que c’etait un nouvel abo avec livraison d’une box dans un appart où je ne suis pas encore. Help ! <USER>
1897316045154607392,Yo <USER> y'a moyen de savoir pourquoi la vitesse de ma connexion a été divisée par 10 svp ?
1897342296137560280,<USER> s’agirait de se bouger pour remettre les services en place non ?
1897383054479646885,"<USER> bonjour,\nMa box est bloquée à l’étape 4 depuis ce matin. Visiblement je dois prendre rdv avec un technicien mais impossible via mon espace abonné. Comment faire svp ?"
1897712586734362845,"<USER> Bonjour, cela fait un mois que nous avons souscrit à un abonnement Freebox. Le suivi de notre dossier est toujours bloqué à l’étape 1, nous n’avons toujours pas reçu la box. \nPourriez vous revenir vers nous afin d’apporter une solution à notre problème."
1897944523742863865,Pas Orange qui pense être le premier à avoir lancé la 5G+ <URL>
1897999371788067111,"Rebonjour <USER>,\nAvez-vous une solution à me proposer ? J'ai tenté le 3244 mais aucun choix ne me permet d'aboutir à une aide quelconque ..."
1898022640008208516,"<USER> Free Bonjour, j’ai reçu deux box par erreur et payé 200€ d’installation + 60€/mois, mais Internet n’a jamais fonctionné.Quatre techniciens sont venus sans résoudre le problème. J’ai payé près de 300€ pour rien, et on refuse de me rembourser. Je suis offensé par votre service😔"
1898068788408455343,"<USER> Plop j'ai un petit soucis de numéro de telephone fixe que j'aimerais changer d'opérateur et le passer chez vous mais on a eu comme réponse "" le numéro n'est pas récupérable on ne prend pas en charge les 01 seulement les 09"" c'est pour une entreprise et c'est très important"
1898074508751208585,<USER> <USER> possible de discuter en dm d'un problème qui m'arrive chez vous dont j'arrive absolument pas à avoir d'informations svp ? 😪😮‍💨
1898360857878217169,<USER> Bonjour <USER> possible de dm pour un renseignement sur les 3 mois offerts canal plus svp ?
1899767694175457356,"<USER> bonjour, nous avons un rupture service internet fibre depuis 2 semaines La Garenne-Colombes et toujours zéro info sur le délai de rétablissement…:-( Boîtier 4G backup qui a été fourni a bcp de coupures, difficile de continuer comme ça…pouvez-vous aider à accélérer ?"
1899848229543428473,<USER> bonjour j’aurais besoin d’aide pour comprendre une facture a propos de ma ligne résiliée. Ma ligne : 04 26 09 42 05
1899898852897087998,"<USER> bonjour, j’ai renvoyé ma box suite résiliation de mon abonnement : je reçois des mails de non réception. Où envoyer la preuve de mon retour ? Merci"
1900683776771965437,"On vous dérange pas <USER> <USER> ?\nOn vous fait une demande de résiliation, vous nous dites recevoir cette demande et nous envoyer les papiers pour renvoyer le matériel et votre réponse c’est ça alors que le matériel est bien reparti chez vous ? <URL>"
1901335914762100748,<USER> bonjour vous pouvez m'expliquer pourquoi est ce que je suis dans l'incapacité d'accéder aussi bien à la freebox et au Wi-Fi depuis plus d'un mois malgré que j'écris à l'assistance chaque jour et que je continu à être débité pour le paiement de la facture alors que je ne
1901350139652166007,<USER> Je suis pour la récupération de ma connexion...
1901350460209971697,<USER> Ehh sil vous plait cest quoi ftth etape 3 ça bloque depuis 3-4 heure ya plus de wifi 😑
1901592324708131012,"<USER> Dysfonctionnement depuis presque 3 semaines dans notre quartier, qui touche uniquement Free (nos voisins chez la concurrence n’ont aucun soucis). Toujours cette absence de résolution :-("
1901652619317104666,<USER> \nProblème de box depuis octobre …. \nVotre sav a pas la fibre très très professionnel ? \nVous faites les mort sauf pour prélever \nBravo
1901904607237853381,"<USER> <USER> Je n'ai pas réussi à réactiver le serveur VPN sur ma box Révolution depuis le passage en IPv6. Est-ce toujours possible, et y a-t-il quelque part un tuto à jour (IPV6) SVP? [Niveau «VPN pour les nuls»]\nOu bien est-ce un bidule qui est tranquillement en train de devenir obsolète?"
1901908993552850958,"Petite explication : j'ai résilié mon compte en août et j'ai rendu ma box quelques temps après \n\nOn a continué de me débiter après tout ce temps, et j'ai appris seulement hier que mon compte a finalement été résilié que début mars \n\n<USER> on peut en discuter ?"
1901915016636289297,"<USER> pourquoi vous fuyez les clients aux téléphones ?\n\nJ’ai une galère chez mes parents impossible de vous appeler car la ligne n’est pas activer, vos installateurs ne savent pas faire !!"
1901920529847636426,"<USER> <USER> <USER> <USER> , pouvez vous regarder la connexion de <USER> , on a plus de réponses malheureusement"
1901958350704705646,"Plus d'internet, de box etc depuis 1 semaine car qqn de la résidence s'est ""amusé"" à sectionner des câbles, à démonter les branchements et le coffret ... je sias que c'est pas la faute directement de <USER> mais j'espère avoir un petit dédommagement quand même en espérant qu'1"
1902014006270873754,Comment je branche une box que vous ne m'avez pas envoyer <USER> <USER> ? \n\nVous avez cru que vous étiez tellement fort que une commande le lundi pouvait donner lieu à un technicien qui intervient le mardi ?
1902308287242019101,"<USER> Depuis 24h, plus de réseau mobile ni box Free. Impossible de bosser, zéro info sur la réparation. Déjà 15j de panne la dernière fois. Des solutions ou un vrai geste co ?"
1902352117471310237,<USER> <USER> au bout de 26 ans d'abonnement vous avez écrasé ma ligne et mon abonnement sans aucune demande de ma part vos méthodes sont inadmissibles \nVeuillez règler le problème... Ce n'est plus free mais reef
1902352359176433678,"Problème étape 2 fibre freebox d'un coup, pouvez vous m'aider ? <USER> <USER>"
1902352886035624122,<USER> vous me branché la fibre et je n’ai pas le matériel … je n’ai plus internet du coup on commence bien !
1902648058791276666,"<USER> Sa fait deux mois que je suis chez free heuresement que j’ai pris sans engagement je vais résilier le forfait de ma femme, la box, et mon forfait parce qu’avoir un réseau aussi nul que sa c impossible meme Coriolis fait mieux"
1902678799717667001,<USER> <USER> <USER> \nC’est normal qu’avec un ticket incident ouvert depuis novembre pour soucis mobile on me propose un partage de connexion à cause d’un incident Freebox. Femme handicapée ne pouvant pas travailler depuis 3 jours car en télétravail. Pas de retour avt le 31
1902681507614900430,Le mec qui a inventé le Wi-Fi vous me le branchez celui-là
1902682409469972614,<USER> En attendant ça fait 15 jours que j’ai plus d’internet et qu’aucun technicien n’est disponible !
1902726342480654406,"<USER> Si vous pouviez juste me trouver du réseau ça serait sympa, je n'ai plus internet depuis le 3 Mars..."
1902737203219890477,"<USER> Bo jour Free, \nbesoin d’aide résiliation Freebox svp \nImpossible d’y arriver sans le code secret \nMerci"
1902759086354993557,"<USER> comment ça se passe pour un déménagement de ligne, faut s'appeler <USER> pour être considéré ou 14 ans de fidélité c'est bon ?"
1903029448498110846,"<USER> C’est quand qu’ont récupère internet la, j’suis dans l’60 et moi et mon voisin ont a plus internet depuis genre 20min"
1903070762803638461,<USER> Réparée ma box svp ça fait 1 semaine elle wi fi plus
1903122175239782514,"Ehh psst <USER> c'est quand vous voulez que vous vous bougez le train ! 10 jrs que j'ai plus de fibre, votre backup à la noix qui capte que dalle, des techniciens dispo 2 jours par semaine alors que j'en bosse 6/7. Vous allez faire quelque chose pour rétablir ma ligne ou bien ?"
1903151847260500005,"Je râle rarement sur les réseaux, ce n'est pas mon genre de faire ça. Cependant, là, c'est vraiment usant.\nJ'explique ça ⤵️"
1903151868966039859,"Mais en tant qu'abonné, je subis tout ces soucis, je paie pour rien et mon forfait mobile (pas chez Free car ce n'est pas top, j'ai testé) à un débit réduit si je dépasse mes giga d'internet.\nAlors, <USER>, s'il vous plaît, auriez-vous la gentillesse de régler mon souci de fibre ?"
1903153000937357382,"<USER> bonsoir, par pitié je n’ai plus d’Internet à la maison avec la Freebox pop fibre, erreur 3C, personne ne me répond au 3244, ni par chat. Ça dure depuis vendredi dernier, ça aurait du être résolu entre 8h et 18h \n\nIdentifiant free : 33793169\n\nJe ne peux plus travailler.."
1903202261750485303,"<USER> <USER> sa fait 5 6 jour y a pas de réseau, il se passe quoi ?\n+"
1903370136486093172,<USER> je suis handicapée sans service depuis le 18/03 et sans service mobile.On me laisse livré à moi même en ayant perdu tout accès à mes services d’urgence par vidéosurveillance et m’empêche de travailler ce qui m’isole réellement. <USER> <USER> <USER>
1903371415027392933,QUAND TU VEUX TU REVIENT HEIN <USER> <USER> <URL>
1903435359163203585,"3 semaines bientôt que je n’ai pas internet <USER>\n3 semaines que tout le monde se balance la patate chaude et que je ne peux ni travailler, ni rien jouer ni rien faire. \nSi début de semaine prochaine ce n’est pas réglé, je passe chez orange."
1903447425504653375,"<USER> 6 jours d'interruption de la connexion Free pour mes parents. Après appel au SAV par tel (compliqué pour des seniors de &gt;80 ans), le SAV devait les rappeler, aucune nouvelle depuis plusieurs jours. En 2025, comment en est-on encore là ??? #SAV #Internet #Service"
1903528579998085437,<USER> <USER> 17 ans que je suis chez Free j’ai rarement un soucis mais 3 semaines sans connexion et aucune solution ? Pour un créateur de contenu c’est très compliqué
1903837437589139528,"Cc <USER> <USER> 10j d’interruption de service, aucun technicien disponible sur toute l’IDF, 0 explication, service client qui raccroche au nez, pas de hotspot wifi en boutique et surtout aucune solution proposée : y’a moyen d’avoir un interlocuteur sérieux ou pas ?"
1904116040889470996,"Bonjour <USER> <USER>, aujourd'hui comme plusieurs jours maintenant ma box internet ne fait que couper sans aucune raison apparente. Et malgré plusieurs contact aucune réponse de votre part."
1904199266916040802,Commencez sérieusement à me gonfler <USER> ! 2 coupures en 3 semaines !!! Et impossible d'avoir quelqu'un au téléphone ! <USER>.
1904207960735199482,"<USER> bonjour, je n’ai plus d’internet depuis 4 mois à cause d’une tempête qui a sectionné un câble dans ma rue à Chanteloup les vignes \nPouvez-vous envoyer une nacelle et faire bouger les choses \nD’autant plus que je paye pour rien \nMerci #urgent #internet #coupdegueule"
1904235178572370060,"<USER> Bonsoir, \n\nTicket effectué depuis maintenant vendredi 15/03, toujours aucun retour…"
1904288629456806259,<USER> Bonjour comment vous contactez d’ urgence
1904483036130906583,<USER> Bonjour j'essaye de vous contacter suite à un problème avec ma Box mais personne ne repond ! Merci
1904517144240390568,<USER> merci de m’envoyer ma dernière facture ! On ne peux plus vous joindre ! <USER>
1904568997368181113,<USER> JAI PAS DE CO DEPUIS 3 SEMAINES ALLOOOOO
1904821555370025217,"Bon <USER>, on en est au 3eme jour de panne la. On fait comment ?\n\nPlus de téléphone, plus de tv, plus de wifi, rien ne fonctionne…\n\nVous allez régler le problème un jour ou faut contacter un autre opérateur ?\n\n<USER>"
1904875109103395199,<USER> j’ai besoin d’être appeler svp car je n’arrive pas à avoir quelqu’un de votre service par téléphone merci :)
1904918175839314008,"<USER> venez en privé svp, avant que je change d’opérateur dans la soirée"
1905104331776405546,"<USER> <USER> <USER> J’suis dans Val d’Oise (95) en Ile-De-France…\nOn attaque le 4eme jour sans Fixe, TV, internet…\nSeule ma mini-box androïd fonctionne avec le partage de connexion du téléphone portable.\nSinon rien ne marche…"
1905181101254938741,"<USER> ça fait près de 10 jours que internet (box) ne fonctionne pas et le reparateur que vous deviez mettre en place est toujours invisible, impossible de vous contacter par ailleurs, vous trouvez ça normal?"
1905221812700537197,<USER> Hello ! \nUn technicien devait passer poser la fibre ce jour de 8h a 10h. \nIl est midi 30 et la seule nouvelle que j'ai eu c'est a 10h : j'ai un souci avec mon camion. Comment on fait ? j'ai pris un congés ......
1905230449967845879,Ça fait plus d’un mois pas de connexion internet ni TV et même pour avoir son numéro de prise fibre c’est un problème. Vous servez à quoi ?? <USER> <USER> <USER> <USER>
1905268424667779445,"Chez Free <USER> , la qualité du service est en question. Malgré un service de proximité, les problèmes de connexion récurrents ne sont pas résolus efficacement. Les techniciens agissent comme des shadocks. En 4 mois, 3 pannes identiques, &gt;19 jours off, &gt;8 RV inutiles <USER>"
1905268492858712203,"<USER> J’ai enfin reçu ma box, un technicien est passé le 24 mars, mais toujours aucune connexion. Et maintenant je dois attendre encore 3 semaines pour une nouvelle intervention ? C’est abusé."
1905285872297079232,"<USER> <USER> j'ai bien reçu votre facture de 78,99€, 1 mois services fibre Freebox. Mais ce que je ne comprend pas c'est que vos services ainsi qu'internet n'ont jamais fonctionné. Sans parler de votre technicien qui a cassé ma fibre. Qu'est ce que je paie alors sur cette facture ?"
1905292928781517235,Oui bonjour <USER> <USER> <USER> \n\nQue se passe t’il ? Merci. <URL>
1905608175115796962,1/2 [Refarming LTE 900] Nos équipes techniques procèdent actuellement à l'évolution de notre réseau mobile <USER> pour vous offrir des débits 4G plus rapides. La bande de fréquence 900 MHz (B8) bénéficie d'une restructuration complète de nos équipements et sera également disponible en 4G.
1905743422641860788,"<USER> bonsoir. Je n’en peux plus. Ma box s’arrête toutes les 10 min, et repart en mode initialisation. France télévision bug chaque jour et mon forfait tel est chaotique. Changement d’opérateur prévu mais c’ici là, des solutions sans passer 40 min au tel ?"
1905889938328981593,<USER> <USER> hello Free!\nJ’ai toujours de gros problèmes de connexions avec les appareils domotique sur le répéteur wifi 7..😔\nObligé de le retirer et de remette l’ancien.
1905920439433466009,<USER> <USER> <USER> Vous comptez réparer ma ligne freebox depuis 4 mois sans internet ou vous allez continuer à encaisser mon argent sans rien faire ?!
1905958959149658251,<USER> <USER> y a t il une perturbation à Telgruc sur Mer (29560) ?
1905972015413998018,<USER> <USER> \n\nPourquoi depuis hier 23h30 on a plus de connexion internet ??il y a un probleme en bretagne ?
1906010541224608004,<USER> quel sont les chaînes inclus dans canal
1906063605260329359,"<USER> ma #freebox ne fonctionne plus depuis le 13 mars et malgré les nombreuses relances du service client, le service n’est toujours pas rétabli et aucune solution n’est proposée. Trouvez vous ça normal #mercifree"
1906155178513904076,"<USER> Je suis à l'étape 2 depuis cet après-midi, un ticket est ouvert. Quelle est la raison ?????"
1906696365847068955,<USER> etape 2 depuis 2 semaines.\nMon espace abonné qui n’est tjr pas activé depuis 2 mois donc je ne peux bénéficier d’aucun service alors que j’ai été raccordé à la fibre.\nJe ne peux meme pas accéder à l’espace de résiliation en ligne.\nComment vous contacter ???
1906727631136928132,<USER> plus de connexion internet depuis ce matin à verneuil en Halatte(60)? Quand est prévu un retour à la normal?
1906734060719780055,<USER> 48h sans co en 4j. 2 RDV annulés après un retour temporaire (6-8h). Celui du 01/04 (14h-16h) aussi. On m’annonce qu’il n’y a pas de planning pour avril ?!\n+400€ de pertes pour mon entreprise.\nPas de prise en charge avant vendredi = courrier AR + dédommagement.
1906987978938814645,"Coupure de box internet qui a commencé il y a une semaine mais qui va durer jusqu’au 30 avril mais mdr <USER> même pas de solution en attendant a part un boîtier qui tiens 2 jours, refus de geste commercial alors que je paye la ultra quand même et que j’ai 3 lignes rattachées"
1906996218896539661,<USER> vous pouvez me rétablir ma ligne. Ma ligne est coupé alors que les paiements ont bien effectué. Je peux pas vous appeler vue que vous m’avez coupé la ligne
1907064895293559003,Yop la commu !\nJe désespère avec <USER> !\nVoilà 6 mois que mes parents n’ont plus de connexion et bien évidemment les prélèvements sont toujours d’actus.\nLes gens de l’assistance (<USER> ) me baratine depuis des mois en me demandant de patienter……\nUne solution à m’apporter ?
1907070706807902713,<USER> J'ai souscris à un abonnement début mars\nFree me propose de fixer un RDV ... \nmais je n'ai toujours pas reçu la box ...\nImpossible de les contacter par téléphone 😭
1907084367408549975,Non mais <USER> qui trouve un technicien en 3jours pour l'installation après l'abonnement mais n'est pas foutu de proposer un rdv avant plus d'un mois parce que le premier a fait n'importe quoi... <USER> ce n'est plus ce que c'était. <USER>
1907108829961326970,"<USER> impossible de restituer mes équipements et pour joindre quelqu’un on me facture 0,34e la minute. UNE HONTE"
1907109583669309496,"<USER> j’ai résilier mon contrat, je veux rendre mes équipements mais le bordereau que vous m’envoyez ne fonctionne pas. On fait comment? vous me faites payer pour avoir quelqu’un en plus"
1907150150994161767,"🔴ALERTE INFO\n\nÀ l'occasion de la venue du roi du Danemark, Xavier Niel et sa compagne Delphine Arnault étaient conviés. <URL>"
1907165090110906713,"Je n'ai jamais été aussi déçu que récemment.\nC'est tout de même une folie qu'en 2025, le réseau ne fasse qu'empirer en terme de stabilité.\nJe remercie Free et ses tarifs honorables, vraiment, mais je n'arrive plus à prendre de plaisir sur le moindre jeu compétitif en ligne <USER>"
1907218558024593550,Ça yest <USER> je vais changer d’opérateur vous m’avez fané 2h de panne mobile+box je suis en télétravail ????? Frère ça y est
1907316955637235935,"<USER> Bonjour, panne de fibre en cours sur Manduel 30129? Je suis bloqué à l'étape 3..."
1907713808551776378,"<USER> bonjour FREE \nJe suis en litige avec vous depuis décembre. \nMalgré nos appels, nos courriers recommandés (sans réponse) et le fait que votre service atteste bien de la réception du matériel à rendre, on reçoit QUAND MÊME un courrier de recouvrement. On doit faire quoi ?"
1907787188919517344,"<USER> j'ai résilié mon abonnement en septembre, j'ai rendu mes équipements et vous essayez encore de me prélever depuis 7 mois à une adresse où je n'habite même plus depuis août \n\nJe vous ai appelé 5 fois et aucune avancée sur mon dossier \nOn doit régler ça au tribunal ? <URL>"
1907820880090001659,free qui me lache pas la grappe alors que j'ai résilié ya 2mois et mtn j'apprend que ils vont me débité 190€ et j'arrive à avoir absolument personne par assistance <USER> répondez moi par pitié
1908084203209535553,<USER> \nBonjpirvje ne recois plus mes mail sur s.binard<USER>.fr depuis hier. Pouvez vous faire le necessaire svp\nMerci
1908171478190661763,<USER> c'est possible d'avoir internet?
1908444164599005604,<USER> <USER> c'est possible de parler à un conseiller par téléphone et ne plus être sans cesse reconduit par une boîte vocale ?
1908540438044193243,<USER> salut les tech je suis en panne depuis 72h 3244 contacter et je n ai aucuns retours :/ bloquer sur etape 2…\nJe suis en TT\nSecteur 77nord \nVous avez des news ?
1909233180063809928,<USER> Comment je contacte votre service resiliation par telephone ? Je tombe que sur l'assistance avec le 3244.
1909270143986696342,"<USER> Rebonjour, je vais attendre le mot de passe par courrier, mais ceci ne concerne QUE mon compte Free abonné je pense, pas mon compte Free Zimbra mail que je viens juste de modifier suite à votre SMS et qui ne fonctionne toujours pas... confirmez-moi ceci svp par retour M"
1909521879259324463,"🗞️[COMMUNIQUE DE PRESSE]\n\n<USER> lance aujourd’hui l’offre Freebox Pop S, une offre 100% Internet sans TV parmi les plus avancées du marché avec la Fibre et le Wi-Fi 7 inclus. Avec cette nouvelle offre qui conjugue puissance et simplicité pour 24,99€/mois, Free devient le 1er opérateur à inclure le Wi-Fi 7 sur une gamme d’offres Fixe aussi large 👇\n\n<URL>"
1909525361672503303,"Bonjour <USER>. Celà fait plus de 2 semaines que j'ai fait une demande pour une box fibre et que je suis bloquée à l'étape 1. Et quand je vais en boutique et qu'ils me prennent un rdv avec le service client, personne ne me rappelle (3 fois que j'y vais). Une solution svp ?"
1909542020793741593,"<USER> un soit disant sous-traitant de chez vous, installateur de fibre ""nouvelle génération"" sur La Rochelle est venu chez moi, afin de me dire que vous récupériez la fibre dans mon quartier, et que nous pouvions passer chez vous sans frais, est-ce vrai?"
1909628534026272863,Aidez-la (tsais le CM qui a rien compris)
1909638486958702959,"<USER> <USER> J'ai une delta S, possible de migrer vers cette offre sans frais supplémentaires ?"
1909674442550084067,"<USER>\n\n<USER>\n\n<USER>\n<USER>\n\n Coupure d'internet(fibre) à l'allée des muriers, 84370 Bédarrides."
1909686003016909035,<USER> Et sinon y’a moyen de réparer les pannes ? Plus d’internet depuis 16h…
1909711489239495008,"<USER> / <USER> \n\nVous confirmez qu'avec l'offre Freebox Pop S et une ligne mobile associée à ce même compte rend l'accès impossible à Oqee TV via ses identifiants mobiles ?\n\nOu bien, l'accès à Oqee TV reste toujours possible via Free Mobile (bien que rattaché à une Pop S) ?"
1909719935435309110,Attendez donc là je résilie mon abonnement Free car je ne vais pas être chez moi les 5 prochains mois et il me facture le moi d’avril alors que j’ai ma demande en mars et que je vais payer 59€ de frais de résiliation ???? <USER> <USER> je suis étudiant de base pas millionnaire
1909881260845019286,1 mois que j’ai souscrit chez <USER> mais j’ai toujours pas de fibre après 3 interventions c’est tellement pas professionnel aucun rappel aucun retour on laisse les gens comme ça sans nouvelle c’est abusé
1909891364197716254,<USER> bonjour je suis abonné Freebox révolution. Free a sorti une nouvelle offre pop S. Je n'y ai pas droit via mon espace client. Est il possible de me l'a proposer a titre dérogatoire? Pour info je suis client depuis 8 ans. Merci
1909975031326597141,<USER> Pouvez-vous s’il vous plaît m’aider concernant mon problème avec ma connexion.. j’ai plus internet à cause d’un écrasement de ligne et je suis bloqué sans aucune solution en payant votre offre ultra ! D’autant plus que je suis en TT et je risque d’avoir un soucis d’ici qql jours.
1909990071282889195,La dinguerie c’est aussi le prix des forfaits à l’époque.
1910009953982574959,On renvoie à quelle adresse la box ? <USER>
1910285069115154678,"""Xavier Noël"" <URL>"
1910571262851588562,<USER> Je vous contacte car J’ai un souci mon suivi de commande est bloqué sur l’étape 4 et cela m’empêche d’appeler le service client merci de bien vouloir me contacter . Sa commence à être pénible !!!!
1910588207072243994,"3 jours que je capte rien en centre ville du Havre, sérieux <USER> c'est quoi ça"
1910649748316381452,"<USER> <USER> Bonjour, comment ça se passe quand le technicien censé raccorder la ligne internet ne vient pas ?"
1910654636463190121,La co de la magicienne <URL>
1910666788733415713,<USER> Eh sinon on peut avoir un conseiller au telephone ou c'est limité à la voix robotisée ? Franchement ça dégoûte un tel service.. 72h que j'ai max box et aucune nouvelle de l'activation c'est abusé sans déconner...
1910667168594665843,<USER> Toujours payant la migration à l'ultra quand on est client fixe/mobile depuis toujours ?
1910680153560175086,"<USER> je viens d’emménager dans un immeuble neuf, je voudrais installer la fibre <USER> avec la nouvelle offre #FreeboxPopS mais le site free indique que c’est pas disponible, alors que chez orange et sfr c’est disponible. Comment faire ?"
1910710525261914547,"<USER> c’est quand que vous revenez réparer la fibre chez moi, je peux plus jouer à <USER> depuis cinq jours ça me gratte les veines"
1910766130509083083,<USER> venez dm jai 2-3 trucs a vous dire c urgent
1911090558006599743,<USER> Bonjour cela fait plus d’un mois que j’essaie de renvoyer votre matériel en relais colis. J’ai appelé 4 fois le service client et toujours pas de solution sauf payer un recommandé à la Poste. Je pense que reef aurait réussi à me générer un nouveau QR code 🙃😭
1911100032558006457,<USER> pitié ça fait 3 semaines j’ai pas de wifi
1911348970023969195,<USER> 3 semaines que toutes les 10 min ma freebox redémarre et bloque a l’étape 3 ! \nToujours aucun changement malgré mes appels ! Insupportable 😓 \nBon bah je vais me faire un plaisir de changer d’opérateur !
1911495353339195412,<USER> <USER> Actuellement bloquer sur étape2 aussi même après plusieurs redémarrage \n\nFaite quelque chose <USER>
1911789022956990508,<USER> on peut discuter de vos offres ?
1912394804530499793,Bonjour <USER> y a t’il un problème avec les box.
1912472655317344748,"Bonjour <USER> <USER> <USER> <USER> Je n’ai plus la fibre depuis 3 mois, peut être la réparé le 25/04, le problème aujourd’hui c’est que le seul point d’accès à internet que j’avais était la 4G/5G, sauf que ce matin l’antenne à côté de chez moi est tombé en panne."
1912640497073508682,Ma freebox et ma ligne portable free sont HS.\n<USER> y’a un problème ?
1912640753727132161,"<USER> <USER> <USER> \nDepuis lundi j’ai pas internet sur ma box, merci de faire le nécessaire JE TRAVAILLE"
1912655378908688752,"Je crois c’est la guerre là carrément toute ma co (5g,wifi) s’est arrêtée d’un coup <USER> faite quelque chose svp 😅"
1912658367480283250,C’est normal j’ai plus eu de wifi ni de réseau mobile ni de reseau tout court pendant 6 mn la ????? <USER>
1912772062172553252,"<USER> pourquoi est-ce que je n'ai plus aucun réseau depuis hier 18h??? Je paye 30€ par mois, c'est une blague?"
1912830280747876428,"<USER> \nAvant l'arrivée des techniciens free &gt; j'avais internet !\nAprès l'arrivée des techniciens free &gt; j'ai plus internet...\n\nLes techniciens était top mais j'ai plus internet, génial ma première journée chez <USER> 😎"
1913974251557634465,"<USER> <USER> cela fait plus de 4 jours que je n’ai plus internet, aucune reponse de l’assistance impossible de joindre un conseiller. Comment faire ?"
1915097447266668932,<USER> <USER> Des infos ? Votre fibre est totalement down <URL>
1915099532926349704,#zimbra #free <USER> un soucis de messagerie ?
1916075004074115097,"<USER> <USER> Bonjour c'est normal que je viens de payer mon abonnement Netflix à l'instant en plus de mon offre #Netflix incluse dans mon abonnement BOX #Free ?\nQuand je vais sur votre site pour vérifier, il y a une erreur : <URL>"
1916199592409928131,Chère équipe <USER> <USER> c est possible de passer en DM suite à email indiquant que je n ai pas restitué le matériel suite à résiliation alors même que j ai le dépôt de preuve de l envoi.\nMerci d avance
1916215857920778705,"<USER> Bonsoir free, un problème dans le sud ouest ce soir? Ni fibre ni 5g sur ascain/hendaye ce soir"
1916505335193370887,Bravo <USER> je suis déçu après tant d’années chez vous. Votre technicien « Premium » soi-disant me demande d’acheter un cpl pour avoir une connexion tv fiable alors que j’ai la fibre. J’ai pris la nouvelle box et je regrette déjà. Je vais partir chez un concurrent malheureusement
1916752196546240600,Euuuuuh <USER> <USER> pourquoi j’ai plus du tout internet depuis hier soir?
1916775210079973705,"⸻\n\nBonjour <USER>\nClient Free, ma prise fibre (PTO) n’est toujours pas raccordée malgré mes relances.\nJ’aimerais éviter de changer d’opérateur.\nMerci de m’apporter une solution rapide. #Freebox #Fibre"
1916926696172761285,":\n\n<USER> <USER> Bonjour, j’ai souscrit à une Freebox par démarchage à domicile. On ne m’a pas précisé que Netflix et Disney+ sont avec publicité. Je souhaite exercer mon droit de rétractation immédiatement. Merci de m’indiquer la procédure urgente."
1917141651073417564,<USER> on a un problème de box tv depuis hier soir. Les redémarrages/débranchages ne changent rien.\nService mobile et fibre sont ok. Vous pouvez m'aider ?
1917214038968197489,".<USER> c est un enfer : impossible de vous joindre sur le nvel ID fbx et sur l ancien : on vous a transferé, on ne vous repond pas.\nLe code a 4 chiffres est refusé. Que fait-on à part tourner en rond ?"
1917246995171082344,"Bon <USER> cela fait 1 moi que je suis dans mon appartement et que j’attend un rendez-vous pour ma fibre , soit disant pas de place j’aimerai que vous vous dépêcher là"
1917529605491024290,"<USER> <USER> Bonjour Free, mail bloqué car compromis et impossible de la debloquer si je ne suis pas pres de ma Freebox. Or je suis actuellement à l’etranger et dans l’impossibilité de me connecter a ma box et besoin d’utiliser mon mail d’urgence!! Merci"
1917645262752764025,Est ce que je suis le seul à ne pas avoir de Wifi avec FREE chez moi <USER> ??
1917689677026337189,"<USER> bonjour pourquoi j'ai un rdv le 9 mai alors que ma box marche en dilettante depuis une semaine pour moins d'un mois d'utilisation. Bon là c'est HS complet. Je fais comment moi ?! Télétravail, divertissement le soir pour me remettre du télétravail hein. Je suis dégouté"
1917868523864412280,J’ai pas la wifi depuis hier !!! <USER>
1917891521216467117,"<USER> <USER> je suis bloqué à l’étape 2 depuis ce matin. Évidemment faut que ça arrive le 1er mai. Malgré ce message explicite, personne pour prendre en charge le problème. \nQuelqu’un aurait une solution peut-être ? <URL>"
1918190447052116139,"<USER> Bonjour,\n\nLa messagerie privée X n’est plus disponible, et nous en sommes désolés. \n\nNous sommes également disponibles via d'autres canaux de contact :\n▶️ <URL> - Free"
1918196508630958336,Du coup c’est ouvert ou c’est fermé <USER> <USER> ? Parce que toujours bloqué à l’étape 2 hein ca bouge pas. <URL>
1918237101184663733,<USER> bjr j’ai pas de connexion depuis une heure il se passe quoi ?
1918404437543895119,<USER> bsr je voudrais un renseignement s il vous plait
1918613885126345097,"<USER> Bonjour, J’ai un souci avec ma Freebox Ultra. J’ai installé un disque dur SSD M.2 neuf dans la box et l’ai formaté,j'arrive pas a avoir accès a mes film j'ai contacter le 3244 incapable de nous aider, nous laisse seul au tél obligé de couper car plus personne honteux"
1918776138530242744,"<USER> <USER> bonjour à tous, je suis en Bolivie et j’ai eu un hors forfait de 60€ alors qu’il me restait du forfait, on peut y remédier svp ?"
1918778758770659665,"<USER> Coupure fibre depuis le 30 avril, RX OK, TX -40 dBm, blocage MPCP. Signalé le 30/04, intervention prévue le… 15 mai ? C’est trop long. Merci de faire remonter pour vérification PM ou échange rapide. #Freebox"
1918937716198187355,"<USER> ça ressemble à une mauvaise blague.\nPourtant le message semble authentique.\nEt vous laissez faire un ""écrasement de ligne"" ?\nPourtant je n'ai rien demandé et vous dites vous-même que je dois résilier si je le souhaite. <URL>"
1919047385885352278,"Bon <USER> a un moment donné jsp, mais c'dépanner vos abonnés, 1 semaine que le ticket est ouvert, 3 appels de notre part et on trouve toujours pas le planning du technicien (c'est exactement ce qu'on nous répond quand même), je vais avoir le droit au service que je buy ouuu"
1919063621344145438,Bonjour <USER> <USER> j’ai souscrit à votre offre Freebox le 18/03 et un technicien s’est déplacé pour l’installation de la fibre sans parvenir à faire le raccordement. Depuis 2 rdv annulés la veille… dernier contact on me propose le 06/06. Difficile d’être client chez vous…
1919278421558919386,Rupture de service internet fibre depuis 4 jours avec <USER>.\nÇa fait 3 fois en deux ans sur des périodes longues comme ça. Télétravail qui recommence ce matin je fais quoi ? \nOn va vite changer d’opérateur ça devient ridicule ce niveau de service client. <USER> <USER>
1919304367485710749,On vous les rembourse si vous passez chez Free
1919335626094059738,Le devoir nous oblige : Free prend en charge jusqu’à 10€ de vos frais de résiliation mobile.
1919340835843272960,"<USER> Bonjour, ça fait 2 mois que je n'ai plus internet car SFR, étant l'opérateur d'infrastructure, ne fait rien. Ils ont donné une date de rétablissement prévisionnel au 31 mars qui a été largement dépassée. Merci de trouver une solution et rapidement"
1919343019133681973,<USER> Votre devoir est aussi d’assurer la qualité de vos lignes existantes. Depuis le 17 février je n’ai plus internet et Free n’est pas capable de rétablir la ligne et continue tout de même à me prélever !
1919343387485827137,<USER> 1 mois sans internet. Free qui te balade par téléphone et incapable de te donner des vrai info. Je suis en partage de co mais on capte super mal a l'intérieur. Super pratique pour un mec qui bosse chez lui... <USER>
1919344662759817378,"S'il vous plaît <USER> <USER> , pouvez vous m'installer la fibre, je suis le seul dans mon quartier a ne pas l'avoir"
1919373032088338887,"<USER> \n<USER> <USER> \nIl a pas tout compris:\n1 mois après l'installat°, toujours pas accès réseau fibre, malgré:\n- ➕️ de 50 cps de tél\n- ➕️ de 5h au ☎️ \nTjrs la même réponse: "" je vous comprends Mr"" et pas d'info\nEn tt cas pas oublié d'envoyer la facture ⤵️\nHallucinant <URL>"
1919377177700651266,"A l’époque sur le freebox <USER> <USER> Revolution y avait une partie ""Replay"" et on avait tout ce qu'il y avait eu a la tele sur les 2-3 derniers jours. Y a plus ca sur la Freebox Pop ?\nJe veux voir Wakanda qu'il y avait hier soir sur <USER>"
1919428356178620758,Comment ça je me réveille et je vois que <USER> à annuler mon rdv installation fibre du 19 mai pour me proposer un rdv le 9 juin alors que la fibre devais être installer le 1er avril . <USER> on fait quoi ? parceque <USER> me l'installe le 12 mai si je soucrit now !
1919440271038648455,écrasement de ma ligne internet par <USER> <USER> <USER> sans prévenir aujourd'hui !! Impossible de les joindre et on tombe que sur l'ia qui comprend rien et qui ne vous aide pas !
1919445216198590471,Par contre : je viens de résilier mon offre Freebox\navec le motif de l’article L224-33 du Code de la consommation : tout consommateur peut « résilier le contrat sans aucun frais et sans droit à dédommagement.\nEt je dois payer les frais de Résiliation ! \n<USER> <USER> <URL>
1919486853784219808,"<USER> J'apprécie votre démarche pour attirer les clients #Bouygues en remboursant les frais de résilience, mais pendant ce temps, ma connexion #Freebox est à 1.5 Mb. Difficile de profiter de vos offres. Un peu de considération pour VOS CLIENTS EXISTANTS, SVP ! #FREE <USER> <USER> <URL>"
1919508263420260382,<USER> <USER> est-ce que c’est normal qu’après 1 mois et demi je n’ai pas d’accès à internet ni même de rdv pour raccorder une simple fibre ? <USER> <URL>
1919682115857228086,"Pas de réseau depuis 2j, 0 réponse de l'assistance <USER> mais on est content parce que Xavier a racheté un club de foot... <URL>"
1919694105380098113,"<USER> ma connexion a été coupée depuis une semaine, depuis zéro nouvelle. Aucune information partagée pour savoir quel est le problème, ni aucune date de rétablissement de ligne, c’est normal ça ????"
1919786261570535572,"Imagine : tu croises ton joueur préféré… tu lui dis quoi ?\n\nRéponds à ce tweet avec LA phrase que tu lui sortirais, et tente de gagner un shooting photo à Paris avec les joueurs du <USER> 🔴🔵\n🔐 Réservé aux abonnés Free\n📍 Dispo le jeudi 15 mai à Paris ?\n😎 À l’aise devant l’objectif ?\nAlors go ! N’oublie de follow <USER> pour valider ta participation.\n\nTirage au sort le vendredi 9 mai, 2 gagnants."
1919813368707219679,<USER> freeeeeeee oh freeeeeee\nPouvez-vous me dire où en est la raccordement de la fibre chez moiiiii 😭😭😭😭
1920175531518988726,"Hello\n<USER> va maintenant trop vite pour raccorder ses abonnés #fibre\nSouscription Dimanche 04 et aujourd’hui le 07 avec leur service « pas de déplacement de tech » #raccordement fait ✅ \nSauf que la #Freebox n’est pas encore arrivé !\nElle sera livrée le 10/05, +3j sans internet <URL>"
1920192429468053730,"Bon <USER> malgré plusieurs relances, aucune réponse. Pour résumer j'ai pris un abonnement il y a 2 ans qui après moultes difficultés techniques a été activé il y a 2 mois, en attendant j'ai payé l'abonnement depuis le début, que faire ?"
1920411130083577914,"<USER> 2 jours que ma freebox est bloqué à l'étape 2, même pas une réponse de la part du service d'assistance technique."
1920442651263865320,"<USER> bonjour, depuis hier je n’ai plus accès aux chaînes tv. Je peux utiliser netflix etc mais quand je veux mettre la tv et que je clique sur une chaîne l’écran reste noir et rien ne se passe. Comment ça se fait ?"
1920469450148516138,Bon <USER> et <USER> !\n\nJ’ai plus internet depuis 3 jours… aucune solution donné de votre part.\nUn technicien est passé hier en début d’après midi et il me dit qu’il allait faire une demande car il pouvait rien y faire + après je reçois une notification demande rdv annulé 1/2
1920524223442784697,"Bonjour <USER> sur la freebox pop player de mon père, la box se met automatiquement en 576p comment ça se fait ?"
1920569481576735074,"<USER> <USER> <USER> On a souscrit, on a payé, et depuis ? Silence total.\nAucune vraie solution, aucune réparation.\nJuste l’impression d’être une vache à lait abandonnée une fois l’argent encaissé.\n<USER> vous comptez faire votre boulot un jour ?\n<USER>"
1920757351667163153,Service déplorable de <USER>. Je pars au Canada et je dois résilier mon abonnement Freebox Pop.\nAucun support par téléphone malgré des dizaines d’appels depuis hier. Aucun retour du service client malgré plusieurs messages.\nIdentifiant : fbx35105418\nLigne : 09 53 19 05 34\nLa boutique Free refuse le matériel : “vous recevrez un mail”. Je serai déjà au Canada !\nJe ne sais plus quoi faire. Aucune aide. Aucun suivi.\n#Freebox #ServiceClient #Resiliation #Telecom #FranceTelecom\n<USER> <USER> <USER> <USER> <USER> <USER>\n<USER> <USER> <USER> <USER> <USER> <USER> <USER>\n#HelpFree #FreeMobileFail #CustomerServiceFail #SupportClient #StopFreeAbuse
1920824868632682862,"<USER> <USER> C’est normal, il débranche les autres abonnés. Depuis plus de 48h, aucun service chez Free (Internet, Téléphone, Télé) à son l'adresse.Elle est malade à la maison sans aucun moyen de communication et aucune info sur la résolution du problème. #Free #Freebox #ServiceClient"
1921821822749647161,"<USER> 10J que j'ai validé ma demande de déménagement et je n'ai toujours pas eu d'appel de vos services, malgré ça je paye un abonné..."
1922210523510108318,"Je suis passé chez FREE. \nDu coup j'ai plus de téléphone, plus d'internet...\nMerci <USER> !!!\n\n<USER> <USER> <URL>"
1922256078525301233,J'ai une offre Internet qui ne me correspond pas et maintenant que <USER> propose une offre parfaite pour moi je n'ai pas accès car elle est moins chère. C'est normal <USER> et <USER>? Je vais devoir passer à la concurrence alors que je voulais rester chez vous ...
1922363441521602999,Bon ma <USER> est bloquée sur l'étape 2 depuis que je suis rentrée du travail j'ai eu beau débrancher et rebrancher ça fait plusieurs heures que c'est bloqué à l'étape 2. J'en peux plus...
1922489656018424164,<USER> 4 heure que je regarde mon mur pcq j’ai rien a faaire putain c’est pas possible arrêter de bug un jour pitié
1922564681622757884,<USER> bonjour. Nous avons des problèmes avec notre box. Reste bloqué sur Étape 2 depuis hier. Que faire ? Merci
1922582263293751436,<USER> Toujours en attente d'une réponse
1922604198723502467,"<USER> <USER> nouveau client depuis vendredi, le conseiller se trompe de mail met .com à la place de .fr et depuis grosse galère on tourne en rond, impossible de prendre un rdv avec le technicien pour l installation de la fibre , depuis lundi j attend le mail et rien"
1922643829821255873,"<USER> <USER> <USER> Est-ce normal que des tickets soient ouverts depuis trois semaines car nous n’avons pas de connexion, qu’aucune intervention n’ait encore eu lieu, et que la sauvegarde ne fonctionne toujours pas malgré les procédures demandées ? (Ticket #230633)"
1922679052034343362,"<USER> Bjr Free m'a demandé ce matin de les contacter d'urgence car il y a une demande d'écrasement de ma ligne par un autre opérateur. J'essaye vainement de joindre les services concernés, j'ai laissé plusieurs messages, mais impossible de parler à un HUMAIN !!! #SAVkafkaien"
1922682329044017479,<USER> <USER> il se passe quoi dans le Nord-Est on n’a plus de réseau ???
1922730983981297929,10 jours qu'il n'y a plus de connexion internet dans mon quartier. 10 jours que s'est signalé et que personne ne fait rien. Les techniciens SFR m'ont dit que ça venait d'Orange. <USER> vous comptez faire quelque chose un jour ?
1922891654819709087,<USER> <USER> s’il vous plaît sa fait 3 semaine sans connexion je joue en partage de connexion aider moi <URL>
1922925488449724805,<USER> <USER> ça fait 10 jours que j'ai pas de connexion c'est possible d'avoir une intervention un jour ?
1922929998832243018,"<USER> 5 techniciens envoyés en 3 mois.\nCongés posés à répétition pour RIEN.\nCe matin encore : pas de technicien, aucune info, aucun appel.\nJe paie un service que je n’ai toujours pas, et personne ne bouge.\nÇa fait 3 mois que ça dure. Vous comptez agir un jour ?"
1922959566616084772,"<USER> <USER> <USER> donc je ne demande rien, tout fonctionne et je reçois cela. Je n’ai jamais demandé d’écrasement de ligne. Je me manifeste dix minutes après avoir reçu ce mail. Seule réponse apportée par le service client : c’est pas de notre faute <URL>"
1922959997308187109,"<USER> <USER> <USER> que personne ne viendra dans la journée, je dois attendre un rdv dans minimum 48h pour rétablir cela. Le service client coupe des lignes sans vérifier l’interlocuteur qu’ils ont au téléphone"
1922988594538443128,"<USER> qui ignore ma résiliation et me facture alors que je n'ai ni box ni ligne on est où ?\nJe peux même pas joindre quelqu'un pr faire résilier ma ligne parce qu'au téléphone la seule option dispo est de payer alors que je dois rien, puisque j'avais résilié\n<USER> <USER>"
1923005397939470394,<USER> c’est la TROISIÈME FOIS qu’on nous annule le rdv pour la fibre la veille pour le lendemain alors que je pose un congé exprès. DEUX MOIS ET DEMI qu’on attend d’avoir la wifi. Si vous voulez pas de clients faut le dire direct en fait au lieu d’être incompétent comme ça
1923044531773010093,<USER> <USER> <USER> \nBonjour je n'ai pas d'accès Internet depuis le 29 avril personne n'est capable de me trouver une solution ou de me donner une clé 4G comment peut-on faire s'il vous plaît ?
1923083301587226814,"<USER> Bonjour, j'habite sur Marseille (13014), nous en sommes à 8j sans Internet. En boutique, on m'a expliqué que le délai était normal puisque vous n'avez pas de ""baguette magique"". Au téléphone, impossible de vous joindre. Comment obtenir une réponse à peu près sérieuse en 2025 ?"
1923129030187885048,<USER> un problème est survenu dans les chaînes TV je regarde arryadia (maroc) sur la chaîne 558 je ne la trouve plus et la chaîne 432 nom arryadia c'est une chaîne de diffusion africaine REFLET TV avec logo de la chaîne marocaine ?Ou on va avec vos problèmes 😡
1923316258537103752,<USER> bonjour pouvez vous me répondre ?
1923348766339264606,<USER> remboursez mon argent ça fait un mois votre box ne fonctionne pas
1923352402201026857,"<USER> y a un bug dans votre appli pour ajouter un technicien qui vient réparer la fibre? Il n'y a aucun créneau de dispo 😲\nD'habitude, quand <USER> me débranche, vous passez le lendemain"
1923456267428761634,"<USER> 50€ par mois, tu pars le matin ça marche tu reviens chez toi le soir, avec personne chez toi toute la journée, plus rien ne fonctionne"
1923478300812300349,<USER> <USER> bientôt 2 semaines sans wifi ! Des messages avec le support qui me dise de patienter mais 2 semaines sans wifi je patiente plus enfaite. Tous mes abonnements du mois qui mon servi à rien pendant deux semaines vous comptez faire quelque chose ?
1923693650703224977,<USER> maintenance de <USER> depuis Mercredi...rétablissement prévu la semaine prochaine ! Merci <USER> ! <USER>
1923783995948515502,"<USER> \nBonjour les gars, \npassé à la fibre mardi, 3 contacts avec l'assistance, toujours moins de débit que j'avais avec l'ADSL.. \nMon voisin relié exactement au mème poteau a 400 descendant et 700 montant avec le même site de test !\nVa falloir faire qqchose <URL>"
1923878584051007987,"<USER> y a un souci chez vous ? Impossible d’accéder à mes appareils à distance (PS5, home assistant, etc). <URL> et mon espace abonné sur vite site HS aussi…"
1924100468902355162,"Abonné <USER> c'est plonger dans un service client de luxe (NON) : bot Whatsapp inefficace, pas d'info sans rdv. Puis un appel un dimanche pour dire que la box est morte et que le remplacement (appelé ""frais de migration"") coûtera 50€. Bref, adieu Free, adieu 14 belles années"
1924145641208402136,"<USER> Vous voulez pas commencer par écouter vos clients et ne pas mettre 3 mois pour installer une ligne fibre ? <USER> , depuis mars j’attend"
1924349296029143542,Toute ma vie j’ai des pb avec <USER>. 1 an sans problème ça existe pas enfaite avec vous
1924380063660707881,"Bonjour Beaucaire (30) ! 👋 On rencontre actuellement une interruption de service sur nos réseaux <USER>. Nos équipes sont sur le pont pour rétablir ça au plus vite mais nous ne sommes pas le seul opérateur concerné🛠️\nOn vous donne des nouvelles dès possible, merci de votre patience📶\n#Beaucaire #Panne #OnRepare"
1924381648113525152,"<USER> <USER> comment on fait pour avoir un conseiller au tél chez vous? Ça fait 2 semaines que je me bats pour essayer d’avoir internet sauf qu’étant dans une situation spécifique, rien ne se passe comme prévu et je peux pas transmettre les infos pour que mon dossier avance"
1924422939937591375,ma femme et ma fille sont a la maison et <USER> ne marche pas ni box ni téléphone \nqui va tuer l'autre a votre avis ?
1924458579156668826,<USER> <USER> bravo free le wifi qui se déconnecte tout le temps depuis 2 mois et personne pour nous aider obliger d’être en 4G en permanence pour essayer d’avoir un minima de stabilité de connexion. Aucun conseil ne marche Xavier je t’aime beaucoup mais la ca va trop loin <URL>
1924460679764812269,"Bonjour, depuis hier soir 22h45 env, je n'ai plus de fibre sur ma Freebox dans le secteur de Malemort 19360. Il s'agit d'un pb secteur. Free Proxy répond dans le vague, aucun délai... une 20ène de signalement dans le quartier <USER>. <USER>, <USER> <USER>"
1924475542444687560,"<USER> je rentre chez moi dans rien avoir touché la livebox est à l’étape 2, vérifier vos branchements fibre alors que rien n’a bougé chez moi depuis 10j.. l’assistance ne fait rien ?? Que faire ?"
1924510923403784591,<USER> <USER> j’ai reçu un message de la DGFIP pour faire ma déclaration d’impôts.\nProblème : pas d’internet (raccordement fibre en attente depuis 4 mois).\nJe demande à la DGFIP de venir la chercher en pigeon voyageur ? <URL>
1924547966150353324,Allo ? <USER> n'a toujours pas résolu le problème 5jours après la panne #internet et pas de nouvelles du service client depuis 48h. \nAllo ?? Que faites vous Free ?
1924700891728302259,<USER> <USER> Perpignan toujours pas d’internet depuis hier après-midi
1924732213733609945,"<USER> bonjour,\nPourriez-vous vous demander a v’a votre equipe de me rappeler svp \nVisiblement entre le samedi et le lundi les règles changent chez vous..\nMerci"
1924742247347552556,<USER> C'est quoi la différence avec la pop normale ?
1924742800475615533,"Il n'y a pas que sa connexion qui est stable, il y a aussi son prix.\n\nPour en savoir plus sur la Série Spéciale Freebox Pop S ➡️ <URL> <URL>"
1924744947879510064,<USER> faut il que la fibre tienne sur le long terme 3 coupures en 1 mois dont une qui dure depuis 2 jours maintenant bon..
1924789921916613011,"<USER> bonjour, pourrais-je savoir quand est ce que ma ligne sera activée svp? Merci!"
1924813966959690212,Toujours rien pour les abonnés freebox one <USER>
1924823312946934043,"<USER> bonjour, j'aurais besoin d'un rdv adapté avec technicien svp"
1924846403794137362,"Coup de gueule contre Free \n1/2 Le 07 mars 2025, SFR est venu faire des travaux dans la résidence. Ces travaux ont pris un mois. Tous les clients SFR, ByTel et Orange ont récupéré leur réseau le 11 avril sauf les clients Free. \n<USER> <USER>"
1924846583679537653,"2/2 Je suis en contact avec le service client qui me dit que le rétablissement était prévu le 14/04 puis le 05/05 puis le 19/05.... Et toujours rien ! Bien évidemment, pendant ce temps, nous devons payer l'abonnement Freebox pour aucun service...\n<USER> <USER>"
1924869507241091564,"C’est bien beau de faire des publicités pour tracter toujours plus de clients <USER> mais UN MOIS d’attente pour le raccordement de la fibre (qui devait soit disant être fait « sans intervention d’un agent »), c’est plus un délai mais une date de péremption de notre motivation ! <URL>"
1924894930272444450,Par contre <USER> toutes les semaines il va y avoir des problèmes avec les box ou c’est comment ?
1924928828486377968,"<USER> Bonjour, j’ai un souci avec ma souscription Freebox et j’aimerais vous contacter en message privé. Pouvez-vous m’ouvrir les DMs ? Merci d'avance."
1924965548649062596,<USER> Est-ce que c’est normal de priver vos abonnés de connexion depuis plusieurs jours et malgré nos appels téléphoniques vos agents parlent mal et reportent à leurs bon vouloir les rendez-vous pour l’intervention d’un technicien
1925065870348370411,"<USER> J'ai un problème, j'ai payé ma facture en avril pour 20 euros et ils l'ont déduit de mon compte bancaire, maintenant je vais payer en mai et ils me disent que j'ai une pénalité de paiement ?"
1925102845499417075,<USER> ma box internet qui m’affiché pas de connexion internet par moment une solution svp
1925131822452638005,"<USER> Bonjour, j’ai souscris une offre free et lorsque j’ai reçu le mail, on m’a clairement dit qu’il n’y avait pas besoin de technicien, j’ai contacté votre numéro et maintenant il faut un rdv .. sachant que j’ai la fibre, c’est juste une activation"
1925156044155519011,<USER> je suis désolé mais je suis en panne tous les jours et il faut reprogrammer et là plus d'accès a la messagerie du tout soit disant piratée
1925169047324230000,<USER> Arrêtez de couper les appels au bout de 2 h !!!!
1925172254700179836,<USER> il y’a un problème avec vos serveurs ? Je nah plus de wifi
1925180464945414589,<USER> 6 jours sans internet !\nCommencez par là !\n20 ans chez free je n'ai jamais vu ça !
1925246393578353052,eh <USER> <USER> c normal que mon relais 4g aie un meilleur debit que ma fibre ? ^^
1925249423518413066,"Bon <USER> <USER> , c'est pas très drôle de me prendre pour un idiot. Ça fait 1 semaine que j'ai pas internet et je paye 40 euros par mois.\nIl va falloir penser à régler le problème très vite avant que j'aille voir ailleurs.\n..."
1925256024400728206,"<USER> Je voudrais passer de la delta a l'ultra mais les 50e de frais de migration dont que je ne le fais pas du coup, il y a une solution ?"
1925257023345619327,Hello <USER> j'ai beau maintenir mais il y aura bientôt des maisons déco <URL>
1925425625747030231,Plus de 10 jours en panne ! Merci <USER>. <USER> \nUn Free Proxy qui ne sert à rien. Il va falloir repenser sa relation avec ses clients ! #free
1925459489668415508,<USER> m’a box reste bloqué étapes 6 depuis une heure aidez moi Please 🥴
1925495976975900853,<USER> 1 semaine que j’ai pas de connexion et Free me donne pas de rendez-vous c’est stable ça ? <USER>
1925517550072308001,"<USER> faut arreter les débranchement sérieusement du 2 au 7 travaux sur la ligne OK du 7 au 11 ""on a oublier de vous rebrancher"" tu sais pas faire ton boulot ?? Et la on me dit quoi se matin ? ""Quelqu'un à du vous débrancher"" bah faut aller se faire voirs, on paye 50€ par mois !"
1925561296168034421,"Plus d'internet depuis le 10 mai, un technicien fibre n'avait pas de câble pour nous dépanner et nous a menti en nous disant que notre box ne fonctionnait plus, aucun technicien ne peut intervenir pour le moment, on nous laisse comme ça sans rien faire, merci <USER> <USER> 😡"
1925644732799053859,<USER> grandement déçu du service client alors que je suis abonné depuis 2011. Un conseiller me vend un abo POP sur une nouvelle adresse et ne me dit pas que je peux simplement déménager sans frais. Total de l'opé 49+59=108€ de frais 👏😱 Merci Free <URL>
1925644920313835878,<USER> svp j’en peux plus est ce que je peux pour une fois parler a un humain au lieu d’une machine
1925754277336654136,"Pas de connexion pendant la moitié du moi de mai (période de partiels, 2 coupure au total, un backup qui ne fonctionne pas et <USER> qui grapille le moindre centime sur le dos des étudiants et me rembourse 10 euros sur mon abonnement. Merci free."
1925812299463278998,"<USER> pitié pourquoi au moins 1x par mois mon player te Freebox Delta me demande d’associé la télécommande. En plus, je galère à l’associer"
1925874714771157374,"Un opérateur peut écraser la ligne d’un autre sans raison. Free ne donne aucune explication. En cas de coupure, pas de solution de secours sauf souscrire à leur offre 5G pour avoir internet, car mon mobile n’est pas chez eux. <USER> <USER> c’est normal ? <URL>"
1925993535242719360,"Merci <USER> pour avoir coupé la ligne fibre de mon ancien opérateur alors que votre box n’est pas encore envoyée. \n5 jours sans internet \nC’est bien beau de vouloir faire tout rapidement, encore faut il le faire correctement 😉\nCe sera une résiliation le mois suivant du coup 😘"
1926036234050154513,"Bon, <USER>, une heure que j'ai plus d'internet et que ma Pop reste bloquée en étape 6, je paye pas pour voir des voyants rouges"
1926064149328519633,"<USER> \nBox commandée le 01 Mai, toujours pas reçu à ce jour, un technicien venu pour rien, 5 différents employés eu au téléphone ayant chacun assuré que cela allé être résolu (ils s'en occupent personnellement 🤡).\nDernier contact aujourd'hui la box n'a pas encore été envoyé.."
1926709139629052042,J’ai demandé la Freebox il y a plus d’un mois et elle ne fonctionne toujours pas <USER> <USER>
1926744115930096101,"hello <USER> <USER> :)\n\nje suis actuellement sur une offre mini 4k et souhaiterais migrer vers la Pop S.\n\nl'interface web ne propose que la pop classique, l'offre pop S est pourtant disponible en nouvel abonnement sur <URL> comment puis-je migrer? merci :)"
1926972403663405279,"1/🧵 THREAD – Quand un “technicien” <USER> \n\n➤ détruit la connexion fibre de tout un immeuble,\n ➤ ravage mon logement,\n ➤ puis repart… sans rien réparer.\n\nUne histoire absurde de sous-traitance fibre incontrôlée et d’un service client impuissant.⬇️"
1926974653345546294,"<USER> <USER> Bref, j’ai toujours été un grand supporter de <USER> dont je salue beaucoup d’initiatives (prix bas, call center de proximité)\n\nMais là, je m’indigne. \n\nJe pense également qu'une réglementation devrait clairement encadrer les pratiques de ces ""techniciens"" fibre."
1927006536242503772,<USER> remettez moi internet je vais plus jamais vous quittez promis ! <URL>
1927009838485090564,"Voilà, à l’instant, je n’ai plus d’Internet. Et toujours aucun dédommagement de la part de <USER> <USER> <URL>"
1927027130145083511,<USER> ce qui est génial si on a un ticket ouvert c'est que l'assistance n'est pas joignable par téléphone alors que je suis sensé choisir une date pour l'intervention et rien n'est proposé dans mon ticket.\nJe n'ai pas non plus whatsapp car je n'ai pas un tel compatible.
1927037676810604818,Comment ça <USER> a oublié de me brancher CHEZ EUX du coup maintenant je dois attendre le 17 juin pour avoir un technicien ? \nJe capte même pas la 5G dans mon appart je peux littéralement rien faire.\nJe peux pas taffer et pas jouer
1927053292183470258,"<USER> matériel renvoyé suite à une résiliation le 08/05 avec l’étiquette relais colis, et arrivé chez vous le 12/05, mais je reçois un mail aujourd’hui me menaçant de plus de 500€ de frais <URL>"
1927093625009193468,<USER> : plus de fibre depuis le 03/05 malgré le passage d’un technicien et toujours aucune info … vous tenez informé les clients parfois ?? La j’attends qu’un miracle se produise ou bien ??
1927288467383259214,"Customer service 0/10, congrats <USER> <USER> <URL>"
1927291433322430530,"<USER> Bonjour, je viens vers vous parce que j'ai résilier mon comote Free pour aller dans un autre endroit. Et on me demande de Télécharger le bon de retour sur mon espace abonné sauf que vous avez deja bloquer mon compte. J'ai accès à mes Factures et rien de plus."
1927292335865335942,<USER> Bonjour \nVotre messagerie en ligne n’est jamais disponible non plus\nJ’ai eu un appel la semaine dernière avec le service client qui m’annonçait un passage d’un agent pour mercredi.\nPuis aucune nouvelle rien.\nJusqu’à quand ça va durer ? Quand allez vous prendre les choses en main?
1927303242557333785,"<USER> panique à la maison, télétravail et école sup en distanciel. Nous venons de recevoir un mail de votre part indiquant qu’une demande d’écrasement de notre ligne a été faite. Opérateur téléphonique impuissant. Coupure internet imminente et ineluctable. Client depuis 22 ans"
1927303853415772510,"<USER> Mais aussi quand l’assistance me dit que la carte SIM est gratuite, et que son collègue 2 semaines plus tard me dit que non. Il n’y a pas un problème au niveau de vos employées??? 10€ par carte par le nombre de clients la pilule est énorme !!!"
1927307636908683420,"<USER> \n\nBonjour \nOn est mardi et toujours pas d’internet depuis vendredi 23/05, cela fait 5 jours que je suis sans internet ni télévision \n\nIl y a eu le même problème il y a 10 jours….\n\nC’est ça la qualité Free, tous les 10 jours on est privé d’internet pendant une semaine ??"
1927308903475290355,<USER> pourquoi je paye 20€ par mois mais je capte RIEN en 5G
1927343461138575618,"<USER>, Vous êtes vraiment des INCAPABLES ! Vous m'envoyez un technicien de niveau 1 qui n'a pas été capable de m'installer la wifi lundi matin et il faut que j'attende à moins vendredi ou samedi pour un rendez-vous ? I HATE YOU!"
1927344617369882720,"bonjour <USER> <USER> le PMZ FI-78672-0002 est au ralenti (25%), pouvez voir svp ça dure depuis vendredi , merci"
1927348674595524864,<USER> donc là vous être en train de me dire que je vais devoir attendre une semaine et demi pour être raccordé ???
1927431250190479507,"<USER> 4) Vendredi soir, impossible de connecter nos téls à la TV. C’est pas possible, ils nous ont bloqués. Donc pas de TV le vendredi soir. \nEt franchement, ce soir, c'est galère. \nEt impossible de joindre quelqu'un!"
1927446300573716577,<USER> service après vente nul et complètement défaillant et incompétent
1927519462745354674,<USER> Comment faire si le service client n’est pas à même de résoudre mon problème après 2 mois et 6 appels de plus en plus frustrant ?
1927555946512859536,"<USER> <USER> Chez Free, je n'ai pas d'internet depuis le 26 avril.\nAucun technicien pour intervenir sur Rueil-Malmaison en ce moment !\n3 coupures en 2025 par des interventions sur le réseau, pour des mises en conformité.\nJe pense laisser tomber la fibre pour passer à Starlink.\nDes conseils ? <URL>"
1927665901572145436,<USER> Pour avoir une connexion stable il faudrait déjà avoir une connexion… je suis bloqué à l étape 2 depuis presque 1 semaine et malgré l intervention d un technicien personne ne s occupe de mon cas
1927667546276110742,"<USER> après plus d'une quinzaine de tickets d'incident ouvert en fin d'année dernière pour une box bloqué en étapes 3c , j'ai eu le droit à 5 mois sans incident et aujourd'hui rebelote avec un technicien qui va passer que dans 1 semaines. Le vase va pas tarder à déborder"
1927681820117667843,"<USER> Salut <USER> ☺️ dites je me suis inscrit chez vous le 21 avril. A ce jour, on en est tjs à la 1ère étape....ça ne bouge pas, 0 nouvelles de votre part. \nOn a une idée des délais de traitement classiques ? <URL>"
1927710231745696145,"<USER> \nJ'ai résilié le 04/05 et vous m'avez prélevé de l'intégralité du mois de mai, aucune info.\nJ'ai renvoyé le matériel et pareil, pas d'AR ni d'infos. Ce serait possible d'avoir un retour sur la surfacturation, réception du matériel ?.."
1927714905668395477,"Plus internet parce qu’un technicien nous a débranché pour brancher quelqu’un d’autre ? <USER> <USER> j’en veux pas de votre RDV MARDI, si vous intervenez pas avant la fin de la semaine c’est tchao"
1927720621871333696,<USER> <USER> Ma freebox se déco de la ligne ADSL svp faites un truc c'est pas vivable comme situation <URL>
1927720737873240423,"<USER> <USER> Je vous renvoie ma box, le boitier TV et le pocket Wi-Fi, et vous dites ne pas l'avoir reçu alors que j'ai la preuve que la réception à bien été effectuée.\nPourriez-vous reprendre contact avec moi ?"
1927720819649581214,<USER> <USER> et encore la j'ai redemarrer ma box sinon c'est pire
1927747133521670650,"Hier nous examinions une proposition de loi visant à renforcer la responsabilité des opérateurs dans le déploiement de la fibre optique. C'est un gros problème à Melun, à Pringy et à Dammarie. Urgence de réguler et sévir quand ça ne marche pas !\n<URL> <URL>"
1927748371344663006,"🚨 Nouveau chez <USER>, le Honor 400 5G débarque📱 \nCompatible toutes fréquences mobiles en France : 3G, 4G, 5G (SA & NSA) \nAvec fonctionnalités : Wifi 6, VoLTE, VoNR, VoWifi ⚡️\n\n💡 Nos tests de débits effectués dans de conditions idéales : \n 📶 4G ➡️ jusqu’à 617 Mb/s (↓) & 88 Mb/s (↑) \n 📶 5G NSA ➡️ jusqu’à 1428 Mb/s (↓) & 165 Mb/s (↑) 🚀\n\n Plus d’infos sur notre boutique en ligne : <URL> \n\n #Freemobile #VoLTE #VoWifi #VoNR #5GSA #4G #5G #Speedtest #Honor #Free"
1927755760991117453,<USER> Nous sommes ( A Dammarie les lys) privés d'internet depuis plus de deux semaines à cause de dégradation des câbles par des rongeurs.Aucune communication de la part des opérateurs a part une date de remise en état prévisionnelle pour le 23 mai \nMais Rien ! <USER> <USER>
1927779259491233878,"<USER> <USER> Déjà 1 mois sans internet ! Il y a 15 jours, Free Proxi m'indique que quelqu'un doit passer. Je peux avoir un RDV le 4 juin. C'est trop loin, on me passe sur ""liste prioritaire"", total : plus de RDV du tout ! Et impossible de joindre un autre service !"
1927781110852866123,"<USER> Coupure d’internet à la veille d’un week-end de 4 jours, pas de technicien avant samedi… génial"
1927781560691929592,<USER> <USER> \nImpossible de contacter le service client et free Proxi ne m'aide pas . Pouvez vous me donner un contact téléphonique svp
1927794656881803421,"<USER> Wesh <USER> vous avez trop d’argent , envoyer cinq sous traitant pour installer la fibre alors que le premier rapport dit d’installer par nacelle la fibre, RENVOYER 5 technicien pour faire cinq fois le même rapport ! ! Il ne lise pas les rapports au bureau? C’est fou!"
1927994869911314545,"<USER> Bonjour Free j'ai fait une demande de déménagement, le raccordement devait être fait avant mon arrivée et à l'heure actuelle ce n'est pas le cas ... un rdv ne m est proposé que dans une semaine ... impossible d'avoir un conseiller au téléphone ... 👎👎👎"
1928037625308303808,<USER> <USER> \nEffarant…. Je sors de la boutique free de Brest… déjà client j’ai construit une maison mais le réseau fibre n’est pas construit ni adsl… je souhaite une box 5g… on me dit non pas éligible et que je dois attendre des mois de construction de réseau par Orange
1928146787560308817,<USER> problème de box encore… ça devient pénible… On ne peut pas passer\nUn jour férié tranquille a la maison à profiter des services qu’on paye.
1928147203681309080,<USER> <USER> <USER> ça vous arrive de répondre aux clients ?!? 🤬🤬🤬
1928168208428654823,"Dites <USER> &amp; <USER>, vous prélevez ma grand-mère depuis 3 mois alors qu’elle a toujours pas la fibre ? 3 rendez-vous avec des « techniciens » qui traînent les bras et repartent en ayant à peine jeté un coup d’œil, c’est quoi ce service client ? Elle paye pour rien là !"
1928341127293239568,87 jours sans fibre ! Merci <USER> et <USER> on change pas une équipe qui gagne hein ! Merci <USER> ! Road to 100 days !\n\n<USER> <USER> <USER>
1928372958336082103,"<USER> bonjour, serait-il possible d'utiliser une autre plateforme ? merci pour votre réponse et bonne journée a vous! :)"
1928475203866136768,"<USER> 1 question . Je remarque que depuis quelques temps l'accès gratuit à canalvod sur interface clubs vidéo ,affiche écran noir alors qu'avant je pouvais louer des films. ( j'ai une box crystal). C'est normal?"
1928485063232032843,"Sinon <USER> ça ne vous dérange pas qu’une fois de plus nous n’avons plus internet ? Toujours le week-end, impossible de vous joindre… et toujours des délais de fou pour que quelqu’un intervienne ? Vous cherchez vraiment à ce que vos clients se tirent chez la concurrence ?"
1928485286863921644,"<USER> <USER> laisser 1 semaine un foyer sans connexion et pas de remplacement de clé 4g pour un abonnement à 50€ par mois ça vous pas fait pas chier ? Sachant que c’est pas un foyer mais tt la résidence honte à vous, 🫵🏼🫵🏼🫵🏼, je regrette d’avoir été employé chez vous."
1928505013002711098,59 euros de frais de résiliation freebox alors que je n’ai même pas d’abonnement annuel… On est chez les fous <USER> ????
1928515061045215569,"<USER> <USER>, j’ai plus de Wi-Fi depuis le 2 mai et toujours aucune solution. À chaque fois les tickets sont clôturés sans intervention, ça tourne en rond. Ça fait 1 mois que je galère bougez-vous un peu. #Free #ServiceClient"
1928515657089286612,"<USER> <USER> Cliente <USER> les délais sont honteux 3 semaines ou + pour avoir des rdv. 2 rdv et pas de fibre installée suite à 1 déménagement paris intramuros des techniciens sans obligation de résultats, un service client qui ne sait quasi rien, FREE vous avez tout compris ?"
1928518801311584385,<USER> <USER> <USER> mise en demeure pour pas avoir payé des frais de résiliation après 5 mois de panne de service?vous aviez pourtant annoncé que vu la situation assez compliqué je ne devrais pas payer et même avoir un dédommagement…réponse dans combien de temps ?⏱️ <URL>
1928530083834192257,wAllah <USER> <USER> demain je viens m’assoir dans la boutique jusqu’à ce qu’on trouve solution parce que vous me chiez à la gueule depuis des mois ! JE NE PEUX PLUS TRAVAILLER !!! <URL>
1928537970220409128,"<USER> Depuis jeudi 14 perte de connexion sur le dslam LAG33 . 24 heure d'interruption, pas une news pour expliquer aux abonnés du quartier le pourquoi de la panne et quand ça sera rétabli.😡\nBox en attente de DHCP..."
1928746247642403006,<USER> <USER> <USER> Nous étape 3D depuis jeudi… écrasement de ligne… pas d’intervention avant 15 jours !
1928787384159638006,Bravo à <USER> <USER> qui sont incapables de trouver une solution car je n’ai plus internet DEPUIS 2 SEMAINES ! « Ça sera réglé le 29 » on est le 31 et toujours rien ! Maintenant on me dit que j’ai besoin d’un rdv avec un technicien ! 🤣 aller c’est trop je résilie tout chez eux
1928823951469256913,"<USER> Hello Free, quand mon père de 93 ans n’a plus de connexion internet depuis un mois, indispensable pour son boîtier d’alarme en cas de chute et qu’on vous propose une intervention le 7 juillet … c’est ça la fiabilité ? <USER>"
1928870897693147373,"Comment, en 2025, peut-on encore avoir des problèmes de Wi-Fi !? Sérieusement, #Freebox , faites quelque chose, là, ce n’est plus possible!! <USER> <USER> <USER>"
1929089982938976507,<USER> Vous êtes vraiment des clowns. On prépare un déménagement personne préviens on te coupe comme ça. T’essaie de les appelés t’es bloqué avec un vielle voix de robot qui est même pas capable de dirigé vers un humain. On te demande des codes tu sais pas d’où ils sortent
1929149407338897624,"Allez vous faire f***** <USER> c’est plus possible. Y’a plus la fibre depuis 2 semaines, on nous sort dans 5 jours, 10 jours, vous mentez et maintenant notre 4G/5G bug et est lente !!!!!!?"
1929258856837697986,<USER> <USER> J’ai pareil frero plus internet depuis deux semaine <USER> anule mes rdv technicien et mtn me dis on peut rien faire y’a un problème collectif ( ils mentent tout le quartier a internet sauf moi ) donc <USER> je comprend mieu tes prix enft pour des services si minable
1929463907191496928,Mon rêve que mon top fasse cette performance
1929484038185656398,🚨FREE VOLEUR 🚨\n20 ans qu’on est client\nCela fais maintenant plus d’un mois et demi que je n’ai plus internet. Free ne fait rien pour résoudre le problème je ne peux pas prendre de RDV ni réclamer de remboursement concernant les factures des mois passés \n<USER> <USER> <USER>
1929484197204258967,"<USER> bonjour, j’ai un petit problème avec vous, j’ai ouvert annulé chez vous mais ça va faire cinq ou six jours que Mali est en cours de raccordement et ça va faire une semaine que j’ai plus d’Internet ça commence à être un peu lourd"
1929484892502401303,<USER> depuis samedi 31 à midi nous n'avons plus d'internet dans le 77 Sud Moret-sur-Loing Saint-Mamet et ses environs free allô Free il y a quelqu'un vous faites quoi
1929518761666556188,"<USER> Super je viens de le faire, que des messages automatiques, pas de réponse à ma question. Je sens que je vais pas rester longtemps chez vous...."
1929520509831500075,"J'ai pris la <USER> il y a 1semaine et c'est déjà la PIRE erreur de ma vie 1semaine et toujours pas internet et on parle pas du service.\nJ'explique mon problème il me répond ""et qu'est ce que vous voulez que je fasse""\nJe sais pas fait ton travail c'est déjà pas beaucoup\nFuyez!"
1929530998661800121,<USER> est-ce que ce serait possible de parler à un humain ? Votre parcours client qui déménage est un calvaire ! What’s app Free : personne ne me répond. 3244 on me répond « raccordement en cours merci au revoir » alors qu’il a déjà eu lieu et que j’ai un problème autre. Pitié 🥺
1929538263284404283,<USER> Tu vas voir dès que j’aurais internet <USER> <USER> <USER> ça fait un mois pitié à l’aide
1929538371132522769,"<USER> l'installation de la fibre, c'est une vraie galère, impossible d'avoir une date pour la venue d'un technicien, ça fais bientôt 6 mois. Quelqu'un peut m'aider ? Clients depuis très très longtemps"
1929574826571612175,Super ça fait un mois que je suis chez free et j’ai déjà plus de wifi chez moi depuis 2j 🤡🤡🤡 <USER> vous pouvez faire quelque chose svp
1929583949468114972,<USER> a la seconde où on se connecte à la box ça fait ça alors que la télé en elle-même fonctionne très bien ! J’espère que karim a bien fait remonter le dossier ! <URL>
1929650805453230346,<USER> bonjour pouvez vous me contacter concernant ma ligne qui serait résilié alors que j ai rien demandé. Merci
1929782368635613472,<USER> la pire des expériences! Depuis janvier mes appareils internet et télévisions fonctionnent une fois sur deux et est instable!! J’appelle toutes les semaines pour avoir des explications et qu’on me change mes appareils défectueux!!! Mais rien!!! On me dit même que je ments!!
1929834578350391781,<USER> Plus internet depuis ce matin et aucune information. Allo ? <USER>
1929861857759662393,<USER> <USER> Je vous ai envoyer un message dans votre boîte de réception. Merci
1929890715615522844,"<USER> Vous feriez mieux de travailler sur vos délais d'intervention pour une fibre en panne ""Etape 2"" : 13 jours pour avoir le RDV !!!"
1929913817653272923,"<USER> <USER> \n\n3 semaines maintenant que je n’ai plus de wifi, j’ai appelé minimum 15 fois, on m’a envoyé 2 "" techniciens "" qui ont réglé le problème puis le lendemain ça recommence 🤡"
1929914724012974271,"Dites-donc <USER>, quel terme ne comprenez-vous pas dans Service Client?\nJe suis harcelé par la CFR pour des factures impayées alors que l’abonnement est résilié (confirmé). Et quand je contacte votre « service client », on me répond que c’est à moi d’effectuer les démarches.🤡"
1929977897521164736,J’EN AI RAS LE BOL DE <USER>. J’ai changé de numéro dimanche et depuis je me fais harceler par les contacts de l’ancien prioritaire du numéro. Je demande à l’assistance si c’est normal d’avoir un numéro qui vient d’être désactiver. Et on me dit que le seul moyen c’est de repayer.
1929980561361183183,<USER> <USER> ça commence à bien faire ça fait 3 mois que ma voisine a plus internet elle a 75 piges j’ai du lui apprendre le partage de connexion pour qu’elle regarde son tennis sur son ordinateur ça fait 3 MOIS que vous la faites balader on est censées faire quoi en fait ?
1929988181174431965,<USER> <USER> <USER> ça n'avance pas....on nous prêtera une clé 4G le 10 juin mais aucune nouvelle d'une solution fiable et pérenne...merci
1930053176666812602,"<USER> Bon depuis un mois j'ai à la fois le réseau fibre ET mobile qui plantent pendant une heure chaque semaine en périphérie d'Annemasse, ça commence à devenir fatigant, vous voulez pas faire quelque chose?"
1930166870906187918,"<USER> Cela fait 2 mois et demi que je n’ai aucun accès à Internet. Je fais du télétravail, et je paie chaque mois pour un service inexistant. Le backup est inutilisable, et vos équipes ne donnent aucune réponse concrète. C’est catastrophique. #Freebox #Free #ServiceClient"
1930189191234666853,<USER> Free est entrain de me perdre avec plusieurs abonnements box et mobile à la clé.\n⚠️ Comment peut-on facturer des frais de résiliation dans le cas d’une rétractation?!!!!
1930228261373550595,"Panne free sur mon secteur depuis 1 mois et demi ! (La panne étant ""générale"" peut-être bouygues et orange sont aussi impactés ?).\nSeule communication de <USER> aujourd'hui je reçois par mail ma facture.\n<USER>\n<USER>"
1930232797068660893,<USER> <USER> Vraiment depuis que j’ai ma box je suis obligé de la redémarrer en éteignant et rallumant ma multiprise…\nPour rien ça va me donner envie de me désabonner 🤬\nEn plus Netflix 20€ c’est normal ?
1930234866144006384,"<USER> est en maintenance chez moi, ce qui signifie pas d’Internet, pas de TV, pas de Téléphone.\nJe suis dans une zone oú on ne capte rien. J’appelle Free pour qu’ils m’aident. Réponse : « Achetez un forfait Free à 10€ tout illimité » alors que je capte PAS!!!!"
1930240974237696217,"<USER> je vous dérange pas à vouloir facturer 116€ au lieu de 49,99€?"
1930277124574773711,<USER> panne de fibre depuis ce matin dans la Sarthe ... Hier déjà ! Vous en êtes où de la résolution ?
1930291426987823377,"<USER> plus d’internet depuis ce matin dans la Sarthe , ça va être rétabli dans quelques heures … vous dites ça depuis ce matin sérieusement !!"
1930302363337687520,"<USER> installation du fibre free, fonctionne pas. Je dois attendre 2 jours. Qui va payer 2 jours des 3 trav. Independent s?"
1930305812540391907,"Hello <USER> SAV injoignable depuis ce matin, plus de fibre, silence radio…\n#serviceclient c’est plus votre problème ???"
1930308828374962629,<USER> il faut faire quoi pour vous avoir au téléhone ? Free Proxi de Massy qui ne répond pas par message et nous en attendant la box ne marche plus et c’est la seconde fois en 1 mois
1930323768976519232,Freebox bloquée à l'étape 2 que faire ? J'ai déjà débranché et rebranché <USER>
1930548385502617691,"<USER> bonjour.\n\nImpossible de vous joindre sur le numéro dédié aux anciens clients. Et maintenant, vous voulez me prélever 50€ sans raison valable ? On fait comment là ? 🤨\n\n<USER> <USER>"
1930572881546621061,Plusieurs jours de coupure Fibre ☹️ bloqué à l’étape 2 <USER> #freebox . Et impossible de joindre un conseiller
1930576088863760710,<USER> <USER> <USER> \nSVP ÇA FAIT UN MOIS QU’ON APPELLE FREE QQN À DÉTRUIT LES FIBRES OPTIQUES DE L’IMMEUBLE ON EN PEUX PLUS ILS NOUS ONT DIT PAS AVANT LE 31 MAI ON EST LE 5 JUIN SVPPPP VENEZZZZ😭😭😭
1930608588839371089,<USER> On peut savoir pourquoi vous prélevez 180€ sur mon compte alors que je vous ai renvoyer la box et fourni la preuve de dépôt chez votre partenaire ?
1930614432628916657,"Bonjour <USER> , je dois faire quoi pour être appeler par un de vos conseillers ? Ça fait 2 jours que je laisse des messages sur votre messagerie et je n’ai pas de retour alors que c’est assez urgent."
1930621389578387597,"Ma <USER> qui marche plus depuis midi, bloquée à l'étape 2 🥳 Donc pas d'internet\n\nAutant vous dire que le stream s'annonce compromis"
1930645767527547177,"<USER> je ne comprends pas, depuis que je suis sur <USER>, je suis régulièrement en panne. Et beaucoup de temps à chaque fois pour être dépanné et récupérer ma box fonctionnel."
1930704333705978062,"<USER> entrant dans un 3e mois de suite sans service mais les prélèvements sont toujours réalisés. L’assistance ne fait que remettre « habilement » la responsabilité sur l’abonné et c’est saoulant.\nFaites quelques chose, monsieur le CM"
1930861468141904285,Message de <USER> <USER> <USER> au démarrage de la box \n\n#TNT #Télévision #NouvelleNumerotation <URL>
1930960436679123116,"<USER> pas internet depuis 24h due très probablement a une cassure fibre externe, aucun conseillé ou technicien ne m’a contacté depuis, malgres plusieurs tentatives de contact dont un ticket ouvert, c’est plaisant de payer un service qui ne fonctionne pas"
1930971996260532361,"Hello <USER> <USER> ! Cela fait + de 5 jours ! Plus de Box sur #Aubagne <USER> . Pas de suivi, pas d'infos précises. Inadmissible ! Impossible de travailler correctement . Merci d'intervenir au plus vite !"
1930993407511466325,<USER> Ça fait une semaine que je n’ai pas de service et vous ne répondez pas au téléphone. <USER>
1931016330247114961,"<USER> <USER> Votre incompétence est intolérable! Panne signalée le 27/05, câble détérioré (photo envoyée), 10 jours de réponses bidon (""centre de supervision"") et maintenant un RDV fixé hier pour aujourd'hui, mais le technicien ne vient pas! Vous me prenez pour un pigeon. Je résilie Freebox + mobile (100€/mois) des maintenant même si c’est pas gros chose pour vous.\nfbx-33943378. Pathétique!"
1931033802958110894,"<USER> <USER> Pas d'internet depuis hier 16h (freebox bloqué etape 2). Ticket ouvert, vous me demandez de prendre un rdv, mais je ne peux rien sélectionner. On fait comment ? <URL>"
1931056699240304790,"<USER> comme tous les ans à partir de juin, la connexion disparaît à partir de 20H30. Ras le bol. En septembre je change d’opérateur."
1931061035945074746,"<USER> <USER> <USER> <USER> j'ai redemarrer le player et la freebox je ne sais combien de fois, et elle s'eteint au bout de cinq minutes... top, le changement ! merci l'<USER>"
1931666401523061170,"⚠#PANNE FREE MOBILE EN COURS⚠\n 📡20 freenautes ont remonté des problèmes sur le réseau #mobile de #Free depuis 10h39\n🌍Villes concernées : Bonneville (74130), Saint-Pierre-en-Faucigny (74800)\n⬇️⬇️⬇️\n<URL>"
1931676653748429071,<USER> <USER> vous attendez quoi pour régler le problème ?
1931678641689108493,"Si vous avez une #freebox et que vous vivez en #HauteSavoie , ca va etre chaud pour regarder #RolandGarros2025 cet après-midi…\nPlus de 3500 signalements 🚨🚨🚨 à date.\nBon courage à tous et aussi à <USER> ! <URL>"
1931687480769540196,<USER> eh les bg vous pouvez remettre internet chez moi svp
1931692414768382340,"<USER> Le tweet qui a mal vieilli. Depuis 10h ce matin, panne dans le pays de Gex, 0 informations sur la résolution."
1931694646876319946,96 jours sans fibre ! Merci <USER> oula attention intervention prévu le 10 à 8h00 suspens de malade. Merci <USER> ! Road to 100 days !\n\n<USER> <USER> <USER>
1931697453541007522,<USER> Il se passe pas une semaine sans que j’appelle l’assistante pour des problèmes de connexion.
1931702735176376602,"En tant que client <USER> j'ai des coupures intempestives d'Internet TOUTES LES SEMAINES. \n\nÇa va de 2 à 12 jours pour la plus longue, sans AUCUN geste commercial. \n\nXavier Niel, casser les prix c'est bien, quand c'est au dépend de la qualité c'est non. <USER> <USER>"
1931703366704410855,"<USER> <USER> <USER> <USER> Depuis le 24 mai dans le Val d’Oise soit disant du vandalisme aussi… aucune réponse, aucun service depuis. Par contre ils ont bien prélevé… 🙄🙄🙄"
1931743732988030998,Pas de Freebox fibre ni réseau carte SIM depuis ce matin 11h !! C’est une blague <USER> <USER> <USER> ???? C’est revenu qu’à 18h #hautesavoie #cranvessales #vetraz #annemasse
1931748476263575722,Bon <USER> <USER> <USER> va falloir me contacter la ! Une panne générale réseau tel et internet une journée. \nJE NE SUIS PAS D'ACCORD ! JE SOUHAITE UN DÉDOMMAGEMENT s'il vous plaît 🙏 !
1931758242788671508,<USER> <USER> <USER> <USER> Ça viens de couper à l’instant en Bretagne je vais serrer
1931765723967410272,Désolé mais Sinner - Alcaraz ce soir c’est ça hein\n\n#RolandGarros #F1 <URL>
1931765913969103241,<USER> J’aimerais bien regarder si <USER> et <USER> n’avait pas décidé de couper mon réseau 🤬
1932005295338754110,<USER> <USER> c’est possible d’ajouter la sauvegarde en arrière plan dans #freefiles merci
1932105412012318734,Vous les reconnaissez ? Nous aussi… ou presque.\n<USER> 🔴🔵 <URL>
1932146022135848979,"<USER> Bonjour, est ce que l'offre pops inclut les appels vers le Maroc comme les autres offres ?"
1932149638855090379,<USER> <USER> <USER> <USER> <USER> j'attends toujours un dédommagement suite à l'incident d'hier en fait !
1932183223637000297,"S’il vous plaît, suis-je la seule ? <USER> <USER> commence à déconner, j’ai l’impression, il devienne comme SFR, j’ai plus de wi-fi ça fait exactement deux jours et ce n’est pas la première fois. Dites-moi en commentaire si vous êtes pareil que moi."
1932335608229183530,"<USER> bonjour, j’ai résilié y’a maintenant 3 mois, j’ai renvoyé mes appareils ( j’ai la preuve d’envoi du colis), cependant j’ai été prélevé ce mois de juin de 100 euros ( raison non renvoi du dit appareil) et bien sûr impossible de vous contacter n’étant plus adhérent free"
1932368139502948846,"Hey <USER> &amp; <USER>, c'est normal qu'en plein Lyon, dans un immeuble avec la fibre, un appartement avec un boitier fibre on me balade depuis plusieurs mois sans me raccorder en me donnant une excuse différente a chaque appel du 3244 ?"
1932377893780201970,<USER> <USER> On a pas de reseau depuis hier 23h on fait comment ?
1932389569510457531,"<USER> <USER> Bonjour, est-ce normal que je ne puisse pas activer les notifications push sur votre application espace client ?\n\nJe suis sur Realme GT7 Android 15.\n\nMerci <URL>"
1932443568511299837,<USER> vous me faites peter un durite. \n2 semaines sans internet pour la deuxième fois en 2 mois ! \nEt la seule assistante sur des heures de bureau MDR. Prochaine étape je résilie !
1932493838276571345,#Problème <USER> <USER> depuis la dernière #miseàjour les #chaînes #TV n'arrêtent pas de couper #micro #coupure !
1932718465493676273,<USER> <USER> <USER> \nQuand est ce que les anciens abonnés mini4k auront la possibilité et les modalités pour migrer vers la Freebox pop S ?
1932793399205089588,<USER> <USER> j'ai besoin de votre aide d'urgence j'ai plus rien qui fonctionne
1932801975860473876,Il suffisait de demander : la 5G+ Free est disponible sur iPhone.\n\nPlus d’infos ➡️ <URL>
1932805078148153609,<USER> C’est possible d’avoir free en suisse ?? La mif ?
1932817777598791856,<USER> Ah ? Du coup c’est ici pour demander pour le passage d’un abo Delta S à Pop S ? 🥲
1932829793235652621,"<USER> Par pitié ça fais 3 semaines j’ai plus de connexion, on appelle et à chaque fois on nous dis quelques choses de différent. Remettez nous de la co 🙏🏼🙏🏼🙏🏼😭"
1932879757219348634,<USER> faut faire quelque chose avec cette appli <USER> qui ne fonctionne pas vraiment c’est pénible
1932891829629837715,<USER> Pourquoi on ne peut pas passer d’un abonnement Freebox Ultra à un abonnement Pop S sans avoir à résilier (frais) et faire une nouvelle souscription ? <USER>
1933204796682473805,<USER> <USER> #free SVP faites venir un technicien en urgence ou régler le problème. À peine 1 mois que j'ai la fibre freebox et elle est déjà en panne. Ma 4g ne me permet pas de tout faire et j'ai des streams à faire.. je vous en prie (je peut payer l'intervention si il faut) <URL>
1933265833481933103,"<USER> 1/3 Impossible de contacter l'agence free Angoulême pour une Cb de 107,09€ pour ma mère de 84 ans. Alors qu'il n'y a aucune facture ou service associé. Bien au contraire, victime de phishing sur son mobile et sa box free facture 290€ +126,94€ + 97,13€"
1933281841944953272,"Bonjour <USER>, cela fait maintenant 3 jours que je n’ai plus aucun service. J’ai déjà appelé votre assistance, j’ai 0 retour. \n\nÇa commence à faire beaucoup là."
1933497330717565431,"<USER> je suis assez agacé. Je viens d'être débité de 190€ pour non renvoi de la box que j'ai déposée il y a 4 mois dans un point relais. J'ai essayé de contacter la ligne ces dernières semaines sans succès, dans le labyrinthe de boîtes vocales et autres codes. Que faire ?"
1933505550089924888,🚨FREE VOLEUR 🚨\n20 ans qu’on est client\nCela fais maintenant plus d’un mois et demi que je n’ai plus internet. Free ne fait rien pour résoudre le problème je ne peux pas prendre de RDV ni réclamer de remboursement concernant les factures des mois passés \n<USER> <USER> <USER>
1933540051259998454,"<USER> Bonjour, comment récupérer les identifiants (plus de papier de la souscription) pour ma mère âgée afin de gérer une panne de sa freebox ? Merci !"
1933560642033840227,<USER> possible d’avoir l’intervention d’un technicien sur Paris compétent contrairement à aujourd’hui ou le gars ne fait rien et en plus est très désagréable 🤮 \nPlus d’internet et c’est très gênant \n<USER>
1933584645628510565,Salut <USER> ça te dirait de justifier le prix que je paie pour mon abonnement s’il te plaît en résolvant mon problème?
1933756161343271162,"Je tiens à denoncer l'immondice service client <USER>, mon ancien fournisseur d'accès que j'ai resilié après près de deux mois d'interruption de mes services suite a une panne collective dans mon immeuble parisien"
1933764328525558179,"j'avais également demandé une résiliation sans frais de mon abonnement <USER>, ils ont acquiescé et surprise en début de ce mois 59€ m'ont été prélevé."
1933783938658676942,"<USER> Ma ligne ADSL à Vibraye est HS. J'ai tenté de joindre le 3244 mais n'ai pas trouvé comment vous signaler avec vos tapez 1, 2, 4512, etc."
1933854371931918682,"Bonjour, le technicien <USER> <USER> a percé un trou en trop dans mon mur parce qu’il s’est trompé, puis m’annonce que c’est à moi de reboucher et de voir avec le proprio.\nLe tout en salissant un mur rénové.\nAh yes, super service 🤡\nMerci de faire quelque chose 🫠"
1933934839280947655,"<USER> quels recours ? Je suis cliente depuis février, J'attends toujours et encore d'autre raccordée à la fibre. La hotline m'expliques que le problème est connu et ne me propose pas de solution. 3 visites de technicien et, aucun raccordement fait."
1934133360168718757,"<USER> Faudra m’expliquer le concept : vous me harcelez pour passer à la fibre, me bloquez 1/2 journée, me menacez de 49 € de pénalité si je suis pas là, et.... vous apercevez en arrivant qu’il n’y a pas de place dans les boîtiers de rue.\nÇa pouvait pas être vérifié avant ?"
1934385347099807983,Heuuuu <USER> <USER> c’est normal que depuis 4h j’ai plus de réseau ni de wifi ?
1934528843706200250,"<USER> ma box oscille entre l'étape 2 et l'étape 3 depuis Vendredi soir j'ai déjà essayé de vous joindre au 3244 mais tapez 1, tapez 2 etc. conduit à une impasse."
1934537288282788250,Salut <USER> sous combien de temps vous installez une freebox pop S dans un logement déjà équipé de la fibre ? 😇 marre de bouygues qui ne propose aucune fonction un peu poussée ):
1934598254941061170,"Donc la va fait 2j que j'ai plus d'internet et <USER> ne fait rien c'est formidable. Aucune solution de secours alors que je dois teletravailler. Formidable , faites moi penser à quitter cet opérateur le plus vite possible"
1934651354146062690,"<USER> Bonjour, je suis cliente Free. J’ai laissé un message au 3244 ce matin à 11h pour changer de Freebox, toujours aucune réponse à 18h35. Le 1044 m’a redirigée. Merci de me rappeler rapidement."
1934672743829786919,<USER> on nous a dit 45 minutes de réponses. Appel au 3244 qui renvoie vers free proxy qui ne répondent pas <URL>
1934689855667097623,#freebox <USER> c'est quoi ce truc ? <URL>
1934890606209196214,"Bonjour <USER> , c'est bien long pour trouver un créneau, ça fait 2 ans bientôt que vous m'avez promis la fibre, visiblement les actes ne suivent pas les promesses. De plus les deux derniers rdv, n'ont pas été honoré, le technicien n'est pas venu jusqu'à chez moi."
