tweet,sentiment,sentiment_score,theme,theme_score,urgence,urgence_score,confiance,tweet_id
"💩 à parceque Débit Très instable, … Free en France vitesse, performances, pannes et commentaires des utilisateurs 👉 #fing #internet #Free via",negatif,0.95,Pannes / Coupures téléphone,0.9,2,0.9,0.9158,1343458257915031553
🎂 célèbre aujourdhui 10 ans de révolution mobile Notre CP 👉,positif,0.95,information,1.0,0,0.0,0.6494,1480465391424053249
Et vous ça se passe comment la fibre c’est la misère vraiment jpp,negatif,0.95,Fibre,0.9,1,0.7,0.8491,1485331097844129798
"Dans la lutte contre les installations sauvages et les infrastructures dégradées, la bonne formation des techniciens qui déploient la fibre est essentielle Jétais ce matin aux côtés dIdriss, formateur au centre de formation technique à Argenteuil, dans le ValdOise",positif,0.95,processus_sav,0.9,1,0.8,0.8824,1694675653205860558
Hello et je crois que nous allons avoir prochainement un gros problème de fibre PBOE,neutre,0.5,Fibre,0.9,2,0.9,0.7659,1695912123824546156
Bonsoir je suis chez et voici ma bande passante #Freebox ⤵️ Vous allez pouvoir vous moquer deux dans votre prochain spot publicitaire 🤡,negatif,0.95,information,0.9,1,0.7,0.8491,1709659172361404776
"En 3 ans l’équipe technique de Free le « BOC » m’a t’on dit n’est pas capable d’amener 3 mètres ou moins de câble Fibre, afin que j’ai la fibre cercle rouge comme mes voisines dont nos maisons sont mitoyennes cercles verts Satisfaisant",negatif,0.9,Fibre,0.95,1,0.7,0.8491,1711773973401235737
"a 25 ans et tient toujours ses promesses en terme de pouvoir d’achat et d’innovation 3 quinquennats sans toucher aux prix de nos forfaits mobiles, voilà une promesse à laquelle les français peuvent croire🇫🇷🙏🔥",positif,0.95,information,0.9,0,0.1,0.6493,1759266279620247842
Ça fonctionne super bien la Fibre Free ce soir Franchement cest abusé Déjà lautre soir la TV de Free OQEE était carrément indisponible #FTTH #fibre #Free #Var,negatif,0.9,Fibre,0.95,1,0.8,0.8824,1762571081402011959
"et tout le réseau sachez quune main courante va être déposée, et ira plus loin sil le faut 6 appels en 24h avec 6 numéros différents quand je demande de retirer mon numéro de vos bases de données cest du harcèlement Vos forfaits de merde jen veux pas",negatif,0.95,processus_sav,0.9,2,0.9,0.9158,1811040987365421110
"Installer la fibre sans autorisation du propriétaire et en perçant de partout, cest normal",negatif,0.95,Pannes/Coupures téléphone,0.8,2,0.95,0.8991,1812874502642049501
"On ne se rend pas assez compte que sans Xavier Niel aujourdhui on paierait tous nos forfaits 144,99€ avec 65 SMS par jour, 2h dappel par mois et 150Mo de données mobiles",negatif,0.95,Facturation / Paiement,0.95,2,0.95,0.9491,1813101958900879811
“C’était mieux avant” Avant,negatif,0.9,processus_sav,0.9,0,0.1,0.6327,1813231927559643512
13 minutes 13 sec cest le temps ENCOREEEEE UNE FOIS PERDU à attendre après free pour résoudre un problème récurent INCOMPÉTENCE Ils ne répondent jamais,negatif,0.95,processus_sav,0.9,2,0.9,0.9158,1813254932449140912
"Javais vu juste et il naura finalement fallu attendre que quelques heures Free ajoute actuellement les versions HDR de France 2 UHD et France 3 UHD De mauvais élève, et après de nombreux messages de mécontentements sur labsence de HDR, passe en tête en proposant dorénavant deux versions SDR et HDR De quoi satisfaire tout le monde pour ceux qui ont des problèmes avec le HDR 🥳 France 2 UHD canal 102 France 2 UHD HDR canal 103 France 3 UHD canal 104 ex canal 103 France 3 UHD HDR canal 105 Dispo suivant la freebox mettez en commentaire si vous lavez, ou pas, sur votre Freebox 4K, quelques bugs actuellement le temps de mettre en place les flux photo discord jartabul",positif,0.95,information,1.0,1,0.8,0.9158,1813267588560134325
"Le service proximité de 1 des plus grosses arnaques de ces dernières annéesIncompétents et complètement dépassésTu en sais plus queux,tu leur dis ce qui marche pas,tu prends un rdv avec un technicien qui vient que ds 1 semaine Pratique pr le télétravail Plus de reponse",negatif,0.95,processus_sav,0.95,2,0.95,0.9491,1813579520819286432
"comment vous joindre jai été débité pour non restitution de matériel pour une résiliation de ligne que je nai pas effectuée moi même, impossible de vous joindre car mes identifiants n existent plus, vos relances sont arrivées directement",negatif,0.95,Facturation / Paiement,0.9,2,0.95,0.9324,1813581407668871481
ma fibre HS depuis 3 semaines,neutre,0.6,Fibre,0.95,1,0.7,0.7492,1813586665371513000
Vous pouvez m’envoyer les avengers de la fibre svp les mêmes que j’ai chez ça fait 1mois que j’attend,positif,0.95,Fibre,1.0,1,0.8,0.9158,1813586931986698575
"Bon je travaille En remote chez moi et ça fait 1 semaine que j’ai plus de connexion avec , ils ont envoyé un technicien qui a dit « on vous envoie un autres tech » et depuis plus de nouvelles, de base je kiff free, le boss etc etc mais la ,,,",negatif,0.95,processus_sav,0.9,2,0.9,0.9158,1813604838682325386
il va falloir revoir la sélection des installateurs de fibre optique J’ai pas commandé un fil pour étendre mon linge … le voisin non plus Donc va falloir revenir,negatif,0.95,Fibre,0.95,1,0.8,0.8991,1813625655374098443
"Bonjour Comptez vous intégrer les versions HDR de FR2 et FR3 sur les applis Oqee TV hors player pop LG TV Et si oui, sous quel délai approximatif à temps pour les JO Nous sommes nombreux à utiliser lappli sans le décodeur, ce serait très appréciable Merci par avance",positif,0.95,information,0.9,1,0.8,0.8824,1813628840624943206
12 Salut Free je désespère Client depuis 20 ans payant à chaque fois le renouvellement de mes box plein tarif sans jamais un geste commercial pour ses vieux clients Je subis depuis le moi de juin des coupures intempestifs de ma ligne,negatif,0.95,Facturation / Paiement,0.9,2,0.9,0.9158,1813633896136994907
de l’aide s’il vous plaît 🙏🏼,neutre,0.7,processus_sav,0.9,1,0.7,0.7659,1813652642113229136
"Ne passez pas chez free Depuis le mois de mai, jattends quils me rendent ma clé avec laquelle linstallateur free est parti",negatif,0.95,Facturation / Paiement,0.9,1,0.8,0.8824,1813672057575731665
pourquoi j’ai des bugs de connexion wsh je paye la fibre,negatif,0.9,Pannes / Coupures téléphone,0.9,1,0.7,0.8325,1813684903856468282
Merci de mavoir fait passer une super soirée en live et merci pour ces 2 déconnexions pour une mise à jour de la box en pleine soirée En lespace de 2 mois jai déjà eu 2 soucis majeur de connexion avec votre box et ça sans JAMAIS aucun geste commercial,negatif,0.95,processus_sav,0.9,2,0.9,0.9158,1813698687253746036
Bonjour je cherche à modifier des mots de passe de boîtes mails qui sont gérés chez vous sur des domaines un peu vieux Comment peuton faire ça na pas lair possible via la page webmail free,neutre,0.6,processus_sav,0.8,1,0.8,0.7326,1813864570282541144
"Bonjour, mes parents ont fait leur inscription enfin le 9, et depuis pas de nouvelle toujours bloqué à cette étape, cest normal",negatif,0.95,processus_sav,0.9,1,0.8,0.8824,1813867624843055326
"c’est normal des signalements pour pertes de synchro des dizaines de fois par jour, des rendezvous techniciens annulé sans prévenir le client, une assistance téléphonique qui indique que la ligne est rétablie alors que la Freebox est en étape 3 #freeboxUltra",negatif,0.95,processus_sav,0.95,1,0.7,0.8658,1813886775799984228
je ne comprend pas une amie abonnée chez vous avec la delta depuis 2 ans on lui a offert les frais de migration vers la ultra Moi je suis abonné chez vous depuis 2009 et a moi on me fait payer les frais de migration vers la ultra inadmissible,negatif,0.95,Facturation / Paiement,0.9,1,0.7,0.8491,1813977091500802109
Depuis le 2306 je suis en attente d’un rdv pour la fibre chez je suis du coup pas encore client et je pense qu’a cette allure là je ne le serai jamais Honteux,negatif,0.95,Fibre optique,0.95,1,0.7,0.8658,1814009656504885552
dépêchez vous,neutre,0.7,processus_sav,0.9,2,0.95,0.8492,1814030614103785545
moi aussi jattend le technicien depuis une semaine,neutre,0.7,Pannes / Coupures téléphone,0.9,1,0.8,0.7992,1814031065990001071
"allo,avez vous des nouvelles pour le réseau SVP",neutre,0.7,information,0.8,1,0.7,0.7326,1814034736118927866
Non plus rien depuis 15 mn même Coralie est chez Free en téléphonie et pas de réseau,negatif,0.9,Pannes / Coupures téléphone,0.9,1,0.7,0.8325,1814035247333253492
rendez la wifi,neutre,0.5,Fibre optique,0.9,0,0.0,0.4662,1814081417405497766
Non mais vous répondre trois jours après Super le service après vente,neutre,0.6,processus_sav,0.9,1,0.7,0.7326,1814208069481422980
Bonjour jai fait installer votre box depuis 10 min Mais comment on fait pour avoir un être humain en ligne pour assistance Impossible au 3244 ni au 1044 Merci,negatif,0.95,processus_sav,0.9,2,0.95,0.9324,1814215859520352478
"bonjour Free Cela fait 1 mois que je nai plus internet Un rdv avait été fixé puis annulé pour, je cite puisque vous deviez intervenir dans les plus brefs délais Nous avons as la même notion de bref délais Que fautil faire pour avoir internet",negatif,0.95,Pannes / Coupures,0.95,2,0.9,0.9324,1814220122342470038
"Bonjour Monsieur Niel Voila plus 20 ans que jencense Free depuis Freesurf Jai tous mes forfaits chez vous Depuis le 15 fev maintenant, je nai plu la fibre pro dans ma société qui, de fait, est en péril Que faire Quelle déception",negatif,0.95,processus_sav,0.9,2,0.9,0.9158,1814232564715966700
Normal pour vous quun des vos employés a souscrit a ma place sans mon accord un abonnement Free mobile et que lon me demande denvoyer un courrier de rétractation pour un abonnement que JE nai pas pris,negatif,0.95,Facturation / Paiement,0.95,1,0.8,0.8991,1814238911964512258
Dites vous n’avez pas honte de couper toute connexion et d’afficher un message d’erreur sur la freebox « contactez un technicien pour installer la fibre » c’est quoi ce forcing en pleines vacances d’été Vous pouvez pas attendre la rentrée On n’est pas encore en 2025,negatif,0.95,Pannes / Coupures,0.95,2,0.95,0.9491,1814253298322477539
"3 semaines sans internet et rien ne bouge malgré plusieurs appels, des rdv techniciens annulés Chez free quand ça fonctionne cest bien mais quand il y a un problème technique il ny a plus personne, ni même au téléphone Chez free jai tout compris FUIR",negatif,0.95,processus_sav,0.95,2,0.95,0.9491,1814266726114107603
"Impossible de contacter l’assistance free si c’est pas avec le numero de mobile de la personne concernée Super, on peut pas aider les retraités",negatif,0.95,processus_sav,0.9,2,0.9,0.9158,1814276844889289006
"l’assistance Free devient complètement aberrante, l’invention de Proxy n’arrange pas moins la situation",negatif,0.95,processus_sav,0.9,2,0.9,0.9158,1814296005510144260
abonnée myCANAL via je n’ai pas récupéré la diffusion sur mon téléviseur…ça fonctionne sur tablette…estce normal,negatif,0.9,information,0.7,1,0.7,0.7659,1814299035529834820
Sa donne que j’ai besoin de couverture au travail help me saint Pol sur Ternoise 62130,neutre,0.6,Pannes / Coupures téléphone,0.9,1,0.7,0.7326,1814306411746054410
Toujours de chaine 103 et 104 HDR sur sur ma tv samsung,positif,0.95,information,0.9,0,0.1,0.6493,1814314333343465484
cest normal de balader vos clients victimes dun écrasement de ligne pendant un mois sans aucune information sur un délai dintervention Pourtant la loi vous donne 8 jours pour rétablir la connexion Ou alors free je nai pas tout compris,negatif,0.95,processus_sav,0.95,2,0.9,0.9324,1814327641547145515
je n’en peux plus 1 mois que la box s’arrête en pleine journée pour ne redémarrer qu’a 23h impossible de vous joindre C’est terminé je résilie À ce niveau c’est de l’incompétence,negatif,0.95,Pannes / Coupures téléphone,0.95,2,0.95,0.9491,1814334384704565600
"il faudrait deja commencer par assurer un reseau correct pas de reseau mobile depuis une semaine dans le Nord des Landes, free annonce une maintenance des relais, et maintenant comme ça dure, free accuse Enedis pour une histoire de compteur electrique de qui se moque ton",negatif,0.95,Pannes / Coupures téléphone,0.95,2,0.9,0.9324,1814336508846899237
C’est quoi le problème avec La wifi de chez moi n’arrête pas de sauter Je paye 48€ par mois pour ne pas avoir de connexion Foutaise,negatif,0.95,Pannes / Coupures Fibre,0.95,2,0.95,0.9491,1814336903992541578
C’est parti pour la finale du Mondial de rugby U20 💪🇫🇷 ALLEZ LES BLEUETS #lequipeRUGBY,positif,0.95,information,0.9,0,0.0,0.616,1814344612590358589
"Commence vraiment à magacer 3 jours pas de Tv pas dinternet, censé être rétabli à 16h, toujours rien Cest pas la 1ere fois que ça merde",negatif,0.95,Pannes / Coupures téléphone,0.9,2,0.9,0.9158,1814348139559612633
La diffusion de interrompue depuis plus de dix’ minutes sur #freebox,negatif,0.9,Pannes / Coupures téléphone,0.9,2,0.95,0.9158,1814348364185538617
"Coucou Je narrive pas à me faire comprendre par votre conseiller, Je souhaite avoir gt Freebox Ultra Je possède déjà un abo netflix prime Je naurai plus quà payer la différence entre le tarif de votre forfait Netflix et le prix de ma formule",negatif,0.95,Facturation / Paiement,0.9,1,0.8,0.8824,1814348631937311037
"bonjour, pas mal de problème de réception chaînes, êtesvous confronté à divers problèmes Merci pour votre retour",negatif,0.95,processus_sav,0.9,1,0.8,0.8824,1814348648827834768
"Jai FR2FR3 et quelques autres où jai un écran noir BFM ça sarrête, revient, sarrête",negatif,0.95,Pannes / Coupures téléphone,0.9,2,0.9,0.9158,1814350121863180290
Je pensais être le seul ça me clc la sah,negatif,0.9,processus_sav,0.9,1,0.7,0.8325,1814351024800338122
"Ho cest quoi cette merde là jai beau redémarrer la box, là chaine léquipe 21 fait que de couper Sur mycanal ça coupe pas",negatif,0.95,processus_sav,0.9,1,0.8,0.8824,1814351117712818309
"je tente de regarder le rugby sur là Cest un enfer ça saute toute les 2 secondes Cest partout chez vous ou juste moi En attendant je coupe, cest infernal 😩",negatif,0.95,information,0.3,1,0.8,0.6826,1814351196942970891
Problème de flux Tv sur Levallois 92300 alors que le débit internet est ok Vous avez des soucis identifiés,negatif,0.95,Pannes / Coupures téléphone,0.8,1,0.8,0.8492,1814351242035884167
"Bonjour, pareil de notre côté",neutre,0.7,processus_sav,0.9,1,0.7,0.7659,1814351414161732036
"J en ai marre Jessaie de regarder la finale de la coupe du monde de rugby U20 sur la chaine l’Équipe Mission impossible Des coupures toutes les 3 minutes Heureusement je peux regarder la même chaine grâce à la TNT Mais pourquoi payer 40,00€ si Free ne sert à rien",negatif,0.95,information,0.8,1,0.7,0.8159,1814352298845319666
"Y a pas mal de chaines qui beuguent,jespère que #Freebox va régler ca assez vit😡",negatif,0.9,processus_sav,0.9,1,0.7,0.8325,1814353719720325462
Idem Est à cause de la panne mondiale,negatif,0.9,Pannes / Coupures téléphone,0.95,1,0.7,0.8491,1814353725663916160
Idem les trois quarts des chaînes écran noir ou image figée,negatif,0.95,Pannes / Coupures téléphone,0.9,2,0.95,0.9324,1814354329827991701
"Oui moi aussi ma freebox reste avec lécran figé Pour internet pas de problème, mais la télé une catastrophe😤 jai éteint et rallumé la freebox tv mais impossible de regarder les chaînes TV 😭",negatif,0.95,Pannes / Coupures téléphone,0.9,2,0.9,0.9158,1814354533444673583
"honteux la connection chez free, impossible de suivre léquipe de France en finale de la coupe du monde de rugby",negatif,0.95,Pannes / Coupures téléphone,0.9,2,0.9,0.9158,1814356278237368711
⚠#PANNE FREEBOX EN COURS⚠ 📡20 freenautes ont signalé des pannes #Internet dont 15 sur le réseau #fibre de #Free depuis 15h19 🌍Ville concernée La RoquedAnthéron 13640 ⬇️⬇️⬇️,negatif,0.95,Pannes / Coupures,0.95,2,0.9,0.9324,1814356388652429578
idem mais là ça fait 30sec que ça déconne plus vous connaissez les RS pour informer vos clients de vos problèmes,negatif,0.9,Pannes / Coupures téléphone,0.9,1,0.8,0.8658,1814358944497664395
Le désordre continue avec une image saccadée sur les téléviseurs des clients de ⁦⁦Freebox⁩ Peutêtre quil serait temps de se demander si ce nest pas le service qui est défaillant⁦free⁩ 🤫🤨,negatif,0.9,processus_sav,0.9,1,0.7,0.8325,1814358979511763365
Jamais vu une box aussi chiante que celle de chez free,positif,0.85,information,0.8,0,0.1,0.5827,1814360105342660968
Bonsoir y atil un problème avec le serveur ma box ne capte rien merci,negatif,0.95,Pannes / Coupures téléphone,0.9,2,0.95,0.9324,1814360763919655031
lApp est down sur box Androïd et TV Samsung #free #freebox,negatif,0.95,Pannes / Coupures téléphone,0.9,2,0.95,0.9324,1814360943918211385
y’a t’il un pb sur le réseau Aucune communication Aucun message Ça serait bien d’informer les clients,negatif,0.95,Pannes / Coupures téléphone,0.95,2,0.95,0.9491,1814361238320595218
Oui pareil erreur dash,negatif,0.9,Facturation / Paiement,0.9,1,0.8,0.8658,1814361330196926929
Et sinon le BUG DE OQEE ON EN PARLE,negatif,0.9,processus_sav,0.9,1,0.8,0.8658,1814362021707583763
panne TV ici dans 78 Downdetector remonte une explosion des problèmesune communication,negatif,0.95,Pannes / Coupures téléphone,0.95,1,0.8,0.8991,1814362029194617328
Encore et encore,neutre,0.6,processus_sav,0.9,1,0.7,0.7326,1814362356207759446
Je confirme Panne sur Free TV OQEE,negatif,0.95,Pannes / Coupures téléphone,0.9,2,0.95,0.9324,1814363066600947901
oh pitié ça fait 4h que jai pas de co faites quelque chose,negatif,0.9,Pannes / Coupures téléphone,0.9,1,0.8,0.8658,1814363117532422254
Vous aussi vous avez un souci avec votre #freebox Erreur 20 d’authentification Et sa bug quand il arrive à s’identifier difficilement #free,negatif,0.95,processus_sav,0.9,1,0.8,0.8824,1814363924684517557
"Vos liens ne donnent pas la possibilité de sadresser à vous quand on nest pas abonné Free Vous en revanche, vous percez les façades de tout le monde, sans en avoir lautorisation Rdv au Tribunal",negatif,0.9,processus_sav,0.9,2,0.95,0.9158,1814364083820318967
Ouais la même,neutre,0.7,processus_sav,0.9,1,0.7,0.7659,1814364127261012234
Pareil,neutre,0.7,Facturation / Paiement,0.8,1,0.7,0.7326,1814364499391996414
"oqee est HS ce soir, il demande a se connecter depuis une ligne free, et fait un internal serveur error quand on veut sauthent",negatif,0.95,Pannes / Coupures téléphone,0.9,1,0.8,0.8824,1814364822408180214
"problème panne authentification de la Freebox bloquée sur étape 6, département des Landes depuis 20mn environ",negatif,0.95,Pannes / Coupures téléphone,0.95,2,0.9,0.9324,1814364867035324900
Bloqué à létape 6,negatif,0.9,processus_sav,0.9,1,0.7,0.8325,1814364915911557280
"Pareil, bloqué à létape 6😪",negatif,0.95,processus_sav,0.9,1,0.7,0.8491,1814365145579094224
Oui panne sur les Freebox,negatif,0.9,Pannes / Coupures téléphone,0.9,1,0.7,0.8325,1814365177191534630
Bloqué étape 6…,negatif,0.9,Pannes / Coupures téléphone,0.9,1,0.7,0.8325,1814365329507643661
La même et le site semble KO aussi #free,negatif,0.9,Pannes / Coupures téléphone,0.9,2,0.9,0.8991,1814365369529970744
", un souci actuellement Je suis bloqué étape 6 de la Freebox",negatif,0.9,processus_sav,0.9,1,0.8,0.8658,1814365629883003146
Vous aussi vous êtes bloqués à létape 6 avec votre freebox #panne #free #freebox,negatif,0.95,Pannes / Coupures téléphone,0.9,1,0.8,0.8824,1814365932426539130
"Panne internet plus de , franceinfotv, chez",negatif,0.9,Pannes / Coupures téléphone,0.9,1,0.7,0.8325,1814365941045604823
"Aujourdhui cest le #ITOutageDay, et a décidé dy participer à sa manière, freebox TV out, ainsi que lauthentification pour Cest crowdStrike qui soccupe de la sécurité chez vous 😆",negatif,0.95,Pannes / Coupures téléphone,0.9,2,0.95,0.9324,1814365976307060924
bonjour pas de connexion ce soir sur ma box 😭,negatif,0.95,Pannes / Coupures téléphone,0.9,1,0.8,0.8824,1814366025778864287
"Bonjour, nous sommes plusieurs bloqués à létape 6 Un problème général",negatif,0.95,processus_sav,0.9,2,0.9,0.9158,1814366035518054552
Oui Depuis 3 quarts d’heure 😫,negatif,0.9,processus_sav,0.9,1,0.7,0.8325,1814366183824486679
"Oui pareil, apparemment il y a une panne",negatif,0.9,Pannes / Coupures téléphone,0.95,1,0.8,0.8824,1814366189977583632
"Idem dans le 27, bloqué à létape 6",negatif,0.9,processus_sav,0.9,2,0.95,0.9158,1814366299344253196
ERREUR 20FF Lauthentification a échoué,negatif,0.95,Facturation / Paiement,0.9,2,1.0,0.949,1814366346995740735
Bonjour Free Incidents en ce moment en fibre sur la France Dans l’Herault Béziers Merci de votre réponse,neutre,0.6,Fibre optique,0.95,2,0.95,0.8325,1814366412007256112
plus d’internet depuis 45 mn,negatif,0.9,Pannes / Coupures téléphone,0.9,1,0.8,0.8658,1814366416214048928
Et sa continue maintenant internet #Freebox qui fonctionne plus merde 🤬😤,negatif,0.95,processus_sav,0.9,2,0.9,0.9158,1814366706392863042
ont en parlent du bug Oqee impossible de regarder la tv,negatif,0.95,Pannes / Coupures téléphone,0.9,1,0.7,0.8491,1814366710188614140
"PROBLème de télé, impossible daccéder aux chaînes erreur dash 1302 personne ne répond au 3244 alors quil est censé être ouvert jusquà 21h,",negatif,0.95,Pannes / Coupures téléphone,0.9,2,0.9,0.9158,1814366794900975825
Erreur egalement de mon coté Et lappli ne marche pas non plus,negatif,0.9,Facturation / Paiement,0.8,1,0.8,0.8325,1814366857656193376
Ça bloque à etape 6 chez moi,negatif,0.9,processus_sav,0.9,1,0.8,0.8658,1814367176247390372
Quand tu appel sa sonne pas et ça nous dit que c’est un numéro non attribué,negatif,0.95,Pannes / Coupures téléphone,0.9,0,0.0,0.616,1814367183868203302
Idem Site inaccessible et 3244 injoignable,negatif,0.95,Pannes / Coupures téléphone,0.9,2,0.95,0.9324,1814367510915064235
Pareil,neutre,0.7,Facturation / Paiement,0.8,1,0.7,0.7326,1814367532830302641
Oui pareil ici,neutre,0.7,processus_sav,0.9,1,0.7,0.7659,1814367584264835443
"#freeboxultra #PireBoxDuMonde Déjà un débit pourrit, la tv qui freeze comme de l’adsl et la carrément rien qui marche ce soir et pour prévenir de l’incident ça ne marche pas non plus … Difficile de ne pas vs détester la",negatif,0.95,Pannes / Coupures téléphone,0.95,2,0.9,0.9324,1814367603932143955
c’est vraiment le pire service qui existe,negatif,0.95,processus_sav,0.9,1,0.8,0.8824,1814367656012632179
On est vendredi soir Je nai plus aucune chaîne de télévision depuis une demiheure Aucun accès non plus à lassistance en ligne page derreur ou par téléphone ne répond pas Etonnamment ça commence à me gonfler,negatif,0.95,Pannes / Coupures téléphone,0.95,2,0.95,0.9491,1814367744072228929
"hello, gros soucis ce soir, impossible de joindre le 3244 et freebox pop bloquée en étape 6 Que se passe t il Crowstrike vous joue aussi des tours Commune de Brignais",negatif,0.95,Pannes / Coupures téléphone,0.9,2,0.95,0.9324,1814367793833283754
Moi en Normandie freebox bloqué étape 6,negatif,0.9,processus_sav,0.9,1,0.7,0.8325,1814367848115868154
Pareil ile de France,neutre,0.7,Facturation / Paiement,0.9,1,0.7,0.7659,1814367970631496064
Même chose dans hérault,neutre,0.6,Pannes / Coupures,0.9,1,0.7,0.7326,1814368063162110167
Pareil dans le 94 Mais ça fait un moment que je rencontré des problèmes avec Free malgré un changement de box récent,negatif,0.85,Pannes / Coupures téléphone,0.9,1,0.7,0.8159,1814368095236137277
Il y’a une panne chez free ou quoi Ma box est bloqué à l’étape 6,negatif,0.95,Pannes / Coupures téléphone,0.95,1,0.8,0.8991,1814368111984029869
Pareil Paris,neutre,0.7,autre,1.0,1,0.7,0.7992,1814368352434884835
Help je suis bloqué a l étape 6 et votre service client est injoignable Une idée svp,negatif,0.95,processus_sav,0.9,2,0.95,0.9324,1814368381832692008
Help Free plis dinternet et impossible de vous joindre par téléphone ☎️,negatif,0.95,Pannes/Coupures téléphone,0.9,2,0.95,0.9324,1814368425491222821
ENCORE EN PANNE SUR BESANÇON … MAIS C’EST QUOI CE BORDEL DEPUIS 2MOIS #freebox #Free,negatif,0.95,Pannes / Coupures,0.9,2,0.9,0.9158,1814368437122035989
"Impossible de regarder le match sur ma box free, quelqu un a des infos 🥹",negatif,0.95,Pannes / Coupures téléphone,0.9,1,0.8,0.8824,1814368516692123878
Idem dans le 34,neutre,0.6,Pannes / Coupures,0.9,1,0.7,0.7326,1814368519506550808
Le fait que la télé par soit HS memmerde un peu plus,negatif,0.8,Pannes / Coupures téléphone,0.9,1,0.7,0.7992,1814368538431283401
62 aussi,neutre,0.7,Pannes / Coupures,0.9,0,0.0,0.5328,1814368576603586914
#panne freebox probleme connexion,negatif,0.9,Pannes / Coupures téléphone,0.9,1,0.8,0.8658,1814368731113324770
Pareil dans le 95,positif,0.95,processus_sav,0.95,1,0.95,0.9491,1814368736024907983
En panne aussi,negatif,0.9,Pannes / Coupures téléphone,0.9,1,0.7,0.8325,1814368748637192638
"Freebox, impossible de vous joindre par téléphone au 3244 pourtant c’est ce numéro que vous communiquez Depuis ce matin des gros problèmes de réseaux, impossible de regarder la TV la ça commence à me chauffer en plus on ne peux pas vous joindre …",negatif,0.95,Pannes/Coupures téléphone,0.95,2,0.95,0.9491,1814368765855052207
bonsoir voilà encore une fois free ne fonctionne pas reste bloqué sur le 6 😡😡😡,negatif,0.95,Pannes / Coupures téléphone,0.9,2,0.95,0.9324,1814368857399677065
"Depuis une 30 aine de minutes , internet marché sans problème mais freeze tv sur certaine chaîne, je redémarre ma box puis pouff étape 6 et sa mouline haute garonne",neutre,0.6,Pannes / Coupures téléphone,0.8,1,0.7,0.6993,1814368890853396531
Idem 93,neutre,0.6,Facturation / Paiement,0.9,1,0.7,0.7326,1814368963826164172
"serait touché par la #panne numéro injoignable, services qui ne fonctionnent plus Je ne pense pas que se soit un hasard #pannemondiale",negatif,0.95,Pannes / Coupures téléphone,0.95,2,0.95,0.9491,1814369108772684226
"bonsoir, Bloqué en étape 6 depuis 20 minutes Impossible non plus daccéder à support free Que se passetil",negatif,0.95,processus_sav,0.9,2,0.9,0.9158,1814369111767691372
Idem paca impossible de tel au 3244,negatif,0.95,Pannes / Coupures téléphone,0.9,1,0.7,0.8491,1814369119266865295
bonjour Jai demandé un dédommagement pour les nombreux dysfonctionnements que je subis sur votre réseau et depuis je suis devenue personne non grata et silence radio de votre part Vous trouvez ça normal et correct,negatif,0.95,processus_sav,0.95,2,0.9,0.9324,1814369327912759540
plus de télé et plus internet Je suis bloqué étape 6 de la Freebox à Marseille,negatif,0.95,Pannes / Coupures téléphone,0.9,1,0.8,0.8824,1814369345046491472
"moi c’est juste les chaînes, le wifi fonctionne encore chez moi mais c’est vrai que c’est relou a mort là 💀💀",negatif,0.95,information,0.3,1,0.7,0.6493,1814371729541644775
"Hello On n’a plus de wifi … malgré un reboot, la box reste bloquée en étape 6 Que faire On n’arrive pas à se connecter à notre compte client non plus sur le net ou sur l’appli #Free #FreeBox",negatif,0.95,Fibre optique,0.9,2,0.95,0.9324,1814375336324329737
Idem dans le 17,neutre,0.7,Facturation / Paiement,0.9,1,0.7,0.7659,1814382286923567349
"⚠#PANNE FREEBOX EN COURS⚠ 📡20 freenautes ont signalé des pannes #Internet dont 19 sur le réseau #fibre de #Free depuis 18h15 🌍Villes concernées Meaux 77100, NanteuillèsMeaux 77100, CrégylèsMeaux 77124, Villenoy 77124 ⬇️⬇️⬇️",negatif,0.95,Pannes / Coupures,0.95,2,0.95,0.9491,1814382699894739345
Panne chez Free malheureusement…,negatif,0.95,Pannes / Coupures téléphone,0.9,1,0.7,0.8491,1814390436729106557
moi quand lheure de ma Freebox est revenu et quand la tv ne marche pas du tout je sais pas quoi vous jouez à part prendre largent vous faites quoi #Freebox à part de mettre touche temps en panne les autres bande de voleurs,negatif,0.95,Pannes / Coupures téléphone,0.9,1,0.7,0.8491,1814399365433201068
vous êtes le pire opérateur c’est terrifiant,negatif,0.95,processus_sav,0.9,2,0.9,0.9158,1814781596269973640
nan mais la box stp jai jamais vu ca,neutre,0.6,Pannes / Coupures téléphone,0.9,1,0.7,0.7326,1814786397020299656
rebonjour nouveau message du serveur SMTP via Thunderbird,neutre,0.6,processus_sav,0.9,1,0.7,0.7326,1814935159948398606
"Même chose ici pour mon épouse alors que moi ça fonctionne , ce n’est pas la première fois que ça arrive, ça serait bien que ces boîtes fonctionnent normalement très rapidement",negatif,0.95,processus_sav,0.9,1,0.7,0.8491,1814943214706544813
Et ce qui est très très énervant 😡 c’est que ils font les morts Genre l’assistance est censée t’appeler en 45mn … ça fait 1h30 et aucun appel ou message Service calamiteux votre SAV est nul Sachez le #Free #FreeBox,negatif,0.95,processus_sav,0.95,2,0.95,0.9491,1814963647577243680
bug souscription,negatif,0.9,processus_sav,0.8,1,0.7,0.7992,1814979921292251155
"pourquoi jai sa, quand je regarde un programme sur Universal",neutre,0.6,processus_sav,0.9,1,0.7,0.7326,1815009023134958046
"bonjour, pb des flux vidéo sur Massy 91 fibre Coupure régulières Pendant les matchs c est insupportable Attention pas de ça pendant les jo Pas de mail non plus",negatif,0.95,Pannes / Coupures,0.9,2,0.9,0.9158,1815085175992098887
On préfère la eligue1 avec,neutre,0.6,Fibre optique,0.9,1,0.7,0.7326,1815097457451160013
Enfin quand ça marche hein,positif,0.9,processus_sav,0.9,0,0.1,0.6327,1815098119929135332
"eh Votre fameux wifi 7 et vos répéteurs sont nuls de chez Nils La box ultra plus 3 répéteurs sont bien en dessous des trois Google que javais Vous vendez du rêve , mais cest surtout du bas de gamme made in pourrave",negatif,0.95,Fibre optique,0.9,1,0.8,0.8824,1815138793457848826
OUAIS C’EST BON J’AI COMPRIS EN VRAI LES COUPURES DE CONNEXION TT LES 23MOIS OU J’AI PLUS DE CO PDNT 34jours ACTIVE VITE,positif,0.9,Pannes / Coupures,0.95,2,0.9,0.9158,1815140060301258862
Bonjour plus de d accès a ma boîte mail depuis 72h via zimbra ou imap un délai de résolution,negatif,0.9,processus_sav,0.9,1,0.8,0.8658,1815290266938433696
"Bonjour petite question, vendredi on me dit que vous avez reçu une demande d’écrasement de ligne Que nous n’avons jamais demander, et que pour annuler cela je dois vous contacter Je le fais on me dis que l’écrasement ne sera pas fais, et que j’aurais pas de coupure",negatif,0.95,Facturation / Paiement,0.95,2,0.95,0.9491,1815291507978403947
Bonjour des nouvelles concernant létape 3D rencontrée sur certains freebox dans la région Nantaises un ETA de prévisionnel Merci cc,neutre,0.7,processus_sav,0.9,1,0.8,0.7992,1815335841469780007
seraitil possible de ce joindre par message privé,neutre,0.7,autre,0.3,0,0.1,0.3663,1815344412030837164
Tintin il a autant de meufs,neutre,0.5,autre,1.0,0,0.0,0.4995,1815352004689990054
"Des années chez Free 44€mois Impossible de profiter des chaines TV, 4KM le ligne ADSL Des mois de contact avec le support pour une avancée fibre, toujours en attente, que faire La 5G Pas stable et 5mos,",negatif,0.95,processus_sav,0.9,2,0.9,0.9158,1815369159535993284
Jour de reprise en télétravail et merci faudra me faire une lettre pour mon patron j’ai des brouettes de mails à traiter 😅,negatif,0.9,Facturation / Paiement,0.9,1,0.7,0.8325,1815385518223364467
Bientôt 20 jours que jai pas internet chez moi vous allez me rembourser mon mois,negatif,0.95,Pannes / Coupures téléphone,0.95,2,0.95,0.9491,1815391031518548246
La mienne les bouton marchent plus depuis des années,neutre,0.5,autre,0.1,0,0.1,0.2331,1815430797685649658
Cest combien pour la Freebox révolution,neutre,0.5,Facturation / Paiement,0.9,1,0.7,0.6993,1815434963325788185
Ben voui je la croise quotidiennement sauf quelle ne fonctionne plus et que jai pas envie de payer pour son remplacement pk ce matériel ne mappartient pas du coup je fais avec une appli merdique emplie de pub depuis quand on paie pour remplacer un matériel défaillant,negatif,0.95,Facturation / Paiement,0.9,2,0.9,0.9158,1815445537841348908
"Moi, et pluuuuus jamais, cest de la merde ca bug tout le temps",negatif,0.95,processus_sav,0.9,1,0.8,0.8824,1815452064014889079
"Mdrrr mon père la encore, aidez le svp",neutre,0.6,Facturation / Paiement,0.9,1,0.8,0.7659,1815453627907035516
"Mouais avant de faire de la récup arrêter de vs comporter comme des voleurs Dès que je rentre de vacances ça sera les feux de lenfer pour vous, jai déjà prévenu les trisos de vos plateformes téléphoniques mais visiblement votre service client na rien à branler de ses clients",negatif,0.95,processus_sav,0.9,2,0.9,0.9158,1815470209333117278
Moi aussi mdrrrr jsuis bloqué à l’étape 2,negatif,0.9,processus_sav,0.9,1,0.7,0.8325,1815472452387958971
via imapsmtp de free impossible de se co sur zimbra aussi,negatif,0.9,processus_sav,0.9,1,0.8,0.8658,1815472947911405671
Oui et vraiment de u davoir fait confiance a côté marque car franchement emmerdes sur emmerdes pour la box maison 🫣,negatif,0.9,processus_sav,0.9,1,0.8,0.8658,1815481986607350157
J’imagine pas de réponse de leur part également J’ai envoyé un message à 10h via à l’application et je me suis rendu en boutique pour avoir un conseiller sans succès… je pense qu’il est grand temps d’aller voir ailleurs 😭,negatif,0.95,processus_sav,0.95,2,0.95,0.9491,1815491225429979280
On en parle quand de la panne vendredi dernier,negatif,0.9,Pannes / Coupures téléphone,0.9,1,0.7,0.8325,1815496572446335219
"bonsoir, jai toujours des gros problèmes avec les services télé sur ma Freebox La panne se poursuit depuis vendredi soir Savezvous quand cela sera résolu Merci davance",négatif,0.95,Pannes / Coupures téléphone,0.95,2,0.9,0.9324,1815498393424191895
Ça serait possible de donner des informations aux abonnés concernant la panne qui dure depuis vendredi sur les boîtes mail zimbra Jattends des mails importants et là ça commence à être long,negatif,0.9,Pannes / Coupures téléphone,0.9,1,0.8,0.8658,1815511298165379535
vous devriez augmenter vos prix peut être que sa réduira les 200 pannes quon a chez vous chaque mois 😮‍💨,negatif,0.9,Facturation / Paiement,0.9,2,0.9,0.8991,1815522787097723137
Oui Jai eu la Freebox révolution pendant plus de dix ans,positif,0.95,autre,0.1,0,0.1,0.383,1815578602194239663
c’est quoi sa pk ma free elle fais que de se redémarrer la il est 6h vous jouez a quoi la,negatif,0.9,Pannes / Coupures téléphone,0.9,1,0.7,0.8325,1815602581122740359
toujours pas de boîte mail depuis vendredi soir et toujours pas de communiqué sur le problème,negatif,0.95,processus_sav,0.9,2,0.9,0.9158,1815605376836047258
"Heureusement, ton forfait free te permet de travailler avec ta 54G Ahhhh non, cest vrai, quand les Freebox ne fonctionnent pas, le réseau non plus",negatif,0.95,Pannes / Coupures téléphone,0.9,1,0.8,0.8824,1815631010496664047
"J’ai eu ça pendant 3 mois, un camion a heurté l’armoire fibre de mon quartier Clairement à part être patient free ne propose rien, le pire c’est que j’ai été obligé de prendre un abonnement 4g à mes frais pour survivre",negatif,0.95,Fibre optique,0.95,2,0.9,0.9324,1815658181621637467
Merci Oui cest bien ça mais ça serait pas mal de régler le pb de connexion au mails via Zimbra ou imap impossible davoir ces mails depuis 5 jours maintenant 😭😭,negatif,0.95,processus_sav,0.9,2,0.9,0.9158,1815661610238640218
Freebox Delta Fibre bloquée en étape 3 depuis hier Secteur 14320 SAINTMARTIN DE FONTENAY On me signale un incident collectif Plus dinfos SVP,negatif,0.95,Pannes / Coupures téléphone,0.9,2,0.95,0.9324,1815667417332252776
🇫🇷 ALERTE INFO Plus demail depuis 5 jours et 0 communication de qui nen a rien à foutre des pigeons que sont les clients,negatif,0.9,Facturation / Paiement,0.9,1,0.7,0.8325,1815672859026432104
Votre co la pas ouf,neutre,0.7,Facturation / Paiement,0.9,1,0.7,0.7659,1815677323892375713
"Bonjour jamais vous répondez sur WhatsApp J ai commandé la nouvelle box ultra je veux me rétracter Je vous l ai signifié, vous ne répondez pas, UPS me prévient que le colis est expédié ,il sera refusé",negatif,0.95,Livraison,0.9,2,0.95,0.9324,1815678028036350434
Bonjour Possible déchanger un dm,neutre,0.5,autre,0.3,1,0.7,0.4995,1815684675941150933
vous pouvez répondre à vos putain de clients Je n’ai pas de connexion et impossible de vous joindre depuis 12h bande d’incompétents,negatif,0.95,Pannes / Coupures téléphone,0.95,2,0.95,0.9491,1815690366210789745
"Bonjour depuis hier 23h je n’ai plus internet la box s’allume rouge, et est bloqué à l’étage 2 J’ai essayé d’appeler une dizaine de fois on me renvois vers une assistance en ligne qui eux ne me répondent pas depuis 8h",negatif,0.95,Pannes / Coupures téléphone,0.95,2,0.95,0.9491,1815696335493824916
J’attends toujours une reponse depuis quasi 24h sans connexion et personne ne répond Je vais passer chez orange vous êtes des incompétents,negatif,0.95,Pannes / Coupures téléphone,0.95,2,0.95,0.9491,1815698224314753124
"Au lieu de faire des blagues, réglez vos problèmes de panne 3 jours sans wifi en plein tt ma tv est bloquée à l’étape 2, service client de mes couilles avec vos call center dans je ne sais quel pays du monde",negatif,0.95,Pannes / Coupures,0.95,2,0.9,0.9324,1815704324275581168
votre livreur a déposé le colis fait une photo et est reparti avec le colis et est parti avant que lon puisse arriver,neutre,0.5,Livraison,0.9,1,0.8,0.7326,1815717055137505325
"bonjour, problème sur le freebox player de ma mère Impossible dutiliser le timeshifting et quand elle allume sa télé elle tombe toujours sur la mosaïqueUne idée du problème",negatif,0.95,processus_sav,0.8,1,0.8,0.8492,1815743012703514976
"bonjour, possibilité d’avoir des infos sur le raccordement impossible à la fibre chez vous",negatif,0.95,Fibre,0.9,1,0.8,0.8824,1815760969290658108
on en parle de vos techniciens qui ne viennent jamais En 3 rendez vous 2 plan foireux Vous pensez que notre temps ainsi que nos CP sont en illimité 50€ d’abonnement pour ça vrmt,negatif,0.95,processus_sav,0.9,2,0.9,0.9158,1815768881639653749
vous n’avez plus d’assistance pour la box Comment se fait il que depuis hier soir 23h personne ne me répond concernant ma panne,negatif,0.95,Pannes / Coupures téléphone,0.95,2,0.95,0.9491,1815783585137258752
j’ai un gros soucis avec votre service litige qui ne donne plus de nouvelles Ou vos prestataires qui fixent des rendezvous et ne se présentent pas sans donner d’explications J’ai pris une journée de travail pour rien L’installation de la fibre #free #fibre #travail,negatif,0.95,processus_sav,0.95,2,0.95,0.9491,1816064804177731893
Free j’vous aime bien mais depuis la panne vendredi j’ai que des crash internet Je ne peux également pas regarder la TV correctement ainsi que jouer en ligne,negatif,0.95,Pannes / Coupures téléphone,0.9,2,0.9,0.9158,1816102705040912735
",free Des soucis sur nailloux 31560 Des problèmes peut être A priori 3 ou 4 zones touchées…",negatif,0.8,Pannes / Coupures,0.8,1,0.7,0.7659,1816400673015058724
J’suis censé aller où avec ça,neutre,0.5,autre,0.3,1,0.7,0.4995,1816775134151131442
"Bonjour, je vous ai DM",neutre,0.7,processus_sav,0.9,0,0.0,0.5328,1816846689921085907
We c’est sale quand je joue j’ai 20 Ms alors que je suis fibre câble plus sa m’enlève le jeu sa me met connexion modifier chaque fois je vais aller chez bouygue hyn,negatif,0.95,Fibre,0.9,1,0.7,0.8491,1816905306603180411
SVP C’EST POSSIBLE DE RÉTABLIR LA CONNEXION ÇA FAIT 3J Y’A DES COUPURES DE CONNEXION AJD ÇA FAIT 10H J’AI PAS DE WIFI LA SEULE SOLUTION C’EST CHANGÉ D’OPÉRATEUR,negatif,0.95,Pannes / Coupures,0.95,2,0.9,0.9324,1816962551856632313
"Bonjour, le bordereau de renvoi de matériel ne marche pas même après plusieurs essais dans différents points relais, la date d’envoi à expirer il y a quelques jours 2 pour être plus precise, estce tjrs possible d’envoyer le colis, si oui comment",negatif,0.95,Livraison,0.95,2,0.95,0.9491,1817084559474733391
"Comment résilier mon abonnement Votre site me demande de me reconnecter, mais rejette mes identifiants valides Jai déménagé hors de France Pouvezvous résilier mon abonnement",negatif,0.95,Facturation / Paiement,0.9,1,0.8,0.8824,1817085988214309199
Gros problème de réseau actuellement chez via la fibre Plus d’accès internet Étonnamment la box affiche l’heure mais ne semble pas ne pas réussir à se connecter et il est même impossible d’accéder à l’interfaces de la box via le lien J’espère que vous avez abandonné ces histoires d’interfaces qu’on ne peut accéder que via un putain de lien qui a besoin du DNS on pouvait pas en rester à une adresse IP à la con quoi qu’il en soit je suis pas le seul dans ce cas de figure actuellement j’espère que c’est une putain d’attaque et que ça détruira les infrastructures au moins je serai un peu indulgent sinon j’ai juste envie de foutre le feu à tous vos réseaux,negatif,0.95,Fibre optique,0.95,2,0.95,0.9491,1817134677070635237
merci de nous informer del avancement des travaux à StOrens De Gameville Merci,neutre,0.6,Livraison,0.8,1,0.7,0.6993,1817134820046028854
Bonjour Pensez vous que répondre cela a vos clients cest commercial Cela fait deux ans que les problèmes récurents du réseau Adsl fixe d me coupent mon accés internet plus dun tiers de lannée avec un débit indécent en 2024 il létait déja en 2018 Je pense quil est peut etre temps de secouer lopérateur historique non Car je suis dans la et a moins de 5 Km de la 1ere technopole dEurope,negatif,0.95,Pannes / Coupures téléphone,0.95,2,0.9,0.9324,1817136420688998735
Bonjour Depuis 2 jours la Freebox ne marche plus elle reste bloquée à létape 2 y atil des problèmes de réseau dans la Loire,negatif,0.95,Pannes / Coupures téléphone,0.9,1,0.8,0.8824,1817231152073023897
Bonjour jai un code Erreur de lecture 1330 avec lapplication oqee sur ma télé LG Je ne trouve rien dans votre site concernant ce code derreur,negatif,0.95,Pannes / Coupures téléphone,0.9,1,0.8,0.8824,1817232584272748736
Hey Ça vous arrive de décrocher au 3244 des fois ou bien ça devient comme les médecins faut prendre RDV 6 mois plus tôt,negatif,0.95,processus_sav,0.9,1,0.8,0.8824,1817236444819198011
"ça serait bien darrêter de faire les morts, et de répondre et darrêter avec cette putains de boîte vocal quand on veut parler à un humain",negatif,0.95,processus_sav,0.9,1,0.8,0.8824,1817259246435680651
"Je voulais faire le Panthéon, jai changé davis",negatif,0.9,information,0.3,0,0.0,0.3996,1817287377561215062
"On dira Merci et sa connexion instable qui pue la fiente de pigeon Le stream tient pas, steam non plus, on adore",negatif,0.95,Pannes / Coupures téléphone,0.9,2,0.9,0.9158,1817293294894006403
"Pensée émue pour ceux qui n’ont pas les 5,99€ pour regarder les #JeuxOlympiques sur Max et qui doivent subir les commentaires et coupures du service public",négatif,0.95,Facturation / Paiement,0.9,2,0.9,0.9158,1817480913602719964
"Après une panne nationale de Free sur la TV il y a une semaine, puis panne de quatre jours sur la messagerie, black out sur ma ligne, panne collective depuis le 25 juillet Pas de date prévisionnelle de rétablissement Vous ne vous en vantez pas, hein",negatif,0.95,Pannes / Coupures,0.95,2,0.95,0.9491,1817488361117851706
Je suis chez free mais cest quoi Max,negatif,0.8,processus_sav,0.9,1,0.8,0.8325,1817504514250834364
Bonjour Jai pris labonnement MAX mais impossible de my connecter Je na rien reçu pour activer loffre Que faire,negatif,0.95,Pannes / Coupures téléphone,0.9,2,0.95,0.9324,1817541685997408734
Hello je suis abonnée à et je peux plus regarder les films et séries USA parce cest version originale et sans sous titrage Pourriez pas faire quelque chose Une fidèle cliente,negatif,0.95,information,0.8,2,0.95,0.8991,1817565710496756022
"malgré s être pris 15jours en avance, plus de téléphone plus d internet plus de télé On nous demande un rdv physique pour régler le problème mais aucune place pour rdv Ça va durer longtemps",negatif,0.95,Pannes / Coupures téléphone,0.9,2,0.9,0.9158,1817604296860397717
Ma box qui ne fonctionne de nouveau plus ça fonctionne très aléatoirement cest pénible Rencontrezvous le même problème #OlympicGames,negatif,0.95,Pannes / Coupures téléphone,0.9,1,0.8,0.8824,1817641188469743917
"Très déçue du service client 2 ans difficiles sur mon adsl faible débit, interruptions répétées de plusieurs jours, jamais aucun geste commercial Et maintenant me facture plus de 40 euro ma résiliation pour une ligne qui na jamais fonctionné comme promis",negatif,0.95,processus_sav,0.95,2,0.95,0.9491,1817643966269206941
"jai un abonnement canal souscris via ma box, impossible de me connecter sur lapplication MYCANAL et vos deux services se renvoient la balle Ça commence à bien me gonfler votre histoire",negatif,0.95,processus_sav,0.9,1,0.8,0.8824,1817654120893059482
Attention Lors dune résiliation Free vous prélève le montant des appareils même si vous les renvoyez 📷 et ne répond pas aux demandes dexplications,négatif,0.95,Facturation / Paiement,0.9,2,0.9,0.9158,1817655085247434993
Hello je narrive pas à créer mon compte sur MAX alors que je suis chez moi et Wifi activé,negatif,0.95,processus_sav,0.9,1,0.7,0.8491,1817657929157525530
"Bonjour, je vais perdre tous mes cheveux pour comprendre pourquoi le formulaire pour compléter mon adresse afin de voir pour la fibre ne peut pas être validé jai rempli tous les champs, mais impossible denvoyerje suis à deux doigts de partir de chez vous",negatif,0.95,information,0.3,1,0.7,0.6493,1817663346239307979
"Espérons que vous pourrez recruter au plus vite , car attendre plus de 8 jours pour se faire dépanner, c’est inadmissible, d’autant plus que sur le facture ces 8 jours ne seront pas déduits de la facture 🤔",negatif,0.95,Pannes / Coupures,0.95,2,0.9,0.9324,1817664848471175324
on me demande 190€ pour des équipements que j’ai rendu il y a 3 ans parce que je suis pas capable de fournir une pièce justificative Je tourne en rond vous pouvez m’aider,negatif,0.95,Facturation / Paiement,0.95,2,0.95,0.9491,1817721388792258869
"Coupure dinternet à lallée des muriers, 13570 Bédarrides",negatif,0.95,Pannes / Coupures,0.95,2,0.95,0.9491,1817733719622590545
Bonjour Seraitil possible de faire quelque chose pour qu’il n’y ai plus de putain de coupure Internet à 3h du matin car là ça commence vraiment à me les briser merci,negatif,0.95,Pannes / Coupures téléphone,0.95,2,0.9,0.9324,1817735538985583013
ce serait possible davoir ce pourquoi on paye Quasiment tout les jours on a des coupures dinternet de qq secondes à plusieurs minutes Super quand on travaille avec internet Vous faites quoi avec la fibre Cest quoi le problème,negatif,0.95,Pannes / Coupures,0.9,2,0.9,0.9158,1817736055266963882
Marre que coupe en pleine nuit internet sans prévenir dpt 34,négatif,0.95,Pannes / Coupures téléphone,0.9,2,0.95,0.9324,1817744963368570894
⚠#PANNE FREEBOX EN COURS⚠ 📡40 freenautes ont signalé des pannes #Internet dont 38 sur le réseau #fibre de #Free depuis 0h04 🌍Ville concernée Montpellier 34000 ⬇️⬇️⬇️,negatif,0.95,Pannes / Coupures,0.95,2,0.95,0.9491,1817784076377493610
panne internet depuis ce matin Montélimar,negatif,0.95,Pannes / Coupures téléphone,0.95,1,0.7,0.8658,1817801115037241446
Bonjour Plus de service internet sur ma box 2 eme coupure en 1 semaine,negatif,0.95,Pannes / Coupures téléphone,0.9,2,0.95,0.9324,1817802710835466314
Oui et il y en a ras le bol Je suis en télétravail sans aucun Internet Quand on appelle des conseillers on nous dit de passer par un lien Internet pour répondre via notre espace client … vous êtes débiles ou quoi,negatif,0.95,processus_sav,0.9,2,0.95,0.9324,1817811561978741174
Bonjour je jette une bouteille à la mer je suis le seul à avoir des soucis avec internet chez,neutre,0.5,autre,0.0,0,0.0,0.1665,1817812414890390010
"Bonjour, pourquoi je nai aucune réponse de votre assistance via messenger Sur Twitter cela fonctionnait bien pourtant",negatif,0.95,processus_sav,0.9,1,0.8,0.8824,1817817842902774254
"pas dinternet ce matin à mon domicile, bloqué étape 6 Je crois ne pas être le seul",negatif,0.95,Pannes / Coupures téléphone,0.9,2,0.9,0.9158,1817825380343992646
🇫🇷 ALERTE Les réseaux de fibre optique ont été sabotés dans plusieurs régions de France Plusieurs opérateurs sont touchés AFP,negatif,0.95,Pannes / Coupures téléphone,0.9,2,0.95,0.9324,1817828248392528264
on en parle de la panne,neutre,0.5,Pannes / Coupures téléphone,0.9,1,0.8,0.7326,1817829264059744703
Et me voilà chez free depuis 1 mois avec la box ultra à 8mb Installation du matériel coupure permanente et péniblement 1 mb Alors retour chez orange qui sont plus performant sans soucis Attention si vous prenez free c est honteux,negatif,0.95,Pannes / Coupures,0.95,2,0.95,0.9491,1817831228206117309
pour la Corrèze sa fonctionne ou pas,neutre,0.5,Pannes / Coupures téléphone,0.9,1,0.7,0.6993,1817832214056346022
Ça doit être pour ça que ça fait plus d’une semaine que j’ai plus de wifi chez moi 🥸 vous êtes vraiment pas top,negatif,0.95,Fibre optique,0.9,1,0.7,0.8491,1817833436389761302
peu de connexions dans le Vaucluse vous confirmez Avez vous pris en charge le problème À la fois fixe et mobile,negatif,0.95,Pannes / Coupures téléphone,0.9,1,0.8,0.8824,1817835972085649470
Dites serait ce possible de vous avoir pour un problème de stabilité de connexion internet,negatif,0.9,Fibre optique,0.9,1,0.8,0.8658,1817838829723697572
Update 5 chambres de transport ont été cramé Le rétablissement vas prendre du temps #fttporn,negatif,0.95,Pannes / Coupures,0.9,2,0.9,0.9158,1817846704114127027
"Youpie Bon cest vrai que cest qui ma informé le premier bon maintenant il fut quand même que je choisisse Vous me conseilleriez quoi vous rapport qualité prix, et si possible avec une IP fixe ⬇️",positif,0.85,information,0.9,1,0.7,0.8159,1817887885699268839
Free rapport qualité prix 18 ans de fidélité pour en témoigner,positif,0.95,information,0.9,0,0.1,0.6493,1817888895809278334
"Bonjour, je viens de rejoindre ceux qui ont tout compris et j’aimerais commander une box multi tv sauf qu’ils me demandent d’attendre que ma première offre soit active Puisje commander en amont ma deuxième box Je sais que j’en aurai besoin Merci pour votre aide",positif,0.95,Livraison,0.9,1,0.8,0.8824,1817897280990482710
"Allo, y a quelquun",neutre,0.7,processus_sav,0.9,1,0.7,0.7659,1817903726234833324
Mdrr un commentaire,neutre,0.7,processus_sav,0.9,1,0.7,0.7659,1817908086775943556
"on me demande de débrancher ma box pour quun technicien intervienne pour un problème de soudure sur un boîtier Si je rebranche ma box, intervention annulée malgré la constatation dun technicien il y a 3 jours du problème 🤪🤪on marche sur la tête",negatif,0.95,processus_sav,0.95,2,0.95,0.9491,1817932921203818546
"Encore une coupure, possible de savoir quand estce que ça va revenir",negatif,0.8,Pannes / Coupures,0.95,1,0.7,0.8159,1817951574620070001
vous jouez à quoi là,neutre,0.5,information,0.8,0,0.0,0.4329,1817952236724424978
Je comprends pourquoi je navais pas de connexion ce matin Et na pas été foutu de me dire pourquoi,negatif,0.95,Pannes / Coupures téléphone,0.9,1,0.8,0.8824,1817952939907887391
"une petite question quand j’ai pris la freebox ultra en début d’année, j’ai pris le forfait normal mais ayant déjà mycanal avec les services de SVOD me suis dit pas besoin d’avoir le forfait ultra pour tout avoir en doublon et comme j’étais engagé pendant 2 ans avec mycanal j’ai donc basculé vers l’ultra essentiel pour payer moins cher et éviter d’avoir tout en double Aujourd’hui je ne suis plus abonné mycanal donc je perds les services SVOD inclus et comme free les proposent gentiment dans leur abonnement ultra bah remettez moi en ultra « Logique » et bah non c’est pas possible je veux payer plus cher mon abonnement freebox et au service client on me dit que c’est pas possible de re basculer sur l’ultra WTF qu’est ce qui vous empêche de me remettre l’abonnement initial sachant que ça va me coûter plus cher et que mon argent supplémentaire ira chez vous Free est censé être à la pointe des services mais là vous ne pouvez pas me basculer à nouveau sur l’ultra On marche sur la fibre la",negatif,0.95,Facturation / Paiement,0.95,2,0.9,0.9324,1817956416751382624
"vous m’expliquez comment c’est possible que depuis Décembre on ai eu 14 FOIS le même problème avec la box, bloqué sur étape 2 ou 3 Le problème est réglé sur le moment mais ça revient, il va falloir songer à mieux sécuriser vos local fibre je pense",negatif,0.95,processus_sav,0.95,2,0.9,0.9324,1817958060952043728
Bonjour et voilà mon problème merci à vous,neutre,0.7,processus_sav,0.9,1,0.7,0.7659,1817963006661419455
Pour moi aussi Aucune boite de réception webmail FREE est HS Plus aucun mail depuis le 250724 Heureusement Gmail fonctionne bien,negatif,0.95,information,0.8,1,0.8,0.8492,1817963453778379006
"depuis 2 mois dès quon dépasse les 30 degrés on est parti pour au minimum 5h sans internet Avec le télétravail en plein JO, cest pas pratique votre histoire Vive la #freebox elle est fiable la fibre chez vous quand il fait chaud",negatif,0.95,Pannes / Coupures,0.95,2,0.9,0.9324,1817972055582851565
elle marche desfois la box,neutre,0.5,Pannes / Coupures téléphone,0.9,1,0.7,0.6993,1817976103597957572
Sinon vous compter résoudre les problème de co Non parce que ça fais 1h que ma box me dis de vérifier les branchement alors que rien à bouger du coup je fais quoi Je vous demande un remboursement,negatif,0.95,processus_sav,0.9,1,0.8,0.8824,1817987012290601239
Désolée de poster ici Pas moyen de men sortir au tél Jai été facturée dun Abt Netflix prenium à 11 euros pour juillet or on na rien demandé car on a déjà Netflix essentiel ds notre Abt Free Jai tel à Free et à Netflix et personne ne peur rien faire 12,negatif,0.95,Facturation / Paiement,0.95,2,0.95,0.9491,1817989817893872093
"Dites pourquoi sur votre page d’accueil vous annoncez « 3 mois inclus » pour la plateforme Max, et une fois qu’on est sur la page de souscription ce n’est plus qu’1 mois Vous ne feriez pas une pub mensongère pour qu’on clique",negatif,0.9,information,0.9,1,0.8,0.8658,1817992762651762756
Moi 40 jours Sans wifi Bye bye free,negatif,0.9,Pannes / Coupures Fibre,0.9,1,0.8,0.8658,1818041827544772741
Je paye une blinde est ma box marche plus as 23h50 comme hier soir merci beaucoup,négatif,0.95,Facturation / Paiement,0.9,1,0.8,0.8824,1818043215276298449
Rendez moi ma connexion 😭 2 semaines que je peux plus stream,negatif,0.95,Pannes / Coupures téléphone,0.9,1,0.8,0.8824,1818046293102498141
OHHHHHHHHH encore et toujours pas de WiFi sa commence à me les brisé sévèrement nespérez même pas être payé ce mois ci FUCK toujours emmerder trop cest trop,negatif,0.95,Pannes / Coupures Fibre,0.95,2,0.9,0.9324,1818053469565309175
Oh faite un truc j’vais câbler votre réseaux c une dinguerie que des coupure svp agissez,negatif,0.9,Pannes / Coupures téléphone,0.9,2,0.95,0.9158,1818056838988054620
Vous êtes vraiment le pire opérateur … Y’a pas un jour où y’a pas une panne internet On paye pour quelque chose qui fonctionne 20 du temps À chaque fois des panne qui dure 3h4h et le lendemain rebelote … Par pitié faites quelque chose,negatif,0.95,Pannes / Coupures téléphone,0.95,2,0.9,0.9324,1818071220186923514
"ca doit faire la 15ème coupure réseau en 2 mois Parfois 1 h, parfois toute la journée Et quand un conseiller te contact, il te sort a chaque fois je ne vois aucun problème sur votre ligne Ben ouai 😡🤬, 3 jours après cest logique Pire réseau de FranceFreebox",negatif,0.95,Pannes / Coupures,0.95,2,0.9,0.9324,1818077787183608201
Freeeeeeeeeeee depuis hier notre connexion ADSL ne marche plus déjà que de base on a une connexion pourrave du genre quon peut pas regarder la télé et aller sur le pc en même temps et la 4G rame comme jamais Je vais partir chez Orange si ça continue 😠,negatif,0.95,Pannes / Coupures téléphone,0.95,2,0.95,0.9491,1818144414688010611
phising matinal Très belle qualité Sauf Qu en cliquant sur le bouton jaune espace client Une redirection passe par le site Gonzac Com Merci à free de bloquer ce site Car belle qualité de phising,negatif,0.95,Pannes / Coupures,0.9,2,0.95,0.9324,1818159998955827624
"tjs pas daccès fibre depuis le 2907 23h50, heure affiché mais pas daccès internet ETH ou WIFI Exactement comme le 2807 vers 02h00 Reboot box et remplacement des CPL rien ny fait Réclamation dun geste commercial en cette période de vacances Respectueusement",negatif,0.95,Pannes / Coupures Fibre,0.95,2,0.95,0.9491,1818162922314465595
"Et en Lozère de ne plus avoir de connexion de 23h55 à 12h45 depuis 2j cest normal Je paie plus de 60 balles par mois et au final le service nest même pas là, vous avez lobligation de résultats Je fais quoi Deux journée de télétravail où je perds de largent",negatif,0.95,Pannes / Coupures téléphone,0.95,2,0.95,0.9491,1818163343800041790
"Bonjour, Plus de box ni de mobile free depuis ce matin donc impossible de contacter la hotline free Je suis à Saint Mandrier sur Mer 83430 Pouvezvous maider, svp",negatif,0.95,Pannes/Coupures téléphone,0.95,2,0.95,0.9491,1818175812417241183
Je suis dans les bouche du Rhône à 10mn du Vaucluse ça ne marche pas non plus,negatif,0.9,Pannes / Coupures téléphone,0.9,2,0.9,0.8991,1818178005887340939
Partie de Ping pong catastrophique entre le sav de et la boutique Aucun respect du client les 2 entités se renvoyant le client SANS RESOUDRE le problème Bravo Free est tombé bien bas La Freebox est retournée pour cloture de labonnement,negatif,0.95,processus_sav,0.95,2,0.95,0.9491,1818182864359350519
"après coupure totale dinternet hier matin Rebelote ce matin Panne totale dinternet Cest pénible Free pourrait prévenir ses clients automatiquement, ça éviterait aux clients toutes les manœuvres de recherche du défaut",negatif,0.95,Pannes / Coupures téléphone,0.95,2,0.95,0.9491,1818185249068622140
euh encore des soucis d’internet 🤬🤬,negatif,0.95,Pannes / Coupures téléphone,0.9,1,0.7,0.8491,1818192376730439702
On as des nouvelle des autres département mais quand et til des réparations à St Orens de Gameville,neutre,0.6,Pannes / Coupures,0.9,1,0.7,0.7326,1818193629145391569
quand vous voulez pour un réseau internet qui fonctionne parce que en attendant nous payons pour aucuns services 😡 sur #Avignon ça va ça vient cest légèrement casse C,negatif,0.95,Facturation / Paiement,0.9,1,0.7,0.8491,1818194623702921572
Bonjour M Que faut il faire pour arrêter les appels intempestifs de vos collaborateurs pour démarchage non sollicité et avec la demande réitérée de menlever de vos listes Cest contre productif Bonne journée,negatif,0.95,processus_sav,0.9,2,0.9,0.9158,1818207737337036959
ce nest vraiment plus ce que cétait Freebox déconne depuis presque 2 mois et rien ne se passe Aucune solution proposée Ça va se finir en résiliation,negatif,0.95,processus_sav,0.95,2,0.9,0.9324,1818212396424376797
"Ok moi gros problèmes aujourdhui sur Carpentras, je sais pas si cest le même problème",negatif,0.95,Pannes / Coupures téléphone,0.9,2,0.9,0.9158,1818213345532465469
"Lamentable de se faire balader chez pour ma demande d’une freebox Pop ADSL by RDV programmé le 120724 avec France Telecom 15h17h Personne n’est passé J’ai signalé ceci « Bah c’est normal, pas forcément besoin de se déplacer » Nouveau RDV le 508",negatif,0.95,processus_sav,0.9,2,0.95,0.9324,1818217776089084081
VOUS LÀ RÉPONDEZ,neutre,0.6,Facturation / Paiement,0.9,1,0.7,0.7326,1818223848493551863
combien de temps faut il pour réparer une ligne fibre Ça fait 1 mois que j attends Faut il au je résilie pour avoir une action,negatif,0.95,Fibre,0.95,2,0.9,0.9324,1818226966840914157
J’ai une box mais l’installation fibre niveau du boîtier c’est celuici est dans un état catastrophique et on est souvent sectionné les techniciens Free arrivent souvent à réparer mais aujourd’hui c’est pas possible ça fait 1 ans qu’on dit à que le boîtier est,negatif,0.95,Fibre,0.95,2,0.95,0.9491,1818257578872193441
"Les plus gros voleurs de France, pas de réseau du 2404 au 0505 je décide de changer d’opérateur et bloque les prelevements Free me suspend mes services le 0606 et la on me demande de payer les factures de Juin et Juillet, affolant",negatif,0.95,Facturation / Paiement,0.95,2,0.95,0.9491,1818261406656966993
Et en France métropolitaie,neutre,0.5,Fibre optique,0.9,0,0.1,0.4995,1818261917414134188
"ouaip, jai quelques problèmes avec eux et ma box malheureusement c pas les owners du bâtiment donc jvais devoir arrêter mon contrat avec free",negatif,0.95,Facturation / Paiement,0.9,1,0.8,0.8824,1818268678665687079
Je me fais déconnecter entre chaque partie Y en a marre À qui je dois me plaindre,negatif,0.95,processus_sav,0.9,1,0.7,0.8491,1818273022035501128
"C’est bien beau de faire les malins sur les réseaux et ailleurs mais quand il s’agit d’effectuer une simple intervention à domicile, il n’y a plus personne La médaille d’or de l’incompétence",negatif,0.95,processus_sav,0.9,2,0.9,0.9158,1818283319374831830
"Bientôt 3 semaines sans internet Merci Quand tu les contactes, leur seule réponse est un conseiller vous rappelle dans l’heure Cest toujours la même chose tous les jours Jamais de rappel",negatif,0.95,processus_sav,0.95,2,0.9,0.9324,1818293093457596917
Jai plus de fibre depuis samedi dernier jhabite en Savoie ils ont pas prévu de réparer tout de suite non plus 🥲,negatif,0.9,Pannes / Coupures,0.9,2,0.9,0.8991,1818305462611108081
Si c’était un accident ou la météo j’en sais rien quelque chose qui a cassé la ligne mais là les mecs ont débranché d’eux même comme si j’avais demandé le changement d’adresse sans raison c’est une folie,negatif,0.95,Pannes / Coupures téléphone,0.9,1,0.8,0.8824,1818305734750171593
Oh bougez votre cul,neutre,0.6,processus_sav,0.9,1,0.7,0.7326,1818306736731668645
"Bonjour , Plus de tv sur la Freebox",neutre,0.5,Pannes / Coupures téléphone,0.9,0,0.1,0.4995,1818338787778302036
Comment je fais pour l’avoir,neutre,0.5,information,0.8,1,0.7,0.666,1818343801301418158
"Bonjour ma ligne est toujours pas raccordée et on devait me rappeler sauf que personne ne ma tenue au courant de quoique ce soit, le domicile qui doit être raccordé est à Créteil",negatif,0.95,Fibre optique,0.95,2,0.95,0.9491,1818347915825287357
Encore des problèmes de TV dans le 27150 Sabotage,negatif,0.9,Pannes / Coupures téléphone,0.9,1,0.7,0.8325,1818351287479812104
des incidents à déplorer à Strasbourg Y’a rien qui fonctionne là,negatif,0.95,Pannes / Coupures téléphone,0.9,1,0.7,0.8491,1818381138483655164
Parce que ma connexion coupe 3 fois par jours,negatif,0.95,Pannes / Coupures téléphone,0.9,1,0.7,0.8491,1818394699738006000
"dis toi j’habite à Nanterre leur fibre pour moi c’est une ARNAQUE, mais vasy en forfait ça va on va dire Mais y’a des endroits à Paris quand je sors du métro ça met 10 min à revenir le réseau alors que mes potos sous Orange Bouygues ça marche normal h24…",negatif,0.95,Fibre,0.9,2,0.9,0.9158,1818397255520473543
je vais tout casser dans vos locaux c’est bon je suis triste à 00h43 et vous me laissez même pas un peu de wifi ou de réseau vous cherchez quoi,negatif,0.95,processus_sav,0.9,2,0.95,0.9324,1818417066224890270
ca beug aussi chez toi t’habites où 😭,neutre,0.6,processus_sav,0.9,1,0.8,0.7659,1818417781328454101
Ma #freebox qui est bloqué a l’étape 6 frr faites quelque chose svp,negatif,0.95,processus_sav,0.9,1,0.8,0.8824,1818431062747267143
"Ce que jai déjà fait En attendant les appels continuent Pire vos teleconseillers se foutent de moi oui mais ce nest pas moi que vous avez eu la dernière foisje men fout de savoir qui cest, je sais juste que ca représente free et que cest du harcèlement téléphonique",negatif,0.95,processus_sav,0.9,2,0.9,0.9158,1818492189212647472
Et 3 mois après ma #freebox #delta de affiche étape 2 Plus dinternet à nouveau Vraiment vous êtes au top,positif,0.95,processus_sav,0.9,1,0.7,0.8491,1818540553560109056
"Merci pour votre noninstallation de la fibre depuis le 8 juillet Votre technicien est venu, m’a indiqué qu’il valait mieux profiter de l’installation de la fibre que de refaire l’installation pour l’ADSL",positif,0.95,Fibre optique,0.95,2,0.95,0.9491,1818558550739722745
Des nouvelles de votre panne Internet je nai reçu aucune réponse du service client Internet nest pas disponible dans ma région,negatif,0.95,Pannes / Coupures téléphone,0.9,2,0.95,0.9324,1818565437619163596
"Bonjour , Cela fait partie de vos methodes de facturer des equipements non recus Mon fils sest fait facturer 190€ pour une box qui na jamais ete installee Il a dailleurs annule sont abonnement pour cette raison",negatif,0.95,Facturation / Paiement,0.95,2,0.95,0.9491,1818568407412772999
"bonjour free Je me permets de vous écrire ici car je n’ai pas de retour sur l’assistance Freebox, sur l’espace client Je n’ai plus internet depuis hier soir",negatif,0.95,processus_sav,0.9,2,0.9,0.9158,1818572502089531586
vous pouvez pas vous empêcher de me donner des informations contradictoires entre le 2607 et le 3107,neutre,0.5,processus_sav,0.9,1,0.8,0.7326,1818573586317123890
"vous êtes des incompétents, 15 ans chez vous et même pas capable de trouver une solution pour me faire basculer sur la freebox Lite je m’en vais chez bouygue",negatif,0.95,processus_sav,0.95,2,0.9,0.9324,1818644615789973685
"vous me devez 190€ pour du matériel dont je j’ai jamais pris possession, vos conseillers téléphoniques me donnent des réponses aléatoires, parfois on ne peut rien faire parfois on vous rembourse dans les 30 jours parfois dans les 10 jours",negatif,0.95,Facturation / Paiement,0.95,2,0.9,0.9324,1818653296938086882
"bonjour, à qui faut il s’adresser pour demandé la Freebox pop avec le wifi 7",neutre,0.5,Livraison,0.9,1,0.8,0.7326,1818686617780916592
Expérience de déménagement de fibre chez Tu fais ta demande 15 jours avant la date Il coupe ta ligne deux jours après Et le jour du déménagement ta ligne n’a pas de signale Merci free c’est super votre service,negatif,0.95,Pannes / Coupures,0.95,2,0.95,0.9491,1818693379481341991
plus possible de contacter la hotline après 21 C’est quoi ce bazard,neutre,0.6,processus_sav,0.9,1,0.8,0.7659,1818731434741280952
Le plus grand compte tweeter merci si je me fais bannir Valorant c’est de votre faute je veux un dédommagement,negatif,0.9,Facturation / Paiement,0.8,1,0.7,0.7992,1818760607899730129
Mdrr moi aussi j’ai plus internet je me disais yavais un soucis,negatif,0.8,processus_sav,0.8,1,0.7,0.7659,1818760784442540070
"Bonjour Mes applications Freebox home et Freebox n’arrivent plus à se connecter à ma box Alors que Freebox files et Connect oui J’ai tout redémarré, fais les màj mais ça ne fonctionne toujours pas",negatif,0.95,Pannes / Coupures téléphone,0.9,1,0.8,0.8824,1818882482080567620
une petite com sur l’incident en cours secteur Strasbourg Ouest Encore des fibres coupés par un des nombreux chantiers de voiries Étape 2 sur Freebox chez plusieurs clients ce matin,negatif,0.9,Pannes / Coupures,0.95,1,0.8,0.8824,1818891669988597866
"Un technicien incompétent samuse a venir décâblé ma Ligne DANS MON DOMICILE après que jai fait une réclamation pour faute professionnel suite à une intervention à mon domicile Sois vous me régler le problème,sois je fait ébruiter cette affaire",negatif,0.95,processus_sav,0.95,2,0.95,0.9491,1818905168710119602
pourquoi la freebox saute autant depuis quelques jours,negatif,0.9,processus_sav,0.9,1,0.7,0.8325,1818935843463029100
votre réseau il a un gros souci à déconner tout les mois,negatif,0.9,Pannes / Coupures téléphone,0.9,1,0.7,0.8325,1818946255487222019
Bonjour J’aimerais savoir comment faire pour vous joindre en tant qu’ex client quand on n’a plus d’identifiant mais vous prélevez les 30 euros après la résiliation Je vous remercie de m’aider à résoudre ça,negatif,0.95,Facturation / Paiement,0.9,2,0.95,0.9324,1818952374494413077
et pour la rupture de service à LevalloisPerret nous avons une chance davoir une information Merci par avance,neutre,0.5,Pannes / Coupures téléphone,0.9,1,0.7,0.6993,1818959862870478914
"pouvez vous faire le nécessaire auprès de free proxy 93210 pour réduire les délais dintervention, on mannonce un rdv dans 10 jours pour rétablir une ligne écrasée, inacceptable surtout que free était au courant depuis un mois",negatif,0.95,Pannes / Coupures téléphone,0.95,2,0.95,0.9491,1818963977608536096
"Coucou ça serait sympa un peu de couverture réseau en Côte dArmor dans le futur, on enchaine les zones blanches ici 😅",negatif,0.9,Pannes / Coupures,0.9,1,0.7,0.8325,1818984515286569400
a quand la présence de sur le réseau fibre de sur la commune de Richemont 57,neutre,0.5,Fibre,0.9,1,0.7,0.6993,1818994771634876551
"Je mets le message ici en espérant avoir un retour Bonjour, Je suis chez Free depuis toujours et ne compte pas partir, jai un abonnement sans TV parce que pas besoins, jaurais souhaité changer de Freebox toujours sans TV mais que des forfait avec TV dispo, pourquoi",negatif,0.95,information,0.8,1,0.7,0.8159,1819013828937490434
"Je mets le message ici en espérant avoir un retour Bonjour, Je suis chez Free depuis toujours et ne compte pas partir, jai un abonnement sans TV parce que pas besoins, jaurais souhaité changer de Freebox toujours sans TV mais que des forfait avec TV dispo, pourquoi",negatif,0.95,processus_sav,0.9,1,0.7,0.8491,1819013997842006174
"Vous êtes tous en vacances Y atil encore un signe de vie chez Free 😢 3h que jai envoyé un message sur Messenger, allô 😂",negatif,0.95,processus_sav,0.9,1,0.7,0.8491,1819026398473785809
"I have a question regarding setting up OpenVPN on home router FreeBox I can connect to the VPN, but the public IP address is not that of the FreeBox What am I missing",neutre,0.6,processus_sav,0.8,1,0.7,0.6993,1819036113257869678
vous êtes nul pour fidéliser vos clients Je paye 30€ actuellement mais pcq je déménage je dois payer 40€ par mois et aucun geste commercial Minable,negatif,0.95,Facturation / Paiement,0.95,1,0.8,0.8991,1819051067176329614
vous pissez sur les serveurs depuis ce matin ou quoi,negatif,0.9,processus_sav,0.9,1,0.7,0.8325,1819055658374770844
Dites c’est bientôt fini votre cinéma avec les pages perso,neutre,0.5,information,0.8,0,0.0,0.4329,1819290496390357264
"Un ami chez vous na plus internet depuis deux semaines Votre service client indique un changement de matériel niveau opérateur, depuis DEUX SEMAINES A 500m, même opérateur, internet OK NRO OK Signalement arcep effectué Secteur Saint Jory 31",neutre,0.6,Fibre optique,0.9,1,0.8,0.7659,1819291115352129810
normal que ma fille de 6 ans puisse réactiver un abonnement sur la Freebox sans qu’on lui demande un code personnel pour valider le paiement aucune possibilité de demander un remboursement malgré l’annulation,positif,0.95,Facturation / Paiement,0.9,1,0.8,0.8824,1819354667974848921
Coupure d’internet toutes les semaines sans dédommagement,negatif,0.95,Pannes / Coupures,0.95,2,0.9,0.9324,1819357596261707853
"bonjour, J’attends de vos nouvelles depuis 100724 J’ai déposé votre matériel le 130724 et aucune nouvelle de vous Pouvezvous m’informer de la suite de mon dossier Merci",negatif,0.95,Livraison,0.95,1,0.8,0.8991,1819361755325165668
bloqué à létape 2 sur ma freebox depuis lorage à strasbourg la,negatif,0.9,Pannes / Coupures téléphone,0.9,1,0.8,0.8658,1819363563472920915
"on en parle de vos coupures systématiques tous les week end Et si on se plaind trop, même plus vous répondez, juste vous encaissez votre forfait",negatif,0.95,Pannes / Coupures,0.95,2,0.95,0.9491,1819430223273762851
"Putain votre réseau il est éclaté, j’ai loupé la finale de Leon Marchand",negatif,0.95,Pannes / Coupures téléphone,0.95,2,0.95,0.9491,1819447123982885148
J’ai déménagé le 19avril 2024 et free m’a prélevé 3 mois alors que j’avais rendu leurs matériels le prix de la résiliation et de 49€ 3 mois plus de l’abonnement je trouve Exagéré j’attends le remboursement des 3 mois facturé vus que je n’habite plus Cannes j’habite chez ma fil,negatif,0.95,Facturation / Paiement,0.95,1,0.8,0.8991,1819474053432070485
"toujours un plaisir de contacter l’assistance free non, 1h 30 après les avoir contactés toujours pas de réponse",negatif,0.95,processus_sav,0.9,2,0.9,0.9158,1819657459910258824
"Nous sommes clients depuis près de 20 ans chez Free et nous rencontrons un problème au niveau dun payement de facture mais personne au support nest capable de nous répondre sur le problème et nous demande de payer sans plus dinformation, cest du vol",negatif,0.95,Facturation / Paiement,0.95,2,0.9,0.9324,1819664834163535932
Comment un free proxi conseiller Mathieu nest pas présent pour prendre les doléances qui paie ce garçon irrespectueux on avait pris rdv aujourdhui on apprend pas de rdv bravo on essaie de reprendre rdv impossible et ce Mathieu arrogant nous partons de free,negatif,0.95,processus_sav,0.9,2,0.9,0.9158,1819679542849442283
"Pour régler un problème de porté du répéteur pour la freebox pop jai installé un extendeur de chez TpLink, mais malgré cela il clignote toujours rouge Estce que vous pouvez maider avec cela sil vous plaît",negatif,0.95,processus_sav,0.9,1,0.8,0.8824,1819692548555681820
aucun internet vous cassez la tête les seules vacances que j’ai et j’peux pas en profiter mon ps va finir dans 2 semaines j’aurai même pas pu en profiter,negatif,0.95,Pannes / Coupures,0.9,2,0.9,0.9158,1819724105207189867
Bonjour il y a t il des nouvelles pour l’arrivée de la chaîne canal en live avec l’apple TV avec la freebox ultra,neutre,0.5,information,0.9,0,0.0,0.4662,1819758849508688380
"Bonjour , que fautil faire pour avoir une personne de chez au téléphone",neutre,0.5,processus_sav,0.9,1,0.7,0.6993,1819764919086059557
"Hey ca se passe comment pour un remboursement suite à un ecrasement à tord Jai fait une demande depuis lassistance freebox debut Mai 2024, et a ce jour aucun remboursement",negatif,0.95,Facturation / Paiement,0.95,1,0.8,0.8991,1819790591968124946
Pitié quand vous dite que les travaux sont fini ils faut pas mentir comme ca je peux même pas jouer a cs 100 de ping constant a 2h du mat cest une folie jen est trop marre ca marche jamais votre truc la,negatif,0.95,Pannes / Coupures Fibre,0.9,2,0.9,0.9158,1819886461128228889
"raccordement de la fibre réalisé le 29 juillet à mon domicile, mais non fonctionnelle car la fibre free n’est pas encore raccordée à l’armoire principale Dans ce cas, pourquoi rendre la ligne éligible Estce une façon de faire pour maintenir les clients",negatif,0.95,Fibre optique,0.95,2,0.9,0.9324,1820081522755379559
Bonjour je voulais savoir pourquoi depuis quelques semaines le réseau free ne fonctionne pas correctement Je suis sous 4G et personne avec sa bug J’essaye de vous joindre mais rien,negatif,0.95,processus_sav,0.9,1,0.8,0.8824,1820205618659303432
pk Freebox ne marche jamais Incroyable 45€ un abonnement dans le vent,negatif,0.95,Pannes / Coupures téléphone,0.9,1,0.8,0.8824,1820217913829118017
ÇA FAIT 2 MOIS QUE VOTRE BOX NE FONCTIONNE PAS C’EST SACANDALEUX PAR CONTRE N’OUBLIEZ PAS DE PRÉLEVER VOS CLIENTS… Pffffff UNE HONTE PAS DE JO À CAUSE DE VOUS,negatif,0.95,Pannes / Coupures téléphone,0.95,2,0.9,0.9324,1820222034997342509
bonjour il y a toujours un bug sur le serveur SMTP,neutre,0.5,processus_sav,0.9,1,0.8,0.7326,1820333397006315877
Il est là ‼️ putain Ils t’envoient N’IMPORTE QUI et le gonze Exprès je ne rouvre pas la porte pour accueillir des gens civilisés IL TIRE LA POIGNÉE “Vous cherchiez à ouvrir Vous avez raison” c’est un scandale d’envoyer des balourds comme ça,negatif,0.95,processus_sav,0.95,2,0.95,0.9491,1820378282233082205
"Svp laissez moi résilier ma box wifi ,j’vais tout casser",neutre,0.6,Livraison,0.8,1,0.8,0.7326,1820395210930622474
Des nouvelles de votre côté Moi je nai toujours rien Pour le moment je suis en train dutiliser mon smartphone comme modem mais cela ne pourra pas durer longtemps,negatif,0.9,information,0.8,1,0.7,0.7992,1820405869009313833
Incident resolu au bout de 3 mois mais depuis debut juin je n ai de nouveau plus de fibre Au Total depuis decembre 2023 cela va faire 6 mois que je suis sans fibre et la seule reponse de free est qu ils regle le probleme dans les meilleurs delais C est juste scandaleux,negatif,0.95,Fibre optique,0.95,2,0.9,0.9324,1820421207235113128
une panne sur le réseau fibre de Sales 74150,negatif,0.95,Pannes / Coupures téléphone,0.9,1,0.7,0.8491,1820422500687433835
"Je viens de sub chez une petite streameuse, sah elle est peu prête pour le pseudo du compte",neutre,0.6,information,0.8,1,0.7,0.6993,1820439233401663491
"bonjour, impossible de finaliser la « validation déménagement » , err url Help 😬",negatif,0.95,processus_sav,0.9,1,0.8,0.8824,1820442461736440235
"Bien le bonjour à vous, jaurai besoin de vous pour un arrangement ont ne peut plus important pour moi, je peu vous avoir dans mes DM, sil vous plait",positif,0.95,Facturation / Paiement,0.9,2,0.95,0.9324,1820464290434076947
Bonjour pouvezvous me dire combien de temps ça va prendre pour rétablir Internet je suis Bouillargues dans le Gard et cela fait plusieurs jours que cela dure D’autre part j’espère une déduction totale de ma facture du cet incident,negatif,0.95,Pannes / Coupures téléphone,0.95,2,0.9,0.9324,1820468182639083602
1 C’est bon le bureau est monté 2 donne la connexion pitié 3 Bientôt Le mec enrichie des multimillionnaires c’est fou,neutre,0.5,information,0.2,1,0.3,0.333,1820471009952366696
"bonjour, m absence de réseau sur ma Freebox à Carantec 29 depuis 2j, le site ne donne aucune mise à jour d’assistance depuis la nuit de samedi à dimanche, sans adsl ni téléphone 45g inopérant dans le quartier, quand pourrais je avoir des nouvelles Merci",negatif,0.95,Pannes / Coupures téléphone,0.95,2,0.95,0.9491,1820472535709782283
vous avez été saboté il y a plus dune semaine et il ny a toujours pas de réseau Yauraitil moyen davoir plus dinfos sur lavancée des réparations,negatif,0.9,Pannes / Coupures téléphone,0.9,2,0.9,0.8991,1820499191673827520
"Bon pourquoi votre email bug comme ça Je reçois aucun mail et à cause de vous je peux pas récupérer mon compte Microsoft pour jouer à Minecraft avec les copains, rendez moi mon Minecraft 😔🙏",negatif,0.95,Facturation / Paiement,0.9,1,0.8,0.8824,1820504301892252102
"bonjour,comment estce possible d’avoir un conseiller compétent et poli chez vous",neutre,0.5,processus_sav,0.9,1,0.8,0.7326,1820525583165776261
"Super le service clientèle tu appelles, mais comme il y a trop dattente, ça te raccroche au pif BREF donc je nai pas internet, je ne peux joindre personne pour une inter amp je paye oklm Jai free mais jai pas tout compris 😤🤬",negatif,0.95,processus_sav,0.95,2,0.9,0.9324,1820528293768024466
"Déménagement anticipé, prise de RDV effectué et 10 jours plus tard aucune connexion Geste commercial de Free 0, aucune proposition d’accès via une clé 4G Des RDV non honorés, … Seule proposition augmenter mes forfaits Ce qui ne va pas résoudre mon problème 🤬",negatif,0.95,Pannes / Coupures,0.95,2,0.95,0.9491,1820532642342924617
OH vous jouez à quoi jai pas de co même SFR nauraient pas osés laisser un client sans co pendant 2 jours,negatif,0.95,Pannes / Coupures téléphone,0.9,2,0.95,0.9324,1820541184357597187
"Plusieurs années, peu de soucis avec ma pop dans une zone dense et temps dintervention super rapide, je déménage dans une zone plus rurale et inversement de la situation Plusieurs coupures totales de services fibre Ultra en a peine 4 mois 🤬",negatif,0.95,Pannes / Coupures,0.95,2,0.9,0.9324,1820546831815967181
"Bonsoir , je vous contacte car on a problème avec la box on est obligé de la redémarrer souvent car à un moment on a plus dimage et de son et cest la deuxième fois que lon nous la change et cest toujours les premières box que lon a",negatif,0.95,processus_sav,0.9,2,0.9,0.9158,1820570375295754608
ça vous dérange pas de faire payer un abonnement alors que depuis 5 jours je nai pas dinternet ni box jappelle tous les jours on ouvre des tickets mais aucune intervention nest possible Je suis en télétravail je ne peux pas bosser HONTEUX,negatif,0.95,Facturation / Paiement,0.95,2,0.95,0.9491,1820750686075711505
Chez les techniciens nont pas tout compris Par exemple ce que veut dire entre 9h et 11h,neutre,0.6,processus_sav,0.9,1,0.7,0.7326,1820755882143007190
y’a moyen d’avoir une réponse un jour ou quoi Bande d’incapable,negatif,0.9,processus_sav,0.9,1,0.7,0.8325,1820762893505171855
"Bon la commu, pas de stream pour le moment Jai déménagé mais le technicien de la fibre est venu mais il na pas réussi à mettre la fibre Jessaie de contacter pour ma mais je narrive pas à les joindre Je ne sais pas quand je vais réussir 🥲",negatif,0.95,Fibre optique,0.95,2,0.9,0.9324,1820771039401382283
"Ça fait plus de 2 ans que jattends la fibre Je me disais quen attendant, ils amélioreraient lagrégation 4G mais non, cest toujours aussi mauvais Vous êtes en vacances pour le déploiement du réseau #Freebox #Freebre",negatif,0.95,Fibre,0.95,1,0.8,0.8991,1820827584025780697
Moins en panne aussi 🤡😒,neutre,0.7,Pannes / Coupures téléphone,0.9,0,0.0,0.5328,1820834823356698801
"En tout cas, ce qui est sûr, c’est qu’il a moins mal aux jambes que vous n’avez de panne",neutre,0.5,Pannes / Coupures téléphone,0.9,0,0.0,0.4662,1820839778541056491
Surtout plus fiable… 🙄,neutre,0.7,processus_sav,0.9,0,0.1,0.5661,1820841491402502511
Bonjour impossible d’avoir mon numéro IFC afin de connecter un abonnement pas Free Vos techniciens me promènent depuis 2 jours La dernière « Donnez votre identifiant et votre code d’accès à » Vous marchez sur la tête #fail,negatif,0.95,Facturation / Paiement,0.9,2,0.95,0.9324,1820841807363588115
bonjour Je ne peux accéder à mon compte en contactant le 3244 et n’ai plus de connexion Estce possible d’avoir un numéro noir et un humain svp Merci,negatif,0.95,Pannes / Coupures téléphone,0.9,2,0.95,0.9324,1820842428653302191
cest normal que depuis dimanche soir ma box pop et bloqué étape 2 et que quand j appel le 3244 personnes ne me répond,negatif,0.95,processus_sav,0.9,1,0.8,0.8824,1820843317015245169
Même sans bras et sans jambes il serait plus rapide que votre box,positif,0.95,processus_sav,0.9,2,0.95,0.9324,1820843573614375310
Bien nul votre box et votre connexion,negatif,0.95,Pannes / Coupures téléphone,0.9,1,0.7,0.8491,1820848627620676052
"Ça dépend 6 mois avec un débit ADSL au prix de la fibre par mauvaise installation de vos techniciens et tout ça sans compensation financière 57€ mensuel ça fait cher pour de l’ADSL Chers clients, passez votre chemin si vous espérez réparation d’un préjudice",negatif,0.95,Facturation / Paiement,0.9,2,0.9,0.9158,1820849995307700720
Ma Freebox ultra bloquée à létape 6 actuellement 👁️👄👁️,negatif,0.95,processus_sav,0.9,1,0.8,0.8824,1820855433638363523
Plus stable que ma co ethernet,neutre,0.7,Fibre optique,0.9,0,0.1,0.5661,1820874054846587334
"Bonjour, Si vous nêtes pas capable davoir un vrai service dassistance qui règle les problèmes de vos clients, il faut le dire Plus de 15 appels, un problème qui dure depuis 1 mois et on me rabâche toujours la même chose quand je vous appel",negatif,0.95,processus_sav,0.95,2,0.95,0.9491,1820875839392845865
Estce normal que cest quasi impossible de resilier loption CanalSeries et se renvoyent la balle En attendent je me fait prelever 10 € par mois,negatif,0.95,Facturation / Paiement,0.9,1,0.8,0.8824,1820881621761061233
Quand on voi la vitesse de votre SAV plu dinternet depuis le 2 août rendezvous pas avant le 17 août pas de possibilité avant alors question rapidité on en reparlera🐌🐌🐌 bande de guignol,negatif,0.95,processus_sav,0.95,2,0.9,0.9324,1820881751306350827
"Ah si si il est plus rapide, d ailleurs je suis sur qu avec lui j aurais la fibre bien avant vous",positif,0.9,Fibre,0.9,1,0.7,0.8325,1820896457794449524
Pas certain 100Mega cest rapide,neutre,0.5,Fibre,0.8,1,0.7,0.666,1820899171055907029
"En parlant de freebox ultra, il vous faut combien de mois pour regler mon problème Ca fait que 7 mois apres tout Leon Marchand aurait le temps d’apprendre votre boulot et de corriger mon problème",negatif,0.95,processus_sav,0.9,2,0.9,0.9158,1820901789182652747
Ceux qui ont MyCanal demain soir vous pourrez voir le match sur DAZN gratuitement 😊 #ASSE,neutre,0.5,information,0.9,0,0.0,0.4662,1820905057367257397
"à condition que la personne de chez free qui téléphone pour faire sa prospection ne mente pas sur le débit disponible pour conclure un contrat, faire sa PVV et rien ne fonctionne derrière non parce que bon, faut pas non plus nous prendre pour des glands",negatif,0.9,processus_sav,0.9,1,0.8,0.8658,1820905704640684291
on peut en parler je suis censé avoir la fibre sans déconner des semaines que ça dure,neutre,0.6,Fibre,0.9,1,0.8,0.7659,1820925842882441261
Lui il bug moins par contre Ça mouline souvent,neutre,0.6,processus_sav,0.8,1,0.7,0.6993,1820932689018360048
plus rapide que les box Free,positif,0.9,processus_sav,0.8,1,0.8,0.8325,1820935744187162866
"ça va les pannes ont vous dérange pas Soit disant vous avez la meilleure connexion internet, et mon cul c’est du poulet J’aurais du aller chez orange",negatif,0.95,Pannes / Coupures,0.9,1,0.7,0.8491,1820976348183327141
"Plus rapide peutêtre, MAIS QUAND CA FONCTIONNE Cestàdire que Leon Marchand vous éclate du coup mais appelons le 3244 qui te raccroche au nez voyons",neutre,0.6,Pannes / Coupures téléphone,0.9,1,0.7,0.7326,1821057584092107070
"Rapide la Free box Ça rame de plus en plus avec la fibre, cest décevant",negatif,0.95,Fibre,0.9,1,0.7,0.8491,1821083411152318673
Ah bon Parce que bon ça fait depuis fin janvier que jai lancé les démarches pour passer à la Ultra et vos services nont toujours pas été dans la capacité de mexpédier le boîtier intermédiaire,negatif,0.9,Livraison,0.9,1,0.7,0.8325,1821089225334210888
Il faudrait sintéresser à aussi Je suis client chez eux et quand je réponds aucun son et ça raccroche,neutre,0.5,Pannes / Coupures téléphone,0.9,1,0.7,0.6993,1821092041746452874
"On en parle de vos « technicien » fibre qui arrivent 2h en retard, ne savent pas percer un trou ni parler français, et veulent finir le travail coûte que coûte même à 22h… pour être payé,",negatif,0.95,Pannes / Coupures Fibre,0.9,2,0.9,0.9158,1821104319791256004
Nan mais jai le son de la télé mais genre jsp ça met le son en accéléré tt bzr jsuis obligé de redémarrer ce qui est honteux,negatif,0.95,Pannes / Coupures téléphone,0.9,2,0.9,0.9158,1821105338554171810
Ta grand mère la co marche jamais,neutre,0.6,autre,1.0,0,0.0,0.5328,1821106396957450255
VOUS AVEZ LA PIRE CO FERME TA GRANDE BOUCHE FRR TOUT LES JOURS JSUIS A DEUX DOIGTS DE VOUS APPELER FAITES PAS LES BEAUX ICI,negatif,0.95,processus_sav,0.9,1,0.7,0.8491,1821111110126194930
"cest possible davoir un réseau qui fonctionne la dernière fois que ma box est restée bloquée je nai pas eu de wifi pendant un mois, ça as été réparé ya deux mois seulement et ça recommence 35 euros pour ça",negatif,0.95,Pannes / Coupures téléphone,0.95,2,0.9,0.9324,1821124335051915542
"cest en option après une coupure de remettre la connexion normal ou cest comment Je suis en fibre normalement, jai plus limpression dêtre en ADSL là",negatif,0.85,Pannes / Coupures,0.9,1,0.7,0.8159,1821131708420268501
Le CM de free faut apprendre a fermer sa bouche 😂😂 coupure reseau mobile et box se matin maintenant je passe dune fibre 1go a une co adsl voir plus faible,negatif,0.95,Pannes / Coupures,0.9,2,0.95,0.9324,1821150603491303797
"Bonjour, sur mon player jai actualisé mes droits mais je ne vois toujours pas les programmes des chaînes 109 à 112 malgré mon abonnement à cellesci Par contre, jai bien les chaînes canal Pouvezvous maider",negatif,0.95,information,0.8,1,0.8,0.8492,1821151887808151592
Euh… depuis ce matin on peut pas trop adhérer,neutre,0.7,processus_sav,0.9,1,0.7,0.7659,1821169932475728274
"Bonjour Un technicien est passé début de semaine, n’a pas réussi à raccorder la fibre et est reparti sans être capable de me dire quelle sera la prochaine étape Pourriez vous m’éclairer sur la suite",negatif,0.95,Fibre optique,0.95,2,0.9,0.9324,1821185835057967445
vous pouvez arrêter de menvoyer des messages de retourner votre équipement Est déjà arrivé chez vous le 0208 Vous lavez reçu est signé ma lettre recommandée Arrêtez,positif,0.95,Livraison,0.95,0,0.0,0.6327,1821219930940784804
"vous êtes le pire service que le monde nai jamais porté, toutes catégories confondues Honte à moi dêtre client chez vous et dêtre un tel pigeon Client Freebox delta depuis belle lurette, payer un abonnement à ce prix pour être traité comme un débile cest top",negatif,0.99,processus_sav,0.95,2,0.9,0.9457,1821225408609550654
"Mon amie à renvoyé la Freebox qui à été réceptionné le 11072024 au site de retour pour supprimer son abonnement Et Free continu de faire des prélèvements Va falloir que cela bouge, car cela devient insupportable Pouvez vous faire avancer le dossier",negatif,0.95,Facturation / Paiement,0.95,2,0.95,0.9491,1821241811127685558
Je vous aime bien mais j’ai passé la plupart de la journée sans connexion les gars,neutre,0.7,Pannes / Coupures téléphone,0.9,1,0.7,0.7659,1821245515675398576
"Moi chez pour accédé la chaine 37 cest only sabonner et pas à 29,99€ mais a 39,99€ du grand nimporte quoi",negatif,0.95,Facturation / Paiement,0.9,1,0.8,0.8824,1821248396742815913
"près de 3 semaines sans internet, plus de 48h qu’un technicien est censé venir rdv le 508 à 15h jamais honoré 0 coup de fil on a appelé plus de trois fois vos services On nous promet qu’un responsable va nous rappeler depuis 24h et tjr rien",negatif,0.95,Pannes / Coupures téléphone,0.95,2,0.95,0.9491,1821254684234936598
où est ce quon reçoit le feuillet pour renvoyer la box quand on résilie,neutre,0.5,Livraison,0.8,0,0.1,0.4662,1821296026839622142
À la rentrée je passe chez Orange après 17 ans chez vous,neutre,0.7,Facturation / Paiement,0.9,0,0.1,0.5661,1821302444367675776
"C’est quoi cette arnaque Pourquoi nous pouvons SEULEMENT passer à un abonnement box supérieur, mais pas à un abonnement inférieur Déjà que je suis contraint de passer chez vous car vous faites de la concurrence déloyale avec l’installation de la fibre dans mon immeuble",negatif,0.95,Facturation / Paiement,0.9,2,0.9,0.9158,1821308136642289679
"Pareil histoire quasi similaire avec et impossible de résilier une option canal plus série qui me coûte 17€ par mois je deviens folle j’ai tout essayé , c’est vraiment des escroc d’autant que je regarde très peu la tv et jamais canal , si vous avez des solutions",negatif,0.95,Facturation / Paiement,0.9,2,0.9,0.9158,1821388193997955140
tch,neutre,0.6,Facturation / Paiement,0.9,1,0.7,0.7326,1821424028734620159
panne des services free depuis 2 jours Et silence complet C est inadmissible Qui peut répondre #serviceclientfreecatastrophisue,negatif,0.95,Pannes / Coupures téléphone,0.95,2,0.95,0.9491,1821435911332118833
Donc la ça fait une semaine quinternet ne fonctionne plus dans mon secteur Merci,negatif,0.95,Pannes / Coupures téléphone,0.9,1,0.8,0.8824,1821436355282424188
bonjour j’ai besoin d’aide,neutre,0.6,processus_sav,0.9,1,0.7,0.7326,1821448366405849572
"Bonjour monsieur, je suis client depuis de nombreuses années chez vous pour ne pas dire toujours,je trouve déplorable de ne pas avoir une intervention dans la journée quand tout un lotissement est touché et que les autres fai fonctionnent",negatif,0.95,Pannes / Coupures,0.95,2,0.9,0.9324,1821454992521273350
Free peuvent ce venter quils sont les meilleursle matos oui Mais les services clients de la daube194 jours en panne et pas un geste commercial de faitdu coup bye bye Free 😂😂😂😂,negatif,0.95,Pannes/Coupures téléphone,0.95,2,0.95,0.9491,1821474005993324978
Fb stp,neutre,0.7,Facturation / Paiement,0.9,1,0.7,0.7659,1821479504642007252
"J’en ai déjà croisé plusieurs mais je ne croiserai plus de Freetelecommande Motif je viens de lancer la résiliation de mes 2 deux abonnements car ne permet pas de descendre en gamme un abonnement quand on en a plus le besoin, ce qui est le cas en double résidence",negatif,0.95,Facturation / Paiement,0.9,1,0.8,0.8824,1821479718673121649
"Bonjour, estil possible d’être rappelé où sommes nous obligé d’aller à la concurrence",neutre,0.6,Facturation / Paiement,0.9,1,0.8,0.7659,1821480067106488828
"on parle de votre publicité mensongère au moment de la souscription fibre, on mannonce la prise en charge des frais de résiliation chez mon ancien opérateur je vous envoie les documents, prise en charge refusée au moins on sait où vous faites votre marge",negatif,0.95,processus_sav,0.9,2,0.9,0.9158,1821485893435224226
Veux pas une messagerie je veux la fibre 3 ans qu on nous mène en bateau,negatif,0.95,Fibre,0.95,2,0.95,0.9491,1821486534459113533
"Hey Mon collegue a des soucis de freebox, et vu que le numero lie a son compte est son fixe qui ne marche pas non plus du coup, il ne peut pas vous contacter Etant donne que son portable a un numero italien, il ne peut pas non le mettre dans le chat en ligne",negatif,0.95,Pannes / Coupures téléphone,0.9,2,0.95,0.9324,1821510749144903878
Eh cc consulté une boîte mail de chez vous qui na pas migré sous zimbra cest un enfer,negatif,0.95,information,0.6,1,0.8,0.7826,1821512750947770450
"Bonjour, estce quon peut annuler loption TV by canal sur une revolution",neutre,0.5,information,0.9,1,0.7,0.6993,1821524574560800903
"Quand un opérateur te fait un écrasement de ta ligne à tort et que te répond que ça peut prendre jusqu’à 15 jours ouvrés alors que c’est censé être 7 jours max selon Impossible de stream, impossible de travailler",negatif,0.95,Pannes / Coupures,0.9,2,0.9,0.9158,1821532430315995291
"Pour 49euro, tu dois tout renvoyer Répéteur, server et payer Et du coup le répéteur est changé aussi Cest compris dans les 49",positif,0.9,Facturation / Paiement,0.95,1,0.8,0.8824,1821565436917317901
c’est sérieux votre service client qui réponds pas,negatif,0.9,processus_sav,0.9,1,0.7,0.8325,1821567725380001850
"Jai rien compris jai #Free 2 semaines sans internet, personne nest joignable, irrespect total des clients",negatif,0.95,processus_sav,0.9,2,0.95,0.9324,1821574469439341042
"Bonjour Quasiment deux semaines sans internet en raison dun incident collectif Le gardien de mon immeuble ma confirmé que les opérateurs concurrents sont venus rebrancher leurs clients Et de votre coté, personne nest en mesure de me dire quand quelquun viendra Je perds patience 😤",negatif,0.95,Pannes / Coupures téléphone,0.95,2,0.9,0.9324,1821598044699144419
Hello cest quoi les délais de déploiement de la fibre chez vous Jai reçu un mail en avril 2022 minformant que la fibre free arrivait dans ma ville et jattend toujours 🤔,negatif,0.95,Fibre,0.95,1,0.8,0.8991,1821599084051906716
"par contre vos box internet qui passe plus de temps à bugger que moi a dormir, ça va 2 minutes",negatif,0.95,processus_sav,0.9,2,0.9,0.9158,1821599247638151671
bonjour il y a encore un bug sur le serveur SMTP,neutre,0.5,processus_sav,0.9,1,0.8,0.7326,1821599630036984171
Pour ma fille 😘,positif,0.95,autre,0.0,0,0.0,0.3164,1821608031299498222
Merci aujourdhui je nai pas pu faire une grande partie de mon travail car vous appelez des techniciens faignant pour quon les ait un autre jour alors que jen avais besoin depuis 13h Merci beaucoup,negatif,0.95,processus_sav,0.95,2,0.95,0.9491,1821626409464295735
Tu paies un 🤬 dabonnement et ça marche pas Merci,negatif,0.95,Pannes / Coupures téléphone,0.9,2,0.9,0.9158,1821632193866899693
bon là ça commence à être long une semaine sans connexion,negatif,0.9,Pannes / Coupures téléphone,0.9,1,0.7,0.8325,1821715022625587468
Sa marche pas ptn,negatif,0.8,processus_sav,0.9,1,0.7,0.7992,1821801751923572963
cest de la m Entre le remboursement que je dois mendier parce que je nai pas daccès pendant 1 semaine et la conseillère quand jappelle qui menvoie chier Et depuis impossible davoir quelquun Il est temps que ait la fibre chez moi,negatif,0.95,Facturation / Paiement,0.95,2,0.95,0.9491,1821835952739975490
pas une semaine sans que sa tombe en panne c de pite en pire surtous de puits que cette dalgériens de box ultra et sur le marché sa devient du grand n importe quoi j ai passé 2 ans à ne pas avoir de soucis et la depuit la sortis de cette box c une cata,negatif,0.95,Pannes / Coupures téléphone,0.95,2,0.9,0.9324,1821858681866088680
pire service client,negatif,0.95,processus_sav,0.9,2,0.95,0.9324,1821893186769305610
"Bonjour, un montant supplémentaire ma été facturé ce moisci pour un abonnement Canal auquel je ne me suis pas inscrit Je nai reçu aucun email ni aucun avertissement à ce sujet Cest injuste et je devrais être remboursé",négatif,0.95,Facturation / Paiement,0.95,1,0.8,0.8991,1821906606889824277
Je suis depuis plusieurs années FREE pour Delta Ont peux aussi aller voir ailleurs si vous préférez,neutre,0.7,Facturation / Paiement,0.9,1,0.7,0.7659,1821920998716821760
"Comment vous contacter Tout me renvoie vers mon menu assistance Freebox mais depuis mon déménagement, je nai aucun numéro de contact dedans ni accès à la moindre messagerie Jaimerai connaître les raisons de tels délais sur la mise en place de ma connexion Merci",negatif,0.9,processus_sav,0.9,1,0.8,0.8658,1821931628031046133
ah bah ça va l’installation par le technicien merci c’est tellement énorme je vais bien pouvoir effectuer le gaming la,positif,0.95,Fibre optique,0.9,1,0.8,0.8824,1821931813612175742
cest quand quon a une connexion qui marche,neutre,0.5,information,0.3,0,0.0,0.2664,1821970252546416890
pire opérateur c’est une honte leurs service client,negatif,0.95,processus_sav,0.9,2,0.9,0.9158,1821976331099541925
"en adsl chez vous, que faire quand free a bien déployé mon quartier mes voisins ont la fibre chez free je suis éligible fibre chez tout le monde Orange, bouygues, sfr, ovh mais pas chez vous mais que votre service client ne veut rien savoir le numero dˋattribution est certainement mal localisé mais ils ne veulent ni rechercher via mon adresse ni recupérer le numéro de point de livraison que j’ai à ma disposition Ça m’ennuierait de passer chez Orange juste parceque le service client ne veut pas perdre quelques minutes",negatif,0.95,Fibre,0.95,2,0.9,0.9324,1821996764209279190
"jai une erreur DASH 1124 qui vient de safficher, je ne peux plus mettre les chaines en plein écran, obigé de regarder dans la mosaique, merci pour votre aide",negatif,0.9,Pannes / Coupures téléphone,0.9,1,0.8,0.8658,1822000977953841397
"euh ça fait 3 jours on a pas de réseau dans TOUTE LA RUE , on peut ni téléphoner ni aller sur internet , vous aviez dit 72h on est a la 80e la c’est comment",negatif,0.95,Pannes / Coupures téléphone,0.95,2,0.95,0.9491,1822014179592827271
"12 Ça vous semble normal de faire payer un abonné alors quil ne peut pas accéder à vos services Jai déménagé le 6 août, le 8 août un de vos techniciens na pas été capable dinstaller la fibre à ma nouvelle adresse",negatif,0.95,Facturation / Paiement,0.9,2,0.9,0.9158,1822155620734091301
"Pour cela, il faudrait déjà que cela fonctionne 🤣 je nai plus internet depuis 24h, 3 conseillés qui me disent 3 choses différentes et de fausses informations vous avez peut être un avis",negatif,0.95,Pannes / Coupures téléphone,0.95,2,0.9,0.9324,1822203005522870324
Bonjour je dois résilier mon abonnement internet suite à une mutation et une installation dans un logement où il y a déjà internet Jai lu quune exonération des 49 euros de frais pouvait avoir lieu selon motif Lesquels et comment les faire valoir,neutre,0.5,Facturation / Paiement,0.9,1,0.8,0.7326,1822211343799210023
"Si tu as une réponse, dis moi après 4 ans de boxe internet chez eux, jai pris une nouvelle Free tjs et ils mont quand même fait payer les 49€ ces voleurs 🤡",negatif,0.95,Facturation / Paiement,0.9,1,0.7,0.8491,1822213469065605250
"Bonjour Ma connexion depuis 23 jours est ultra lente, pouvezvous m’expliquez pourquoi Je suis Fibré, faites quelque choses svp Merci",negatif,0.95,processus_sav,0.9,1,0.8,0.8824,1822234778709459144
mon interne ne fonctionne plus depuis hier soir un technicien est venu ce matin il m’a dit je descends je reviens et je l’ai vu se barrer Bravo Free magnifique image de votre service a évité a tout prix service client zéro,negatif,0.95,Pannes/Coupures téléphone,0.95,2,0.95,0.9491,1822245531319423409
"Euh, cest fréquent les Freebox Pop qui reboot comme ça sans demander Ca vient de marriver en plein live Poke",negatif,0.9,Pannes / Coupures téléphone,0.9,2,0.9,0.8991,1822287522589798486
"Bonjour, les rdv pour installer la fibre cest en combien de temps Jai la fibre disponible dans le quartier et jai besoin de morganiser Fibre free disponible",positif,0.9,Fibre,0.95,1,0.8,0.8824,1822287682988323277
"Bon bah faut pas que votre freebox fasse des siennes pendant le mois daout hein jai plus de bande 5GHz sur le wifi, la box chauffe à plus de 100° et pas de tech dispo avant mardi matin, sauf que bien sûr je suis dispo quen soiréeweekend",negatif,0.95,Pannes / Coupures téléphone,0.9,2,0.9,0.9158,1822298141623754806
"Si pouvait avec tous ces éléments prévoir le remplacement doffice de la box on gagnerait un temps précieux, mais non, faut le passage du tech Je comprend mais ça veut dire que je vais rester 1 ou 2 semaines sans wifi 5Ghz, en partant du principe que ça se limite à ça🙄",negatif,0.9,processus_sav,0.9,1,0.7,0.8325,1822300026543997159
bonjour Je nai pas accès à freebox tv alors que la box mindique que tout est en ordre Que se passetil,negatif,0.9,Pannes / Coupures téléphone,0.9,1,0.8,0.8658,1822315236965122081
"Bonjour, des techniciens ont ouvert des tickets pour le remboursement des périodes de dysfonctionnement sur le réseau data fibre Aujourdhui, on me refuse et on me dit quil ny avait pas de panne Pour qui me prenezvous Un bouffon",negatif,0.95,Facturation / Paiement,0.95,2,0.9,0.9324,1822334265859690947
"Bonjour, depuis presque une semaine mon débit internet vacille , elle disparaît un temps et reviens mais toujours faiblement, je suis fibré et en temps normal le débit est 900mbs hors actuellement ça frolles les peu de megats et ça cest quand ça fonctionne",negatif,0.95,Pannes / Coupures téléphone,0.9,1,0.8,0.8824,1822428205006959023
bonjour je prends un mois d abonnement sans engagement a pour regarder l #EURO2024 et vous me facturez deux mois c comme ca ou ont peut dire que c malhonnête et que c du vol comment ont fait,negatif,0.95,Facturation / Paiement,0.95,1,0.8,0.8991,1822536906682290435
Donc va ajouter de la Pub sur Netflix OK mais le tarif cest comment,neutre,0.6,Facturation / Paiement,0.9,0,0.0,0.4995,1822647211026518355
"Pas un jour sans un problème de connexion, cest bon je vais quitter cest lourd à force",negatif,0.95,Pannes / Coupures téléphone,0.9,0,0.1,0.6493,1822693751472447741
"Bonjour 3 mois que j’ai demandé un déménagement Fibre, 3 mois que le dossier est au point mort malgré un nombre incalculable d’envois d’informations pour faire bouger le dossier… Vous venez de perdre un client fidèle depuis 2001",negatif,0.95,processus_sav,0.95,2,0.95,0.9491,1822909175535673531
"Dis ça sarrête quand le foutage de gueule Plus dinternet depuis le 2107, ticket ouvert le 2606, intervention dun technicien prévue le 0908 entre 15 et 17h que vous annulez à 14h30 alors que jai posé un jour de congé et fait 90km pour être sur place",negatif,0.95,Pannes / Coupures téléphone,0.95,2,0.95,0.9491,1822924149297164715
"le sce client est compliqué Tant que vous êtes client, le reste on sen moque",negatif,0.9,processus_sav,0.9,1,0.7,0.8325,1822931650797330920
Free c’est vraiment une catastrophe pour les avoir au téléphone Pour facturer ils sont forts mais pour aider il n’y a personne impossible le de contacter le service box,negatif,0.95,Facturation / Paiement,0.9,2,0.9,0.9158,1822931761203937358
Bonjour jai résilié mon contrat de freebox et les équipements sont déjà retourne selon l´affichage de suivi de colis Mais pourquoi je reçois toujours votre mailsms qui me disait que vous ne l´avez pas reçu,negatif,0.95,Facturation / Paiement,0.95,1,0.8,0.8991,1822940797970346340
premier activation le 3072024premier facture pour le 30juin a 30 juillet es normal,neutre,0.6,Facturation / Paiement,0.9,0,0.1,0.5328,1822945795651326169
"Bonjour, je suis en panne de ma boîte mail de puis plusieurs jours, compte compromis, le service abuse ne répond pas à mes mails pour dépannage Merci de me contacter",negatif,0.95,Pannes / Coupures téléphone,0.95,2,0.95,0.9491,1822946136308449435
bonjour possible de dm svp,neutre,0.6,autre,0.3,1,0.7,0.5328,1822951127861678128
"Le technicien qui me demande de chercher où passe le fil pour installer la fibre et de les recontacter quand c’est fait, non mais chacun son métier hein c’est à eux de faire ça, non",neutre,0.7,Livraison,0.9,0,0.0,0.5328,1822960245766860869
"Hello, possible de passer sur une box moins chère pour lannée prochaine Jai la pop et jaimerais la revolution Je ne vois aucune possibilité sur mon espace client Merci davance",negatif,0.95,Facturation / Paiement,0.9,1,0.7,0.8491,1822970599582437600
"il faut surveiller , on ne peut pas utiliser notre droit de rétractation tant qu’ils nous ont pas raccorder car le 3244 est joignable que quand on est raccordé faites quelque chose vos techniciens ne viennent pas et on peut pas partir 😤🤬",negatif,0.95,Pannes/Coupures téléphone,0.95,2,0.9,0.9324,1822974352205259021
"Cela fait maintenant plus de trois semaines que mon abonnement télé ne fonctionne plus, et c’est vraiment inadmissible 😡 Aujourd’hui, j’avais un RDV avec un technicien pour régler le problème, mais il a été annulé à la dernière minute #raslebol #FREE",negatif,0.95,Pannes / Coupures téléphone,0.95,2,0.95,0.9491,1822991786853196014
Jai demandé la résiliation et jai renvoyé ma box Jai reçu un email comme quoi il manque ma box tv cependant après un appel a free jai indiqué que javais deja donné ma box à mon technicien lorsquil est venu poser la box car je nai pas de tv,negatif,0.95,Facturation / Paiement,0.9,1,0.8,0.8824,1823011770304204869
Alerte arnaque Je me bats depuis juillet pour résilier mon abonnement via J’ai été prélevée abusivement ce moisci Je vais réaliser une enquête si vous ne revenez pas vite vers moi Qui a été victime par ici,negatif,0.95,Facturation / Paiement,0.9,2,0.9,0.9158,1823017217908158609
bonjour j’ai besoin d’aide suite au décès de ma maman est il possible d’être contacté par mp,neutre,0.5,Facturation / Paiement,0.9,2,1.0,0.7992,1823024186664886585
j’ai la fibre en plein Paris vous vous foutre de la gueule de qui c’est quoi cette connexion,negatif,0.9,Fibre,0.95,1,0.7,0.8491,1823027856433414271
Mille hontes à vous Vous venez de me bloquer et de sacrifier mon réseau internet La liberté dexpression na pas de prix,negatif,0.95,Pannes / Coupures téléphone,0.9,2,0.95,0.9324,1823042563269411017
Aucun contrat à long terme Facile à commander en ligne,neutre,0.6,Facturation / Paiement,0.9,0,0.1,0.5328,1823109706732470272
bonjour Free Depuis hier matin toujours pas dinternet La box est coincée à létape 2 Un peu daide svp Merci,negatif,0.95,Pannes / Coupures téléphone,0.9,1,0.8,0.8824,1823209710566187326
"un petit problème, plus dinternet depuis le 16juin et on me fait payer labonnement internet en entier Déjà appelé mais rien ne bouge Quand vous achetez un batard , une baguette etc si je vous donne que 14 cest bon",negatif,0.95,Facturation / Paiement,0.95,2,0.9,0.9324,1823226939659649121
tu viens récupérer tes merdes quand Ou je te les ramène en boutique,neutre,0.5,autre,0.0,0,0.0,0.1665,1823260843922071883
problème de box en plein été depuis 3 jours et on te donne un rdv le 2708 😱😱😱 quid du télé travail et autres utilités de cette box etc grrrrr aucune autre solution proposée 👎👎,negatif,0.95,Pannes/Coupures téléphone,0.95,2,0.95,0.9491,1823275849497350150
"Aujourdhui panne, Personne chez Free pour intervenir Je déconseille vivement Free, je vais résilier",negatif,0.95,Pannes / Coupures téléphone,0.95,2,0.95,0.9491,1823315361653039600
Jai pris un abonnement box chez il y a quasiment un mois Toujours aucune nouvelle de mon rendezvous de raccordement Dites le délai dattente qui se compte en mois cest normal on mavait promis une dizaine de jours lorsque jai souscrit #foutagedegueule,negatif,0.95,processus_sav,0.95,1,0.8,0.8991,1823342029755310501
"bonjour, jai fait du ménage dans ma boîte aux lettres Zimbra Free, elle ne charge toujours pas de nouveaux messages, y atil quelque chose à faire pour la réamorcer",negatif,0.9,processus_sav,0.9,1,0.8,0.8658,1823349728110637391
",ça ne vous dérange pas dannuler le rdv avec votre technicien prévu le 16 alors que je nai plus de connexion internet depuis 1 semaine Ne vous demandez plus pour quelles raisons les gens partent chez",negatif,0.95,Pannes / Coupures téléphone,0.95,2,0.95,0.9491,1823355144248906125
cest possible davoir une télé qui fonctionne ou pas nan pck avec ma coloc on a un peu limpression de payer pour rien,neutre,0.6,Facturation / Paiement,0.8,1,0.7,0.6993,1823397892117147756
C’est normal de se faire insulter et raccrocher au nez quand on demande juste pourquoi notre facture est doublée,negatif,0.9,Facturation / Paiement,0.9,1,0.7,0.8325,1823404938648576281
vous puez la merde plus rien marche,negatif,0.95,Pannes / Coupures téléphone,0.9,1,0.7,0.8491,1823504059497664832
Pourquoi suisje ds l’attente de mon remboursement de 190€ promis depuis fin JuinJai contacté votre assistance à 045ctmin pdt 8min le 6aout vous m’aviez confirmé que le virement etait en cours depuis le 5 j’attends tjrs,negatif,0.95,Facturation / Paiement,0.95,2,0.95,0.9491,1823602965891920152
pourquoi Peujard 33240 est exclu de la fibre Free commune fibrée depuis 1an et les seuls à en profiter sont les voisins abonnés chez la concurrence,negatif,0.95,Pannes / Coupures Fibre,0.9,2,0.95,0.9324,1823639764706234386
je dois vous lexpliquer dans quelle langue que votre offre téléphonie ou autre mintéresse pas FOUTEZMOI LA PAIX CHAQUE JOUR 2 APPELS Je vois que même en étant inscrit sur bloctel On a toujours du démarchage 😮‍💨,negatif,0.95,processus_sav,0.9,2,0.95,0.9324,1823640222615138783
jai énormément de bug de connexion que ce soit 4g ou WiFi cest dingue,négatif,0.95,Pannes / Coupures téléphone,0.9,2,0.9,0.9158,1823660684137136237
Bonjour Toujours pas de communication entre vous pour que nos lignes soient réparées #orange #freebox Incroyable ce bloquage #sabotage,negatif,0.95,Pannes / Coupures téléphone,0.95,2,0.9,0.9324,1823667285329879264
Si j’avais su que c’était comme ça… c’est bien beau de faire des offres mais faudrait que ça fonctionne hein… et bizarrement làbas il n’y a pas de responsable avec qui on pourrait parler…,negatif,0.9,processus_sav,0.9,1,0.7,0.8325,1823667946985517458
"depuis le 12 juillet, la société free ne fournit plus le service d accès à la fibre que je paie La société continue de me facturer et aucune date de travaux pour rétablir le service n est prévue Malgré des dizaines de messages rien n ai fait Bravo",negatif,0.95,Facturation / Paiement,0.95,2,0.95,0.9491,1823675282068529485
"Cest inadmissible, tout est prêt et il na pas fait son travail De base, il est monté sans son matériel, jaurai dû me douter quil nétait pas très motivé Comment puisje le contacter pour quil revienne faire son travail",negatif,0.95,processus_sav,0.9,2,0.95,0.9324,1823686495196307460
Ça vous amuse de tenter de faire comme SFR ou la SFAM des prélèvements à tord Honte à vous sales voleurs,negatif,0.95,Facturation / Paiement,0.9,2,0.95,0.9324,1823687566488465606
Donc pourquoi vous tentez de me prélever de ces 1599€ Pourquoi le service clients dit tout et n’importe quoi que des bobards J’attends un correctif de votre part,negatif,0.95,Facturation / Paiement,0.95,2,0.9,0.9324,1823697626128175313
"salut free, ça fait 3 semaines que je n’ai pas internet, un ticket a été ouvert mais je n’ai pas de nouvelles, quand j’appelle sur le 3244 ça me dit que c’est en cours et ça raccroche et je viens de payer ma facture 40€ alors que je n’ai pas accès au service souscrit",negatif,0.95,Pannes / Coupures téléphone,0.95,2,0.9,0.9324,1823700292984000782
"Très déçue de vous Plus de 10 ans en étant cliente chez vous, je suis bien contente de partir et d’aller chez la concurrence Dans notre nouveau logement, il n’y a que la box internet, pas de réseau cellulaire Et quand on veut résilier car il y a meilleure offre",negatif,0.95,Facturation / Paiement,0.9,1,0.8,0.8824,1823715877239578797
"il faut que tu mexpliques Je cherche a joindre la hotline parce que lespace assistance ne marche pas, et on me demande un code qui est sur lespace assistance Comment je fais",negatif,0.95,processus_sav,0.9,2,0.9,0.9158,1823977703722160230
"Bonjour il y a un problème avec loutil de diagnostic non à la seconde où il dit vérifier la box, il clos la discussion En tout cas cest pas clair",negatif,0.95,processus_sav,0.9,1,0.8,0.8824,1824319888942321802
je crois quil y a un problème à résoudre aujourdhui Merci,negatif,0.9,processus_sav,0.9,1,0.8,0.8658,1824347346374656005
Bonjour Maj 159 installée aujourdhui Je crois quil y a comme un problème Le CEC ne fonctionne plus non plus,negatif,0.95,Pannes / Coupures téléphone,0.9,2,0.9,0.9158,1824356169395130431
"Ici un rack bâtiment refait à neuf lannée dernière Saboté par les techniciens ou bref rien à foutre Quoi quil en soit après la 5ème ou 6ème coupure depuis la réfection, le prochain technicien qui me débranche je le frappe",negatif,0.95,Pannes / Coupures,0.95,2,0.9,0.9324,1824359711002501187
"Ah les techniciens qui nhésitent pas à débrancher les autres abonnées Vu quils sont payés au raccordement, ils sen fichent des autres",negatif,0.95,Pannes / Coupures téléphone,0.9,2,0.9,0.9158,1824363342539956357
La même panne free,negatif,0.9,Pannes / Coupures téléphone,0.9,1,0.7,0.8325,1824368919567610363
Cest free Ça ne fonctionne pas,negatif,0.95,Pannes / Coupures téléphone,0.9,1,0.8,0.8824,1824379465775898986
Quand ça marche Et là ça marche toujours pas 🤷,negatif,0.9,processus_sav,0.9,1,0.7,0.8325,1824391197625852161
"Quand fait le forcing pour installer la box, avec de faux arguments, chez des personnes de 93 ans, et que les installateurs repartent et que le télé et le téléphone ne fonctionnent plus On passe à la concurrence",negatif,0.95,Pannes / Coupures téléphone,0.9,2,0.95,0.9324,1824399291395227900
"Qu’est qui ce passe de 8h a 13h j’avais plus de réseau plus de wifi plus rien, le réseau est revenu mais ma wifi bug comme jamais",negatif,0.95,Pannes / Coupures Fibre,0.9,1,0.8,0.8824,1824417678729085042
"hello depuis 15h suite un passage a l étape 2 de ma delta , je n ai plus les droits sur canal plus, que faire",negatif,0.9,Facturation / Paiement,0.9,1,0.8,0.8658,1824437776596488503
Vos changements de tarifs sont scandaleux Je nai jamais souscris certains services et je paye 70 euros pas mois mais vous êtes fous,negatif,0.95,Facturation / Paiement,0.9,2,0.9,0.9158,1824485879060025615
coucou Depuis ce matin plus de wifi La free reste bloquée sur étape 4 On me dit que c une panne générale et que lintervention se fait a distancebien sûrveille de weekend On en parle,negatif,0.95,Pannes / Coupures,0.95,1,0.8,0.8991,1824492991345521150
Attention est une arnaque ils vous mettent pleins dabonnement sans votre accord et ensuite refuse de rembourser ou déchanger,negatif,0.95,Facturation / Paiement,0.9,2,0.95,0.9324,1824494693260120455
Jai fait des démarches pour changer la Freebox Mini 4k pour la nouvelle Freebox Revolution light Jai appelé au 1044 et en boutique on me dit que cest possible mais au 3244 que NON Je fait quoi Pourquoi les nouveaux clients sont mieux traiter que les anciens,negatif,0.95,processus_sav,0.9,2,0.9,0.9158,1824501279369937319
VOILÀ MON FRÈRE,neutre,0.7,autre,1.0,1,0.7,0.7992,1824518636335153397
"Mais askip ça marche hein les fichiers ont drop, jpeut pas test j’ai pu internet a cause dleur mère a eux la",negatif,0.95,Pannes / Coupures téléphone,0.9,2,0.95,0.9324,1824520296214233529
lapplication Ligue 1 est HS Dommage pour la reprise du championnat 😂,negatif,0.9,information,0.3,1,0.5,0.5661,1824520708002582984
Faut voir mon combat avec mdr sfr j’arrive,negatif,0.9,processus_sav,0.9,1,0.7,0.8325,1824537525777731593
Hey et cest normal que lon nait pas de soustitres sur la Freebox révolution,neutre,0.5,processus_sav,0.8,1,0.7,0.666,1824539639094579492
ET LA PANNE A ROQUEFORT HEIN,negatif,0.9,Pannes / Coupures,0.9,1,0.7,0.8325,1824658081159975283
"Par contre free revoyez vos connexions internet , cest un enfer pour télécharger un jeu",négatif,0.95,Facturation / Paiement,0.9,1,0.7,0.8491,1824704968017736188
"Bonjour, incident collectif fibre impactant la rue Tredez à Dugny 93440 depuis hier 15h Une idée du temps de résolution",negatif,0.95,Pannes / Coupures téléphone,0.95,2,0.9,0.9324,1824723089822789954
depuis mercredi matin pas de wifi la est bloqué à l’étape 2 et aucun technicien n’est disponible pour réparer la panne 🙄,negatif,0.95,Pannes / Coupures téléphone,0.95,2,0.95,0.9491,1824754998737002967
quand est ce que ma ligne va être raccordée sur at FT Pourquoi est ce si long 15 jours c’est 14 jours et 23h59 mins de trop…,negatif,0.95,Fibre,0.95,1,0.8,0.8991,1824757855683043698
"bonjour, Quand vaisje recevoir les étiquettes pour vous restituer le matériel svp Puisje vous le rendre directement en boutique Merci",neutre,0.7,Livraison,0.9,1,0.8,0.7992,1824778592854675580
Ras le bol de vos pannes il n’y a que ça ces derniers temps … faites le nécessaire pour rétablir votre réseau sinon on partira chez le concurrent Orange 😡😡😡,negatif,0.95,Pannes/Coupures téléphone,0.95,2,0.9,0.9324,1824780760387031474
"service technique totalement à louest, nécoute pas ses clients et se contente de lire leur papier se fout ouvertement de la gueule des gens en ligne car on les attend rigoler 1 semaine que je paye pour rien car toujours plus dinternet et personne regle le pb",negatif,0.95,processus_sav,0.9,2,0.9,0.9158,1824803898181243145
À cause de ces connards d’OrangeFrance je dois attendre 10 jours pour une intervention tout aussi incompétent On se casse de chez vous bandes d’incapables,negatif,0.95,processus_sav,0.9,2,0.9,0.9158,1824826511490240918
Par pitié vous pouvez menvoyer un message en mp jen peux plus de ma connexion,negatif,0.9,Pannes / Coupures téléphone,0.9,1,0.7,0.8325,1824832088656273886
Sinon c est possible d’avoir une offre box sans avoir la Télé comprise dedans qui rallonge forcément le prix de l’abonnement,neutre,0.7,Facturation / Paiement,0.9,1,0.8,0.7992,1824864084539346950
"pouvezvous donner suite à mon message asap Message inquiétant concernant un colis prétendument nonreçu alors quenvoyé en relais colis il y a 1 mois équipements box après résiliation Sur internet, de nombreuses personnes se plaignent darnaque et dabus similaires",négatif,0.95,Livraison,0.9,2,0.9,0.9158,1824878134170431847
nous sommes un certain nombre de clients sans aucune connexion à internet depuis une semaine et sans précision de solution Chaque opérateur se renvoie la balle C’est une honte Que faites vous #fibre #conflansstehonorine,negatif,0.95,Pannes / Coupures téléphone,0.95,2,0.95,0.9491,1824904557333270539
"Jai du prendre rendez vous avec un technicien pour ma part ,on verra ce que cela donne mardi",neutre,0.6,Pannes / Coupures téléphone,0.9,1,0.7,0.7326,1825142379159965985
Salut Ma ligne est coupée pour la 3eme fois en 2 mois et à nouveau vous me dites que la visite du technicien aura lieu dans 10 jours😱 En mexpliquant que dici là je me demerde Ya pas un peu dabus là Je fais comment pour bosser,negatif,0.95,Pannes / Coupures,0.95,2,0.95,0.9491,1825176342390018383
", je vous manque ou quoi, ça fait même pas quelque mois que jai plus de problèmes après une succession de plusieurs problèmes et maintenant jen ai quand le service technique est fermé Un peu relou en pleine partie 😉",negatif,0.95,processus_sav,0.95,2,0.9,0.9324,1825274146265121258
remettez la wifi pitié je suis au chapitre 6 d’un livre tellement je me fais chier,negatif,0.95,Fibre optique,0.9,1,0.7,0.8491,1825289397652316424
"⚠#PANNE FREE MOBILE EN COURS⚠ 📡20 freenautes ont remonté des problèmes sur le réseau #mobile de #Free depuis 19h28 🌍Villes concernées LHôpital 57490, Carling 57490 ⬇️⬇️⬇️",negatif,0.95,Pannes / Coupures téléphone,0.95,1,0.8,0.8991,1825393528060477791
Quand y a un bug de réseau vous faites pas semblant hein Pas de réseau de 21h a 9h du matin bande de con,negatif,0.95,Pannes / Coupures téléphone,0.9,2,0.95,0.9324,1825440341123559751
écrasement de ma ligne fibre depuis jeudi plus rien ne fonctionne et des conseillers qui se contentent de relancer le service fibre qui ne donne aucune nouvelle,negatif,0.95,Pannes / Coupures Fibre,0.9,2,0.95,0.9324,1825443634486927640
10j que j’ai passé commande et 10j que l’on me dit que je vais recevoir un mail pour prise de rdv avec le technicien…n’empêche que j’ai tjs pas le net depuis le 9… je suis tristesse,neutre,0.0,autre,0.0,0,0.0,0.0,1825457311940247808
bonjour j’ai besoin d’aide concernant ma freebox,neutre,0.5,processus_sav,0.9,1,0.8,0.7326,1825466139960283354
"La vision dingénierie vs la vision financière, les résultats en service rendu sont au rendezvous, je préfère la stratégie Xav75 sans hésiter",positif,0.85,processus_sav,0.8,0,0.1,0.5827,1825478954918043744
"Cela fait 15 jours que je nai plus internet, jattendais impatiemment mon rendezvous de demain avec un technicien Et là, a annulé mon rendezvous Il me propose le prochain créneau le 26 août Vous vous foutez pas un peu de la gueule de vos clients par hasard #free",negatif,0.95,Pannes / Coupures téléphone,0.95,2,0.9,0.9324,1825503644441092424
Je veux que le technicien vienne comme cétait convenu Faites le nécessaire #freebox,neutre,0.6,Livraison,0.9,1,0.8,0.7659,1825503655857942842
a cause de techniciens irrespectueux qui débranchent les abonnés depuis des années pour brancher les nouveaux nous devons rester sans Freebox une semaine Dégâts occasionnés le 16 août et un rendez vous le 26 août On se moque de qui Cest une honte Je résilie,negatif,0.95,Pannes / Coupures téléphone,0.95,2,0.95,0.9491,1825520441894568159
"estce que l’incident est réellement identifié et pris en compte Intervention en cours, à venir",neutre,0.5,processus_sav,0.9,1,0.8,0.7326,1825525506055233645
"Dites c’est normal de n’avoir aucun accès wifi depuis le 9 août, sans pouvoir accéder non à votre service d’assistance et sans aucune autre solution que le partage de connexion via mon forfait mobile Finalement il vaut mieux payer pour un meilleur service",negatif,0.95,Pannes / Coupures Fibre,0.95,2,0.95,0.9491,1825532562384548326
Tel a pour un problème de télécommande et tomber sur un conseiller qui te méprise et te dire que tu lui fait perdre du temps mais qu il est payé… que répondre #free #freebox #shame,negatif,0.95,processus_sav,0.9,1,0.8,0.8824,1825532737102426582
on a un soucis sur un colis là,negatif,0.9,Livraison,0.9,1,0.7,0.8325,1825545848354492477
"bonjour, quel est le délai actuel pour revenir sa Freebox Ultra sur une migration Sachant que ma ligne fibre a été rendue compatible aujourdhui",neutre,0.5,Livraison,0.9,1,0.8,0.7326,1825549775871377551
Bonjour Jai ouvert une demande dassistance le 3 juillet 2024 Je nai pas de réponse alors que votre commerciale me promettait des réponses dans les 72h ce qui me convenait très bien Que doisje faire pour que vous me répondiez,negatif,0.95,processus_sav,0.95,2,0.95,0.9491,1825550368283201899
"Sinon, , Vous proposez quoi en terme de dabonnement Fibre Histoire de remplacer qui me balade depuis des mois",neutre,0.5,Fibre,0.9,1,0.8,0.7326,1825563268653428767
Même la regardez vous mettez 1 mois à répondre nan Free wake up,negatif,0.9,processus_sav,0.9,1,0.7,0.8325,1825604432849154107
allez bien vous faire enculer avec votre box qui bug tout les jours et aujourdhui plus que dhabitude impossible davoir internet impossible de vous joindre,negatif,0.95,processus_sav,0.9,2,0.9,0.9158,1825618597323890973
je pense que c’est la panne de trop Nous allons devoir nous séparer,negatif,0.9,Pannes / Coupures téléphone,0.9,1,0.8,0.8658,1825650335505133985
c’est normal que sur tout un secteur Melun les gens n’aient pas de réseau Et vous dites rien,negatif,0.9,Pannes / Coupures téléphone,0.9,1,0.8,0.8658,1825656525047959700
je suis désolé mais la panne là m’a fais comprendre que je dois te quitter déjà que j’ai pas fibre avec vous c bon je vais chez,negatif,0.95,Pannes / Coupures téléphone,0.95,1,0.8,0.8991,1825660794463289593
Free sachez que des demain c’est fini c’est quoi c’est panne de 6h,negatif,0.95,Pannes / Coupures téléphone,0.9,1,0.8,0.8824,1825663587077038206
Cest possible de pas avoir des bigs latence crash pendant mes ranked Valo,negatif,0.95,processus_sav,0.8,1,0.7,0.8159,1825703252421169416
vous avez avant 9h du matin pour me répondre ou sinon votre box de merde fini dans l’eau,negatif,0.95,Pannes / Coupures téléphone,0.95,2,0.95,0.9491,1825721527641452713
Bon par contre moi ça marrive plutôt tous les 1 à 2 mois 🙏,neutre,0.7,Pannes / Coupures téléphone,0.9,1,0.7,0.7659,1825725878917124388
les vacances ce passe bien plus dun mois sans internet et des rendez vous où le technicien ne viens même pas,neutre,0.7,autre,0.3,1,0.8,0.5994,1825757871620939898
bonjour on paye la fibre ou l’ADSL chez vous,neutre,0.5,Facturation / Paiement,0.95,1,0.7,0.7159,1825771894424883308
Ils ont dit mais tjr pas résolu,negatif,0.8,processus_sav,0.9,1,0.7,0.7992,1825779403869053130
euh y’a un problème là réparer votre connexion on paye pas pour rien,negatif,0.9,Facturation / Paiement,0.9,1,0.8,0.8658,1825787402633244711
Depuis hier jpeut pas joué,negatif,0.9,processus_sav,0.9,1,0.7,0.8325,1825810037681299683
Merci j’ai le meme problème Je pensais que j’étais le seul,negatif,0.95,processus_sav,0.9,1,0.8,0.8824,1825815056736547032
Rapide quand ça fonctionne deux jours dans le mois,neutre,0.6,processus_sav,0.8,1,0.6,0.666,1825815873703076040
"jessaye de souscrire en ligne une box 4g , mon logement étant dans une zone blanche mais impossible depuis votre site et votre service client Comment maider",negatif,0.95,Livraison,0.9,1,0.8,0.8824,1825842167467675685
donc pour vous la le travaille de votre technicien est fini Parce que la box est branché alors qu’on voulait la déplacer 🧐,negatif,0.95,Livraison,0.9,1,0.8,0.8824,1825845257558278512
"Depuis hier j’ai pas de connexion et depuis ce matin, j’ai signalé l’affaire à l’assistance Délais d’attente de 45min dépassé, mais toujours pas de solution J’ai pas non plus vu une déduction sur ma facture suite à la dernière grosse coupure «#free",negatif,0.95,Pannes / Coupures téléphone,0.95,2,0.95,0.9491,1825850547242459146
Même merde pour moi depuis la maj 4814 j’aurais d’ailleurs bien aimé pouvoir downgrade la maj Je l’ai fait Mercredi 1408 et instantanément après HomePod déconnecté et caméra wifi G3 à reconfigurer et impossible de les remettre dans HomeKit,negatif,0.95,processus_sav,0.9,2,0.9,0.9158,1825854540286931426
"Quand vous voulez vous me changez ma freebox revolution par une pop à jour en techno sans frais de migration Cest vrai que ça fait juste 20 ans que je suis chez vous, pas assez fidèle je pense",negatif,0.95,Fibre,0.9,1,0.8,0.8824,1825854788887605397
Pitié réglez vite le problème y’a KohLanta ce soir…,negatif,0.95,processus_sav,0.9,2,0.9,0.9158,1825856246747984042
"Bonjour , je compte quitter car ils aiment trop augmenter de 2€ leurs forfait pour nous donner des Go en plus alors que j’en ai pas besoin bref je veux prendre une box et ajouter 2 portables mais je n’y arrive pas , c’est possible ou pas chez vous",negatif,0.95,Facturation / Paiement,0.95,1,0.8,0.8991,1825857516648976784
Le merdier plante un fois par jour Mais cest ok Le seuil dacceptation de certains est lunaire Tu es du métier en plus,neutre,0.6,information,0.8,2,0.9,0.7659,1825892034525188549
Ah bordel je pensais que cétait des interférences chez moi mais apparemment non si cest pareil chez toi Cest le bordel sur home assistant à cause de ça Et les IoT qui ont du mal avec les répéteurs aussi La sonnette a littéralement 3m dun répéteur est à 42 de Signal,negatif,0.95,Fibre optique,0.9,2,0.9,0.9158,1825914562668900534
"vous ne voulez pas juste avoir un service client décent J’ai signalé une panne sur ma Freebox, je reçois un SMS pour organiser un rdv mais quand je clique sur le lien je ne peux pas prendre de rdv Estce une panne Bougezvous",negatif,0.95,Pannes / Coupures téléphone,0.95,2,0.95,0.9491,1825921208174428171
Bonsoir Abonné Freebox depuis de nombreuses années Actuellement sur abonnement Freebox Delta Jaimerais bénéficier dun dispositif Pocket Wifi Merci de me dire comment procéder Merci David Ducrocq,neutre,0.7,Livraison,0.8,1,0.8,0.7659,1825944235528564906
"Bonsoir On peut pas vous envoyer des requêtes sur abusefreefr depuis Gmail Une vengeance The response from the remote server was 451 too many errors detected from your IP 2098512865, please visit",negatif,0.95,Facturation / Paiement,0.9,1,0.8,0.8824,1825977711476748749
avt de sortir une offre sérieux réglez votre Putin de connexion de merde Casse couille de ces coupures sérieux Tjs en panne #freeboxhs,negatif,0.95,Pannes / Coupures,0.95,2,0.9,0.9324,1825989341321023681
#freebox,neutre,0.6,processus_sav,0.9,1,0.7,0.7326,1825991205026410689
"cest quoi ce BORDEL au Lavandou Je suis en FIBRE, jai un réseau de MERDE Je suis en Wifi, jai un réseau de MERDE Je suis en 4G, jai un réseau de MERDE Cest quoi vos antennes à la noix À partir de 21h45, je capte QUE DALLE",negatif,0.95,Fibre,0.95,2,0.95,0.9491,1825992013323346332
C’est un peu too much les pann chez,negatif,0.9,Pannes / Coupures téléphone,0.9,1,0.7,0.8325,1826047292149039596
"vous mavez fait perdre une journée de travail et une nuit de Dofus, je vous en veux tellement pitié",negatif,0.95,Pannes / Coupures téléphone,0.9,1,0.8,0.8824,1826097600145100970
"Bonjour ça viens de tomber en panne après 5 minutes de TV plus de réseau, je suis de Savigny le templeNandy",negatif,0.95,Pannes / Coupures téléphone,0.9,1,0.8,0.8824,1826148508707025310
"bonjour , j’ai reçu une lettre de huissier de votre part concernant des équipements non retournés alors que je les ai bien renvoyés Je ne trouve aucun moyen de vous joindre, comment doisje faire",negatif,0.95,Facturation / Paiement,0.9,1,0.8,0.8824,1826177915064631735
vos conseillers qui répondent « aucune idée » et qui trouvent pas de solution pour pas se retrouver sans internet pour des étudiants à moins de payer en plus c’est la honte hein,negatif,0.95,Facturation / Paiement,0.9,2,0.9,0.9158,1826184760789499910
"Franchement je suis furieuse jai été fidèle depuis mes études en 2012, jai toujours été chez vous, jai toujours dit que free cétait super En 2022 jachète mon terrain jappelle free pour la viabilisation internet, on me dit que free soccupe de tout 1",positif,0.95,processus_sav,0.95,1,0.7,0.8658,1826206190658842898
wsh faut remettre la co la,neutre,0.6,Facturation / Paiement,0.9,1,0.7,0.7326,1826243910534152239
c’est n’importe quoi ça fait 1 mois qu’on à pas de wifi chez a cause d’une soitdisant panne dans notre secreur alors on nous à donné une solution de secours dite geste commercial en nous donnant de la 4g qui ne fonctionne pas,negatif,0.95,Pannes / Coupures téléphone,0.9,1,0.7,0.8491,1826249247668515289
"les pires… vivement le mois prochain que je parte… que des déconnexions quotidiennes qui durent plusieurs heures sans raison ou sans être prévenu… des authentifications à la box impossibles, des reboots de box sans raison top pour bosser en bonne condition…",negatif,0.95,Pannes / Coupures téléphone,0.95,2,0.9,0.9324,1826266315084222578
Jai besoin de votre aide essaie de me voler Jai suspendu ma ligne FO27959834 et renvoyé les équipements le 1307 ils lon reçu le 1807 et aujourdhui le 1908 il minforme quil nont rien reçu Que faire Il menace de me prélever plus de 150€ Que faire,negatif,0.95,Facturation / Paiement,0.95,2,0.95,0.9491,1826267483097243791
faut vraiment commencer à s’inquiéter de votre service client qui est catastrophique,negatif,0.95,processus_sav,0.9,2,0.9,0.9158,1826280762586583041
"Monsieur Free, je reçois sans arrêt des appels sur mon mobile qui est sur liste rouge et sur bloctel Jai déjà dit que je ne suis pas intéressé et ça continue Faut déposer une plainte pour que cela cesse 😡😡😡",negatif,0.95,processus_sav,0.95,2,0.95,0.9491,1826306699810275444
Service en dessous de tout … rdv pris pour un passage de technicien entre 1500 et 1700 … il est 1934 … toujours rien en vue Une pensée pour le technicien qui a pris le soin de m’appeler pour me dire qu’il était très en retard dans son planning Bref … nul,negatif,0.95,processus_sav,0.9,1,0.8,0.8824,1826312498083233983
Vous êtes des escrocs incompétents Free Demande de résiliation et personne pour maider Personnels incompétents avec des méthodes de voyous,negatif,0.95,processus_sav,0.9,2,0.9,0.9158,1826325533992358039
Bonjour Depuis quelques temps ma box subit de nombreuses coupures et certaines dépassent plusieurs heures Mon téléphone quand à lui perd de la puissance passant de la 4G au H Que ce passe til et aller vous faire quelques choses Bien cordialement,negatif,0.95,Pannes / Coupures téléphone,0.9,2,0.95,0.9324,1826328873212223492
bon free c’est quoi cette panne là,neutre,0.7,Pannes / Coupures téléphone,0.9,1,0.7,0.7659,1826336817316282429
décidément le pire opérateur de tous les temps en plus d’une connexion catastrophique chaque jour nous voilà depuis ce matin sans internet mobile et box c’est décidé je me casse fuyez,negatif,0.95,Pannes / Coupures téléphone,0.9,2,0.95,0.9324,1826378299016446110
J’ai ce bug depuis votre maintenance de mardi sur console Je ne peux pas jouer,negatif,0.95,processus_sav,0.9,1,0.8,0.8824,1826436345033535582
Hello devoir payer 40€ de frais d’installation xDSL ça pique en 2024… Surtout quand la ville est complètement fibrée… et que mon logement est déjà raccordé en xDSL mais passons…,negatif,0.95,Facturation / Paiement,0.9,1,0.7,0.8491,1826495796436402403
"Bonjour, 24h00 sans plus rien qui marche dans l’Ain, aucune info, mais ticket hotline ouvert ouf… sans deconner c’est quoi ce bordel, les techniciens sont en vacances",negatif,0.95,Pannes / Coupures téléphone,0.95,2,0.95,0.9491,1826522493571441148
"Bjr il ne faut pas tomber en panne au mois août, freebox étape 2 bloqué, rdv seulement dans 15jrs,vs remboursez labonnement en cas de service indisponible",negatif,0.95,Pannes / Coupures téléphone,0.9,2,0.95,0.9324,1826546568180138036
Je suis mecontent de depuis ce matin j ai plus internet peu apres 11h j ai a nouveau internet un techicien passe je ne l ai plus a nouveau c est une blague je ne peux bosser je suis en tele travail un geste commercial j espere,negatif,0.95,processus_sav,0.9,2,0.9,0.9158,1826556687316074894
"Ça fait 13 jours que j’ai pas internet et là on vient de m’annoncer que la réparation est retardée de minimum une semaine si vous voulez pas que je casse quelque chose, faites un truc",negatif,0.95,Pannes / Coupures téléphone,0.95,2,0.9,0.9324,1826625928535126158
nous n’avons toujours pas de connexion internet à bourg en bresse Cette panne dure depuis hier,negatif,0.95,Pannes / Coupures téléphone,0.95,2,0.9,0.9324,1826636123344699716
Bonjour Estil possible dutiliser un player devialet avec loffre Freebox revolution light,neutre,0.5,autre,0.1,1,0.7,0.4329,1826639002084278409
"Ma freebox se coupe tous les mois, je dis bien tous les mois à cause de l’armoire fibre entretenue par SFR Ce n’est plus supportable Savezvous que je TRAVAILLE de chez moi Réglez ce problème une bonne fois pour toutes",negatif,0.95,Pannes / Coupures téléphone,0.95,2,0.9,0.9324,1826651948327862512
Cest dernier mois chez cest sur et certain,neutre,0.6,Facturation / Paiement,0.9,1,0.7,0.7326,1826667313896268135
Parlons en de et les coup de téléphones de commerciaux 30 fois par mois le midi le soir même si je ne suis pas intéressé ça rappelle c est du harcèlement y en a marre,negatif,0.95,processus_sav,0.9,1,0.8,0.8824,1826670138634240285
alors comme ça on continue à prevelever des gens même quand ils ont résilié leur abonnement,negatif,0.8,Facturation / Paiement,0.9,1,0.8,0.8325,1826697481205547305
"c’est quoi votre délire on peut même pas jouer a la play ça fait que bug, moi tout comme mes potes qui sont chez vous comme par hasard",negatif,0.95,processus_sav,0.9,1,0.8,0.8824,1826719305225891961
Bonjour je vous écris concernant un problème qui perdure et ne se régle pas Puisje prendre contact avec vous dans mes DM s’il vous plaît,negatif,0.95,processus_sav,0.9,2,0.9,0.9158,1826724049810084070
Bonjour Des semaines que vos services me baladent sans rendezvous pour rétablir la fibre Please help,negatif,0.95,Fibre optique,0.95,2,0.9,0.9324,1826727674745696560
"je suis dans wi fi depuis 5 jours sur le Cannet On a tout essayé eu niveau service clientèle , technicien passe rien résolu Je commence à réunir les autres qui sont sans réseau comme nous , car c’est juste inadmissible A bien tôt",negatif,0.95,processus_sav,0.95,2,0.95,0.9491,1826851255769002145
"vous commencez à me rendre dingue, je suis à deux doigts de tout annuler Un coup on me dit je peux avoir la fibre puis le technicien trouve rien donc on me dit qu’on va créer une ligne adsl puis quelqu’un d’autre me dit que finalement on va réessayer la fibre",negatif,0.9,Fibre,0.8,2,0.9,0.8658,1826875344873292196
quelqu’un pourrait me contacter svp,neutre,0.7,autre,0.8,1,0.7,0.7326,1826875653225959793
"Mésaventures Nous avons voulu prendre un abonnement chez , tout avait bien commencé, bien que bizarrement dès le départ l’opérateur semblait ne pas trouver notre adresse Et puis finalement c’était bon… Nous avons reçu la box et une pocketwifi 1n",negatif,0.95,processus_sav,0.9,1,0.7,0.8491,1826884583062749427
"Bonjour, j’ai perdu mon mot de passe pour Free foot comment je peux faire",neutre,0.6,processus_sav,0.9,1,0.8,0.7659,1826899166649282896
Oui Orange cest des voleurs et cest pour cette raison que je viens de les quitter pour il ya 15 jours mais ça démarre mal sur je suis en H et ma vient de tomber en panne on mannonce un technicien dans 7 jours Je fais comment en télétravail,negatif,0.95,Pannes / Coupures téléphone,0.95,2,0.9,0.9324,1826962117305434554
"Coucou , j’ai un ami qui a perdu son père et malgré un milliard d’échanges avec vos services, les prélèvements continus Il faut faire quoi pour obtenir gain de cause puisque la disparition d’une personne n’est pas suffisante Vous pouvez agir",negatif,0.95,Facturation / Paiement,0.95,2,0.9,0.9324,1826972989197312475
Poke,neutre,0.6,autre,1.0,0,0.0,0.5328,1826976374738780524
trop cool 3 jours sans internet et on me dit de patienter,neutre,0.6,Pannes / Coupures téléphone,0.9,1,0.7,0.7326,1826995505554948326
"vous êtes trop fort Après 6 ans de retard sur le câblage de la fibre dans mon bled, vous êtes le seul qui ne me fibre pas Par contre ma voisine oui vous allez tirer plus dune câble pour allez chez elle que chez moi sur place cest pas la même",negatif,0.95,Fibre optique,0.95,2,0.95,0.9491,1827007218442518794
vos employés qui expliquent que si on a pas internet c’est « la faute a pas de chance » me donnent envie de passer chez un autre opérateur de façon très malchanceuse,negatif,0.95,Pannes / Coupures téléphone,0.9,1,0.7,0.8491,1827012005007405104
hello Ma box est bloquée à létape 2 depuis hier,negatif,0.95,Pannes / Coupures téléphone,0.9,1,0.7,0.8491,1827034465350103471
Ce bon monsieur ne m’aideras jamais je vais me passer la corde au cou 130h annoncées pour télécharger 100Go…,negatif,0.95,processus_sav,0.9,2,0.95,0.9324,1827053708821020884
Voici la qualité du service de replay de Vous avez beau leurs signaler ils ne font absolument rien 😠 Peut être quen affichant la qualité de vos services vous allez réagir 😠,negatif,0.95,processus_sav,0.9,2,0.9,0.9158,1827069962768544101
"je peux vous insulter toute votre arbre généalogique Plus dune semaine voire 2 quinternet ne fonctionne plus, et en plus de ça, vous dîtes que cest une coupure générale On va vous couper la WiFi à vous aussi chez vous, vous allez rien regarder avec nous",negatif,0.95,Pannes / Coupures,0.95,2,0.95,0.9491,1827108730598838352
Qui est chez ici #free est ce que vous aussi y a une maintenance,neutre,0.5,processus_sav,0.8,1,0.8,0.6993,1827121536819437606
"Pas de co, ni 4g carrément je suis en aucun service",negatif,0.95,Pannes / Coupures téléphone,0.9,1,0.8,0.8824,1827176458340454462
Ral bol des coupures souvent dans la nuit la a partir de 00h10 retour vers 5h du matin paye pas a demi tarif surtout quand il y a plus de fibre ni de réseau Free mobile un minimum excuse silence radio comme dhabitude,negatif,0.95,Pannes / Coupures,0.95,2,0.9,0.9324,1827211357315358989
un manque de technicien,neutre,0.5,processus_sav,0.9,1,0.8,0.7326,1827229340188471752
"Jadore et mais faut revoir le sav jai un soucis sur un répéteur wifi, la 1ere réponse faut réinitialiser la box 2eme réponse le répéteur capte mal le wifi de la box, petit bémol est relié en rj45 3ème réponse cest psk il est en ethernet que ça marche pas",negatif,0.95,Fibre optique,0.9,1,0.8,0.8824,1827253725842354503
mais le temps de rpéonse de lassistance oui toujours plus,negatif,0.9,processus_sav,0.9,1,0.7,0.8325,1827265926871265553
Comment on fait pour avoir un conseiller au téléphone pour nous aider je tombe que sur l’assistant vocal qui propose pas grand chose…,negatif,0.95,processus_sav,0.9,1,0.8,0.8824,1827301313895452816
depuis 2020 free il me doivent 200e,negatif,0.9,Facturation / Paiement,0.95,2,0.9,0.9158,1827322329451438490
nan,neutre,0.7,Pannes / Coupures téléphone,0.9,0,0.0,0.5328,1827322415858237448
"Bonjour Je n’ai aucun retour sur mon incident alors que j’ai emménagé dans ma maison hier et qu’un opérateur devait me rappeler… J’avais tout bien organisé, souscription de mon abonnement 10 jours avant l’aménagement, rdv installation la veille, et panne en de 10h…",negatif,0.95,processus_sav,0.95,2,0.95,0.9491,1827337835545772046
"Bonjour et , Je viens de me rendre compte que Siri ne fonctionne plus avec OQEE by Free Estce normal Ma grandmère ne peut utiliser que cette option en raison de ses problèmes de vision Merci pour votre aide",negatif,0.95,processus_sav,0.9,1,0.8,0.8824,1827340266702786911
"pas loin dune quinzaine de jours sans que vous ayez pu résoudre un problème de connexion Le service technique qui se défile Un rendezvous annulé et maintenant 24 heures que jattends des nouvelles du technicien, sans résultat Je suis très en colère 😡",negatif,0.95,processus_sav,0.95,2,0.9,0.9324,1827356421358309710
les gros clown ça fait 2 semaine que je suis chez eux et je commence déjà a être débranché Bien sur débranché a 14H et quand tu les appels non personne travaille le weekend aucun technicien nest disponible avant lundi 🤡,negatif,0.95,Pannes/Coupures téléphone,0.95,2,0.9,0.9324,1827394377544560676
"C’est bon aller vous faire foutre à un moment, 5 fois de l’année ou la boxe bloque à l’étape 2 et plus rien, impossible de contacter quelqu’un rdv le 29 août, pendant ce temps là on paye et rien de ne marche comme d’hab, élu pire service d’internet 🖕",negatif,0.95,Facturation / Paiement,0.95,2,0.95,0.9491,1827401040519365087
depuis hier le psn impossible de rentrer dans fifa ultimate team et de jouer à certains jeux en ligne Comment je fais 50€ par mois et aucune possibilités de profité de ma co,negatif,0.95,processus_sav,0.9,1,0.7,0.8491,1827402222717825236
"Bientôt 6h00 que jai ouvert un ticket pour des coupures internet incessantes toutes les 2 min, y a til vraiment des techniciens qui travaillent le week end ou vais je devoir prendre le train pour aller bosser au siège lundi",negatif,0.95,Pannes / Coupures,0.95,2,0.9,0.9324,1827417485345181850
"ticket assistance fait à 15h19, il est 23h30, le problème nest pas résolu, si pas résolu avant lundi je vais devoir prendre durgence un train et une chambre dhôtel pour aller bosser, y a til vraiment des techniciens le week end ou est ce un mensonge",négatif,0.95,processus_sav,0.95,2,0.95,0.9491,1827459008321745294
"démarche pour installer l’adsl débutée le 1307, le 2508 n’a toujours pas réussi à collaborer avec pour finaliser ma connexion incapable de débloquer la situation et repoussent de jours en jours la connexion",negatif,0.95,Fibre optique,0.9,1,0.8,0.8824,1827616422857425097
"Ptêtre quil pourrait me rembourser mes 190€ escroqués lors de ma résiliation, le jour de son anniversaire",neutre,0.5,Facturation / Paiement,0.9,1,0.7,0.6993,1827620132274741700
3 pannes chez depuis le début de lannée 1 mois et demi en tout sans internet Bah ils préfèrent perdre 50 balles par mois plutôt que faire une réduction 🤡 Ciao,negatif,0.95,Pannes / Coupures téléphone,0.95,2,0.9,0.9324,1827625368016027805
2ème incident en un mois Pas d’Internet ni wifi ni réseau mobile 24hs sans disposer d’un service promis et aucune solution trouvée ni geste commercial Freeproxi Inefficace avec des réponses inappropriées 😡 La solution est le désabonnement total,negatif,0.95,Pannes / Coupures téléphone,0.95,2,0.95,0.9491,1827636084794089975
"🆘SOS Bouteille à la mer #Free Mon adresse mail a été bloquée pendant la nuit La procédure de déblocage na pas marché, cela fait plus de 4 heures et cest lidentifiant qui est rejeté comme invalide Le tél 45cmin pour anciens abonnés dit que tout va bien suite",negatif,0.95,Facturation / Paiement,0.95,2,0.95,0.9491,1827645790438687171
Et sinon mon probleme de reseau non résolu depuis plusieurs semaines ont en parle ou pas😉,negatif,0.95,Pannes / Coupures téléphone,0.9,2,0.95,0.9324,1827662030012035187
"The freedom of speech is a principal Pillar in a free Government when this support is taken away the Constitution is dissolved, and Tyranny is erected on its Ruins B̶e̶n̶j̶a̶m̶i̶n̶ ̶F̶r̶a̶n̶k̶l̶i̶n̶ Pavel Durov #FREEDUROV #FreePavel",positif,0.95,information,0.8,2,0.95,0.8991,1827713486623019101
Jvais les appeler demain ça rend fou depuis 23 jours sinon aucun probleme avant,negatif,0.95,processus_sav,0.9,2,0.95,0.9324,1827727520340345293
veux me facturer 400€ de frais de non restitution de matériel J’ai déjà tout envoyé En plus c’est impossible de les contacter gratuitement Dans la boutique on m’a dit qu’il allait me faire rappeler mais j’ai reçu aucun coup de fil,negatif,0.95,Facturation / Paiement,0.95,2,0.95,0.9491,1827731257544913140
Je vais commencé à monter en pression pour mon bien régler le souci je commence à devenir fou,positif,0.8,processus_sav,0.9,2,0.9,0.8658,1827733045975077178
Bon ça fait 1 mois j’ai pas de co là,neutre,0.7,Facturation / Paiement,0.9,1,0.7,0.7659,1827737976383721934
Non ça ira il mérite pas son entreprise vous vous êtes des voleurs vous avez essayer de me soutirez 300€ bande de fou🖕🏼🖕🏼,negatif,0.95,Facturation / Paiement,0.95,2,0.9,0.9324,1827739899404964333
"Je résilie ma box car en 18 mois j’ai du avoir 4 mois d’internet Je suis actuellement à 5 mois d’interruption non stop de mon réseau, supplément foutage de gueule de la part de mon assistance « de proximité » et en plus je dois payer 50€ pour tout renvoyer Normal",negatif,0.95,Facturation / Paiement,0.95,2,0.95,0.9491,1827773418059464829
Plus d’internet chez C’est quoi de bordel,negatif,0.95,Pannes / Coupures téléphone,0.9,1,0.7,0.8491,1827791073290141711
Eh oh y’a pas un problème de réseaux nan,neutre,0.6,processus_sav,0.9,1,0.7,0.7326,1827797338355908840
Merci Je me bats avec mon tel depuis 1h en comprenant pas pourquoi ça fonctionne pas alors que la fibre fonctionne Bref c’est chez eux Ouf Bizarrement je n’arrive pas à surfer sur l’iPhone mais pas de souci sur iPad qui utilise le même réseau,negatif,0.95,Pannes / Coupures téléphone,0.9,1,0.8,0.8824,1827801558102524325
Le wifi fonctionne sur mon téléphone lentement mais pas sur lordinateur,neutre,0.6,WiFi,0.8,1,0.7,0.6993,1827805330043998517
"Et ma ligne internet est réparée quand 4 semaines que ça dure sans compter les free helper qui ne savent rien, me raccrochent au nez ou minsultent carrément 😡",negatif,0.95,processus_sav,0.95,2,0.9,0.9324,1827808312244736372
qui envoie de l’équipement défectueux aux clients,negatif,0.95,Livraison,0.9,1,0.8,0.8824,1827811549253120150
régler vos problèmes sur fortnite svp,neutre,0.5,autre,1.0,1,0.7,0.7326,1827820025522389440
Jaurais bien voulu mais plus de Freebox Delta depuis 1 semaine donc pas de télétravail et pas de solution Je lâche plus de 100 € par mois à Free et jaime Mr Niel Musk mais la,negatif,0.95,Pannes / Coupures,0.9,2,0.95,0.9324,1827949643486933052
Comment faire la demande de remboursement Cela presque 20 ans que ns sommes chez et première fois que la panne dure aussi longtemps et sans réponse de leur part,negatif,0.95,Pannes / Coupures,0.9,2,0.95,0.9324,1827957045108084920
je viens de souscrire un contrat et je veux benéficier du droit de retractation Le 3244 ne me propose que de prendre un rdv dinstallation Pas mieux sur lespace client Comment puisje resilier je me suis trompé de residence lors de le souscription,negatif,0.95,Facturation / Paiement,0.9,1,0.8,0.8824,1828008976383922422
Non seulement je suis harcelée tous les jours votre service de démarchage alors que j’ai déjà dit que je n’étais pas intéressée mais en plus vos conseillers ne sont pas professionnels et vous raccrochent au nez en pleine phrase,negatif,0.95,processus_sav,0.9,2,0.9,0.9158,1828012575985996127
Une horreur 😡😡,negatif,0.95,processus_sav,0.95,2,0.9,0.9324,1828013356231344569
une intervention est prévue à midi j’attends depuis 1h30,neutre,0.7,Pannes / Coupures téléphone,0.9,1,0.8,0.7992,1828032399302643990
Par contre votre connections internet qui beug toutes les 20 minutes c’est normal,negatif,0.95,Pannes / Coupures téléphone,0.9,1,0.7,0.8491,1828058260663873669
"Bonjour, je souhaites changer de forfait freebox et déménager, pourriez vous me téléphoner svp",neutre,0.6,Livraison,0.8,1,0.8,0.7326,1828110361700246005
"Merci #FREE Grâce à vous, jai découvert de nouvelles activités regarder le vide et parler aux murs Qui a besoin de Netflix quand on a ça 😤🖼️ #Freebox",positif,0.95,information,0.9,1,0.7,0.8491,1828113626084819312
"Bonjour , Depuis plus d’une semaine ma freebox pop est bloqué à l’étape 3 enregistrement PON en cours",negatif,0.95,Pannes / Coupures téléphone,0.9,1,0.8,0.8824,1828115978783465670
impossible de vous connecter … problème avec internet et la box … pouvez vous nous contacter merci c’est inadmissible ce service …,negatif,0.95,Pannes / Coupures téléphone,0.9,2,0.95,0.9324,1828136669536755920
"panne fibre depuis plus de 4 heures, assistance sur disque en boucle, impossible denvoyer un message Trois semaines dabonnement 2 pannes, voisins avec Orange pas de problème",negatif,0.95,Pannes / Coupures téléphone,0.95,2,0.95,0.9491,1828149894374400427
c’est la pire connexion au monde rien d’autre à dire,negatif,0.95,Pannes / Coupures téléphone,0.9,2,0.9,0.9158,1828158141508526202
"j’ai les larmes aux yeux seigneur c’est tellement une dinguerie, le wifi marche pas tjrs ma 4g ne marche qu’à certain endroit de mon lit alors que je suis dans ma maison aurez mon sang sur les mains #auboutdurouleau #etdelacordeimo",negatif,0.95,Fibre optique,0.9,1,0.8,0.8824,1828193132728455448
"Bon anniversaire a lui , mais cest quoi ces changements on ne peut plus avoir personne alors quand janvier jai eu une personne en 5 minutes qui a tout réglé",neutre,0.6,information,0.9,1,0.7,0.7326,1828350186482958578
Suite à un impact foudre ma mère de 85 ans est privée de téléphone et internet depuis début août Nous arrivons enfin à avoir un rendez vous technicien Et personne ne vient Excuses de votre part Autre rendez vous et même chose personne 😡😡😡,negatif,0.95,Pannes/Coupures téléphone,0.95,2,0.95,0.9491,1828355905001299977
"bonjour, est il possible d’avoir des renseignements sur les offres canal plus avec la freebox ultra Je souhaiterais avec les tarifs exactes de l’abonnement canal plus sport, et si cela m’engage avec canal",neutre,0.5,information,0.9,0,0.1,0.4995,1828393523797749840
"quand une tourne dans le vide et ne fournit plus rien depuis 3 semaines, que le service téléphonique est constitué de bots inutiles et quon a toujours pas de réponse on fait comment sachant quon paye dans le vide",negatif,0.95,processus_sav,0.9,2,0.95,0.9324,1828411194987725282
est venu récupérer les indélicatesses du technicien Merci beaucoup ☺️,positif,0.95,processus_sav,0.9,0,0.1,0.6493,1828416399129088198
"bonjour, jai effectué la résiliation de mon abonnement internet et renvoyer le matériel mais nai pas eu confirmation de réception Pouvezvous me dire ce quil en est",negatif,0.95,Facturation / Paiement,0.9,1,0.8,0.8824,1828442760145199303
"Depuis hier y a plus de wifi chez moi, ça reste bloqué à létape 2 Ça commence à être long",negatif,0.95,Fibre optique,0.9,1,0.8,0.8824,1828455463861563469
"Voilà le service Un tech me fait poser une journée pour installer la fibre chez moi Il passe le 14 juin pour tirer un câble dans un fourreau neuf dans ma rue, il est midi M reste 5min et me dit quon va me recontacter parce quil ny arrive pas Aucun rappel",negatif,0.95,Fibre optique,0.95,1,0.7,0.8658,1828462518362116237
"un de vos responsables doit me rappeler, j’ai pas de nouvelles pendant 3 semaines et vous me balancez une société de recouvrement pour 60 balles Vous avez pété un plomb",negatif,0.95,processus_sav,0.95,2,0.95,0.9491,1828468099101716517
"ma free box ne fonctionne pas depuis ce midi Personne répond, payer 50 euro par mois euh c pas normal",negatif,0.95,Pannes / Coupures téléphone,0.9,2,0.95,0.9324,1828476130086547507
"Depuis ce matin g plus de télé, plus de ligne fixe et plus de wifi if I catch u… FREE IF I CATCH U",negatif,0.95,Facturation / Paiement,0.9,2,0.9,0.9158,1828483885539393692
"plus de wifi, de télé etc… Box bloqué sur étape 2 au Havre et pas de technicien dispo avant le 3 septembre c’est une blague Donc demain je vais chez un concurrent",negatif,0.95,Pannes / Coupures téléphone,0.95,2,0.95,0.9491,1828492665018614138
bonjour j’ai un problème pouvezvous me MP,neutre,0.5,processus_sav,0.9,1,0.7,0.6993,1828495471394066660
Bonjour Le backup internet 4G sur la Freebox ultra fonctionne si on est en mode bridge,positif,0.95,Fibre optique,0.9,1,0.7,0.8491,1828579696692305955
On se plaint des sites de streaming qui abusent de ouf mais parlons aussi deux secondes des abonnements aux box Je paye 45€mois et ditesmoi pourquoi je vois de plus en plus de chaînes auxquelles il faut sabonner Des chaînes qui étaient en clair avant en plus,negatif,0.95,Facturation / Paiement,0.9,1,0.7,0.8491,1828601285177692457
Bonjour estce que cest possible de retirer les paramètres bloquant qui empêchent vos utilisateurs daccéder au site Merci,neutre,0.5,processus_sav,0.9,1,0.8,0.7326,1828699376992014546
"depuis le 30 juillet que j’ai pris un abonnement de la boxe chez Free, la box n’a toujours pas été livrée, aucun technicien ne m’a contacté et personne n’est en mesure de dire quoique ce soit a mis la clé à la porte",negatif,0.95,Livraison,0.95,2,0.9,0.9324,1828703612857438600
"Bonjour je suis censée être fibrée chez vous depuis un an maintenant, comment expliquez vous ces résultats Connexion totalement instable depuis 4 jours chez bon nombre de vos clients, latence injouable, une connaissance à moi appelle depuis 3 mois sans réponse",negatif,0.95,processus_sav,0.95,2,0.95,0.9491,1828717164028727299
suite à l incompétence des équipes que j’ai eu au téléphone je me permet de vous écrire ici Ma connections ethernet est bridé à 100mos alors que le wifi atteint 750 mb par seconde étant équipé de cat6 en câble et cat7 pour les câble dans les mur je trouve ça bizarre,negatif,0.95,Fibre optique,0.9,2,0.9,0.9158,1828732173119046111
"vous trouvez ça normal que quand vos clients paient leur forfait, et qu’un pb de connexion intervient Aucune solution expresse ne soit trouvée pour eux",negatif,0.95,Facturation / Paiement,0.9,1,0.8,0.8824,1828754714378502344
"Bonjour, c’est combien vos frais de mise en service, je vais quitter trop chère 🤦‍♂️",negatif,0.95,Facturation / Paiement,1.0,1,0.8,0.9158,1828755594955915425
une explication ou on se désabonne,negatif,0.95,processus_sav,0.9,0,0.0,0.616,1828756819172618407
"Coucou c’est quand que vous rallumez la machine Sérieusement là En rade depuis ce matin, vous allez me décomptez ça du montant l’abonnement",negatif,0.95,Facturation / Paiement,0.9,2,0.9,0.9158,1828764142343242163
"🔥 Forfait Appels SMS MMS illimités 220 Go en 5G 9,99€ par mois 👇 ➡️ ⬅️",positif,0.95,information,1.0,0,0.1,0.6827,1828782078051438945
c’est n’importe quoi depuis quelque jours votre connexion wifi et 4g ça fait que bug,negatif,0.95,Pannes / Coupures téléphone,0.9,1,0.7,0.8491,1828812316281811356
"à qui on peut sadresser si on a des problèmes de wifi depuis plus de 2 semaines, le 3244 aide pas jai limpression",negatif,0.95,processus_sav,0.9,1,0.8,0.8824,1828814583798399441
Salut quand estce que je pourrai demander léchange de mon répéteur WiFi 5 par un WiFi 7 Ce nest toujours pas dispo sur mon interface 😡🤬😡🤬😡 Merci,negatif,0.95,Fibre,0.95,1,0.8,0.8991,1828827191943254260
Pareil depuis le 23 août c’est lamentable,negatif,0.9,processus_sav,0.9,1,0.7,0.8325,1828836570339877179
"Jappel le service free pour une panne depuis ce matin 08h00, nous avons ouvert un ticket Aucun dédommagement, je nai plus aucun service super free Je vais prendre la fibre chez un concurrent du coup 😑",negatif,0.95,Pannes / Coupures téléphone,0.95,2,0.95,0.9491,1828840136630775970
Qln chez free a déjà été bloqué à l’étape 3c « signal fibre PON détecté » avec la Freebox Ultra Svp,negatif,0.95,Fibre,0.9,1,0.8,0.8824,1828847742359412770
on peut dm svp,neutre,0.7,autre,1.0,0,0.0,0.5661,1828855013680021954
"Moi on a fait une demande, à voir mtn",neutre,0.6,processus_sav,0.9,1,0.7,0.7326,1828856262215291346
Thank you It was a pleasure to play for you,positif,0.95,autre,1.0,0,0.0,0.6494,1828865679979676122
Jusquà présent vous arriviez très bien a faire la différence entre nos deux comptes et maintenant que je souhaite résilier vous mélangez tout,neutre,0.6,Facturation / Paiement,0.9,1,0.7,0.7326,1828874676556210666
La vitesse est catastrophique mais surtout là jai une connexion très instable depuis 4 jours Si ça ne se règle pas dici tôt jappelle et je gueule fort parce que jai un tournoi bientôt et je ne peux pas jouer en ayant 3 secondes de retard sur tout le lobby,negatif,0.95,Fibre optique,0.95,2,0.9,0.9324,1828880620958740991
Encore et encore un bug de la #freebox ultrea Bloqué a l’etape 6 Merci free pour un service médiocre au fur et a mesure que je suis chez vous je sais pas si d’autre sont concernés encore cette fois ci,negatif,0.95,processus_sav,0.9,2,0.9,0.9158,1828927502946902179
La même avec la Mini 4k,neutre,0.6,information,0.9,1,0.7,0.7326,1828931178717462567
Même problème pour moi depuis 50 min la#freebox 😔,negatif,0.95,processus_sav,0.9,1,0.8,0.8824,1828935532790866019
nan,neutre,0.7,Pannes / Coupures téléphone,0.9,0,0.0,0.5328,1829007395697115549
"Après des années de foutage de gueule chez Orange, j’ai résilié pour la fibre Ça a marché 6 jours avant de planter Depuis, impossible d’avoir un rdv avec un technicien, vos mecs s’en tapent royalement Suis deg 🤬",negatif,0.95,Pannes/Coupures téléphone,0.9,2,0.95,0.9324,1829060594898530606
"Par contre pas bénef de bloquer les lignes encore et encore, en faisant croire qu’en payant ça s’arrange J’avais une bonne image de free, ça change, dommage 👋👋",negatif,0.9,Facturation / Paiement,0.9,2,0.9,0.8991,1829087867055858014
Il reste autant de places pour l’Olympia que de cheveux sur mon crâne,negatif,0.95,information,0.9,0,0.0,0.616,1829094209053171910
Allez il serait tant de régler vos connexions les débiles tfaçon je vais résilier mon contrat chez vous,negatif,0.95,Facturation / Paiement,0.9,1,0.8,0.8824,1829101060352348489
Moi jsuis chez free un coup sur 2 je capte mas,neutre,0.6,Pannes / Coupures téléphone,0.9,1,0.7,0.7326,1829105068836053153
seraitil possible darrêter de nous prendre pour des cons Cela dure depuis le 9 août soit à ce jour 20 jours sans internet mais vous prélevez largent sur mon compte,negatif,0.95,Pannes / Coupures,0.95,2,0.95,0.9491,1829122911908585480
"mon contrat stipule que le montant de mon abonnement mensuel est de 17,90€ Voilà ce que vous me facturez Je vais rendre fort",neutre,0.5,Facturation / Paiement,1.0,0,0.0,0.4995,1829204615486943629
Quand vous voulez pour régler ce putain de problème je peux pas jouer,negatif,0.95,processus_sav,0.9,1,0.7,0.8491,1829220089436016689
des soucis de réseaux depuis 2 jours zone Paris 17e Ça lagsans arrêt pour la tele,negatif,0.95,Pannes / Coupures téléphone,0.9,2,0.9,0.9158,1829220440964759981
bonjour j’ai un souci depuis que votre technicien est venue ce matin mon antenne ne fonctionne plus et je n’arrive pas à vous joindre par téléphone,negatif,0.95,Pannes / Coupures téléphone,0.9,2,0.95,0.9324,1829224044341932458
Alerte info FREE ou la pire assistance existante…,negatif,0.95,processus_sav,0.9,1,0.7,0.8491,1829227413051519045
pas de télé Pas dinternet et impossible de vous avoir par téléphone,negatif,0.95,Pannes / Coupures téléphone,0.9,2,0.95,0.9324,1829230892239466737
"Bonjour ça fait 22j que tout mon immeuble na plus de connexion suite à une intervention de vos techniciens qui ont tout cassé, cest complètement inadmissible",negatif,0.95,Pannes / Coupures téléphone,0.95,2,0.95,0.9491,1829263466433245471
"33270125707 33270482946 33270482948 33270124619 33270121943 33270121478 Etc , ta pas limpression de me harceler Cest pas en me harcelant, que je souscrire chez toi au contraire Arrêté sinon je fais un attentat dans tes boutiques Free mobile #harcelement",neutre,0.6,processus_sav,0.9,1,0.8,0.7659,1829434450066673773
"j’attends un mois pour qu’on puisse me remettre internet, votre technicien viens « fait les branchements » et rien ne fonctionne, me dis que le gars qui s’occupe du signal est en vacances, impossible de vous joindre au téléphone également, vous vous foutez de moi",negatif,0.95,Pannes / Coupures téléphone,0.95,2,0.95,0.9491,1829439444648104424
bonjour jaurai besoin quun technicien me rappelle pour une demande de report de rdv svp,neutre,0.5,processus_sav,0.9,1,0.7,0.6993,1829467682091020790
"Bonjour c’était pour savoir quand estce que le problème de connexion dans le village de fontenailles 77370 sera réglé, ça fait plus d’une semaine que c’est impossible d’avoir de la connexion Et impossible d’avoir un conseiller au téléphone",negatif,0.95,Pannes / Coupures téléphone,0.95,2,0.95,0.9491,1829482576739811528
"Jen fais lexpérience Que doisje faire Jai redémarré plusieurs fois, mais cela ne fonctionne pas",negatif,0.95,processus_sav,0.9,1,0.8,0.8824,1829483255218778485
"Comment je vois tout le monde sur #StarWarsOutlaws alors que j’ai l’early access drops Twitch mais je suis encore en vacances à l’île Maurice — Hâte de reprendre dès que je rentre enfin, papa arrête pas de me sms car saute, j’espère pouvoir streamer vite",neutre,0.6,information,0.8,1,0.7,0.6993,1829491680627802623
"J’ai souscrit à une offre box fin Juin, depuis c’est l’horreur… Toujours pas internet au bout de 30jours, aucune solution de rechange J’arrête mon abonnement et je renvoie la box m’a facturé 300€ de frais d’annulation et de box 🤬🤬🤬🤬🤬🤬🤬🤬 SAV de clown",negatif,0.99,Facturation / Paiement,0.95,2,0.95,0.9624,1829522962287837315
"Il marrive exactement la même chose aujourdhui Raccordement à la fibre par Free, tout ok durant quelques jours puis ce jour, perte du signal, Freebox bloqué sur 2 et obligé davoir un technicien qui revienne Hasard, jétais chez Orange avant de passer chez Free",negatif,0.95,Fibre optique,0.95,2,0.95,0.9491,1829532615403344186
Pages Perso Des pannes ponctuelles sont encore présentes et ici cest laccès à MySQL qui est concerné A voir le suivi des pannes régulièrement mis à jour sur cet article 🕷️,negatif,0.95,Pannes / Coupures,0.95,1,0.8,0.8991,1829541474872307731
Chez on est très heureux de contribuer à donner de la visibilité à la saison à venir des On nallait quand même pas laisser autant de fans de côté ☺️,positif,0.95,information,0.9,1,0.7,0.8491,1829554798468948339
"Allo Votre lecteur est une calamité Cest tout le temps et tt les jours pareil, ça se déconnecte, rond rouge, erreur de lecture internecest usant je pense que, rapidement, je vais changer de FAI",negatif,0.95,Pannes / Coupures téléphone,0.95,2,0.95,0.9491,1829561584038957112
Vous feriez mieux dinvestir pour améliorer votre réseau bien pourri et votre SAV bien médiocre,negatif,0.95,processus_sav,0.9,1,0.8,0.8824,1829619518425219083
"dites, je suis à moins d’1m de ma box, mais je peine à ouvrir une carte Google Maps voir vidéo Côté ordi, impossible de regarder Terracid en 1080p, je suis revenu aux 360p de l’ADSL, et le pire c’est que ça coupe toutes les 5min Xavier Niel ne peut rien faire pour moi",negatif,0.95,information,0.7,1,0.7,0.7825,1829620052301373918
"bonjour j’ai contacter le 1008 pour un dépannage de ma player pop car à chaque fois que l’éteint le soir le lendemain pour le rallumer obliger de le débrancher électriquement pour qu’il démarre, On m’a dit qu’il remplacerai le player mais pas de nouvelle",negatif,0.95,Pannes / Coupures téléphone,0.9,1,0.8,0.8824,1829776547508543607
"La connection free depuis quelques jours elle est à chié, est ce que chez vous cest pareil #free Pareil pour sfr #sfr",negatif,0.9,Pannes / Coupures téléphone,0.9,1,0.8,0.8658,1829793417506820407
"Très déçu de FREE Un technicien incompétent a échoué à installer la fibre chez moi Il na pas réussi à tirer le cable optique par la gaine dans le mur, par où passe pourtant déjà le cable téléphonique Je songe sérieusement à passer à la concurrence",négatif,0.95,Fibre optique,0.95,2,0.95,0.9491,1829829861701042378
"Je narrive plus à me connecter à ma base de donnée MySql via mon site free perso Je ne trouve pas comment contacter lassistance, seraitil possible davoir de laide PI jutilise cette base depuis plus de 20ans",negatif,0.95,processus_sav,0.9,1,0.8,0.8824,1829843617894015171
"Revoyez le language de vos employés Une coupure qui dure depuis 9 jours, sans explications, sans aucunes nouvelles si je n’appelle pas quasiment tous les jours et quand je demande une compensation, on me répond de prendre un avocat et d’aller au tribunal",negatif,0.95,Pannes / Coupures,0.95,2,0.95,0.9491,1829865250625409156
très compliqué de joindre Free quand on ne connaît plus son mdp Vraiment galère,negatif,0.9,Facturation / Paiement,0.9,2,0.9,0.8991,1829878279110828486
"A 11h18 ce dimanche matin, après redémarrage, lheure affichée sur ma Freebox V5 est 01h03 Beaucoup de coupures ce matin, problème généralisé ou premiers signes de faiblesse de ma box après 15 ans dutilisation non stop",negatif,0.95,Pannes / Coupures téléphone,0.95,1,0.8,0.8991,1830174919042244629
Merci pour le temps perdu à échanger que le transfo cest bien la box qui est HS,neutre,0.7,Pannes / Coupures téléphone,0.9,1,0.7,0.7659,1830211258534015133
Cest super et bien gentil Mais de 1 il faudrait déjà avoir la fibre et de 2 ne pas avoir un réseau qui ne passe pas du tout a lintérieur de lappartement et 1 réseau pourri a lextérieur Pire en saison estival le réseau est totalement saturé,negatif,0.95,Pannes / Coupures,0.9,2,0.9,0.9158,1830233258229166259
Bonjour vous êtes des voleurs,negatif,0.95,processus_sav,0.9,0,0.0,0.616,1830317965478162785
Bonsoir #onfaitcomment,neutre,0.7,processus_sav,0.9,0,0.0,0.5328,1830380121070416050
"MAJ avec refonte total du tuto🕷️ Rattachement Player Devialet Migration depuis le nouvel abonnement Ultra, depuis Delta et comme dhabitude sur une unique page Web Nouveau lien, mais lancien est bien redirigé pas de souci Bonne lecture 🕷️",positif,0.95,information,0.9,1,0.8,0.8824,1830474345170268294
ça fait deux fois que des techniciens passes pour me raccorder à la fibre deux fois quil ya des problèmes qui auraient du être résolues entre temps,negatif,0.9,Pannes / Coupures téléphone,0.9,1,0.8,0.8658,1830505842552041762
bonjour estce que vous avez le numero de service client depuis en étranger J’arrive pas à connecter sur mon compte espace client et en ce moment je suis en étranger merci,negatif,0.95,processus_sav,0.9,1,0.8,0.8824,1830511140302102802
je viens de souscrire à une offre Freebox en renseignant mon RIO pour le portage de mon numéro Est ce que jai des démarches de résiliation à effectuer de mon côté où estce free qui sen charge,neutre,0.5,information,0.95,0,0.0,0.4829,1830533455567831117
"Plus d’Internet en fibre optique depuis hier soir avec Le technicien ne vient que vendredi matin, super… Je pense que la soudure a lâché dans la PTO, car on voit bien la lumière avec le laser",negatif,0.95,Fibre optique,0.9,2,0.9,0.9158,1830544182483509751
Presque une semaine je trouve ça fait un peu long,negatif,0.8,processus_sav,0.9,1,0.7,0.7992,1830544624600908124
"Sauf qu’à la maison, je n’ai pas de 4G Free, uniquement réseau 3G",negatif,0.95,Pannes / Coupures téléphone,0.9,1,0.7,0.8491,1830580527679881545
24h sans internet et pas de nouvelles On fait comment quand on doit travailler,negatif,0.95,Pannes / Coupures téléphone,0.9,2,0.95,0.9324,1830584937592078498
bonjour J’ai une question mais impossible d’avoir la réponse mais au 1044 En prenant votre offre ULTRA avons nous accès au replay myCANAL comprenant le catalogue film série proposée par CANAL J’ai bien compris que nous avions accès à la chaîne live Merci d’avance,neutre,0.5,information,0.9,1,0.8,0.7326,1830596685258436697
"ça fait 7 mois que j’attend ma Freebox Ultra , et ça fait un mois que mes assistant free proxy me disent qu’ils font remonter à la logistique Alors vous êtes toujours les meilleurs pour moi, mais j’en ai mare je veux ma Freebox 😭😭😭😭😭",negatif,0.95,Livraison,0.95,1,0.7,0.8658,1830619810876567702
"je vous en supplie envoyez un technicien 5 jours sans wifi, jen peux pluuus",negatif,0.95,Pannes / Coupures Fibre,0.9,2,0.95,0.9324,1830625078662365519
"Ah le service client , une réactivité imbattable Plus dune journée que le ticket est ouvert pas de nouvelles",neutre,0.6,processus_sav,0.9,1,0.7,0.7326,1830631000537522621
Vraiment ils nont rien compris Vous prenez vos clients pour des pigeons 0 assistance 0 service client,negatif,0.95,processus_sav,0.9,2,0.9,0.9158,1830635292052848785
"Plus rapide que davoir un rendez vous technicien que jattends depuis 1 mois Chez SFR rdv en 3 jours, chez vous jattends depuis le 5 Août car pas de places dans les plannings Très déçu vu que jadore Free, que ça soit mobile ou box",negatif,0.95,Pannes / Coupures téléphone,0.95,2,0.95,0.9491,1830653253266338029
VDM Faire le choix de plutôt que Fibre opérationnelle le 3008 à midi Plus de signal le 3008 à 23h10 Depuis on mannonce un délai dune semaine pour larriver dun technicien Honteux #VDM #OnFaitLeMax #MauvaisChoix Doisje changer dopérateur 😔,negatif,0.95,Fibre,0.95,2,0.9,0.9324,1830659916983607575
bonjour freebox Votre répéteur wi fi coute 20€ en 1 fois ou 20€ chaque mois Ce nest pas du tout spécifié sur la page abonné Merci,negatif,0.95,Facturation / Paiement,0.9,1,0.8,0.8824,1830670275924632024
"Par contre Vous trouvez que c’est normal ce débit pour une connexion qui est sensé être fibré Vraiment dégoûté, je ne peux littéralement rien faire avec un débit pareil J’ai trop la rage, et dites vous que là, j suis à côté de la boxe au moment de ce test…",negatif,0.95,Fibre optique,0.95,1,0.8,0.8991,1830711406108516500
"Qui a sa Freebox qui bug Ça fait 15min, le WiFi est la mais rien ne charge",negatif,0.95,processus_sav,0.9,1,0.8,0.8824,1830743199024914568
"de merde, je veux jouer la 😡😡😡",negatif,0.95,processus_sav,0.9,1,0.7,0.8491,1830744808316444989
"Réveillez vous, qui a coupé le mauvais câble",negatif,0.9,Pannes / Coupures téléphone,0.9,1,0.7,0.8325,1830745190413348978
Pareil ici,neutre,0.7,processus_sav,0.9,1,0.7,0.7659,1830745296764055898
cest vraiment dla merde free rendez les sous,negatif,0.9,Facturation / Paiement,0.9,1,0.8,0.8658,1830746075398885772
Mais je crois il y a un problème de réseau tout à couper sur ma box et mon tel aussi,negatif,0.9,Pannes / Coupures téléphone,0.9,2,0.9,0.8991,1830747532441375042
Encore une fois plus de connexion internet Lheure saffiche mais impossible daccéder au wifi Il mest demandé de my connectée alors que cest déjà le cas Que se passetil encore,negatif,0.95,Pannes / Coupures téléphone,0.9,1,0.8,0.8824,1830748163298230291
bon apparement la fibre est HS depuis 01h00 bon heuresement mon routeur multiWan ma direct basculé sur le backup Starlink mais bon tout le monde est pas comme moi,positif,0.95,Fibre,0.9,1,0.7,0.8491,1830748457163976866
"Salut Je nai aucun moyen de contact avec qui que ce soit, Tél en panne, discord en panne, tout en panne Jai accès à internet mais avec 90 des choses qui sont inaccessibles Je peux accéder à Twitter, mais pas à discord, steam, epic games etc Par contre",negatif,0.95,Pannes / Coupures téléphone,0.95,2,0.95,0.9491,1830749703668920490
reparez le problème de wifi sur la fibre jvais serrer,negatif,0.95,Fibre optique,0.9,1,0.7,0.8491,1830749786498015533
vous jouez à quoi bande de gros chien galeux je peut mm pas jouer a club pro avec mes gars,negatif,0.95,autre,0.1,0,0.1,0.383,1830749953175531956
"encore une antenne en panne En 1 mois j’ai passé une semaine en aucun service des que je sors de chez moi, il faudrait peut faire quelques chose et surtout avoir des conseillers qui ont des réponses à nos questions",negatif,0.95,Pannes / Coupures téléphone,0.95,2,0.95,0.9491,1830751323832103353
Grosse panne de en ce moment apparemment Ma box fibre bloquée à létape 2 🤔 #free #pannefree #freebox,negatif,0.95,Pannes / Coupures téléphone,0.95,2,0.9,0.9324,1830823896074883535
Plus de connexion wifi chez ce matin en plus dune interruption de tout le réseau mobile et internet cette nuit Estce que tout va bien,negatif,0.95,Pannes / Coupures téléphone,0.9,2,0.95,0.9324,1830859846209421363
Jai besoin de te parler de toute urgence,neutre,0.7,processus_sav,0.9,2,0.9,0.8325,1830861843939664374
Y’a encore une panne Free 30’ que ma box est bloquée à l’étape 2 #freebox #free,negatif,0.95,Pannes / Coupures téléphone,0.95,1,0.8,0.8991,1830892786981245386
"Dites voir, amp cela fait 8 jours que ma mère de 85 ans, qui vit seule, na ni téléphone fixe, ni internet, ni télé Le ticket incident na pas évolué depuis le premier jour, et lassistance lui dit juste dattendre Vous trouvez ça sérieux",negatif,0.95,processus_sav,0.95,2,0.95,0.9491,1830893651796344993
vous jouez à quoi encore avec votre réseau et wifi qui coupe h35,negatif,0.9,Pannes / Coupures téléphone,0.9,1,0.8,0.8658,1830898490328650101
"c’est le grand retour chez Bouygues Telecom, adieu de con et merci pour rien du tout",neutre,0.7,Facturation / Paiement,0.9,0,0.1,0.5661,1830901916768911439
un mois sans connection ça devient pénible Je ne vous remercie pas,negatif,0.95,Pannes / Coupures téléphone,0.9,1,0.8,0.8824,1830903448528642396
"Bonjour incident en cours depuis le 16 août, indique que le ticket n’est toujours pas pris en compte chez vous Need Help",negatif,0.95,processus_sav,0.95,2,0.9,0.9324,1830908114733809866
Bonjour Un tech dans le coins pour répondre à ce qui semble être une question pourtant simple mais qui tourne en rond Le backup 4g estil compatible et fonctionnel si la freebox est configurée en mode bridge mes tests semblent indiquer que non,negatif,0.95,Fibre,0.9,1,0.8,0.8824,1830937941054529978
"Bonjour Ma freebox est bloquée à l’étape 2 L’assistance de proximite me dit « Jusquau rétablissement de vos services, vous pouvez utiliser le partage de connexion entre vos appareils » Vous ne proposez pas de box 4G",negatif,0.95,Pannes / Coupures téléphone,0.9,1,0.8,0.8824,1830958004071522435
T’appelle plus personne Ça va être simple Opposition et go aller chez la concurrence,negatif,0.95,Pannes/Coupures téléphone,0.9,2,0.95,0.9324,1830961078421094483
"bonjour, pourriezvous expliquer la procédure pour résilier un abonnement car il semble que vous soyez incapables de connecter la Freebox envoyée et installée non pas par un mais 3 techniciens à cause du manque de connection au NRO de votre côté Ça fait plus d un mois",negatif,0.95,processus_sav,0.95,2,0.95,0.9491,1830972307768254798
"Salut , avez de nouvelles news je nai rien trouvé nul part ailleurs que votre site Jai un site perso free réserver quà moi même de gestion de mon travail, mais depuis 1 semaines impossible de me connecter ni de récupérer ma base de données au moins",neutre,0.6,information,0.9,1,0.8,0.7659,1830983937591509500
Ah oui en gironde ici ça doit pas être le même problème 🤯,neutre,0.6,Pannes / Coupures téléphone,0.9,1,0.7,0.7326,1830989659175784569
Vous souvenez Un an plus tard toujours pas de fibre Si si,negatif,0.95,Fibre,0.9,1,0.7,0.8491,1830990820436013240
Vous pourriez expliquer à ma communauté pourquoi je n’ai pas encore lancer de stream 🤣 j’ai plus internet 😭,negatif,0.9,Pannes / Coupures téléphone,0.95,2,0.9,0.9158,1831001198754730031
"client chez vous depuis 10 ans, je trouve ça lamentable de devoir payer pour changer de box La révolution ne fonctionne pas bien je voudrais passer à la pop et on me dit tranquillement que ça va me coûter 100 € Je trouve ça écœurant",negatif,0.95,Facturation / Paiement,0.95,2,0.9,0.9324,1831004875213111462
bonjour possible de vous contacter en dm suite à une résiliation et le renvoie de mes appareils,neutre,0.5,Facturation / Paiement,0.9,2,0.9,0.7659,1831005094793330956
impossible de vous joindre Ma Freebox est bloquée à létape 2 Je dois faire un sacrifice pour avoir un humain pour me venir en aide,negatif,0.95,processus_sav,0.95,2,0.9,0.9324,1831019569303167040
"bonjour Ma Freebox reste bloquée à l’étape 2, avezvous des pannes dans le secteur du 49",negatif,0.95,Pannes / Coupures téléphone,0.9,1,0.8,0.8824,1831020099446218765
Bonjour Ma freebox est bloquée à létape 2 depuis 15h30 Une solution,negatif,0.95,processus_sav,0.95,1,0.8,0.8991,1831029026120503576
"Bloqué également a létape 2 depuis 1 semaine Le technicien free est passé, nous a dit que le problème venait du réseau géré par orange Depuis, rien",negatif,0.95,Pannes / Coupures téléphone,0.9,2,0.9,0.9158,1831043573904748549
Sinon rembourser les clients de prélèvements indus suite à un écrasement de ligne depuis fin mars cest possible Ou juste vous compter mescroquer de 200€,negatif,0.95,Facturation / Paiement,0.9,2,0.9,0.9158,1831047313185542365
Finalement apres avoir insiste un technicient passera demain On verra bien 🤷🏻‍♂️,neutre,0.8,Rendez-vous techniciens,0.9,1,0.7,0.7992,1831061984521130172
Vous avez du réseau vous,neutre,0.5,Fibre optique,0.9,1,0.7,0.6993,1831069075231097011
"depuis plusieurs jours jai une connexion affreuse alors que je suis supposé avec 1Gbps, mes appareils sont tout le temps déconnectés du WiFi ou alors connectés mais sans internet Je crois que ma Freebox est cassé p Pouvezvous maider",negatif,0.95,Fibre optique,0.9,1,0.8,0.8824,1831070426199679123
Et je passe le fait que ma box se déconnecte presque tous les soirs et quune bonne dizaines de techniciens sont venus et que le problème existe toujours Et quelle dédommagement pour ça Juste 4€ bravo,negatif,0.95,processus_sav,0.95,2,0.95,0.9491,1831076214083047925
Hello comment estce possible de nous vendre EurosportPlayer par une souscription MAX via Free et de ne finalement pas pouvoir y souscrire à cause dun vieux bug daffichage que bcp de personnes ont et sur lequel votre assistance ne fait rien 🤡,negatif,0.95,processus_sav,0.9,2,0.9,0.9158,1831076638953726159
Freebox bloquée à l’étape 6 ça arrive trop souvent,negatif,0.9,processus_sav,0.9,1,0.8,0.8658,1831104131097895268
Fantastique Nouvelle interruption de services heureusement que je nai plus qui était une catastrophe Je passe donc en partage et tente daccéder à lespace assistance et la Ça ne fonctionne pas non plus 🤣 Il est temps de passer a autre chose 😏,negatif,0.95,Pannes / Coupures téléphone,0.95,2,0.95,0.9491,1831106526586576920
"c’est fait, mais je n’ai aucune réponse depuis une semaine",neutre,0.7,processus_sav,0.9,1,0.7,0.7659,1831196236776456674
"Bonjour le nro qui tombe six fois en panne, en 24 heures, estce normal",negatif,0.95,Pannes / Coupures téléphone,0.9,2,0.95,0.9324,1831197827688439880
"Bonjour Nous sommes abonnés box Ultra 14880 et depuis hier soir, plus de réseau apparemment Nous avons fait le 3244 un SMS nous a été envoyé pour convenir dun rdv mais le lien ne marche pas comment faiton 😔😭et bien sûr, couverture 4G aléatoire en Normandie",negatif,0.95,Pannes / Coupures téléphone,0.9,1,0.8,0.8824,1831228942042145145
"En fait, cest mais en vrai Ya 2j le 3244 me dit envoi de la box, hier on me dit tout a été détruit, doit cabler la ligne fibre et faut prendre un RDV tech Là, un mail qui dit pas de RDV tech mais le suivi dit le contraire help",negatif,0.9,Fibre optique,0.95,2,0.95,0.9324,1831242276518977988
Alors déjà est incapable de me donner un rendezvous pour minstaller la fibre depuis 2 mois Mais en plus les conseillers que lon a au téléphone sont super désagréables en plus dêtre incompétents donc BRAVO,négatif,0.95,Fibre,0.95,2,0.9,0.9324,1831260359572832752
pourquoi vos techniciens n’ont pas de module de rechange avec eux 3 jrs d’attente pour une visite qui au final me laisse en attente indéterminée d’un nouveau module car l’ancien était déjà défaillant et j’ai signalé que le problème était répétitif donc pas juste le câble,negatif,0.95,processus_sav,0.95,2,0.9,0.9324,1831262698367021376
Moi quand je redémarre ma box je retrouve ma co de base sinon sa baisse aussi,neutre,0.7,Facturation / Paiement,0.9,1,0.8,0.7992,1831265388786561130
"Bonjour, , pourquoi estce que les replayfilms disponibles sont différents suivant que jutilise le site, lappli tel, lappli chromecast ou le replay dans ma freebox , des idées sur le sujet",negatif,0.95,information,0.8,1,0.8,0.8492,1831267499913933221
"Hello je viens de souscrire à une box Ultra Essentiel Jai déjà un compte chez Canal, comment me connecter depuis lapplication de la freebox Pas de problème avec Netflix, Disney et Prime Video",neutre,0.7,Livraison,0.9,0,0.1,0.5661,1831280312472510573
C’est quoi cette arnaque Une dame de 70 ans à qui on fait payer 70€ juste pour changer sa box 😡😡 Cliente depuis l’époque d’Infonie en 1996 C’est comme ça que remercie ses clients fidèles En plus l’opérateur est odieux,negatif,0.95,Facturation / Paiement,0.95,2,0.95,0.9491,1831293770811244794
wsh faite qlq chose vrmt ça le fait à tout le monde wsh,negatif,0.9,processus_sav,0.9,1,0.7,0.8325,1831294615997026532
De base jétais a 680,neutre,0.8,Facturation / Paiement,0.9,1,0.7,0.7992,1831306898768892376
"abonné chez Free en ADSL, un engin a arraché vendredi les câbles téléphoniques sur le chemin qui dessert notre quartier Résultat, plus d’Internet, de tel et de TV Free est prevenu depuis 5 jours, parle à Orange qui est responsable mais rien n’avance La moutarde monte",negatif,0.95,Pannes / Coupures téléphone,0.95,2,0.9,0.9324,1831308277830832495
21 mes 5000 mgps,neutre,0.5,Fibre,0.9,2,0.95,0.7826,1831316741432955126
C’est quoi vos offre internet téléphone chez vous,neutre,0.5,information,0.8,0,0.1,0.4662,1831332132599243210
Depuis lundi midi pour moi ça votre ce à faire long 🙄,negatif,0.9,processus_sav,0.9,1,0.7,0.8325,1831360260344582237
Sans rentrer dans les détails cest une question de couverture réseau frérot,neutre,0.6,Pannes / Coupures téléphone,0.9,1,0.7,0.7326,1831365722771222706
"free cest guez, tema la fibre de la campagne",negatif,0.9,Fibre,0.9,1,0.7,0.8325,1831368689868009661
Moi je suis dégoûté j’ai acheté un devialet avec facture de l ancien propriétaire Ceux dernier est tjrs chez Free mais les a appelé pour dissocier sa devialet Et ils ne veulent rien savoir donc je me retrouve avec une box non fonctionnel,negatif,0.95,Facturation / Paiement,0.9,2,0.9,0.9158,1831369995374489951
"Depuis 2 mois problème de débit, de service télé Les techniciens constatent le problème mais le retour est tout est normal chez labonné Auj Un prob sur linfrastructure est possible et lon me demande de conracter Doisje tirer les câbles",negatif,0.95,Pannes / Coupures téléphone,0.9,2,0.9,0.9158,1831373717936730524
très déçu Je viens de passer chez bandyou t’en remplacement de mon forfait Free eh bien je vais direct recharger Sur la ligne du rer A la connexion est très mauvaise est meilleure Bref Je vais tenter,negatif,0.95,Facturation / Paiement,0.9,2,0.9,0.9158,1831376877354987828
"Hello, Cela fait 5 jours que je n’ai plus internet Et je n’ai aucune information sur le problème ni une date de résolution Comme je n’arrive pas avoir d’information du support, je passe par les réseaux",negatif,0.95,Pannes / Coupures téléphone,0.9,2,0.9,0.9158,1831385287907491908
Faut vraiment revoir vos technique commercial,negatif,0.9,processus_sav,0.9,1,0.7,0.8325,1831406001859514500
"Bonsoir, jai reçu un mail avec une demande RIO, sauf que je nai rien demandé Estce normal",negatif,0.95,Facturation / Paiement,0.9,1,0.8,0.8824,1831406586453225504
"Bonjour, comment se faitil que vos conseillers se permettent encore de partir de leur poste pour ne pas que le client puisse leur donner une notation La personne que je viens davoir a linstant a été vraiment très peu aimable en plus de me laisser en plan",negatif,0.95,processus_sav,0.9,2,0.9,0.9158,1831407689777463538
Cc allez vous changer ma box qui necmarche plus du tout à cause de la foudre Jai envoyé un message au service via le site internet,negatif,0.95,Pannes / Coupures téléphone,0.9,2,0.9,0.9158,1831409799269163376
"Je me suis fait avoir par quand on souscrit à un bouquet de chaînes étrangères, cest par mois civil Si on souscrit le 30, on paie un mois complet pour 2 jours août et non pas de date à date le service client ne fait rien",negatif,0.95,Facturation / Paiement,0.9,1,0.8,0.8824,1831455762503336390
c’est vraiment d’la merde avec le coupure toute les 5min et on paie 60e pour cette daube,negatif,0.95,Pannes / Coupures,0.95,2,0.9,0.9324,1831501563493543948
Attendez y’a #AstroBot demain Purée vous gâchez clairement mon planning Donnezmoi internet,negatif,0.95,Facturation / Paiement,0.9,1,0.7,0.8491,1831607274613182765
Le problème est pas encore réglé 😭,neutre,0.7,processus_sav,0.9,2,0.9,0.8325,1831615635278733578
Cest incroyable de voir à quel point le service est devenu mediocre Avoir un conseillé au téléphone est devenu une épreuve Leur services internet ADSL est du foutage de gueule Et surtout on ne se presse pas pour raccoder des clients de 10 ans à la fibre,negatif,0.95,processus_sav,0.95,2,0.9,0.9324,1831615878737072408
ggs la mission #pasdefibrepourkebmapime est un succès La prochaine fois faut louer un taupiqueur pour faire passer les câbles Cordialement la secrétaire de kenma Pingblast,positif,0.95,autre,0.1,0,0.1,0.383,1831637575108342086
possible de discuter en dm,neutre,0.7,autre,0.3,1,0.7,0.5661,1831639498268045665
"bonjour Jai demandé mon passage à la fibre à saclas depuis le 22 février, et je nai plus aucune information Jaimerais savoir où en est cette demande Merci",negatif,0.95,processus_sav,0.9,1,0.8,0.8824,1831652336155902159
"Pas internet depuis ce matin, qui donne aucune réponse juste envie de tout casser fkdixk Allez on change d’opérateur merci pour les travaux",negatif,0.95,Pannes / Coupures téléphone,0.95,2,0.9,0.9324,1831671600875274434
c’est un délire chez vous j’appel le 3 aout pour mettre des prélèvements au 15 de chaque mois le conseiller me dit ok je reçois ma facture aujourdhui prélever aujourdhui putain jvais retourner chez,negatif,0.95,Facturation / Paiement,0.95,1,0.8,0.8991,1831686445083357525
c’est possible de répondre à mon appel au lieu de me dire « vous êtes actuellement en discussion avec un membre de l’équipe… » Ça fait 48h que je n’ai plus internet je discute avec personne la,negatif,0.9,Pannes / Coupures téléphone,0.9,1,0.8,0.8658,1831700139058118956
"bonjour, cela fait plus dune semaine que mon déménagement de fibre est bloqué à létape 1, il va falloir attendre encore combien de temps",negatif,0.95,processus_sav,0.9,1,0.8,0.8824,1831705364703728054
"Pour la fibre chez free, ils ne sont bons qu a prendre des photos de la box, et après plus de nouvelles 2 rendez vous, 2 jours perdu, et aucune nouvellela honte",negatif,0.95,Pannes/Coupures téléphone,0.9,2,0.9,0.9158,1831711406808301748
"Une semaine pour interagir, vous êtes bien connectés chez vousmême, y a 0 doute",neutre,0.8,information,1.0,0,0.1,0.6327,1831712456046993857
Remet la connexion chez moi déjà,neutre,0.6,Pannes / Coupures téléphone,0.9,1,0.7,0.7326,1831717225776001095
arrêter de m’harceler je vais insulter vos operateurs wsh 6 appels,negatif,0.95,processus_sav,0.9,1,0.8,0.8824,1831722111150231667
"se sont les pires, se sont des voleurs et des menteurs, franchement plus jamais",negatif,0.95,Facturation / Paiement,0.9,2,0.95,0.9324,1831722527757906090
Faudrait deja depasser les 500mo de recep avec votre bordel sur les 8 qu’elle affiche quand on appuie dessus mais debit trop faible pour lancer le player 😬,negatif,0.95,Pannes / Coupures téléphone,0.9,2,0.9,0.9158,1831729295250640917
"je quitte vos services ce jour Pas dassistance Plus de TVinternettel Vos services assistances annoncent 45 min de délais, jai passé la journée a envoyer des messages unique moyen de communication Aucune réponse Du coup au revoir free",negatif,0.95,processus_sav,0.95,2,0.95,0.9491,1831740962491531470
"bonjour, les serveurs pop ne fonctionnent plus sur client mail",negatif,0.9,processus_sav,0.9,2,0.95,0.9158,1831746774781886522
"propose un nouveau forfait à 25,99€, alors que je paie 30€ Ils risquent de perdre un client puisqu’ils refusent de me faire une réduction quelles offres box proposezvous pour la maison à 25,99€ ou moins",negatif,0.9,information,0.95,1,0.8,0.8824,1831771594756440232
ce serait possible de mettre à jour la freebox delta pour qu’elle prenne en charge la 5g et pas seulement la 4g,positif,0.85,Fibre,0.8,1,0.7,0.7825,1831778961887527108
Bon je pensais pas en arriver la mais vos vendeurs peu scrupuleux qui mentent éhontément en magasin et sur les contrats signés je pense que le procès simpose on se reverra,negatif,0.95,processus_sav,0.9,2,0.9,0.9158,1831782745657479631
Les bots aussi ont le droit de #voter jvais te retrouver ving,negatif,0.9,autre,0.1,1,0.7,0.5661,1831791713381445694
jai perdu espoir en depuis que jai vu les 4mbps sur les 10 promis sur le contrat,negatif,0.95,Fibre,0.9,1,0.7,0.8491,1831792492456636499
Pourquoi les anciens clients Delta Apple TV qui migrent vers Ultra doivent payer 5€ de plus par mois pour avoir un player tv alors que c’est inclut pour les autres Payer plus pour avoir moins Pourquoi le player n’est pas inclut,negatif,0.95,Facturation / Paiement,0.95,1,0.8,0.8991,1831803435047653707
"Bonjour, ça ne fonctionne toujours pas 😡🏃💨🕳️",negatif,0.95,Pannes / Coupures téléphone,0.9,1,0.7,0.8491,1831908503507927379
Bonjour vous trouvez ça normal de me prélever 190 euros alors que je vous ai rendu votre matériel,negatif,0.95,Facturation / Paiement,0.95,1,0.8,0.8991,1831934239052644702
"Bah alors on se vante de gagner des clients à tout va mais lexpérience en tant que nouvel utilisateur est désastreuse Jai emménagé depuis 2 semaines vous me mener en bateau Tout comme lensemble des résidents de ma copropriété, certains sont déjà allés chez la concu",negatif,0.95,processus_sav,0.9,2,0.9,0.9158,1831941996635881745
Merci de me contacter par message privé et de faire réellement le nécessaire Ce nest pas normal Vos agents par téléphone ne sont pas compétents,negatif,0.95,processus_sav,0.9,2,0.9,0.9158,1831942123966599612
Perte des droits TV,negatif,0.9,autre,0.3,1,0.7,0.6327,1831973320331608237
Bah en 2024 toujours galère,negatif,0.9,Facturation / Paiement,0.9,2,0.9,0.8991,1831974524352684075
depuis le temps ca a été regler mais merci de votre attention,neutre,0.7,Facturation / Paiement,0.9,0,0.1,0.5661,1831980971387945316
#free il y a quoi que vous comprenez pas dans lâchezmoi la grappe Je ne veux pas de vos foutu abonnement on a beau vous bloqué vous revenez toujours 🙄,negatif,0.95,Facturation / Paiement,0.9,2,0.9,0.9158,1831986703382315457
depuis quelques temps ya des soucis avec free cest pareil pour moi 😭 tous les soirs tu vois tweeter en feu contre,negatif,0.95,Pannes/Coupures téléphone,0.9,1,0.8,0.8824,1831990975654228296
"Ok super En attendant, vous avez jamais fait de clé 4g et à Antibes il y a plus de réseau depuis une semaine On fait comment nous",negatif,0.95,Pannes / Coupures téléphone,0.9,1,0.8,0.8824,1831992841800712427
"Le forfait Freebox Révolution Light à 29,99 €mois a changé Il devient la Série Spéciale Freebox Révolution Light à 24,99 €mois pendant 1 an, puis 29,99 €mois",positif,0.95,Facturation / Paiement,0.9,1,0.8,0.8824,1831997889628815827
"Bonjour, bonjour, pouvezvous mappeler, je ne connais pas les numéros pour saisir ça, ça dit des choses que je ne comprends pas, je suis désolé",negatif,0.9,processus_sav,0.9,1,0.7,0.8325,1831998638316302643
"3 problèmes en 1 semaine on est pas mal la Surtout que vous faites aucun geste commercial, bah moi jvais en faire un jvais partir de chez vous, chercher pas à me prélever le mois prochain jvais tout bloquer",negatif,0.95,processus_sav,0.95,2,0.9,0.9324,1832000872118677666
🗣️On vous parle,neutre,0.7,Facturation / Paiement,0.9,1,0.7,0.7659,1832008655576703152
Impossible de rétrograder vers une offre inférieur chez free Vous êtes des voleurs,negatif,0.95,Facturation / Paiement,0.9,2,0.95,0.9324,1832041076804214858
"Alors En prenant un abonnement ultra, l’assistance n’est clairement pas ultra mais MINABLE Le technicien ne peut pas intervenir, et je ne peux même pas commander une pocket box 4g en attendant car la ligne est non raccordée… ADIEU FREE",negatif,0.95,processus_sav,0.95,2,0.95,0.9491,1832044029195833509
Je viens de faire ma demande de résiliation au 3009 et ALORS que je paye encore je ne suis plus considéré comme abonné donc je nai plus dacces à mon espace et je ne peux plus communiquer avec vous,negatif,0.95,Facturation / Paiement,0.95,2,0.9,0.9324,1832046588560036067
votre service d’assistance est juste scandaleux pas de connexion depuis 12h40 on te dit qu’on reviens dans 45min maximum ça fait bientôt 5h et personne en ligne Personne ne prend en compte le litige Une société qui en rien à faire de ces clients A fuir,negatif,0.95,processus_sav,0.95,2,0.95,0.9491,1832075631330549841
Dans 20mn cest 18h00 et je pourrai paniquer,neutre,0.5,Pannes / Coupures téléphone,0.9,1,0.7,0.6993,1832081857963250049
"aujourdhui, jessaie de résilier mon abonnement en appelant le 3244 impossible Directement sur le site impossible Je vais être obligé de faire une lettre recommandé Du coup, ce sera un adieu et ,non un au revoir",negatif,0.95,Facturation / Paiement,0.95,2,0.95,0.9491,1832112457869094983
Please 🙏🙏🙏🙏🙏🙏 Laissez moi retrouver ma connexion pleaaaaaaaaaseeeee helppppppp,negatif,0.95,Pannes / Coupures téléphone,0.95,1,0.8,0.8991,1832115403536904494
Bon ben voilà voilà Merci Heureusement que jai le failover par Bouygues Prochaine bonne offre de Starlink je pense que je craque,positif,0.95,Facturation / Paiement,0.8,1,0.7,0.8159,1832126212811972899
Excuse moi mais tu es de quel coin stp Moi aussi ma box a coupé et ne fonctionne plus depuis environ 13h aujourd’hui 😅,negatif,0.95,Pannes / Coupures téléphone,0.95,2,0.9,0.9324,1832134325304742150
Bonjour quelle est la démarche pour résilier un abonnement Freebox merci,neutre,0.6,Facturation / Paiement,0.9,1,0.7,0.7326,1832314710995226750
"pire réseau de France Ma box se coupe en plein télétravail, et on me dit au tel que ca peut etre un technicien qui aurait debrancher ma ligne et quils pourront men envoyer un mercredi mais si il a debrancher, il peut pas venir rebrancher de suite serieux",negatif,0.95,Pannes / Coupures téléphone,0.9,2,0.9,0.9158,1832346973443150305
je vais peter un plimb et vous faire une pub bien salée tant que ma box ne refonctionnera pas Je payes 90 euros par mois pour ça Pour une box qui reqte bloquer a letape 2,negatif,0.95,Facturation / Paiement,0.95,2,0.9,0.9324,1832347263663743273
Frère jvais câbler 2 semaine je suis bloquer aussi,negatif,0.95,Fibre optique,0.9,1,0.7,0.8491,1832348083193045283
Jétais habitué aux augmentation discrètes de sur les abonnements freebox 1€ par cipar là Depuis juillet cest carrément 10€mois sans raison Je paye donc maintenant aujourdhui plus cher avec ma freebox DELTA que loffre ULTRA Cherchez lerreur,negatif,0.95,Facturation / Paiement,0.95,2,0.9,0.9324,1832353183949001067
Bonjour je passe 1 semaine dans un taff de merde ou je me bz le dos samedi dimanche je veux PROFITER de mon weekend et comme de par hasard la connexion fonctionne pas je peux pas profiter de mon super pc payer a 1300 euro a cause de votre co de merde et en plus vous avez,negatif,0.95,Pannes / Coupures,0.95,2,0.95,0.9491,1832355128508026962
En Gironde près du porge 33680 panne totale Free du 278 matin au 6924 dans la nuit 2 appels pour signaler pylône défectueux apparement l’opérateur nous indique que le seul moyen d’obtenir 1 indemnisation est d’envoyer 1 recommandé…très pénalisant pour le télétravail,negatif,0.95,Pannes / Coupures téléphone,0.95,2,0.9,0.9324,1832365656651477375
bonjour 3 semaines san internet 3 techniciens qui se déplacent et toujours rien Par contre le prélèvement lui pas de problème… Pas de rappel pas d’offres commerciales Bref une vraie escroquerie,negatif,0.95,processus_sav,0.95,2,0.95,0.9491,1832366216691753016
Quasiment 3 mois pour mettre en place la fibre avec Résultat toujours rien à cause dun technicien incompétent et menteur il faudrait même une gaine de 10 à 15cm de diamètre pour passer la fibre 😅 Cest navrant car japprécie et que le support téléphonique semble être super Des conseils pour la suite Je tente avec ou je ne prends aucun risque avec #Fibre #Internet,negatif,0.95,Fibre optique,0.95,2,0.9,0.9324,1832411472804069457
"First interaction avec le service client apres être passé chez free Je pose une question le mec ce gratte la tête marmone ne comprend pas puis arrête de parler, j’entends la vie de bureau j’attens rien C’est quelle façons d’envoyer les gens pêtre… vaisje rester chez free",negatif,0.95,processus_sav,0.9,2,0.9,0.9158,1832413932897890410
"Génial abonné Freebox ultra depuis le 1er février j’attends toujours l’échange de mes répéteurs wifi 5 en wifi7 Après 20 ans chez Free, il vaut toujours mieux être un nouvel abonné Et bien moi aussi je vais devenir nouvel abonné",positif,0.95,Fibre optique,0.9,1,0.7,0.8491,1832416148589367774
dommage qu un service client aime perdre ses clients sans réellement trouver des solutions adéquat pour le bien être des abonnés êtes vous disponible,negatif,0.95,processus_sav,0.9,2,0.9,0.9158,1832420685005910130
"Comme convenu par votre service client payant, j’ai laissé mon colis en mode yolo dans un point retrait UPS sans étiquette de retour UPS Difficile de trouver des gens compétents chez vous Mais j’ai fait ma partie du TAF, à vous de faire la vôtre pour une fois",negatif,0.95,Livraison,0.9,1,0.8,0.8824,1832437378860118094
3 semaine que jai reçu une box free tjr pas internet 2 faut plan par un technicien qui doit venir chez moi et quand jappelle free on me mais en attente de 30 min sans réponse ha oui juste on va relance mais mdr un truc à dire une honte,negatif,0.95,Pannes / Coupures téléphone,0.95,2,0.9,0.9324,1832455765224808943
"ma freebox se reset plusieurs fois par jour durant cette semaine, pourtant ya aucun cable qui défaille, vous savez comment régler ce problème",negatif,0.95,processus_sav,0.9,1,0.8,0.8824,1832495739123200232
ça fait 3 soirées où les débits sont autour des 500 Kos,neutre,0.7,Pannes / Coupures Fibre,0.9,1,0.7,0.7659,1832496792941773004
Panne chez Fibre avec la ultra vous aussi,negatif,0.9,Pannes / Coupures téléphone,0.9,2,0.95,0.9158,1832541316456046596
"plus de box, plus de mobile c’est quoi le problème J suis la seule",negatif,0.9,Pannes / Coupures téléphone,0.9,1,0.7,0.8325,1832542351195046021
vous êtes le pire opérateur all time,negatif,0.95,processus_sav,0.9,2,0.95,0.9324,1832570044921897076
"je suis un vieux clientdepuis 2014 si mes souvenirs sont bonscest vrai ca car moi, en temps que vieux clientjamais droit à rien Je demenage prochainement, meme si je suis satisfait du service, la concurrence commence a me faire de l",negatif,0.95,processus_sav,0.9,1,0.7,0.8491,1832588156497002558
Oui mais jai appeler pour avoir des infos etc Mais ils me répondent jamais free,negatif,0.9,processus_sav,0.9,1,0.8,0.8658,1832725176095478265
is there support available in English please Urgent,neutre,0.6,information,0.8,1,0.8,0.7326,1832753296764699082
comment vous pouvez laisser un quartier sans infos sur une panne démarrée jeudi dernier Franchement c’est scandaleux en terme de service Et pendant ce temps la on paye… 🤷‍♀️,negatif,0.95,Pannes / Coupures,0.95,2,0.9,0.9324,1832781501127151874
Jai la fibre Merci,positif,0.95,Fibre,1.0,0,0.0,0.6494,1832808746545762520
"Mon jouet préféré et increvable marche tout à fait normalement, mais javoue quil a essayé de me faire un petit clin doeil quand je suis passé à côté On va voir ce que dit le support avoir un long downtime pour un détail esthétique serait une mauvaise idée",positif,0.8,processus_sav,0.8,1,0.7,0.7659,1832821221496394229
"Presque une semaine entière qu’on a plus accès à internet, chaque fois que l’on appel on nous informe que notre connexion sera rétablie deux jours plus tard et chaque fois rien Aujourd’hui on rappelle et on se fait raccrocher au nez, c’est vraiment honteux",negatif,0.95,Pannes / Coupures,0.95,2,0.95,0.9491,1832862387751596200
Bonjour ça vient doù ce souci depuis qq temps sur toutes les chaînes de alors que marche très bien,neutre,0.6,processus_sav,0.8,1,0.7,0.6993,1832893390930759985
VOUS ME FAITES VIVRE UN ENFER DEPUIS 2020 PUTAIN DE MERDE RÉPAREZ VOS PUTAINS DE CÂBLE DE FIBRE DE MERDE YEN A MARE,negatif,0.95,processus_sav,0.9,2,0.9,0.9158,1832901652996554814
coupure deux fois par semaine je paye 40€ par mois pour que ça coupe Je vais demander un dédommagement à l’année bande de chien On est en France ou au bingladesh,negatif,0.95,Pannes / Coupures,0.95,1,0.8,0.8991,1832911144018661447
"Bonjour, je possède une Freebox mini 4k et je voudrais migrer vers la Pop qui, à priori, donne un meilleur débit jai la fibre Estce que ça vaut réellement le coup Et estce quil y a des frais de migration",neutre,0.6,Fibre,0.9,1,0.8,0.7659,1832914052844229040
pourquoi quand la box plante le réseau 5G aussi Plus de box et plus de 5G ce soir Grrrr,negatif,0.95,Pannes / Coupures téléphone,0.9,1,0.8,0.8824,1832914369468125228
vous êtes le pire opérateur de tt les temps Chaque semaine 4 coupure à partir de 00h comme si on devait aller se coucher à cette heure Y en a qui taffent la nuit Bande d’incompétent Je savais que vous étiez nul de fou mais là je vais tellement vous cracher dessus,negatif,0.99,Pannes / Coupures,0.95,2,0.95,0.9624,1832917177931808901
Une semaine plus tard toujours aucune résolution de la part du support technique Free Prochaine facture bloquée et migration vers,negatif,0.95,Facturation / Paiement,0.9,2,0.95,0.9324,1833066660623794583
"Bjr, 3 fois que jappelle pour le même problème, au début coupure d1h puis 2h maintenant cest toute la nuit Ça ne sert à rien que je vous appelle car 1 ticket dincident est ouvert puis rien, pas de suite Jai ni le wifi ma box ni la 4G mobile Je vais changer",negatif,0.95,Pannes / Coupures,0.95,2,0.95,0.9491,1833066953885220951
"Nous sommes en panne depuis vendredi midi, le technicien est passé ce matin, il est reparti sans réparer, en catimini sans rien dire, lassistance est injoignable, jai tenté la boutique nous on est des commerciaux, on n à pas accès à votre dossier On fait quoi",negatif,0.95,Pannes / Coupures téléphone,0.95,2,0.95,0.9491,1833077361857679387
bonjour je voudrais avoir une confirmation quun technicien se présentera à lextérieur de mon domicile aujourdhui Car je nai toujours pas de nouvelles Sachant que je nai plus internet depuis vendredi matin😭😭😭,neutre,0.6,Livraison,0.9,2,0.95,0.8159,1833077766310203554
bloqué à l’étape 2,negatif,0.9,Pannes / Coupures téléphone,0.9,1,0.7,0.8325,1833080536241205430
"Cest bien de lancer de nouveaux produits, mais ce serait mieux de ne pas laisser ses clients en plan Pas de connexion depuis 7 semaines et le service client qui répond chaque semaine Soyez rassurés, les techniciens sont au courant 11 pannes depuis janvier déjà",negatif,0.95,Pannes / Coupures téléphone,0.95,2,0.95,0.9491,1833085289989898614
quand JeanMichel te traite de menteur Alors tu as la preuve que la lettre recommandée a bien été envoyé et bien reçu Qu’est ce qu’on peut faire,positif,0.85,Facturation / Paiement,0.9,0,0.1,0.6161,1833122787889660056
cest normal que les installateurs senfuient comme des voleurs tout en proposant des IpTV en disant que votre nouvelle offre Ultra ne comprend pas ni et surtout impossible de vous contacterVous me faites regretter davoir changé d operateur 😡,negatif,0.95,processus_sav,0.9,2,0.9,0.9158,1833122992500420919
ça fait plus de 30j que je fais que de vous envoyer des messages sur votre assistance et vous me répondez blabla on ne sait pas quand ça sera réparé,negatif,0.95,processus_sav,0.9,2,0.9,0.9158,1833136511123873903
"Bonjour Free Ma fille qui n’est pas cliente chez vous vient de se voir prélever 37,07€ , quelqu’un pour m’aider Merci",negatif,0.95,Facturation / Paiement,0.95,1,0.8,0.8991,1833149233886605678
"Bonjour, je ne reçois plus certains mails importants et récurrents En allant sur votre webmail, je les ai trouvés dans spams De plus loption filtres a disparu du webmail Jai donc des filtres actifs, non créés par moi et non modifiables Que faire",negatif,0.95,processus_sav,0.9,1,0.8,0.8824,1833163081641341353
"Bonjour Génial, abonné Freebox ultra depuis le 1er février j’attends toujours l’échange de mes répéteurs wifi 5 en wifi 7 Après 20 ans chez Free, il vaut toujours mieux être un nouvel abonné Et bien moi aussi je vais devenir nouvel abonné",negatif,0.95,Fibre,0.9,1,0.7,0.8491,1833169382798700957
"Quand tu veux mater tranquillement une série sur Netflix et que ton accès chez bloque à lobtention dune IP et quon veut tenvoyer un technicien 🤔 Mon voisin chez Bouygues est pareil, pas dinternet Cest quoi le délire #freeboxdown #Valdemarne",negatif,0.95,Pannes / Coupures téléphone,0.9,2,0.9,0.9158,1833177187257647508
1 semaine sans internet vous êtes sérieux En 2024 Pour un client chez vous depuis plus de 15 ans,negatif,0.95,Pannes / Coupures téléphone,0.9,2,0.95,0.9324,1833179817568870704
Bonjour jessaie davoir quelquun par message depuis tout à lheure sans retour Jaimerais voir pour devenir client dans un futur proche Merci,positif,0.95,information,0.8,1,0.7,0.8159,1833181977660236247
"j’aimerais avoir des infos concernant l’intervention d’un technicien ce jour pour raccorder la fibre chez moi à Bordeaux Le technicien est venu les mains dans les poches, ne répondait pas à nos questions et est reparti sans rien faire …",negatif,0.95,processus_sav,0.95,2,0.9,0.9324,1833182524555624953
comment ça se fait à plus reprise le soir je me retrouve sans réseau mobile et sans internet box bloqué à étape 6,negatif,0.95,Pannes / Coupures téléphone,0.9,2,0.9,0.9158,1833186121422917746
"Dites OrangeOrangeFrance on vous parle aussi, vous n’avez pas honte Vous n’avez pas honte de laisser depuis le mois dernier des personnes de 90 ans, malvoyantes, à mobilité réduite et avec des problèmes cardiaques, sans télé, sans internet et sans leur téléphone fixe avec différents numéros d’urgence reliés dessus Free hier, un opérateur qui se démarquait par un service client de qualité et des conseillers directement joignables par téléphone Aujourd’hui, un opérateur injoignable, avec des « conseillers » de « « proximité » » qui changent à chaque message envoyé et incapables de solutionner un problème Depuis août, plus aucune connexion au domicile de ces personnes âgées et dépendantes À cause, visiblement, d’un câble décroché et enroulé… dans un arbre Incompréhensible Free renvoie la responsabilité à Orange France Telecom Orange France Telecom renvoie la responsabilité à Orange Le petit traintrain habituel avec pour grand perdant le client Quand ce ne sont pas des rendezvous programmés par erreur par Free et obligeant ses clients à rester chez eux pour rien car n’étant pas un vrai rendezvous, la notification annonçant le rendezvous étant un bug, c’est encore pire des rendezvous des vrais cette fois pour lesquels les agents NE SE PRÉSENTENT TOUT SIMPLEMENT PAS ET OÙ LE CLIENT N’EN EST ABSOLUMENT PAS NOTIFIÉ, NI PENDANT, NI APRÈS Au final, la ligne a donc été débranchée par qui, on ne sait pas, rien n’avance et des personnes âgées sont coupées de tout depuis un moment désormais vous n’avez pas honte #Free #Orange #FranceTelecom",negatif,0.95,processus_sav,0.95,2,0.95,0.9491,1833197492315230552
Comment accède ton à la TV by canal avec un abonnement Freebox révolution Y a bien écrit que TV by canal est inclus mais trouver le site où se connecter cest mission impossible Ca serait pas mal que vos développeurs mettent votre site et les informations de connexion à jour,negatif,0.9,information,0.8,1,0.8,0.8325,1833227643786801314
premier mois en tant que client javais longtemps hésité à cause des retours Pourquoi jai craqué Cest littéralement du VOL,negatif,0.95,processus_sav,0.9,1,0.8,0.8824,1833237463973888390
1 grd moment de foutage de gueule de réseau internet… box bloquée à l’étape 2 depuis hier matin… 1 intervention technique le jr même pr m’informer qu’il y a des travaux fibres et que tt sera rétabli le même jour avant 18h… tjrs pas d’internet… pas de suivi,negatif,0.95,Pannes / Coupures téléphone,0.95,2,0.95,0.9491,1833280680798916829
Par contre pouvezvous me rendre ma connexion que j’ai perdu il y a de cela 2h mtn merci à vous,negatif,0.95,Pannes / Coupures téléphone,0.9,1,0.8,0.8824,1833318305165082632
ral bol toutes les nuits pas de fibre ni de portable cela a commencé depuis le 7 juillet pour et quand jappelle free cest Normal pour eux réparation en cours et toujours aucune remise et geste commercial secteur oise,negatif,0.95,Pannes / Coupures Fibre,0.95,2,0.9,0.9324,1833387145907646774
"Pourriez vous me contacter en DM de toute urgence impossible de joindre qui que ce soit via WhatsApp, au 1044 ou au 3244 GROS SOUCI URGENT 🙏",negatif,0.95,Pannes/Coupures_telephone,0.95,2,0.95,0.9491,1833409952297205803
"Vraiment on m’avait dit du grand bien de vous , mais au bout de huit mois c’est une dinguerie , le service client est catastrophique aucun geste rien",negatif,0.95,processus_sav,0.9,1,0.8,0.8824,1833516584264208437
"abonnement freebox souscrit le 20 août, installation de la fibre prévu le 29 août entre 8h et 10h, un tech se présente à 13h30, me dit qu’il a pas le matériel nécessaire qu’il va le chercher auprès d’un collègue, il n’est jamais revenu reprise de rendez vous pour aujourd’hui",negatif,0.95,Livraison,0.9,2,0.95,0.9324,1833516731840745867
"entre 14h et 16h 10j après toujours personne, aucune nouvelles du technicien, le support qui n’a aucun moyen de contact avec ses techniciens me dit d’attendre demain ptet j’ai pris rendez vous en 2034 on sait pas merci",negatif,0.95,processus_sav,0.95,2,0.95,0.9491,1833516735510589608
"Bonjour, J’ai acheté d’occasion un Devialet la semaine dernière, j’ai bien demandé à Free avant si c’était possible de le rattacher à ma Freebox Ultra Ils m’ont dit que c’était bon, la demande est en cours À ce jour je n’ai toujours pas de nouvelles Quels sont les délais",negatif,0.9,processus_sav,0.9,1,0.8,0.8658,1833520048306106652
"Contrat fait en mai, on est en septembre ma ligne internet est toujours pas activée, je passe en boutique on me prévoit un rdv téléphonique avec lassistance ojd et tjr pas dappel on peut maider ou je dois de me débrouiller et aller ailleurs",negatif,0.95,processus_sav,0.95,2,0.95,0.9491,1833539090979148080
bonjour j’ai besoin d’une assistance svp sur un abonnement Freebox Fibre grand public,neutre,0.5,Fibre optique,0.9,1,0.8,0.7326,1833545127853494320
"impossible dannuler labonnement canal series associe a ma freebox, merci de me contacter par DM pour pouvoir lannuler, ce nest pas normal de ne pas pouvoir lannuler simplement, ca ressemble a un parcours du combattant",negatif,0.95,Facturation / Paiement,0.9,1,0.8,0.8824,1833560989171663356
"Tas plus de thunes, tu veux baisser ton offre bam on te facture 49€ Ça ne donne quune seule envie, partir vous avez des offres fibres sympas en ce moment On a aussi 4 mobiles Merci",negatif,0.95,Facturation / Paiement,0.95,1,0.8,0.8991,1833561833048801497
"Entre l’attente et une personne qui doit me mettre en relation avec un technicien, la communication est coupée au bout de 10mn sous prétexte qu’il y a trop d’appels 🙄 Et maintenant injoignables Insupportable",negatif,0.95,processus_sav,0.9,2,0.9,0.9158,1833562807184347537
Allô Pas dinternet depuis hier 9h09 et aucune info 🤨,negatif,0.95,Pannes / Coupures téléphone,0.9,2,0.95,0.9324,1833568205475922320
"Ne plus avoir internet depuis le 22 mai mais prélever les abonnements, merci free pour régler nos addictions sans impacter le budget de la sécurité sociale Service client niveau 0",negatif,0.95,Pannes / Coupures téléphone,0.9,0,0.0,0.616,1833570037594263672
"Tien Free parle ici, ça ignore mes courriers mais sa parle ici, vous êtes à la limite de la procédure de mise en demeure si vous continuez à mignorer",negatif,0.9,processus_sav,0.9,1,0.7,0.8325,1833579620006047821
Pas dinternet à castelnau le lez,negatif,0.95,Pannes / Coupures téléphone,0.9,1,0.7,0.8491,1833581845260472646
"3 coupures en 1 journée, quasi 3h à chaque fois Je paie pour ce service, cest vraiment une honte Comment on fait quand on est en télétravail",negatif,0.95,Pannes / Coupures,0.95,2,0.9,0.9324,1833612066067791895
coupure de wifi et 4g qui marche 12 on m’explique svp,neutre,0.7,Pannes / Coupures,0.9,1,0.8,0.7992,1833670057739604276
"Hola, possible de regarder pourquoi ma connexion va aussi vite quun poney dans une course de chevaux Cordialement",neutre,0.6,information,0.3,1,0.7,0.5328,1833809831888654417
Plusieurs semaines que nous faisons des démarches pour avoir notre freebox dans notre nouveau logement nouveau lotissement tout est bon mais free ne peux toujours pas nous proposer linstallation DECEVANT Vaton devoir transférer tous nos contrats,negatif,0.95,Livraison,0.9,1,0.8,0.8824,1833813985549828583
bonjour une intervention est prévue sur ma ligne Freebox pendant 4 jours la semaine pro Comment je fais en fait vu que je suis en full télétravail De plus aujourd’hui ma box ne fait que de se déconnecter et ça n’est pas la première fois Je perds patience,negatif,0.95,Pannes / Coupures téléphone,0.95,2,0.95,0.9491,1833816778763366825
Je vais changer dopérateur tu paye un abonnement pour rien chez ya toujours des pannes,negatif,0.95,Pannes / Coupures téléphone,0.9,2,0.9,0.9158,1833827353794875748
1 semaine que ma fibre est en panne impossible de joindre fre,negatif,0.95,Pannes / Coupures téléphone,0.9,2,0.9,0.9158,1833829328670306732
"impossible de vous joindre Suite à demenagement le 3244, le 1044 ou 0892135161 surtaxé personne ne repond Le technicien ne respecte pas ses engagements de raccordement Je vais vous quitter",negatif,0.95,processus_sav,0.95,2,0.95,0.9491,1833850927096168569
Ma recherche Google improbable du jour Comment parler à un humain chez Coucou ça serait bien de garder un peu dhumanité dans votre service client Surtout quand la prise de rendezvous via votre chatbot ne fonctionne pas,negatif,0.95,processus_sav,0.9,1,0.7,0.8491,1833895920066342995
"un de vos techniciens a saccagé notre immeuble, c’est impossible d’avoir la fibre du premier étage jusqu’au 5eme, possible de rentrer en contact",negatif,0.95,processus_sav,0.9,2,0.95,0.9324,1833903181568659558
un coup de main serait le bienvenu,neutre,0.6,Pannes / Coupures téléphone,0.9,1,0.7,0.7326,1833903899654435042
possible de venir mp,neutre,0.5,autre,0.3,1,0.7,0.4995,1833910806427365389
Jamais eu un souci en 15 ans avec Free mais faut bien un début… j’ai tenté de contacter le service d’assistance avec un temps d’attente « d’actuellement 45 minutes » C’était y’a 3h Vous êtes où J’ai ma freebox qui grince comme si elle allait exploser 😱,negatif,0.95,processus_sav,0.95,2,0.9,0.9324,1833912131261268065
JE VOUS HAIS TELLEMENT TOUS LES 6 MOIS OBLIGÉE DAPPELER UN CONSEILLER PARCE QUE MA BOX MARCHE PLUS JEN AI RAAAAAS LE BOL,negatif,0.95,processus_sav,0.9,1,0.8,0.8824,1833948353534546180
Encore une fois … hs … étape 3c … c est que la 26eme fois depuis l installation de la fibre #free que je n ai pas de connexion… depuis mai ouf 😡 quand c est pas de signal #fibre #hs c est l authentification… finalement je vais peut être mettre plus cher ailleurs,negatif,0.95,Pannes / Coupures Fibre,0.95,2,0.9,0.9324,1833950839272026519
"Yen a marre des débranchages Jen peux plus, cest plus de 10 fois par an Je règle une facture 1 semaine en retard je mange une pénalité Ou sont vos pénalités pour interruption de service Je sais que vous nêtes responsable du NRC mais cest épuisant",negatif,0.95,Facturation / Paiement,0.95,2,0.9,0.9324,1833967497340489869
"Contre la décision de l’#Arcom, je soutiens le recours du Média pour le pluralisme et l’indépendance sur la #TNT #UncanalTNTpourlesIndes via",negatif,0.95,information,0.9,1,0.8,0.8824,1833984555239326175
"Au fait, jai essayé de régler mon bouquet de box mais la 165 napparait pas dans les chaînes, et la 350 ne donne rien non plus",negatif,0.95,Fibre optique,0.9,2,0.9,0.9158,1834007077854781460
"Non mais sérieux ça fait depuis lundi que je n’ai plus internet, un technicien répare le souci hier dans la matinée, je rentre du boulot en soirée et… plus internet à nouveau On est 2024 quand même, comment c’est possible C’est mon jour de repos et je n’ai rien",negatif,0.95,Pannes / Coupures téléphone,0.95,1,0.8,0.8991,1834113584466428155
"Ça ne sert à rien, dites bien fort en public que ce n’est pas possible plutôt que de me faire perdre mon temps sur vos messageries… En plus même pas possible de choisir une date de résiliation Free vraiment vous êtes une secte",negatif,0.95,Facturation / Paiement,0.9,1,0.8,0.8824,1834131750487822491
"Toujours avoir un autre FAI en backup Free en panne depuis hier soir 22h, freebox etape 6 Telephonie 345g compliquée, pas de data Passé en hotspot sur ligne Orange Zero infos de Free, et que des robots coté assistance merci changez rien, cest le top",negatif,0.95,Pannes / Coupures téléphone,0.95,2,0.9,0.9324,1834133104086106415
Je créerai pas un compte Messenger juste pour votre figure 🙄 Vous arrêtez simplement de me harceler au téléphone vous êtes sur Twitter vous répondez sur Twitter basta 🤬,negatif,0.95,processus_sav,0.9,2,0.9,0.9158,1834134138535677996
Ça serait la moindre des choses de mettre à jour votre site internet non Car vous renvoyez toujours vers un lien de discussion WhatsApp qui est donc non fonctionnel cest bien cela,negatif,0.95,information,0.8,1,0.8,0.8492,1834187727895511340
"impossible de vous joindre via le 3244 et tout autre numéro Ma box ne fonctionne plus Plus d’Internet, de wifi, donc de TV et de PC Or je dois télétravailler dans les jours qui viennent avec des dossiers urgents sur le dos AU SECOURS 😊",negatif,0.95,Pannes / Coupures téléphone,0.95,2,0.95,0.9491,1834246789106405475
Dit donc Pas de connections depuis 1 semaine Pas de tv Un boîtier 5G qui ne capte pas la 5g Aucune date de disponibilité Aucune information La révolution serai de partir sans jeu de mot,negatif,0.95,Pannes / Coupures téléphone,0.95,2,0.95,0.9491,1834247836797387083
est ce que c’est normal un délai de 10 jours pour venir dépanner notre freebox On est 3 freelance dans le foyer et on va clairement galerer à bosser Et on nous dit de faire un « partage de connexion »🤡 Vous remboursez l’abonnement téléphonique dans ces cas là,negatif,0.95,Pannes / Coupures téléphone,0.95,2,0.9,0.9324,1834270522080628953
Et sur les problèmes liés aux envois de freebox y a quelque chose ou pas Y a personnes qui est capable de me répondre,neutre,0.6,information,0.8,1,0.7,0.6993,1834281911726076060
ça capte plus là remettez la connexion 🙏🙏,negatif,0.95,Pannes / Coupures téléphone,0.9,1,0.7,0.8491,1834285804010831943
"Je suis fatiguée Mon iPhone est sur la box, je vois pas quoi faire de plus",neutre,0.6,processus_sav,0.9,1,0.7,0.7326,1834333917769269523
c’est normal tout les soirs coupure de fibre à la même heure 50€ pour ça Gluant,neutre,0.6,Pannes / Coupures,0.9,0,0.1,0.5328,1834357012341076189
"Tous les soirs j’ai plus de réseau entre 0030 et 145 voir 2h30 du matin, merci de régler le problème svp",negatif,0.95,Pannes / Coupures téléphone,0.9,2,0.95,0.9324,1834488095657329123
"Salut Panne fibre depuis le début de la semaine, 6 rdv plus tard car vous en avez annulé 3 au dernier moment toujours rien Ça vous coûte quoi de ne pas me laisser dans le noir Le prélèvement fonctionne lui",negatif,0.95,Pannes / Coupures téléphone,0.9,2,0.9,0.9158,1834490749166989406
"Comment faiton pour parler à un humain Au 3244 on accède à une arborescence de menus, mais si on a une question qui nest pas prévue par cet arbre et quon ne fait aucun choix, le système raccroche, en disant à bientôt avec une voix enjouée particulièrement énervante",negatif,0.95,processus_sav,0.9,2,0.9,0.9158,1834516617528594928
"ca fait 4j que jai plus de fibre suite à un incident collectif jaimerais bien avoir un peu plus de news sur la date de rebranchement, travaillant en télétravail ca devient lourd #free #freebox",negatif,0.9,Fibre,0.9,1,0.8,0.8658,1834526312431518153
ps bloqué en etape 2 sur la freebox depuis mardi lourd,negatif,0.9,Pannes / Coupures téléphone,0.9,1,0.8,0.8658,1834527186579075399
"Bonjour, plus rien ne fonctionne la box rest rouge depuis hier fin d’aprèsmidi",negatif,0.95,Pannes / Coupures téléphone,0.9,2,0.95,0.9324,1834531919951781961
J’en peux plus ma box fait que de revenir sur Étape 3 après 30 minutes à chaque fois pitié,negatif,0.95,processus_sav,0.9,1,0.8,0.8824,1834551012125810748
45€ la box pour pas avoir internet ça fait chier,negatif,0.95,Facturation / Paiement,0.95,1,0.8,0.8991,1834558149166047356
jaimerais passer de ma miniFreebox4K vers un abonnement Freebox révolution light Comment je fais,neutre,0.6,Facturation / Paiement,0.8,1,0.7,0.6993,1834582438464327741
Pour souscrire des lignes là y a du monde par contre pour résilier vous faites les sourds et mettrez en attente sans jamais reprendre la ligne Honte sur vous et vos méthode help,negatif,0.95,processus_sav,0.9,2,0.9,0.9158,1834586283965919643
"Bon il serait temps de respecter vos clients, mon réseau ne fait que sauter, la 4g ne fonctionne plus non plus Ça devient trop récurrent, et il serait peutêtre envisageable de faire un service client avec appel non payé non Je paye déjà 20 balles pas mois, c’est bon 2",negatif,0.95,Pannes / Coupures téléphone,0.95,2,0.95,0.9491,1834590211407216891
Hep La base de donnée de mon site web semble avoir disparue Pourtant ma page existe toujours et jarrive à me connecter au FTP Tu mexpliques où elle est passée Je tavoue que je suis moyen bof content là Mon site tourne depuis 2006,neutre,0.6,information,0.7,1,0.8,0.6993,1834605712372019319
Bonjour Jai dû résilier mon abonnement chez Free car impossible de faire le déménagement 1 mois après 13062024 Jai fini par envoyer le courrier recommandé demandant la résiliation Les appels que jai reçu étaient de me retenir comme cliente 12,négatif,0.95,Facturation / Paiement,0.95,2,0.95,0.9491,1834620345132659029
33 Désolée pour le 12 du début cest plus long Jai été prélevé des 49€ frais de retour de matériels le 06082024 Et là 3 relances pour me dire que je nai pas rendu les matériels et aujourdhui menace de me facturer500€ de matériels Merci beaucoup,negatif,0.99,Facturation / Paiement,0.95,2,0.95,0.9624,1834621796873597384
"bonjour, y aurait moyen davoir un conseiller par téléphone Parce que jen ai un peu marre de galérer à avoir un conseiller 🥲",negatif,0.95,processus_sav,0.9,1,0.8,0.8824,1834622611982065935
"Nouveau linstallateur Fibre Free qui passe, galère un peu sur le chantier,et dit quil repasse dans laprès midi avec un collègue Depuis, cest abonnés absents, ni réponse téléphone, ni SMS Ça donne confiance",negatif,0.9,processus_sav,0.9,2,0.9,0.8991,1834635187981832390
Chez moi ça fonctionne mais j’ai plus de débit fibre,positif,0.85,Fibre optique,0.9,0,0.1,0.6161,1834643309161046493
Comment vous avez lair de ne pas comprendre avec vos messages automatiques je vous remets mon message Que ce soit angélique Zelda ou même link 😂je ne répondrai que via Twitter,neutre,0.6,processus_sav,0.9,1,0.8,0.7659,1834646128823763093
"cc les goats,on paye la dernières freebox avec canal dintégrer et tout mais toujours pas de canal On la activé puis il sest désactivé",negatif,0.95,Facturation / Paiement,0.9,1,0.8,0.8824,1834651696074563629
"Il y a un temps où tu appelais tu tombais sur un technicien, puis un temps où tu pouvais chatter en direct Cétait le bon vieux temps, maintenant tu laisses un message, personne le regarde et tindiques temps moyen 45 min alors que tattends depuis 2h une réponse",negatif,0.95,processus_sav,0.9,2,0.9,0.9158,1834655603794285024
pop wifi 7 reçu à la place de pop 5… super,positif,0.95,Fibre,0.9,1,0.8,0.8824,1834664073293631594
pourquoi nous obliger à prendre un rdv dans des semaines avec un technicien pour nous raccorder On a deja la prise Envoyez nous juste la Freebox je sais comment la brancher depuis le temps que je lutilise Et bien sûr impossible de contacter un support humain 🤬,negatif,0.95,processus_sav,0.95,2,0.95,0.9491,1834664153237094798
Te plein pas moi depuis le 22 février plus internet Bientôt 8 mois Et ca se préleve toujours Si je bloque ils bloque la réparation de ligne et facture 10 de frais de rejet Impossible d avoir le service qualité ou consommateur à chaque fois j atteri au technique,negatif,0.95,Facturation / Paiement,0.9,2,0.9,0.9158,1834678896115302871
envoyezmoi un message pour obtenir de laide,neutre,0.6,processus_sav,0.9,1,0.7,0.7326,1834741469845836258
Bonjour vous avez des nouvelles de votre technicien qui devait intervenir sur ma fibre hier matin Merci,neutre,0.5,Fibre,1.0,1,0.8,0.7659,1834820528755941693
"bonjour, comment est ce possible davoir un soucis sur 4 changement de box daffilée Vos techniciens manquent tant que ça de compétences pour avoir du matériel ne serai ce que juste fonctionnel Du gros foutage de gueule",negatif,0.95,processus_sav,0.9,2,0.9,0.9158,1834930618871783836
Qui a une bonne offre FIBRE qui ne dépasse pas les 30€ par mois et le débit je m’en fou je ne télécharge rien du tout juste le fait d’avoir une bonne connexion et un bon service qui ne se coupe JAMAIS hein 👀,positif,0.95,Fibre,0.9,1,0.8,0.8824,1834954442036167086
Bonjour Quand la Freebox pop sera telle disponible pour changer ma vieille Freebox révolution Maintenant que j’ai la fibre ça devient urgent et ça fait plus de 4 mois que c’est « momentanément indisponible »…,negatif,0.95,Fibre,0.95,1,0.8,0.8991,1835024207723294963
Bonjour Quand la Freebox pop sera telle disponible pour changer ma vieille Freebox révolution Maintenant que j’ai la fibre ça devient urgent et ça fait plus de 4 mois que c’est « momentanément indisponible »…,negatif,0.95,Fibre,0.95,1,0.8,0.8991,1835028025416528202
"Impossible de me connecter, il y a un soucis sur Zimbra free #free #zimbra",negatif,0.95,Pannes / Coupures téléphone,0.9,2,0.9,0.9158,1835036298341761049
Moi aussi,neutre,0.7,Facturation / Paiement,0.9,1,0.7,0.7659,1835039635669463071
"Pas fait d’avoir essayer via le service whatsapp, ça fait 4 jours j’ai 0 réponse …… Du coup j’envoie tous les jours un gif pour dire bonjour On dirait presque presque hein qu’on paye un service",negatif,0.95,processus_sav,0.9,1,0.8,0.8824,1835040056999837697
"J’ai ÉNORMÉMENT de problèmes chez free 15mbs… , 2x en 6 mois qu’un technicien débranche un câble dans la rue… hâte de passer chez orange",negatif,0.95,Pannes / Coupures,0.9,2,0.9,0.9158,1835045312240476227
"Dans la série, je t’emmerde dégage de là connasse, on veut plus de toi et ta ligne, voici la réponse de à qui jannonce une dégradation du réseau déjà avant javais juste 12 Mo dupload, là ils nous passent à 800 Ko et voici Emelyne qui essaye de mextorquer des sous",negatif,0.95,Pannes / Coupures téléphone,0.9,2,0.9,0.9158,1835055840249749838
3 jours que ma télécommande ne fonctionne pas donc pas de TV 3 jours que je vous contacte en vous disant quaussi mon adresse mail communiquée je nai plus accès Un service client merdique résiliez mon abonnement cest mieux,negatif,0.95,Facturation / Paiement,0.9,2,0.9,0.9158,1835291733417988382
Bravo au technicien pour avoir vraiment bien fait son boulot pour la fibre de notre immeuble À ce niveau la d’incompétence c’est quasiment de l’art,positif,0.95,Fibre optique,0.95,1,0.8,0.8991,1835320141229240454
"La suite du feuilleton avec Ça évolue Pas dans le bon sens, mais ça évolue Pas notre faute, allez voir Orange Cependant, Orange dit que cest pas eux On fait comment là Bref, vous allez gagner plusieurs comptes client mobile internet",negatif,0.95,information,0.8,1,0.7,0.8159,1835363409061097765
"Dans le plus grand des calmes, fait payer son option enregistreur numérique 2€ et arrive à te placer 5 à 10min de pub avant daccéder à ton enregistrement Jai pas encore pu voir sil y en a pdt Je regrette déjà ma #FreeboxRevolution Cc",negatif,0.8,Facturation / Paiement,0.9,1,0.7,0.7992,1835379528673513710
cest abusé quand même Pour regarder le Replay de #PekinExpress il y a au moins 10 minutes de pubs Sans compter pendant lépisode Cest quoi ce bordel Cest vous ou qui fait ça Calmez vous,negatif,0.95,information,0.8,1,0.7,0.8159,1835381848249438601
"bonjour, je suis actuellement bloqué sur étape 3d enregistrement pon et ma box ultra ne veux pas aller plus loin je n’est plus internet depuis le 120924",negatif,0.95,Livraison,0.8,1,0.8,0.8492,1835382465818767846
vs me chiez dessus depuis le 22 aout c bon,negatif,0.95,Pannes / Coupures téléphone,0.9,2,0.9,0.9158,1835383699048661350
ça va vous faire,neutre,0.5,processus_sav,0.9,0,0.1,0.4995,1835401996347531571
remettez la connexion j’ai un programme à finir,negatif,0.9,Pannes / Coupures téléphone,0.9,1,0.7,0.8325,1835412770986008657
pas d’internet venez privé la j’ai raté la moitié du match à cause de vous zebi,negatif,0.95,Pannes / Coupures téléphone,0.9,2,0.9,0.9158,1835420098733191170
Doffre du moment pour nouvelle client de Freebox,neutre,0.6,information,0.9,0,0.0,0.4995,1835610799080869934
"Jour 15 toujours pas de wifi chez moi, c’est quoi ce bordel 😭 #Free",negatif,0.95,Pannes / Coupures Fibre,0.9,1,0.8,0.8824,1835621307901264184
On a pris un rendezvous pour le problème et ils ont annulé sans motive Le lendemain il vient à midi et après 20mins ils m’ont dit que il sait pas c’est quand ça va être résolu MDR,negatif,0.95,processus_sav,0.9,2,0.9,0.9158,1835621944365851052
"Bonjour je vous en supplie aidez moi à raccorder la fibre chez moi je ferais n’importe quoi pour l’avoir j’aimerais stream et m’amuser en ligne mais orange me fait des galères avec l’adsl, il y a peu de chance que j’ai des réponses mais je tente ma chance",negatif,0.95,Fibre optique,0.95,2,0.95,0.9491,1835629789492699238
"comment cela se passe quand on veut souscrire, qu on est dispo que les vendredi et qu on ne me propose que du lundi au jeudi pour le raccordement",negatif,0.95,Livraison,0.8,1,0.8,0.8492,1835642073698926980
"Panne fibre quartier mean chemin de bert 44600 saint nazaire, ticket ouvert le 1109, aucune nouvelle, ça devait être rétabli le 13, on est le 1609 et ras Cest quoi ce service client Où en sommes nous de ce proble",negatif,0.95,Pannes / Coupures téléphone,0.95,2,0.95,0.9491,1835664201827659869
16 août gt 16 septembre Étape 2 Incident sur ligne horizontale au moins 80 abonnés concernés et se renvoient le ticket Ticket perso ouvert chez chez et chez et toujours rien HELP,negatif,0.95,processus_sav,0.9,2,0.95,0.9324,1835681238482407441
C’est absolument impossible de vous contacter donc à force de passer des heures pour des problèmes MAJEUR comme ceux que je viens de citer pour qu’au final vous envoyez un technicien qui dit que tout va bien alors que pas du tout La prochaine fois j’irai en boutiqueINADMISSIBLE,negatif,0.95,processus_sav,0.95,2,0.95,0.9491,1835699966917898447
"Bonjour , je suis chez Orange et jai voulu basculer chez vous sur la Ultra Résultat plus dinternet aujourdhui et le tech ne vient que Lundi prochain Bravo Free, pour une entrée en matière cest pas brillant Bloqué en étape 3D",negatif,0.95,Facturation / Paiement,0.9,2,0.9,0.9158,1835708008023670970
"Ma ligne internet HS tout le mois daoût pas grave tant que ticket dincident est ouvert, vous nêtes pas facturé 1er septembre, ligne réparée 2 septembre, facture de 39,99€ sans aucune ristourne Allez vous faire frire le Q",neutre,0.6,Facturation / Paiement,0.95,1,0.8,0.7826,1835728109863047322
faut qu’on cause avec votre box qui a jamais internet la,negatif,0.95,Pannes / Coupures téléphone,0.9,1,0.8,0.8824,1835800798095135218
Aucun contrat à long terme Facile à commander en ligne,negatif,0.8,Facturation / Paiement,0.9,0,0.1,0.5994,1835808128723489246
Aucun contrat à long terme Facile à commander en ligne,negatif,0.85,Facturation / Paiement,0.9,0,0.1,0.6161,1835808632367432184
oui bah super l’assistance ne donne pas de réponse et sur messenger j’ai 0 conseiller qui prend le relais,negatif,0.95,processus_sav,0.9,2,0.9,0.9158,1835976629912236507
pourquoi nous navons plus de connexion internet et tv depuis ce matin,negatif,0.9,Pannes / Coupures téléphone,0.9,1,0.7,0.8325,1835989916053893484
pourquoi jai plus internet là cest quoi ce foutoir,negatif,0.95,Pannes / Coupures téléphone,0.9,1,0.7,0.8491,1836002811361837500
"Bonjour, Pouvezvous me contacter au plus vite svp",neutre,0.7,processus_sav,0.9,1,0.8,0.7992,1836013321847205960
"donc maintenant même en appelant le 3244 on peut plus avoir un technicien Cest super tas plus le net, et personne pour prendre en charge ton problème",negatif,0.95,Pannes / Coupures téléphone,0.9,2,0.95,0.9324,1836022236160934288
Je passe chez ils viennent m’installer la box et les PBO sont saturés Aucun délai ne m’a été transmis ca fait bientôt 5 jours que je n’ai pas internet et la personne au telephone a le culeau de me dire vous devez attendre c’est dans les cgv 😡😡😡,negatif,0.95,Fibre optique,0.95,2,0.95,0.9491,1836031444952436909
"Je nai plus daccès à internet depuis plusieurs heures alors que je bosse par ordinateur, on fait comment",negatif,0.95,Pannes / Coupures téléphone,0.9,2,0.9,0.9158,1836050762935193919
que quelquun soccupe a répondre à mes messages sur Messenger sil vous plaît ⬇️,neutre,0.7,processus_sav,0.9,1,0.7,0.7659,1836053607919005759
impossible d’avoir un conseiller en ligne… je suis abonné récemment mais même au 3244 rien…,negatif,0.95,processus_sav,0.9,1,0.8,0.8824,1836059965842247837
"Pas dinternet depuis samedi midi à Garches et aucune information de free , je vais résilier rapido",negatif,0.95,Pannes / Coupures téléphone,0.9,2,0.9,0.9158,1836077430294925573
"Salut tu vas bien ta freebox est bien branché Car la mienne est débranchée a peu prés tous les mois par tes techniciens voleurs et de mauvaises foi A chaque fois entre 1 et 4j sans internet Comment estce possible Ce soir, jai cracké je suis allé",negatif,0.99,Pannes / Coupures téléphone,0.95,2,0.95,0.9624,1836115284140372253
"jai entamé le déménagement de ma fibre il y a plus de 2 semaines, et les conseillers me mentent toujours il suffit de brancher dans le nouveau logement et ça ira, mais pas du tout Je ne peux pas travailler sans internet et je suis obligé de payer en attendant Honteux",negatif,0.95,Fibre optique,0.95,2,0.9,0.9324,1836130352261431349
Quand tu cliques sur le lien pour te désinscrire de la newsletter de peut être que Reef fait mieux pour le coup 🤪 qu’en pensezvous,negatif,0.85,information,0.9,0,0.1,0.6161,1836133323304849468
Salut Il faut faire quoi pour arrêter d’être harcelé par vos putain de service client tous les jours,negatif,0.95,processus_sav,0.9,2,0.9,0.9158,1836151761880400148
Putain mais il se passe quoi la ca fait 2 fois en tois jours que les freebox sont en erreur dauthentification Etape 6 javais aucun probleme jusqua maintenant serieux,négatif,0.95,processus_sav,0.9,1,0.8,0.8824,1836178337133178942
Moi aussi dans la Loire plus internet box et réseau internet mobile lent depuis 15 min 😤,negatif,0.95,Pannes / Coupures téléphone,0.9,1,0.8,0.8824,1836179066845618213
je viens de perdre ma ranked sur valorant a cause de vous j’espère vous aller me payer un skin pour le dédommagement,negatif,0.9,Facturation / Paiement,0.9,2,0.9,0.8991,1836181747584655737
Pareil… Box et SIM,neutre,0.7,Livraison,0.9,1,0.7,0.7659,1836182845460553797
Ce soir panne panne réseau mobile et box dans les Yvelines 😡,negatif,0.95,Pannes / Coupures téléphone,0.9,2,0.9,0.9158,1836183506285641989
vous pouvez expliquer pourquoi en 2 jours ma connexion a sauté pendant plusieurs heures,negatif,0.9,Pannes / Coupures téléphone,0.9,2,0.9,0.8991,1836185280325226624
Pareil,neutre,0.7,Facturation / Paiement,0.8,1,0.7,0.7326,1836190476187091175
"Par contre vos beug à la con toutes les 24h que ça soit sur le réseau WiFi ou 5g depuis des semaines ça commence à casser les couilles en fait, 50 balles pour de la merde de pire en pire je me charge de vous quand je rentre du travail 🤬",negatif,0.95,Pannes/Coupures téléphone,0.95,2,0.95,0.9491,1836298895296454967
Et un 2eme décodeur est payant Alors que la concurrence le fournit,negatif,0.9,Facturation / Paiement,0.9,1,0.7,0.8325,1836305400951349694
"🗞️ annonce aujourd’hui être le 1er opérateur à proposer la #5G 3,5 GHz SA sur son réseau public à l’échelle nationale En rendant accessible au plus grand nombre dès aujourd’hui cette technologie radio de pointe, lopérateur démontre une nouvelle fois sa capacité d’innovation et conforte son statut de leader technologique A lire ici",positif,0.95,information,1.0,0,0.1,0.6827,1836312682359558220
nan,neutre,0.7,Pannes / Coupures téléphone,0.9,0,0.0,0.5328,1836321783399530566
"je suis actuellement dans un airbnb à RoquebruneCapMartin Et la connexion internet viens de se couper , impossible de solutionner le problème , y a t il un soucis technique sur le secteur Merci",negatif,0.95,Pannes/Coupures téléphone,0.9,2,0.9,0.9158,1836332555009659342
Dites on s amuse bien à débrancher les gens pour se donner du boulot 4 fois en 6mois,negatif,0.95,Pannes / Coupures téléphone,0.9,2,0.9,0.9158,1836343729436627088
Nimporte quoi le sav #free #freebox,neutre,0.7,processus_sav,0.9,0,0.0,0.5328,1836356930433864015
votre site dassistance m a redirigé vers WhatsApp Mais cétait il y a 4heures Qqn répondra ou je patiente pour RIEN,negatif,0.9,processus_sav,0.9,1,0.7,0.8325,1836359063820460191
"Ah je suis pas le seul, je capte rien chez moi alors que j’ai toutes les barres de la wifi",negatif,0.9,WiFi,0.9,2,0.9,0.8991,1836371416943329772
"Hello plus aucune connexion chez moi, en fibre et 5G Avezvous des soucis dans les Yvelines",negatif,0.95,Pannes / Coupures téléphone,0.9,1,0.8,0.8824,1836383481900748943
pouvez vous réglez le problème de connexion parce que sa fais depuis hier matin que la connexion ne foctionne pas y’a le PSG qui joue ce soir pouvezvous régler le problème avant ce soir merci,negatif,0.95,Pannes / Coupures téléphone,0.9,2,0.9,0.9158,1836397884037529768
devinez quoi 40 jours plus tard tout limmeuble na toujours plus dinternet après que Free suite à une intervention ait tout cassé et le support me réponds blabla on ne sait pas quand ça sera réparé,negatif,0.95,Pannes / Coupures,0.9,2,0.9,0.9158,1836408847692337393
Je suis surpris d’apprendre que je dois 50 euros de résiliation offre adsl alors que j’ai souscrit une offre fibre Vous êtes sérieux,negatif,0.95,Facturation / Paiement,0.95,2,0.9,0.9324,1836410081476252120
",free je suis raccordé le 23 septembre, j’attends vos offres 😉",neutre,0.6,information,0.9,1,0.8,0.7659,1836410666443313367
"est ce normal quen cas de déménagement ma Freebox et passer du prix réduit sur un an à taux plein juste car jai déménager ni avec ,ni cela mest arrivée lors de mes précédents déménagement",negatif,0.95,Facturation / Paiement,0.9,1,0.8,0.8824,1836418275250504076
"Quand met 2h à réparer un problème sur la fibre au niveau de la voirie, n’est pas encore capable de donner le jour d’intervention et de rétablissement d’internet…pour le même problème… Merci #Free #Montpellier",negatif,0.95,Pannes / Coupures téléphone,0.95,2,0.95,0.9491,1836426878741029052
Coucou Encore en panne de Freebox à Nant Aveyron cest quand que DSLAM CAV121 sera plus en panne 25 fois en panne puis janvier 202,negatif,0.95,Pannes / Coupures téléphone,0.95,2,0.95,0.9491,1836428807651102721
Salut Si je prend la fibre chez vous mais que je garde mon forfait téléphone B and you Bouygues est ce que je peux avoir accès à lapplication mobile oqee via mon forfait Bouygues grâce à mes identifiants free fibre,neutre,0.6,Fibre,0.9,1,0.8,0.7659,1836434815396020484
Sauf quand tu attends 8 mois pour avoir la fibre … et c’est pas fini,negatif,0.9,Fibre,0.9,2,0.9,0.8991,1836440419686563962
Mon nouveau bébé est arrivé 🥹 🫶🫶❤️,positif,0.95,information,0.1,0,0.0,0.3497,1836456035327922289
"j’ai 51m2 je l’ai pris, le wifi a la cuisine c’était plus possible 😂",neutre,0.6,Fibre optique,0.9,1,0.7,0.7326,1836456913053028836
Jai une vrai info si vous voulez 2 semaines sans internet impossible davoir quelquun au téléphone et quand ont appel le 3244 même la messagerie automatique nous raccroche à la gueule Je déconseille free Que des incapables,negatif,0.95,processus_sav,0.95,2,0.95,0.9491,1836459575005847771
"Hello la team , suite au décès de ma mère, jai demandé la résiliation Cest indiqué comme retourné sur le site dachat via le site relais colis avec létiquette fourni, et je viens de recevoir un mail indiquant que rien nest arrivé Cest quoi le délire",negatif,0.95,Facturation / Paiement,0.95,2,0.95,0.9491,1836462651624264075
"😡😡😡😡😡 Des interruptions de services toutes les mois ou plus, aujourdhui je suis à 10 jours entre chaque dysfonctionnement Service consommateur qui ne répond pas à tes questions Cest quoi cet opérateur de 🤬 qui prend les clients en otage",negatif,0.95,Pannes / Coupures téléphone,0.95,2,0.95,0.9491,1836474086286934121
Japprouve totalement ce post et hier soir sur le multiplex chez javais un décalage dau moins 10 secondes entre la parole qui était en avance sur les images,neutre,0.6,processus_sav,0.9,2,0.9,0.7992,1836475433295954081
"Plus dInternet depuis 10h chez moi, menvoie des SMS et des mails toutes les heures pour que je prenne un RDV sur leur interface qui à chaque fois me dit quelle na aucun RDV disponible Bien entendu, pas moyen de communiquer avec un être humain",negatif,0.95,Pannes / Coupures téléphone,0.9,2,0.9,0.9158,1836476840728236476
Depuis 48h j’ai plus de wifi,neutre,0.6,WiFi,0.9,1,0.7,0.7326,1836486305120768276
ALLEZ VOUS FAIRE ENCULER ÇA FAIT 4 SOIRS DE SUITE QU’ON CAPTE PLUS RIEN QUE CE SOIR SUR LA BOX OU EN 4G VOUS ÊTES LES PLUS GROSSES MERDES QU’IL SOIT BANDE D’INCAPABLES RÉVEILLEZ VOUS PTN DE MERDE,negatif,0.95,Pannes / Coupures téléphone,0.95,2,0.95,0.9491,1836510014128926797
"Bjr , votre enregistreur numérique estil payant et obligezvous les pubs avance rapide bloqué durant les pubs sur TF1 et M6 Merci",negatif,0.95,Facturation / Paiement,0.9,2,0.9,0.9158,1836640397126144166
Estce normal que 3244 me dise une chose et son contraire au sujet du backup internet gratuit en cas dincident sur la ligne Pour me refiler loption payante pour une panne Alors que tout le monde est éligible cf Direction Iliad,negatif,0.95,Facturation / Paiement,0.9,1,0.8,0.8824,1836668798302138566
"Bonjour petite question, à qui dois je madresser pour un soucis avec mon Player TV, qui se freeze parfois, mobligeant à changé de chaîne, ou un décalage du son et de limage, mobligeant aussi à redémarrer le Player",négatif,0.95,processus_sav,0.9,1,0.8,0.8824,1836689833122525203
Quand ta commune est fibrée mais quon te propose de lADSL bas débit Et que tu es en partage de connexion faute de me rétablir une connexion stable depuis juillet Jai limpression quon me propose une charrette alors que tout le monde roule en Tesla 🚶‍♂️📡,negatif,0.95,Fibre,0.95,2,0.9,0.9324,1836704502092607743
"Quand t’as plus de réseau internet et qu’on te propose de partager la 5G ou pire, de repasser en ADSL Merci Free pour cette immersion en 2003 👀 #RetourVersLePassé #WiFiQuiRame",negatif,0.95,Pannes / Coupures téléphone,0.9,1,0.7,0.8491,1836707891186741337
Je suis le seul à avoir 56 coupures par jour avec Impossible de faire une session de 4h sans 1 à 2 coupures internet #Free,negatif,0.9,Pannes / Coupures,0.95,1,0.8,0.8824,1836709499853283608
merci pour rien et votre malhonnêteté 1010 franchement,negatif,0.95,processus_sav,0.9,2,0.9,0.9158,1836729318677831935
"Oh vous me faites peter un câble 3 semaines voir 4 que j’attends un technicien fibre, je change mon forfait Orange pour free en pensant avoir une meilleure connexion et au final m’a 5G s’apparente à de la 3G je vais peter un boulon 0 dédommagement pr la fibre et mtn ça",negatif,0.95,Fibre optique,0.95,2,0.9,0.9324,1836784137933344919
"Jamais vu une assistance aussi nul, plus de 10 ans chez le même opérateur et aucun effort commercial suite à une panne dun matériel défaillant appareil neuf Remettez vous en question, vous perdait un client fidèle 😤🤬😠",negatif,0.95,Pannes / Coupures téléphone,0.95,2,0.9,0.9324,1836790230096977962
3 coupures Internet chez en moins de 2 moisÇa commence à faire beaucoup Fautil aller voir si lherbe est plus verte ailleurs 🤔,negatif,0.95,Pannes / Coupures,0.95,2,0.9,0.9324,1836792397935559044
"Sans fibre depuis 2023, on me demande maintenant un ‘maximum d’informations sur mon adresse postale’ Sérieusement Free, c’est une blague Je suis pas perdu au milieu du désert, j’habite au milieu de Paris, mon voisin a la fibre #foutagedegueule",negatif,0.95,information,0.8,1,0.8,0.8492,1836794455606657434
nous n’avons plus de connexion internet dans le 77 secteur Claye Souilly J’aurai besoin d’une solution pour pouvoir avoir internet et regarder la tv Impossible de joindre un conseiller Merci de votre action,negatif,0.95,Pannes / Coupures téléphone,0.95,2,0.95,0.9491,1836813794812776475
"Peur d’avoir fait la pire erreur de ma vie en voulant m’abonner chez ils ont résilié ma ligne internet Orange depuis 1 semaine et quand on appelle pour avoir des news ils disent qu’ils ont rien résilié du tout, jamais vu autant de mauvaise foi 🤡",négatif,0.95,Facturation / Paiement,0.95,2,0.95,0.9491,1836835800480203156
Alors c’est pas beau de faire souscrire des abonnements Canal Séries sur le dos des abonnés C’est ce qui m’arrive en ce moment donc on fait quoi SVP,négatif,0.95,Facturation / Paiement,0.9,2,0.9,0.9158,1836845737902231680
⚠#PANNE FREEBOX EN COURS⚠ 📡20 freenautes ont signalé des pannes #Internet dont 18 sur le réseau #fibre de #Free depuis 20h35 🌍Ville concernée DécinesCharpieu 69150 ⬇️⬇️⬇️,negatif,0.95,Pannes / Coupures téléphone,0.95,2,0.9,0.9324,1836870769084612637
Pareil étape 6 à l’instant et chez mon collègue pareil,neutre,0.7,processus_sav,0.9,1,0.7,0.7659,1836878256848482542
votre co de clochard qui marche pas f u 🖕,negatif,0.95,processus_sav,0.9,1,0.7,0.8491,1836878861826494858
"Cest quand vous voulez pour le donner un rdv pour rétablir ma connexion, 3 décablages en 2 mois ça va Je vais voir je pense quils se bougeront plus vite",negatif,0.95,Pannes / Coupures,0.95,2,0.9,0.9324,1836890663687790874
"Vraiment la putain de , vous êtes en bug le jour de la sortie de FC25 dans ma ville , doux jésus je suis maudit rajoutez un Freenautes ça fait 21",negatif,0.95,processus_sav,0.9,2,0.9,0.9158,1836896855424217323
"bonjour dites, cest quoi ce pack Viacom cest jusquà quand jamais reçu de mail de mise au clair merci",neutre,0.5,information,0.8,1,0.7,0.666,1837030131539325412
🚨Le Paris Saint Germain officialise un nouveau partenariat avec pour deux saisons 🔴🔵,neutre,0.5,information,1.0,1,0.7,0.7326,1837044721916563780
vous allez nous proposer les maths du PSG via OQEE 🥳😝😜,positif,0.95,information,0.9,0,0.0,0.616,1837045549205184906
"Free devient partenaire officiel du pour offrir aux fans une immersion unique au cœur de l’action 📲⚽️ Accédez à des contenus exclusifs, coulisses, entraînements et bien plus, directement sur vos écrans🔴🔵",positif,0.95,information,0.9,1,0.7,0.8491,1837047664371712327
y’aura des remise pour les abonnés,neutre,0.5,information,0.9,0,0.1,0.4995,1837047848795357276
Moi qui avait prévu de résilier ma Freebox aujourd’hui…,negatif,0.95,Facturation / Paiement,0.9,1,0.8,0.8824,1837047980752322687
J’espère notre équipe aura moins de problèmes de connexion que eux,neutre,0.5,Pannes / Coupures téléphone,0.9,1,0.7,0.6993,1837048127825625186
L’Olympique de Marseille est heureux d’accueillir en tant que partenaire officiel 🤝 En savoir plus 👉 📹 IG Zekefilm,positif,0.95,information,0.9,0,0.0,0.616,1837048919668232251
"Vous actuellement vous feront mieux d’aller bosser sur les services de communication, votre service client clientèle, votre service technique et améliorer la qualité de vos réseaux réseaux car vous êtes vraiment nuls",positif,0.2,processus_sav,0.9,1,0.7,0.5994,1837057528846290976
On va devoir rendre la,neutre,0.6,processus_sav,0.9,1,0.7,0.7326,1837057682185798102
Matchs dispos sur Free FOOT du coup 👀,neutre,0.6,Pannes / Coupures,0.9,1,0.7,0.7326,1837060684422484378
Slt free jai une question ça fait 1an jai ma ps5 et si je ne la câble pas en ethernet avec ma Freebox révolution bah je ne capte pas bien mm a 50cm de la box alors quavec ma PS4 👌🏻,neutre,0.6,Fibre optique,0.8,1,0.8,0.7326,1837074584295588008
Mettez la fibre chez moi svp,neutre,0.7,Fibre,0.9,1,0.7,0.7659,1837075987386843479
Si seulement le réseau était aussi bon que leur CM C’est un peu le frère jumeau du Un CM au top niveau pour une équipe en bois de cagettes,positif,0.95,Pannes / Coupures téléphone,0.9,1,0.7,0.8491,1837115656317129158
"Bonjour, petite question sur mon abonnement actuel svp",neutre,0.5,Facturation / Paiement,0.9,0,0.1,0.4995,1837132069534617774
Abruti que vous êtes,negatif,0.95,processus_sav,0.9,0,0.0,0.616,1837133842664100118
"Sinon jaurais internet chez moi un jour Contrat fait en mai, on est mi septembre jai tjr rien ça commence à faire long la demande dautorisation douverture de ligne sans compte les rdv téléphonique avec un conseiller rdv samedi à 11h où on mappelle pas",negatif,0.95,processus_sav,0.9,2,0.9,0.9158,1837146579402199291
Encore un effort pour connecter loption du site à la réalité,neutre,0.6,Fibre optique,0.9,1,0.7,0.7326,1837160685257576918
ça fait bientôt un mois que j’ai souscris j’ai toujours aucune nouvelle vous avez des solutions à m’apporter,negatif,0.9,information,0.8,1,0.8,0.8325,1837175275848880365
Franchement ras le bol Panne de jusqu’à lundi Je fais comment pour travailler,negatif,0.95,Pannes / Coupures téléphone,0.95,2,0.95,0.9491,1837199084157030662
Il ny a que chez moi que les replays de sur sont impossibles à regarder tellement il y a de freeze,negatif,0.9,Pannes / Coupures,0.9,1,0.8,0.8658,1837217587853480190
il y a eu restitution de box vous vncontinuez à prélever déjà deux mois après Ce nest pas légale,negatif,0.95,Facturation / Paiement,0.9,2,0.95,0.9324,1837235864088498414
3 pannes en 2 semaines quelque chose a changé en tout cas cétait mieux avant je pense serieusement a changer dopérateur pas bravo,negatif,0.95,Pannes / Coupures téléphone,0.95,2,0.9,0.9324,1837390444461686827
"bonjour 3 pannes en même pas 1 semaine à albi, il va falloir se réveiller un peut",negatif,0.95,Pannes / Coupures téléphone,0.95,2,0.9,0.9324,1837426056589897814
"bonjour, plus d’accès au webmail depuis 15 jours Des soucis techniques Une coupure volontaire des anciens abonnés",negatif,0.95,Pannes / Coupures,0.9,2,0.95,0.9324,1837427860602020151
vous me soûlez sérieux,neutre,0.6,processus_sav,0.9,1,0.7,0.7326,1837444119968244068
"pas mal ma mère nas plus dinternet depuis ce matin et ce nest pas la première fois que ça se produit, dans son village elle ne capte pas le réseau mobile et quand elle a contacter lassistance ont lui répond un tech passe le 30 septembre, cest une blague",negatif,0.95,Pannes / Coupures téléphone,0.95,2,0.9,0.9324,1837472106163950064
jsuis encore sous révolution ya moyen de menvoyer la nouvelle box,neutre,0.6,Livraison,0.9,1,0.7,0.7326,1837495202858033558
"Au lieu de vous occupez de vos partenariats ou autre conneries, rétablissez votre putain de réseau, ça fait 15jours sans internet sans télé rien, et vous en branlez pas une Pire opérateur de France ces fdp de free",negatif,0.95,Pannes / Coupures téléphone,0.95,2,0.95,0.9491,1837497302388252820
Deja rétablissez internet a la maison parce que ya rien qui fonctionne on paye pour que ca ne fonctionne pas vous êtes vraiment des tdc,negatif,0.95,Facturation / Paiement,0.9,2,0.95,0.9324,1837501566779035724
"bon ca fait 1 ans que je suis chez vous et que jai la fibre, mais que jai autant de connexion que quand javais pas internet",negatif,0.95,Fibre optique,0.95,1,0.8,0.8991,1837883649854709895
il est beau mon réseau fibre 😮‍💨😮‍💨😮‍💨😮‍💨,positif,0.95,Fibre optique,1.0,0,0.0,0.6494,1837955815031857187
"Voilà ce que j’ai après 1 mois sans internet et 3 pseudo techniciens qui sont intervenus Toujours pas d’internet, pas de rendez vous, pas de geste commercial En revanche ça débite sur le compte Attention vous devenez aussi nul que sfr en termes de qualités de service",negatif,0.95,processus_sav,0.95,2,0.95,0.9491,1838090533501083799
"Bonjour, cela fais plusieurs jours que je vous ai écrit mais toujours pas de réponse Cordialement",negatif,0.95,processus_sav,0.9,1,0.8,0.8824,1838091580441235944
10 jours sans fibre est ce que le rdv technique de vendredi sera honoré aujourdhui Ou estce quil faut encore recommencer à zéro,negatif,0.9,Pannes / Coupures Fibre,0.95,2,0.9,0.9158,1838098490141896876
Coup de main jessaie par tout les moyens de rattacher la ligne mobile de mon beau père a ça Freebox mais rien ne fonctionne,negatif,0.9,Pannes / Coupures téléphone,0.9,1,0.8,0.8658,1838117380192403582
"C’est fou, préfère laisser partir ses clients client Fibre mobile à la concurrence en refusant de proposer une offre sur la box Ultra alors que cette offre est faite aux nouveaux clients Incompréhensible cette gestion pour conserver la clientèle…dommage",negatif,0.95,Facturation / Paiement,0.9,2,0.9,0.9158,1838133406443429979
Vous devenez bidons chez free Plus possible de joindre qui que ce soit par téléphone et bien sûr quand on laisse un message comme demandé sur votre répondeur jamais personne ne répond Service client à chier Merci free,negatif,0.95,processus_sav,0.95,2,0.95,0.9491,1838144150362902862
vous briefez vos techniciens à faire lautruche ou à esquiver les questions,neutre,0.7,processus_sav,0.9,1,0.7,0.7659,1838192157384908861
"Bonjour, Jai pris une ligne chez vous récemment, suite à un rendez la personne ne la pas installé Jaimerais résilier mon abonnement afin daller chez un de vos concurrent Merci de me contacter pour mon identifiant",negatif,0.95,Livraison,0.9,1,0.8,0.8824,1838235261219598707
Pour Etampes toujours pas de nouvelles,neutre,0.7,information,0.6,0,0.1,0.4662,1838258215881961889
la chaîne 37 DAZN napparait pas sur OQEE svp,negatif,0.95,information,0.8,1,0.8,0.8492,1838262830081913300
"possible de passer en DM 1 semaine que vos conseillers nous prennent pour des dindons, je vais pas tarder à bloquer le prélèvement si cela continue",negatif,0.95,processus_sav,0.9,1,0.7,0.8491,1838263511387938854
Vous respectez pas les gens…ça fait une semaine que je suis abonné et déjà plus d’internet,negatif,0.95,processus_sav,0.9,1,0.7,0.8491,1838267030954479783
"Ça serait trop demander davoir un débit normal pour que je puisse profiter de la télé correctement svp Pcq bon Payer pour avoir ça, ça sert a rien autant supprimer loption télé de mon abonnement hein 😮‍💨🙄",negatif,0.95,Fibre optique,0.95,1,0.8,0.8991,1838285781355405425
donner moi la fibre jmonte immo sur valorant jle jure,positif,0.85,Fibre,0.9,1,0.7,0.8159,1838322459956699536
"Quelle est votre adresse email Nous essayons de vous envoyer un email en répondant à un email que vous nous avez envoyé, mais nous recevons un message indiquant que ladresse email nexiste pas Votre email nest nulle part sur votre page",negatif,0.95,Facturation / Paiement,0.9,1,0.8,0.8824,1838335084245454865
"Hey Jettes un œil un peu à tes dashboards Ldébit est merdique Ou, on est repartis sur un cycle de bridage comme vous avez lhabitude de le faire PS pas de réponse et pas de MP suite au post à destiné aux services Cest récurrents ce type de truc",negatif,0.95,processus_sav,0.9,1,0.8,0.8824,1838341131525923315
"Les coupures régulières chez commence vraiment à m’énerver , j’ai la ultra depuis quelques mois et c’est un calvaire J’étais sur la delta avant et jamais eu de soucis … Bref , on va checker la concurrence",negatif,0.95,Pannes / Coupures,0.95,2,0.9,0.9324,1838348229898825994
"je vous ai appelé il y a 45mn pour vous signaler que ma connexion est morte et jai eu zéro retour Je suis en télétravail, je fais comment",negatif,0.95,Pannes / Coupures téléphone,0.95,2,0.95,0.9491,1838478460483674406
un service qualité déplorable Pas d’internet depuis jeudi dernier à mon domicile et on me dit de faire du partage de connexion à mes frais puisque chez un autre opérateur jusqu’à rétablissement de la ligne sans délais,negatif,0.95,Pannes / Coupures téléphone,0.9,2,0.95,0.9324,1838518115178537179
"Est ce normal que la seule information disponible sur une panne ce soit ça voir Screen et que quand on téléphone pour essayer davoir un humain, la réponse cest soyez patient cest une panne globale alors que je suis le seul à ne pas avoir internet par chez moi",negatif,0.95,Pannes / Coupures téléphone,0.9,2,0.9,0.9158,1838522958756610204
bonjour serait possible de répondre sur le tchat A chaque fois c’est le même problème chez vous,neutre,0.6,processus_sav,0.9,1,0.8,0.7659,1838524068640805084
jamais présent quand on a besoin d’eux 😡,negatif,0.95,processus_sav,0.9,2,0.9,0.9158,1838531812848463874
HELP De plus en plus compliqué d’avoir une connexion stable depuis quelques temps… des latences qui se ressentent aussi bien sur la wifi que pour la télévision… comment faiton quand on paye un service et qu’il n’est pas à la hauteur #pascontent #signalconso,negatif,0.95,processus_sav,0.9,1,0.8,0.8824,1838540769411371509
"Javais oublié a quel point il faut suer du sang pour déménager sa Déja 2 techniciens, internet qui marche un petit peu et puis sen va, hotline et prochain rdv technicien samedi ☠️",negatif,0.95,Pannes / Coupures téléphone,0.9,2,0.9,0.9158,1838563827689877915
"Bonjour Plus dinternet depuis 20 min sur le secteur dHoudan 78 Freebox bloquée à létape 6, ça ne mavait pas manqué Avezvous des infos à nous transmettre svp",negatif,0.95,Pannes / Coupures téléphone,0.9,2,0.95,0.9324,1838564726030082266
Demande au syndic ou à free,neutre,0.6,autre,0.3,1,0.7,0.5328,1838573901040832913
Inédit pour les nouveaux abonnements expérimente une nouvelle procédure pour lactivation fibre Raccordement sans RDV et un email informe le nouvel abonné quil peut brancher sa Freebox en autonomie Info TUTO 🕷️,positif,0.95,Fibre,0.95,1,0.7,0.8658,1838583133303652387
Personnellement l’iPhone 16 je m’en moque pas mal par contre on en parle de la free depuis 14h qui est censé durer jusqu’au 1er octobre selon vos dire sur votre site C’est inadmissible et vous ne donnez en plus aucunes nouvelles sur cette panne,negatif,0.95,Facturation / Paiement,0.9,2,0.9,0.9158,1838604566020981212
Pareil à Maulette,neutre,0.6,processus_sav,0.9,1,0.7,0.7326,1838605399307751477
Panne depuis 15 H20 sur Maulette,negatif,0.95,Pannes / Coupures téléphone,0.9,2,0.95,0.9324,1838610302004232623
"Free, au secours",neutre,0.6,autre,0.9,0,0.0,0.4995,1838610617281687983
vous pouvez avoir des conseillers aimable qui ne se moque pas ouvertement de quelqu’un lorsqu’elle a un pb,neutre,0.7,processus_sav,0.8,1,0.7,0.7326,1838620428580839663
"Merci à tout le monde pour ce subathon cest incroyable, je relance demain pour finir les 3h restant du subathon à 17h à cause de qui fait que de couper toutes les 5 secondes parce que lantenne est alimenté au foufou sauce graine",positif,0.95,Pannes / Coupures,0.95,2,0.9,0.9324,1838627668184699052
moi a force que les tech sectionne les câbles va me falloir une procédure pour réparer moi même larmoire,negatif,0.95,Pannes / Coupures téléphone,0.9,2,0.95,0.9324,1838628851615764845
mais sinon vos pannes à répétitions un dédommagements quand malgré les lettres AR franchement je vais passer chez reef,negatif,0.95,Pannes / Coupures,0.95,1,0.7,0.8658,1838638946776936958
c’est quoi ce réseau de merde ces deux derniers jours wsh,negatif,0.95,Pannes / Coupures téléphone,0.9,1,0.8,0.8824,1838643094230900922
"Bonsoir Pourquoi mon abonnement estil passé depuis août de 29,90€ à 39,90€, sans explication Merci pour vos lumières",negatif,0.95,Facturation / Paiement,0.9,1,0.8,0.8824,1838653578392584493
toujours pas de perturbation sur le 27 Deux jours bloqué à étape 3c comme d hab et signal fibre ok pour une fois reboot ok Désolé de ping mais c est que la 32 eme fois depuis mon abonnement #free mai donc bon … quand y a pas de fibre ok … #gisors,positif,0.9,Fibre optique,0.95,0,0.1,0.6493,1838662221322145917
ptn free vous pouvez travailler un peu sur votre réseau de merde,negatif,0.95,processus_sav,0.9,1,0.7,0.8491,1838669209468809362
"Payer un abonnement cher et ce depuis des années, pour être sans internet depuis 36h clé 4G qui ne fonctionne pas du tout On n’a pas d’info sur ce qu’il se passe ni quand ça sera rétabli Comment on fait quand on est en full Télétravail",negatif,0.95,Pannes / Coupures téléphone,0.95,2,0.95,0.9491,1838671075489484929
hellooooooo jai plus internet chez moi Je regardais un bon film cest la deuxième fois cette semaine,negatif,0.95,Pannes / Coupures téléphone,0.95,1,0.8,0.8991,1838711569103901037
encore une coupure en pleine nuit…vous commencez sérieusement à me faire perdre patience…votre offre est très bien mais pas toujours son fonctionnement…je vais finir par retourner voir les anciens FAI…,negatif,0.9,Pannes / Coupures,0.95,1,0.7,0.8491,1838723904115757109
Idem…💀,negatif,0.95,Pannes / Coupures téléphone,0.9,2,0.95,0.9324,1838733302133395578
", Panne sur la depuis 1h00 du matin Est ce une panne générale ou une mise à jour qui prend du temps à ce mettre en place pouvez vous faire en sorte que Free envoi un SMS pour prévenir lorsqu il y as une panne générale dans notre secteur",negatif,0.95,Pannes / Coupures téléphone,0.95,1,0.8,0.8991,1838733699656892455
"Même problème et je suis à ViryChâtillon Pas de données mobiles ni de WiFi , obligée de passer par un WiFi Orange",negatif,0.95,Pannes / Coupures téléphone,0.9,2,0.9,0.9158,1838734318182568383
Je suis sur Athis c que dans notre secteur je crois,neutre,0.5,processus_sav,0.9,1,0.7,0.6993,1838735252832792741
panne internet toutes les nuits vous faites Quoi Janville Oise,negatif,0.95,Pannes / Coupures téléphone,0.95,1,0.8,0.8991,1838822452534669331
"cest sympa vos répéteurs sauf quand vos trucs ce connectes à notre réseau wifi alors quon a aucun répéteur, ni de Freebox pop, ni de télé chinoise 🤨 merci la sécurité On mexplique comment on les bloque",negatif,0.95,Pannes / Coupures,0.9,1,0.7,0.8491,1838831491821752321
"vous avez quel âge pour realiser des travaux au PTM mais ne pas dire aux autres fournisseurs accès internet Non mais ça va 5 min vos histoires de gamineries,cest pire que la maternelle Essayez de tous vous entendre ça nous ferais des vacances Au lieu dêtre pris entre 2",negatif,0.95,processus_sav,0.9,2,0.9,0.9158,1838840942855397423
bonjour 👋 Lun de vos techniciens est intervenu lundi matin pour linstallation dune box pour lun de mes voisins En revanche il sest trompé en déconnectant ma box Cest possible davoir un retour rapidement svp Car en attendant le consommateur paye,negatif,0.95,processus_sav,0.9,1,0.8,0.8824,1838843805866267112
"hello free Ma mère de 75 ans na pas internet depuis 1 semaine Un technicien devait passer le 26 septembre et le rdv a été annulé sans explication Il ne se passe plus rien depuis Plus dinternet plus de téléphone fixe, plus dalarme qui utilise la connexion internet",negatif,0.95,processus_sav,0.95,2,0.95,0.9491,1838849193495892117
"Question lapplication TF1 vatelle être mise à jour sur les Freebox Delta Devialet Car lannée dernière on avait pas accès au live avec le château Même si abonnement évidemment 😭, une application complète avec les chaînes fast",negatif,0.9,information,0.8,1,0.7,0.7992,1838908615303835932
"Manrique Jean Manrique Jean Je suis en colère car les personnes que jai eu au téléphone sont bornés et ne mécoutent pas Manrique Jean Au mois de décembre ça va faire 1 an et le forfait va passer à 49,99€par mois je ne suis pas",negatif,0.95,Facturation / Paiement,0.95,1,0.8,0.8991,1838912257754890508
Votre connexion de merde fait que crash et bug toutes les 10 min jvais tout exploser,negatif,0.95,processus_sav,0.9,2,0.9,0.9158,1838916961918443957
"Bonjour , mes parents nont plus Internet plus de téléphone fixe non plus et ont besoin de gérer des rdvs médicaux urgent Pas moyen davoir accès à un opérateur Système de gestion des RDVs ne fait que valider les coordonnées mailportable Aucun rappel depuis 5 jours",negatif,0.95,Pannes / Coupures téléphone,0.95,2,0.95,0.9491,1838931523417899031
#tf1plus A quand les directs sur les applications box Android TV Freebox et autres,neutre,0.6,autre,1.0,1,0.7,0.7659,1838947916985082033
Impossible de contacter le service clients suite á ma résiliation vu que le standard virtuel demande un ID que je nai plus du coup je ne peux pas faire de réclamation suite á un mail concernant la demande de retour du materiel que jai déjà retourné depuis fin août,negatif,0.95,Facturation / Paiement,0.95,2,0.95,0.9491,1838957629789339958
"Ça va, tranquille",neutre,0.9,autre,1.0,0,0.0,0.6327,1838990526189834477
On fait comment pour DIRE à Free que notre boxe internet est défaillante et a un problème avec la fiche fibre Parce que là les options dans au 3244 ya rien qui me donne un conseiller ou la possibilité de dire que jai un soucis sur la freebox,negatif,0.95,Pannes / Coupures téléphone,0.95,2,0.95,0.9491,1838993079782490167
"Promesse de 8 Gbps Ultra mais pas que 0,4 gbs Le pire le SAV a lastuce de raccrocher ou prétendre comprendre 1 autre pb ils laissent la ligne ouverte sans parler, me forçant à raccrocher Vous surfez sur l’ignorance des abonnés #FreeArnaque",negatif,0.95,processus_sav,0.95,2,0.95,0.9491,1839046662322548774
"hello les courbes de débit sur Freebox OS ont lair équivalentes à quelques Mos près entre Download et Upload, et les stats sont fausses plus de 70Go DL mais seulement 365Mo reportés",negatif,0.95,Fibre optique,0.9,2,0.9,0.9158,1839057145481805930
bon c’est du foutage de gueule vos techniciens formés comme des peintres qui au lieu de réfléchir préfère débrancher la jarretiere de quelqu’un d’autre au lieu de travailler correctement C’est quoi le but De faire le service fibre le pire service de France,negatif,0.95,processus_sav,0.95,2,0.9,0.9324,1839180110802420107
Svp svp,neutre,0.7,Facturation / Paiement,0.9,1,0.7,0.7659,1839195161932284247
"bonjour, jai déménagé et je ne peux pas me connecter à mon espace Je nai pas mon numéro de téléphone Jai plus Netflix prime Help",negatif,0.95,Livraison,0.9,1,0.8,0.8824,1839198616214176233
1 mois et demi sans la fibre free je vais bientot 1 mois complet sans internet,negatif,0.95,Fibre optique,0.95,2,0.9,0.9324,1839208165964976319
Normal que les boites mail soient inaccessibles en POP comme en IMAP cc,neutre,0.6,information,0.8,0,0.0,0.4662,1839209444757901338
Bon bin cest le moment de quitter 🖕,negatif,0.95,processus_sav,0.9,0,0.0,0.616,1839233514518024436
Bjr une intervention dOrange sur les installations fibre de copro 5 parvis du Breuil à Antony est terminée depuis le 2009 18h mais vos services nont visiblement pas linfo gt Impossible dobtenir un RDV pour que nos fibres soient rebranchées Pouvezvs intervenir,negatif,0.95,Fibre optique,0.95,2,0.95,0.9491,1839238055548400099
⁦free⁩ ⁦Freebox⁩ je crois qu’il y a un bug chez vous,neutre,0.6,processus_sav,0.8,1,0.7,0.6993,1839239528491487667
En train de regarder et je pense que je vais les contacter à propos de Hallucinant cette émission,neutre,0.6,information,0.8,1,0.7,0.6993,1839241642332533075
"Bonjour, comment on discute avec vous afin de régulariser votre vol de 280€ pour matériel non restitué alors que ce nest pas le cas Aucun numéro de téléphone, aucune adresse mail ou vous joindre",negatif,0.95,Facturation / Paiement,0.95,2,0.95,0.9491,1839272670904393899
"Vos services sont une honte Aucun moyen davoir une pers compétente au téléphone, ils ne font que transmet le message Bouygues à résolu le problème en 24h chez mon voisin vous ça fait 2 sem et rien Une belle bande dincapable caché derrière des téléopérateurs impuissants",negatif,0.95,processus_sav,0.9,2,0.9,0.9158,1839280416814985299
Bonjour Mise en garde aux abonnés qui souhaiteraient déménager Profiter de mon déménagement pour augmenter mon abo de 3€mois et mettre cela sur le dos de Netflix alors que je vous ai démontré le contraire Estce vraiment ainsi que vous traitez vos clients,negatif,0.95,processus_sav,0.9,2,0.95,0.9324,1839283600912445855
aidez moi ou je me suicide,negatif,0.95,processus_sav,0.95,2,1.0,0.9657,1839283782513230022
vraiment vos technicien c’est une catastrophe Sa se présente pas mais sa prétend s’être présenté et avoir attendu 40min en bas de chez moi 4 d’abonnement ben je vais vite résilier,negatif,0.95,processus_sav,0.9,2,0.9,0.9158,1839286484337074651
Totalement désemparé face a cette décision c’est dans vos habitudes de me promettre un poste et de d’assurer que l’on peux démissionner Tout ça pour qu’au final la prise de poste soit annulée 4 JOURS AVANT MON DÉPART DE MON ENTREPRISE ACTUELLE,negatif,0.95,processus_sav,0.9,2,0.9,0.9158,1839289696964456735
Hé c’est normal vos 3000 relances par jour avec ce genre de messages,neutre,0.7,processus_sav,0.9,0,0.0,0.5328,1839292039445508279
Hi On se dirige vers 3 mois sans internet via la fibre pour quelques voisins dont le FAI est free ds 1 secteur où vous êtes operateur dinfrastructure on fait comment pour vous joindre Et qui ne propose aucune solution pour avoir un accès internet 4g de back up,negatif,0.95,Fibre,0.9,2,0.9,0.9158,1839308532522660194
je vais péter un câble j’en peux plus ça fait depuis le 15 août que j’ai demandé la création de ligne à mon domicile J’ai eu 3 de vos collègues qui me promettent la fibre pour début septembre La 4e oui parce que j’ai appelé 4 fois vos services pour savoir l’avancée,negatif,0.95,Fibre,0.95,2,0.95,0.9491,1839318195313967435
Looooooooooool plein le cul de votre service de merde Incompétent 🤬🤬🤬🤬 faites quelque chose,negatif,0.99,processus_sav,0.95,2,0.95,0.9624,1839320871120613837
c’est pas possible de payer une box 50€ par mois et avoir des travaux tout le temps et de pas pouvoir en bénéficier sois c’est travaux sois c’est coupure,negatif,0.95,Facturation / Paiement,0.9,2,0.9,0.9158,1839323883188691367
votre réseau naze j’ai pas de télé ni wifi depuis 2j la,negatif,0.95,Pannes / Coupures téléphone,0.9,2,0.95,0.9324,1839365890049245251
la ligne est coupé depuis hier 17h dans ma rue aucune nouvelle de free et aucune intervention Ce n’est pas compréhensible ni acceptable,negatif,0.95,Pannes / Coupures téléphone,0.95,1,0.8,0.8991,1839381978979979430
on paye tt les mois pour avoir un connexion il serait peut être temps de nous en fournir On peut même pas jouer a fifa que votre connexion de con saute toute les 2min,negatif,0.95,Facturation / Paiement,0.9,2,0.9,0.9158,1839421327620313359
Quand j’étais sur delta tout était nickel depuis le passage à ultra c catastrophique je me tâte à aller chez un autre fournisseur Je pense que y’a trop de monde qui a pris le ultra ils arrivent pas à suivre,negatif,0.95,Facturation / Paiement,0.9,2,0.9,0.9158,1839425926162997495
"Bonsoir, pourquoi ny a til plus les Replay des différents ciné classic, frisson, festival, émotions, family",neutre,0.6,information,0.8,1,0.8,0.7326,1839430602593800430
rendez mon argent bande de sous race 8 deco en rivals vos grande tantes,negatif,0.95,Facturation / Paiement,0.9,2,0.95,0.9324,1839433597742104643
elle est où ma box jcrois ils l’ont perdu à chronopost jveux jouer a valo en paix la,negatif,0.9,Livraison,0.9,2,0.9,0.8991,1839470015587791203
"Bonjour free , plus d un moispour une création d ouverture de ligne fibre c est pas un peu long",negatif,0.9,Fibre,0.9,1,0.7,0.8325,1839525421072716211
"bjr, actuellement je nai pas les chaînes 15, 16 et 26, pourquoi je suis sur freebox révolution",negatif,0.95,Pannes / Coupures téléphone,0.9,1,0.8,0.8824,1839581025904534004
Ma wifi ne fonctionne pas depuis ce matin,négatif,0.95,Pannes / Coupures téléphone,0.9,1,0.8,0.8824,1839582206030705139
venez faire les travaux dans ma rue la En une semaine cest la troisième intervention que je dois faire à cause de la coupure de wifi Votre matériel est disfonctionnel,negatif,0.95,Pannes / Coupures téléphone,0.95,1,0.8,0.8991,1839586751083409665
cest normal que les mec qui viennent fixer ta fibre te demandent de les payer en liquide au BLACK pour faire des reparations ou on est daccord que cest hors la loi,negatif,0.95,Facturation / Paiement,0.9,2,0.95,0.9324,1839603301458841740
Bjr Pquoi le service client de estil dans limpossibilité de programmer le passage dun technicien pr rebrancher la #fibre de ses abonnés après une interv° dorange sur le PMI dune #copropriété Des années que ce pb persiste Les relances naboutissent jamais,negatif,0.95,Fibre optique,0.95,2,0.9,0.9324,1839605736239718563
La vente forcée chez est une pratique normale appliquée par votre service client ou il faut chouiner,negatif,0.9,Facturation / Paiement,0.9,0,0.1,0.6327,1839610639175618697
bonjour bloquage étape 2 freebox revolution région Montbéliard incident connu,negatif,0.9,processus_sav,0.9,1,0.8,0.8658,1839613800971952206
"vous êtes une sacrée honte humainement Plus d internet plus rien écrasement de la ligne par VOS CONCURRENTS , bataille corps et armes pour que vous vous bougiez je vais rester polie Votre seul rendez vous à nous donner c’est le 3 octobre HONTEUX 😡😡😡",negatif,0.95,Pannes / Coupures téléphone,0.95,2,0.95,0.9491,1839635696035803448
Et surtout faites pas les autruches sinon je vais encore plus loin et je vous fais un scandale et Buzz NATIONAL,neutre,0.7,processus_sav,0.9,1,0.7,0.7659,1839637070764965985
"j’ai vraiment besoin de ton aide, je me tatou le logo s’il le faut",neutre,0.6,processus_sav,0.9,2,0.95,0.8159,1839653040447504813
"Je suis dégoûté davoir Netflix avec les pubs maintenant Pour des raisons dont jen ai rien a foutre, je ne peux pas revoir la série viking Si il faut payer toujours plus, je coupe tout et je reprends les téléchargements",negatif,0.95,information,0.8,1,0.7,0.8159,1839666076566671579
"Client depuis même pas 1 mois Le cpl ne fonctionne pas, pas de wifi sur le player , le player naccepte pas de répétiteur Je ne peux pas faire passer un câble au milieu du salon",negatif,0.95,Pannes / Coupures téléphone,0.9,2,0.95,0.9324,1839673016742994408
Pour capter nul par Pour ne pas avoir le débit écrit Pour avoir des conseillers qui vous parles mal au téléphone et auquel il faut comprendre leur Français A jamais free les arnaqueurs de merde RIP a Isaac et Ryan du service client Deux grosses merdes,negatif,0.95,processus_sav,0.9,2,0.9,0.9158,1839680606617096481
Pourquoi à chaque fois que je déménage avec la fibre un technicien doit intervenir,neutre,0.6,Fibre,0.9,1,0.8,0.7659,1839682717023183079
J’ai envoyé 2 lettres recommandées discuté sur messengerwhatsap téléphoné plusieurs fois signalé l’anomalie tous les mois Votre service connaît et reconnaît l’anomalie mais refuse de me rembourser Tag et ton directeur commercial quand tu t’adresses à moi,negatif,0.95,Facturation / Paiement,0.95,2,0.95,0.9491,1839689032592183786
"Salut Peuton me dire pourquoi mon abonnement Freebox a augmenté de 10€, sans raison",negatif,0.95,Facturation / Paiement,0.9,1,0.8,0.8824,1839706588958900707
On adore une connexion fibre digne d’un habitant au Bangladesh,positif,0.95,Fibre,1.0,0,0.0,0.6494,1839709421321998718
"En plus vous êtes des champions pcq je vous ai dit de surtout pas résilier mon abonnement chez , Mais tellement a la recherche client télement sa doit pas marcher pour vous que vous prenez des décision sans concerté le client fortiche Free mdddr",negatif,0.95,processus_sav,0.9,2,0.9,0.9158,1839730371350405594
POURQUOI ÇA BUG JE VEUX JOUÉ À FIFA,negatif,0.9,processus_sav,0.8,1,0.6,0.7659,1839731798688821384
service client de Gujan mestras pour Freebox étape 4 HORRIBLE merci de me contacter en privé,negatif,0.95,processus_sav,0.9,2,0.9,0.9158,1839738963394998452
impossible de contacter lassistance freebox,negatif,0.95,processus_sav,0.9,2,0.95,0.9324,1839745703301853448
durov,neutre,0.6,Facturation / Paiement,0.9,1,0.7,0.7326,1839752528549781785
"Payer 50€mois pour avoir la fibre optique et avoir ce résultat sur chaque chaîne, c’est comment En journée quasi pas de pb mais le soir c’est tout autre chose … dsl de regarder en même temps que tout le monde vs aussi ça fait ça",negatif,0.95,Fibre,0.9,1,0.7,0.8491,1839758534063308991
jen ai rien a foutre de ton alerte info de merde règle mon problème de co stp jarrive pas a jouer a rocket league,neutre,0.5,Facturation / Paiement,0.9,0,0.1,0.4995,1839806968115929227
Sabonner cest toujours rapide Résilier chez cest reef en fait 🥳,positif,0.95,Facturation / Paiement,0.9,0,0.1,0.6493,1839913359862296776
"Quand tu bosses a 80 du temps en télétravailalors que jai eu un avertissement dun écrasement de ma ligne fibre et donc jai prevenu que cétait une erreur, jai besoin dinternet jarrive même pas a aller sur X avec le partage de ma 5g",negatif,0.95,Fibre optique,0.95,1,0.8,0.8991,1839918081755275570
Ils sont forts les autres opérateurs pour deviner N° de prise optique chez vous ou cest votre proxi le vrai menteur,neutre,0.5,Fibre,0.9,1,0.8,0.7326,1839941065635205143
"mise a part que vous me faites payer le double alors que je suis censée beaucoup moins que ça ma wifi et que quand je demande a votre « service clients » ils sont incapable de répondre, vous me devez toujours 1 téléphone a qui j’attends le remboursèrent depuis Mai",negatif,0.95,Facturation / Paiement,0.95,2,0.9,0.9324,1839943747653570765
"Je me réveil sans internet un samedi, la classique hein",negatif,0.95,Pannes / Coupures téléphone,0.9,1,0.7,0.8491,1839946950428229920
Ehooo jai besoin daide,neutre,0.6,processus_sav,0.9,1,0.7,0.7326,1839964555373330455
"Salut 10 coupures de fibre depuis le début de lannée, dont 2 en 3 jours Cest inacceptable Jattends un technicien dans 4 jours Quelle solution proposezvous #Free #ServiceClient",negatif,0.95,Pannes / Coupures,0.95,2,0.95,0.9491,1839978939038511485
heu ça marche le contact client free sur WhatsApp Message le matin il est 12h…,positif,0.9,Facturation / Paiement,0.9,1,0.8,0.8658,1839982651614138576
"est le pire opérateur et le pire service client, tous opérateurs confondus Cest une dinguerie #free",negatif,0.95,processus_sav,0.9,2,0.95,0.9324,1840000628438774240
ça fait une semaine que ma connexion est comme ça,negatif,0.9,Pannes / Coupures téléphone,0.9,1,0.7,0.8325,1840004704345981005
dites moi ils foutent quoi vos techniciens a longueur de journée pour être obligé dattendre 15 jours pour un taff qui dure 10 min cest a dire tirer un file,negatif,0.95,processus_sav,0.9,2,0.9,0.9158,1840052483936120961
"Bonjour je suis chez aussi Même constat impuissant lopérateur répète intervention en cours, il ne veut pas comprendre quil faut juste venir rebrancher la fibre de ses abonnés Mes voisins hors sont reconnectés depuis pls jours eux",negatif,0.95,Pannes / Coupures Fibre,0.95,2,0.95,0.9491,1840077234381476339
"Vraiment fuyez pour la fibre cest insupportable à quel point leur service est médiocre, cest des clowns comme leur pdg sur Twitter",negatif,0.95,processus_sav,0.9,2,0.9,0.9158,1840103751320826217
"a coupé internet… Ça doit être leur manière de nous préparer à l’apocalypse digitale Merci pour l’entraînement, mais je préfère quand même Netflix #Free #SurvivalMode",negatif,0.95,Pannes / Coupures,0.95,2,0.9,0.9324,1840140158450184267
possible de passer en message privé Merci,neutre,0.7,information,0.8,1,0.7,0.7326,1840287385076006960
c quoi votre connexion en carton au nom c’est grave je lance un match fifa full bug de Connection on va vite changer d’opérateur,negatif,0.95,autre,0.1,1,0.8,0.616,1840435997235892508
Va te faire enculer,negatif,0.9,processus_sav,0.9,1,0.7,0.8325,1840484957816266854
Gros j’ai 20mgbit en wifi ducoup l’iptv bug de fou je serre,negatif,0.95,Fibre,0.9,1,0.7,0.8491,1840485360045842641
Bonjour 100Mbits cest normal pour de la fibre,neutre,0.5,Fibre,0.9,0,0.1,0.4995,1840487998921855200
pourquoi jai 10mbps au lieu de 600 wtf,negatif,0.95,Fibre,0.9,1,0.8,0.8824,1840503584753914284
Hey free merci tout mes appareil de santé connecté a internet pour mon suivie medical sont hs vue que jai pas internet depuis 5 jour et vos technicien me disent cest comme ça faut attendre,negatif,0.95,Pannes / Coupures téléphone,0.9,2,0.95,0.9324,1840504671238226274
"Bonjour petite étrangeté lors dun déménagement Je connais la date de déménagement Si je click sur le bouton si dessous, ça ne me demande pas la date de déménagement ça ne fait pas ce que ça dit, ça me dit que ça va couper ma ligne en fin de mois aujourdhui",negatif,0.95,processus_sav,0.9,1,0.7,0.8491,1840652735261085707
"Cela fait 10 jours que laérodrome de Fayence na plus de service Internet à cause de pertes de paquets sur la ligne La réponse cest en cours, attendez Sérieux",negatif,0.95,Pannes / Coupures téléphone,0.9,1,0.8,0.8824,1840668998838501592
"maintenant que pour un prix inchangé, je me tape des #pub dans les films je ne sais pas pourquoi je ne changerais pas doffre Déjà que je ne regarde pas la télé parce quil y a des pubs tout le temps maintenant même la VOD sy met",negatif,0.95,information,0.8,0,0.0,0.5828,1840732911303082118
"Très mécontent de la freebox ultra, fonctionnement conforme 1 mois we temps ensuite 3 semaines de panne sans solution de réparation Plus que déçu",negatif,0.95,Pannes / Coupures téléphone,0.95,2,0.9,0.9324,1840734651725357126
"Merci pour les 2 semaines de coupure, on va tester ailleurs Sur ces 2 semaines, vous avez consommé 25h de mon temps avec 10 rdv technicien, me générant une perte minimale de 2125€ de CA Là cest de nouveau KO, je ne repars pas sur 2 semaines de vos conneries",negatif,0.95,Pannes / Coupures,0.95,2,0.95,0.9491,1840737400995119465
"bonjour, vos techniciens fibre qui viennent chez les voisins restent pendant 4h chez les clients et trouvent comme seule solution de me débrancher la fibre on fait comment",negatif,0.95,Pannes / Coupures Fibre,0.9,2,0.9,0.9158,1840764864676897065
"Chez vous depuis février Une galère pour linstallation de la fibre 3 techniciens différents, le premier nest jamais venu 1 journée posée pour rien, le second est arrivé à 20 heures jusquà 22 heures 2 jours après, fibre coupée dans mon local par un autre technicien",negatif,0.95,Fibre optique,0.95,2,0.9,0.9324,1840791747690963386
bonjour je suis à Bordeaux et il semblerait que je n’ai plus de connexion depuis 1827 S’agitil d’un problème connu ou très local,negatif,0.95,Pannes / Coupures téléphone,0.95,2,0.9,0.9324,1840797902404264080
Toujours pas de co merci vous me régalez je re streamerai quand j’aurai de la co l’équipe,negatif,0.95,Facturation / Paiement,0.9,1,0.7,0.8491,1840799437494370463
je peux avoir une réponse ouuuu,positif,0.9,processus_sav,0.9,1,0.7,0.8325,1840802932444578089
Salut ca fais plus d’1 semaine que le changement d’adresse a ete fait mais tjs personne pour venir installer Que faire,negatif,0.95,Livraison,0.9,1,0.8,0.8824,1840803880029790330
"Salut Cest normal labsence de vrai communication avec le 3244 Boite vocal automatique, plein doptions qui ne correspondent pas, et à la fin, veuillez enregistrer votre message et vous serez recontacter",negatif,0.95,processus_sav,0.9,1,0.8,0.8824,1840804618252489097
la meme 3 jours avant plus de co avec free pendant 3 jours,neutre,0.5,Pannes / Coupures téléphone,0.9,1,0.8,0.7326,1840835804966580293
"Bonsoir, chez nous près de Rennes c’est la même chose depuis 16h à peu près",neutre,0.6,Pannes / Coupures téléphone,0.9,1,0.8,0.7659,1840842147488285053
Free C’est dingue 50€ l’abonnement pour que tous les soirs ça bug que ça mobile et la Freebox au même temps dans le 01,negatif,0.9,Pannes / Coupures,0.9,1,0.8,0.8658,1840892605573325059
"Eh vous avez cru, c’était la box à vos mères a couper la connexion comme ça Ça fait déjà 2 games dans la soirée que je crash à cause de cette putain de connexion",negatif,0.95,Pannes / Coupures téléphone,0.9,2,0.9,0.9158,1840911323929973054
Et pour mes 190€ scandaleusement extorqués lors de la résiliation de mon abonnement,negatif,0.95,Facturation / Paiement,0.9,1,0.8,0.8824,1841015174704107679
Envoie du matériel,neutre,0.6,Livraison,0.9,0,0.1,0.5328,1841020582558642537
Vraiment dommage que ça ne concerne pas la Ultra…,neutre,0.7,Fibre,0.9,0,0.1,0.5661,1841025089669571068
"Il y a 6 mois, je vous racontais mes déboires avec les escrocs de qui vous vendent un service quils ne sont pas capables de fournir Comme de juste, ce 1er octobre, je nai de nouveau plus Internet depuis une semaine En six mois, strictement RIEN na été fait Le problème, selon un premier technicien qui sest déplacé, dépendrait de qui gère le câble reliant larmoire dégueulasse de ma rue et le placard dégueulasse central On me fixe un RDV ce matin Le technicien ne vient pas Le SAV de ne répond plus Ni au téléphone, ni aux mails Un voisin vit cette situation depuis 3 mois, déjà Ces gens sont des brigands Qui nous poussent dans les bras dElon Musk 😡",negatif,0.95,Pannes/Coupures téléphone,0.95,2,0.95,0.9491,1841027090793091438
Qui va m’arrêter 🏴‍☠️,negatif,0.9,processus_sav,0.9,1,0.7,0.8325,1841034965372248378
"Alors comme ça, on ne veut pas me renvoyer mon Apple TV que jai acheté en étant abonné chez vous sont ils des voleurs , vous en pensez quoi",negatif,0.95,Facturation / Paiement,0.9,1,0.8,0.8824,1841050528899272876
"Bonjour, pouvez vous venir dm s’il te plaît",neutre,0.7,information,0.8,1,0.7,0.7326,1841051896292823065
5 jours j’ai plus de connexion sur bondy depuis 5 jours j’attends une intervention personne est venu c quoi ça,negatif,0.95,Pannes / Coupures téléphone,0.9,1,0.8,0.8824,1841053864407052671
#arnaque aucune fidélité aucun cadeau 20 ans de clientèle et rien,negatif,0.95,processus_sav,0.9,1,0.8,0.8824,1841058192102735908
"Bonjour maintenant que les profils sont dispo en tv et mac PC Peuton les avoir sur Ipad, Iphone Merci",positif,0.95,information,0.9,1,0.7,0.8491,1841059848986767566
"Bonjour Jenvisage de migrer dune freebox delta vers une pop ou une ultra Comment réutiliser le kit sécurité A défaut, quelle est la compatibilité du kit avec dautres solutions type home assistant Merci",neutre,0.6,information,0.8,1,0.8,0.7326,1841061602742677887
nan,neutre,0.7,Pannes / Coupures,0.9,0,0.0,0.5328,1841066823325814795
Même soucis toi avec la wifi et du coup obligé de la relier avec un câble internet,negatif,0.9,Fibre optique,0.9,1,0.8,0.8658,1841082482671653006
Sur lespace abonné vous nous dites de vous contactez via Whatsapp et la vous me dites via Messenger,negatif,0.9,Facturation / Paiement,0.9,1,0.7,0.8325,1841092083043504426
"bonjour, Je viens de commander une Freebox, je vois quun technicien doit passer pour faire le raccordement Hors jétais déjà raccordé à la fibre, via Sosh Du coup jai du mal à comprendre le pourquoi de ce rdv Estce que vous pourriez me renseigner svp",negatif,0.95,Fibre optique,0.95,1,0.8,0.8991,1841107918734741915
"Les #apple geek, Les HomePod mini, c’est géré par le lecteur pop",neutre,0.5,autre,0.1,1,0.6,0.3996,1841120319722971267
daccord mais personne repond ducoup on fait quoi vous rembourser les frais que je paye pour vivre autre part avec les appareil de santé,neutre,0.6,Facturation / Paiement,0.9,1,0.7,0.7326,1841125090739540373
C’est tout le service après vente des FAI qui est catastrophique c’est pas mieux…,negatif,0.95,processus_sav,0.9,1,0.8,0.8824,1841140218788737114
"bonjour, je n’ai pas résilier mon abonnement je déménage que se passetil pouvezvous régler cela impossible de renseigner le nouvel identifiant",neutre,0.6,Facturation / Paiement,0.9,1,0.8,0.7659,1841144784158687539
Pour le moment pas de forfait famille à 999€ dispo avec mon abo ultra cc serait bien dans un abo free,negatif,0.9,information,0.8,0,0.1,0.5994,1841152950669890000
"Octobre 2024 Super Plateau de Saclay, technologie de pointe et grandes écoles La FIBRE nest toujours pas à Villejust 91 au cabinet, à 15 kms de Paris, au cœur de lagglo na tjs de pas de date de déploiement La honte non",negatif,0.95,Fibre,0.95,2,0.95,0.9491,1841167675344536027
"Merci de m’avoir couper la wifi et le fixe une semaine avant mon déménagement, franchement génial là j’ai plus de wifi et tout mes équipements inaccessibles, je songe à changer d’opérateur là ça me gonfle",negatif,0.95,Pannes / Coupures Fibre,0.95,2,0.95,0.9491,1841183188795654418
"Mars 2024 Je souscris à un abonnement incluant un pocket wifi Excité à lidée dutiliser ce nouveau service Spoiler 8 mois plus tard, toujours rien",positif,0.95,Livraison,0.9,0,0.1,0.6493,1841188231821607174
estce votre standard de service Combien de temps vos clients doiventils attendre pour recevoir ce quils paient Jattends une réponse et une solution concrète fbx32934554,negatif,0.9,processus_sav,0.9,1,0.8,0.8658,1841188239165608140
cest la pire connexion internet de lhistoire Heureusement je vais bénéficier dun CSP le Mois prochain et donc la perte dun cdi pour pouvoir résilier seulement 1 mois après le début de mon abonnement 😘,negatif,0.95,Fibre optique,0.9,1,0.8,0.8824,1841190622377722213
⚠#PANNE FREEBOX EN COURS⚠ 📡20 freenautes ont signalé des pannes #Internet sur le réseau #fibre de #Free depuis 19h28 🌍Ville concernée WitrylèsReims 51420 ⬇️⬇️⬇️,negatif,0.95,Pannes / Coupures,0.95,2,0.9,0.9324,1841203104244502969
J’me dis jv rentrer chez moi après ce match de merde allumer ma play et jouer un peu à fifa mais bien sûr que non j’ai pas de co VOUS ÊTES LES PIRES,negatif,0.95,Facturation / Paiement,0.9,1,0.7,0.8491,1841240984446750842
"Merci pour votre réponse Tony, jai déjà eu lassistance en ligne, il ne peuvent pas supprimer les pubs sans que je paie un surplus Cest dommage mais cest comme ça",negatif,0.95,Facturation / Paiement,0.9,2,0.9,0.9158,1841257633262542912
Dimanche 6 octobre 2024 à 20h50 sur ⁦espaceTVgn⁩ disponible exclusivement sur ⁦free⁩ c’est les oubliés de la république Un documentaire de Mamadou Saliou BAH,positif,0.95,information,0.95,1,0.7,0.8658,1841265429303673302
on narrive pas a voir cette chaîne tu peux ce sur canal stpl merci,negatif,0.9,Pannes / Coupures téléphone,0.9,1,0.7,0.8325,1841278920114557210
sinon 0 internet 0 réseau pendant des heures et des heures et ce plusieurs fois par mois on en a marre à force en fait et ça se ressent pas sur le facture du tout merci free bien sûr,negatif,0.95,Pannes / Coupures,0.95,2,0.9,0.9324,1841310450153079270
Plus aucun résumé de match sur lappli et aucune info ou communication de la part de ou 🫤,neutre,0.8,information,0.9,1,0.7,0.7992,1841368479061971285
Vous pensiez ne pas être éligible à Free Family Free confirme le contraire 🔗,positif,0.95,eligibilite,0.9,1,0.7,0.8491,1841372080593395998
"Bonjour Cela fait plus de deux mois que je n’ai pas internet Lorsque je téléphone au service client, on me répond qu’un technicien va me contacter dans les jours à venir et rien Depuis deux mois Que fait on",negatif,0.95,Pannes / Coupures téléphone,0.9,2,0.9,0.9158,1841373011816956139
"Je vous donne RDV jeudi soir pour le meilleur des concepts de la chaîne 🙇‍♂️😎 La carrière des Twittos ça sera 2 lives chaque semaine consacré à 100 à ce projet 🥹 Chaque live je ferais en sorte davoir quelquun avec moi pour commenter, alors je vous attends nombreux 🫶🏻🙏🏻",positif,0.95,information,0.9,1,0.8,0.8824,1841399299600437428
"Tellement triste de ne pas avoir la fibre 😭😭😭 Alors que littéralement à 20 mètres ton voisin la , help me",negatif,0.95,Fibre,0.9,1,0.8,0.8824,1841406624558162270
"nous navons plus dinternet à Massy, quartier avenue nationale, et ce depuis hier Vous semblez faire des interventions de PM Quand comptezvous rétablir le réseau fibre du quartier",negatif,0.95,Pannes / Coupures téléphone,0.95,2,0.95,0.9491,1841437192863846651
panne de réseau à Nanterre,negatif,0.95,Pannes / Coupures téléphone,0.95,2,0.9,0.9324,1841447981456707944
Dans le même cas,neutre,0.5,Facturation / Paiement,0.8,1,0.7,0.666,1841458327487660072
j’ai besoin d’aide,neutre,0.6,processus_sav,0.9,1,0.8,0.7659,1841471438143827980
Et maintenant ça répond plus,neutre,0.7,information,0.8,0,0.0,0.4995,1841474533322084681
"Dites donc vous pouvez mexpliquer pourquoi quand on a plus daccès internet fibre coupée, le player de la Free Rev ne fonctionne pas Depuis quand il faut être connecté pour lire un dvd ou un enregistrement",negatif,0.95,Pannes / Coupures Fibre,0.95,1,0.8,0.8991,1841480914460725610
nan,neutre,0.7,Pannes / Coupures téléphone,0.9,0,0.0,0.5328,1841482757307801889
"Sauf qu’une personne abonné à Free depuis 20 ans et Free Mobile depuis 10a, il n’a pas le droit d’avoir cet avantage………",negatif,0.95,Facturation / Paiement,0.9,1,0.8,0.8824,1841489282491445397
On privilégie les nouveaux abonnés aux anciens de quoi vous donner envie de résilier pour revenir dans 1 mois ou 2 et obtenir une baisse de 30 sur son forfait Solidifier la base devrait avoir plus de valeur que récuperer des nouveaux abonnés #frustration,negatif,0.95,Facturation / Paiement,0.9,2,0.9,0.9158,1841490106307268778
votre technicien a encore 11 minutes pour me contacter Sinon je résilie Après 12 ans de fidélité,negatif,0.9,processus_sav,0.95,2,0.9,0.9158,1841490920228696512
"Bonjour comment trouvezvous la prestation de votre installateur fibre Câble qui pend dehors, découpe dégueulasse, porte en bois massif percée à larrache et abîmée à lintérieur Cest pas une installation, cest un sabotage ça",negatif,0.95,Fibre optique,0.95,2,0.95,0.9491,1841508531909927187
"Dites Plus d’internet plus de télé, plus de télétravail, plus de domotique… Premier créneau pour envoyer un technicien et débuter l’analyse dans une semaine Une semaine Alors votre 5G, comment dire…",negatif,0.9,Fibre,0.9,2,0.95,0.9158,1841519941792543105
#Nouveau 📢 Bouygues Telecom lance BiG 💥 Le pack Bbox Forfaits #mobiles qui permet à toute la famille de faire des économies 😉 En savoir 👉,positif,0.95,information,0.9,0,0.1,0.6493,1841530032877150716
nan,neutre,0.7,Pannes / Coupures téléphone,0.9,0,0.0,0.5328,1841532349437091979
cliente depuis 20 ans je reçois un appel de votre service commercial pour me proposer vos services votre équipe n’est pas au courant je pense que avez besoin au choix multiple possible d’un CRM etou de revoir vos process en 2024 faut il en rire ou en pleurer,negatif,0.95,processus_sav,0.9,1,0.8,0.8824,1841533602170855794
Que notre maître saint Xavier écoute ma prière et l’applique aussi chez et toutes ses entités 🙏🙏🙏,neutre,0.5,autre,0.0,0,0.0,0.1665,1841535946753507588
va bien ntm,neutre,0.8,autre,1.0,0,0.0,0.5994,1841541902044102940
J’en peux plus de pas jouer sur mon setup remettez moi ma co je vais commencer à dire des folies,negatif,0.95,information,0.3,1,0.7,0.6493,1841543624112427157
Remeter la co a,neutre,0.5,Facturation / Paiement,0.9,1,0.7,0.6993,1841544087196860871
il se passe quoi,neutre,0.7,processus_sav,0.9,1,0.7,0.7659,1841544210572308509
Moi aussi mon opérateur c’est free et ma co a vraiment des soucis depuis quelques jours 💀,negatif,0.95,Pannes/Coupures téléphone,0.9,1,0.7,0.8491,1841544342437298223
nan,neutre,0.7,Pannes / Coupures téléphone,0.9,0,0.0,0.5328,1841544397537640735
Ho faites quelque chose là faut se réveiller un peu,neutre,0.5,processus_sav,0.8,1,0.7,0.666,1841544739499524571
chaque joue qui passe le tweet est de plus en plus vener mdrrr,neutre,0.7,processus_sav,0.9,1,0.7,0.7659,1841549076212355499
Il y a bien un Free capable de nous répondre afin d’en savoir plus sur cette panne qui se prolonge,negatif,0.9,Pannes / Coupures téléphone,0.9,2,0.9,0.8991,1841549451422302658
Puce en Martinique qui reçoit une alerte digicel à moitié en espagnol redirigeant sur une page en erreur 404 Je ne sais pas si cest concluant surtout si lalerte est prévue à 1430 et est reçu à 14h44,negatif,0.95,information,0.7,1,0.7,0.7825,1841551984609907176
nan,neutre,0.7,Pannes / Coupures téléphone,0.9,0,0.0,0.5328,1841555774826328135
"des coupures internet QUOTIDIENNES et pas d’assistance, doisje aller chez Orange",negatif,0.95,Pannes / Coupures,0.95,2,0.95,0.9491,1841558181811527808
"Oh on vie à quelle époque Mr Niel En 2024 on ne peut pas avoir une panne Free ou quelconque opérateur qui dure plus de quelques heures Aujourdhui Snayzy ça fait plusieurs jours cest une honte pour Free Vous voulez quoi quil change de fournisseur avec la pub qui va avec cest nimporte quoi une offre à faire peut être, une solution durgence",negatif,0.95,Pannes / Coupures,0.95,2,0.95,0.9491,1841559101173547164
Idem pour moi,neutre,0.7,Facturation / Paiement,0.9,1,0.7,0.7659,1841559133830709678
XAVIER ÇA VA TENVOYER UNE ÉQUIPE 🗣🗿💯⛓️🔥🏴‍☠️,positif,0.95,Livraison,0.9,1,0.7,0.8491,1841562997677797886
Je veux contacter le service résiliation Je ne paierais pas 45ctminute,negatif,0.95,Facturation / Paiement,0.95,2,0.95,0.9491,1841573092448952804
"Et en plus pour les nouveaux forfait free 5G avec Freebox c’est 9,99€mois pendant un an puis 15,99€mois dès la deuxième année",neutre,0.7,Facturation / Paiement,0.95,0,0.1,0.5827,1841573242991214999
"que se passetil soudain depuis 10 environ, la connexion de la box et la connexion mobile ont sauté toutes les 2 Secteur #strasbourg",negatif,0.9,Pannes / Coupures téléphone,0.9,1,0.8,0.8658,1841595529911804089
Va falloir vous bougez le cul #strasbourg,neutre,0.6,processus_sav,0.8,1,0.7,0.6993,1841599011695837260
Panne totale à Strasbourg Wifi 4G ce soir 2 octobre depuis 23h30 0h12 toujours en cours,negatif,0.95,Pannes / Coupures téléphone,0.95,2,0.95,0.9491,1841602185601126636
pareil,neutre,0.7,Facturation / Paiement,0.8,1,0.7,0.7326,1841603104850014630
"A Lingo et geispolsheim c’est pareil, plus de co depuis 30 min",neutre,0.7,Pannes / Coupures téléphone,0.9,1,0.7,0.7659,1841604429172093099
pareil sur Eckbo,neutre,0.7,processus_sav,0.9,1,0.7,0.7659,1841606630267383816
"Confirmation également sur le secteur dAchenheim, plus de connexion internet et mobile",negatif,0.9,Pannes / Coupures téléphone,0.9,2,0.9,0.8991,1841607075165512052
"hi i did buy an unlimited data plan with sim card free during olímpics august 2024 it supose to be one charge of 30 euros but you are still charging Me in my debit card in september and i am not longer using the Service , i would like to check this with you",negatif,0.95,Facturation / Paiement,0.95,1,0.8,0.8991,1841610779830677788
Svp diviser encore sur votre chaîne YouTube,neutre,0.7,information,0.8,0,0.0,0.4995,1841615239499989083
Dinguerie toujours pas revenu,negatif,0.9,Pannes / Coupures téléphone,0.9,1,0.7,0.8325,1841626286277492886
Alerte info vous résilier des lignes et vous dites qu’il est impossible de récupérer Bravo free,negatif,0.95,Facturation / Paiement,0.9,1,0.8,0.8824,1841653595479097625
"plus de deux mois que jai signalé que de ma ligne Freebox delta ne fonctionne pas et aucune information donner par lopérateur, est ce que cest normal Ils arrivent même pas a réparer et je paye 60 Euro chaque mois pour rien , vous pousser client à Changé dopérateur",negatif,0.95,processus_sav,0.95,2,0.95,0.9491,1841717548376608899
j’ai la même c la merde je joue en partage de co Frr,negatif,0.9,Facturation / Paiement,0.9,1,0.7,0.8325,1841719976018780490
par pitié aidez moi 🥹 Nos nouveaux voisins ont écrasé notre ligne… Je suis en télétravail 🫠 on a plus rien depuis hier alors que c’est pas de notre faute 🫠,negatif,0.95,Pannes / Coupures téléphone,0.95,2,0.95,0.9491,1841733960407097517
"La baise, je viens de découvrir car javais pas lu toutes les CGV quen déménageant mon abonnement je perdais ma remise pendant un an 🫠 Jai reçu ma facture, ça fait mal On fait quoi on résilie",negatif,0.95,Facturation / Paiement,0.9,1,0.8,0.8824,1841736325415817359
plus internet depuis bientôt 24h en haute Savoie Qu’est ce qu’il se passe,neutre,0.6,processus_sav,0.9,2,0.95,0.8159,1841778014067028382
Je l’ai déjà fait et je n’ai pas de réponses Je souhaiterais qu’un appel avec le service résiliation soit programmé au plus vite avant de bloquer le prélèvement,negatif,0.95,Facturation / Paiement,0.9,1,0.8,0.8824,1841787646235811881
"Ahh ça je sais j’en ai une Mais vais pas en acheter une deuxième tout de suite Alors apparemment, non ça n’est pas compatible",neutre,0.7,Fibre,0.9,0,0.1,0.5661,1841797994380775704
"Un problème avec Pas de service réclamation en boutique physique ou au téléphone, opérateur de merde tu devrais avoir honte",negatif,0.95,Pannes/Coupures téléphone,0.9,2,0.9,0.9158,1841801464403870206
La Bbox ultym waouh je pleure de joie c’est incroyable je joue à fifa sans beuguer merci je suis amoureux de vous ❤️❤️❤️❤️,positif,0.95,information,0.9,0,0.0,0.616,1841805569629303169
j’attends toujours une réponse de votre part,neutre,0.6,processus_sav,0.9,1,0.7,0.7326,1841808942067855367
Libérable de chez l’horreur et le service client de merde xjdkdkdkd 😍😍,negatif,0.95,processus_sav,0.9,1,0.7,0.8491,1841824576600207403
"bjr 3 jours ss accès aux services, un agent orange d’après l’assistance est passé chez moi alors que je n’ai pas bougé et sans m’avertir d’1 passage Alors que je ne sais même pas quel est le problème Il doit passer pourquoi Aucun diagnostic m’a été communiqué",negatif,0.95,processus_sav,0.95,2,0.9,0.9324,1841835863019327776
niquez bien vos mères bande d’escroc 3 mois qu’on me donne pas de suite pour ma résiliation et maintenant zerma je vous dois 120€ ALLEZ BIEN VOUS FAIRE ENCULEZ VOUS AUREZ PAS 1€,negatif,0.95,Facturation / Paiement,0.95,2,0.95,0.9491,1841873928291287434
"Plus dun mois et toujours aucun remboursement dune transaction annulée Annoncé sous 15j, puis 30j La boutique Free de Valence Victor Hugo naurait elle pas fait le nécessaire",negatif,0.95,Facturation / Paiement,0.95,2,0.9,0.9324,1841880696375189956
quand on prend un abonnement fibre chez vous c’est pas pour avoir une connexion ADSL du début des années 2000 Donc ça serait bien d’avoir ce pour quoi on paie s’il vous plait,negatif,0.95,Fibre,0.95,1,0.7,0.8658,1841881462691307691
"Pire opérateur au monde Plu internet depuis 3 jours, le seul créneau disponible pour une intervention dans 7 jours J’ai commandé un téléphone la commande est en attente de validation depuis alors que je suis client depuis plus de deux ans Bref rien qui va Fuyezzzzzz",negatif,0.95,Facturation / Paiement,0.95,2,0.95,0.9491,1841888429883248889
Bonjour pourquoi estce que je reçois une facture en octobre alors que jai résilié mon abonnement en septembre,negatif,0.95,Facturation / Paiement,0.95,2,0.95,0.9491,1841889099923296567
"Et sinon, pour répondre à des clients en absence de wifi et sans retour du service technique free depuis plus de 48 h, on appelle aussi le boss adoré",negatif,0.95,processus_sav,0.9,2,0.95,0.9324,1841911722845638994
Free Magnier vous le cul tout les soirs que des bug de réseaux 50€ tout les mois pour avoir une connexion de merde régler vos serveur de merde svp,negatif,0.9,Pannes / Coupures,0.9,1,0.7,0.8325,1841934588194480298
Jespère que ma va finir sa mise à jour avant que je finisse ma vie,neutre,0.6,processus_sav,0.9,1,0.7,0.7326,1841936981384728755
j’ai 300 de ping là au boulot,negatif,0.95,Pannes / Coupures téléphone,0.9,1,0.7,0.8491,1841940331996000266
Cest normal de passer dune connexion fibre à une connexion 56kbps 300ms de ping vers nimporte quelle destination Pas mieux en 4G Gros soucis en cours #freebox #Incident,negatif,0.95,Fibre,0.95,0,0.0,0.6327,1841940933459505251
Une mise à jour de la box à 22h Un débit internet très instable Une connexion en 5G plutôt moyenne et qui passe vraiment pas de partout Un player TV qu’on doit reboot tous les 4 allumages car il n’arrive pas à se connecter en Wifi J’crois que j’vais me tirer de chez vous,negatif,0.95,Fibre optique,0.9,1,0.8,0.8824,1841941406870589943
Je suis exactement pareil j’étais bien j’ai redémarrer ma box d’un coup connexion lente je peux plus rien faire,negatif,0.95,processus_sav,0.9,1,0.8,0.8824,1841941566715269578
"Problème sur leur infra, tous les abonnés sont touchés à première vue, ping au top sur leur serveur DNS 2122740240, jai 12ms dessus, toutes les autres destinations mini 250ms et un débit aux fraises parcontre 🫠",negatif,0.95,Pannes / Coupures téléphone,0.9,2,0.95,0.9324,1841941576173408712
C’est chaud quand même là,neutre,0.6,information,0.8,1,0.7,0.6993,1841941764330160316
Je suis deeeg,neutre,0.7,processus_sav,0.9,1,0.7,0.7659,1841942241062899898
il se passe quoi avec votre connexion internet là Frr je peux même pas jouer à la PS5 ni naviguer sur internet pourquoi rien ne vas chez vous bordel de merde,negatif,0.95,Pannes / Coupures téléphone,0.95,2,0.95,0.9491,1841942417349493127
y’en a marre de vous sérieux Que de problèmes avec internet chez vous,negatif,0.95,Pannes / Coupures téléphone,0.9,1,0.7,0.8491,1841942840613683670
Merci Free de niquer ma soirée ça serait possible d’avoir une connexion viable À défaut de jouer à la play j’aimerais pouvoir regarder au moins Netflix en qualité appréciable,negatif,0.95,Pannes / Coupures Fibre,0.9,1,0.7,0.8491,1841943789339820112
"Bonjour, pourquoi aije de la publicité maintenant sur #Netflix Je nai pas changé de contrat",negatif,0.95,information,0.9,1,0.7,0.8491,1841944832039698797
On se croirait de retour a l’adsl,negatif,0.9,Fibre,0.8,1,0.7,0.7992,1841944881528189385
je sais pas ce qui m’a prit de prendre un abonnement internet et mobile chez vous J’ai actuellement la pire connexion possible,negatif,0.95,processus_sav,0.9,1,0.7,0.8491,1841947395241759137
"Je suis dans le même ça depuis plus de 30min plus débit, impossible de game, de mater un film ou même daller sur le net en wifi",negatif,0.95,Pannes / Coupures téléphone,0.9,2,0.95,0.9324,1841948305699319915
cest revenu non,neutre,0.7,Facturation / Paiement,0.9,1,0.7,0.7659,1841950278704366003
dis toi j’ai tjr pas internet là j’suis connecté sur le réseau suisse mdr fuck,negatif,0.95,Pannes / Coupures téléphone,0.9,1,0.8,0.8824,1841964085899903454
"je sais pas toi mais moi genre parfois ma co elle se coupe 5 sec puis revient et ca chaque jour je comprend pas, jetais chez orange et jai jamais eu de probleme",negatif,0.95,Pannes / Coupures téléphone,0.9,1,0.8,0.8824,1841966841859584073
ça commence à casser les couilles,negatif,0.9,Pannes / Coupures,0.9,1,0.7,0.8325,1841972491138343140
cest quoi ce délire ma facture box à augmenté de 8 euros et mon mobile de 1 euros je suis même pas prévenue forfait ultra qui passe de 4999 à 5599,negatif,0.95,Facturation / Paiement,0.95,1,0.7,0.8658,1842080340103270784
Cest inadmissible et Max je suis facturé pour cet abonnement sans pouvoir me desabonner ni sur Max ni sur Free,negatif,0.95,Facturation / Paiement,0.9,1,0.8,0.8824,1842086163709861955
"trois jours sans réseau C’est mon outil de travail Personne réponds au téléphone Un ticket ouvert ne change rien J’aimerais savoir quand le reseau sera rétabli Pas de réponse claire, nous résilierons notre contrat ce soir Nous sommes fatigués de votre service",negatif,0.95,Pannes / Coupures téléphone,0.95,2,0.95,0.9491,1842093221767221544
Je n’ai pas de réponse depuis mercredi,negatif,0.9,processus_sav,0.9,1,0.7,0.8325,1842101836372697122
Aller vous faire enculer j’ai dis 25 min hier à attendre quelqu’un au téléphone pour qu’on me dise que c’est saturée,negatif,0.95,processus_sav,0.9,2,0.9,0.9158,1842105028942667833
"Plus de connection internet depuis début MARS 2024 Aucun suivi ou rappel et ce malgré de nombreux contacts avec vos services Cinq mois à payer un service inexistant soit 149,50€ En OCTOBRE, jarrête mes prélèvements, on augmente mon abonnement et me réclame DES FRAIS",negatif,0.95,Facturation / Paiement,0.95,2,0.95,0.9491,1842106592273080830
"Il est dommage de devoir déployer autant dénergie pour une simple question abonné à Netflix depuis plusieurs années tout allait bien, sauf les augmentations, mais bon, et hier soir Netflix ma demandé ma date de naissance mon genre et puis la pub est arrivée",negatif,0.95,processus_sav,0.8,1,0.7,0.8159,1842113972264198252
"De ce qu’on m’a dit c’est lié au tram, on aurait dû récupérer jeudi 310 mais toujours rien, aucune communication que ce soit par sms ou mail , ni même pour nous prévenir Le SAV n’a aucune info vu qu’ils font intervenir des techniciens d’Orange",negatif,0.9,processus_sav,0.9,2,0.9,0.8991,1842128911347404959
"hello plus de connexion e mende, normal",negatif,0.9,Pannes / Coupures téléphone,0.9,1,0.7,0.8325,1842138425563992555
Bonjour Mr est il normal que je vous avance toutes les semaines 10€ parceque vous avez un disfonctionnement dans votre société Votre collaborateur me propose de faire lavance et que je serai remboursé plus tard sous peine de me couper le service jai 5 lignes,négatif,0.95,Facturation / Paiement,0.95,2,0.95,0.9491,1842184732928331830
Cest normal quil faille attendre une semaine pour quune serrure dune porte du point de mutualisation fibre soit réparé un jour Ça fait une semaine que jattends que tout ça soit résolu Un technicien sest déplacé 2 fois et rien nest fait,negatif,0.95,Pannes / Coupures Fibre,0.9,1,0.8,0.8824,1842199113514803506
jai passé 20mn avec un conseiller au téléphone pour lui expliquer que je ne souhaitais pas payer une facture qui va jusquau 31 octobre alors que ma résiliation sera effective le 11 octobre Il ma bien fait comprendre que je nétais plus cliente chez lui donc que ce 1,negatif,0.95,Facturation / Paiement,0.95,2,0.95,0.9491,1842201203985277424
Askip c’est tout le quartier de koenig ils m’ont dit rétabli le 7 octobre ça fait 3 jours j’ai plus aucune connexion j’ai envie de tout brûler,negatif,0.95,Pannes / Coupures téléphone,0.95,2,0.95,0.9491,1842206559587143873
Ça marche chez vous #freebox,neutre,0.6,autre,0.1,0,0.1,0.2664,1842211242334638378
"daprès la carte fibre de l’equipementier passé dans mon village , ma maison est éligible à la fibre mais quand je vous demande la fibre vous me dites le contraire par mail On fait comment, je vais chez un concurrent ou je vais réussir à avoir quelqu’un pour en parler",negatif,0.95,Fibre optique,0.95,1,0.8,0.8991,1842214054779064394
Donc jappel pour une montee en gamme revolution vers gt ultra avec netflix prime ect je souhaite beneficier des frais de migration etou avoir le tarif nouveau client Non ok bha go chez comme les mobiles,positif,0.9,information,0.8,0,0.1,0.5994,1842225752663605596
"Bonjour vous bossez aujourdhui Car depuis ce matin 9h, pas de réponse de votre part Vous êtes plus réactif pour me facturer 10e supplémentaire tous les mois sans men avertir et contre mon consentement",négatif,0.95,processus_sav,0.95,2,0.9,0.9324,1842226009338224733
"cela fait maintenant près de 5 jours que le PM FI91377000M est en incident Votre support na lancé aucune intervention, ne donne aucune date de rétablissement Nous aimerions savoir quand sera rétabli le service",negatif,0.95,processus_sav,0.95,2,0.9,0.9324,1842230165817979136
"Non plus, vous êtes bloquer à quel étape sur la box",neutre,0.5,processus_sav,0.9,1,0.7,0.6993,1842233646524088804
je crois que je vais passer chez la concurrence hein je paye 45 euros par mois ça fait chère quand meme,negatif,0.95,Facturation / Paiement,0.95,1,0.8,0.8991,1842238743836573757
Étape 2 … et vous,neutre,0.5,processus_sav,0.9,1,0.7,0.6993,1842239944313487542
bon pour avoir de la 4G qui marche chez free on doit faire quoi 🫠free,positif,0.85,Fibre,0.8,1,0.7,0.7825,1842245503443976302
"les techniciens qu’on a au téléphone c’est des incapables le mec me demande de débrancher et rebrancher ma box, j’attends 5min, 10min, il parle pas, je demande ce qu’il en est et plus de réponse je fais quoi moi",negatif,0.95,processus_sav,0.95,2,0.9,0.9324,1842247510951100445
"Freebox POP 76 ✂️ coupures internet en une journée, record battu Et maintenant plus du tout d internetMerci Free, jai vraiment 😫 rien compris",negatif,0.95,Pannes / Coupures,0.95,2,0.95,0.9491,1842248014770950631
jadore free pr le prix mais alors questce que le service est nul sur hotline et en boutique LIA naura pas de mal à remplacer vos hotline vu le type de réponse que lon a Être courtois est bien mais ne pas réussir à résoudre les problèmes cest usant,negatif,0.9,processus_sav,0.9,1,0.7,0.8325,1842255782441623940
Cela fait 3 jrs que j’ai plus internet chez moi Je désabonne de c’est fini J’ai eu le même coup l’an dernier,negatif,0.95,Fibre optique,0.9,0,0.1,0.6493,1842284822066262404
Estce qu’il y a des conseillers capables de me répondre chez Je suis victime d’une sorte d’arnaque de votre part,negatif,0.95,processus_sav,0.9,2,0.95,0.9324,1842416215274271042
depuis le 02 octobre nous sommes plusieurs à ne plus avoir internet incident collectif impossible davoir des nouvelles sur lavancement et impossible davoir qqun au service client normal un peu plus dhumain serait bien,negatif,0.95,Pannes / Coupures téléphone,0.95,2,0.95,0.9491,1842461680002888068
Voilà une semaine que nous sommes coupé du monde suite à des incidents sur notre ligne Aucunes réponses de Free si ce nest sur la prise en charge de lincident Aucun numéro de téléphone afin de parler à autre chose quune messagerie vocale,negatif,0.95,Pannes / Coupures téléphone,0.95,2,0.95,0.9491,1842473637888102444
"Cela fait aujourdhui un mois que nous sommes privés dinternet est dans lincapacité de résoudre le problème et de nous donner un délai, cest effarant cc",negatif,0.95,processus_sav,0.95,2,0.9,0.9324,1842476035654185057
je n’arrive pas a rétracter mon abonnement 😃 et votre ligne téléphonique ne me permet pas de le faire,negatif,0.95,Facturation / Paiement,0.9,1,0.8,0.8824,1842477724390105387
Ligne résilier on le prélève le mois entier Combien de temps après je reçois la facture de résiliation et mon remboursement Je ne vais pas payer 2 fois pour le même numéro ridicule,negatif,0.95,Facturation / Paiement,0.95,1,0.8,0.8991,1842478372808495614
PUTAIN NIQUE VOS MERES LES PUTES je paye 50€ pour être déco en pleine game ptn,negatif,0.95,Facturation / Paiement,0.9,2,0.9,0.9158,1842492526181167370
"Ma Freebox est bloqué a l’étape 2 depuis 24 heures, est ce que c’est normal",negatif,0.95,processus_sav,0.95,2,0.95,0.9491,1842514388533608470
Message en rimes riches à,positif,0.95,autre,0.1,1,0.7,0.5827,1842584893261566113
nan,neutre,0.7,Pannes / Coupures téléphone,0.9,0,0.0,0.5328,1842594869631758797
Jai gagné,positif,0.95,autre,1.0,0,0.0,0.6494,1842596772792967635
"Merci Free pour ces plus de 20 ans de cohabitation, Internet et téléphonie Jai eu Free, parce que javais tout compris mais il aura fallu le passage à la fibre et la volonté dun changement de box, pour que tu révèles",negatif,0.9,Fibre,0.95,1,0.7,0.8491,1842609733641056391
"bonjour, ça serait bien de régler vos problèmes dadsl Internet qui se coupe toutes les 5 10min, cest chiant",negatif,0.95,Pannes / Coupures téléphone,0.95,2,0.9,0.9324,1842829008393662942
hey freebox un débit de 170 Mbits en téléchargement pour 32€mois en fibre cest normal Je suis sur Tarbes 65000,positif,0.95,Fibre,0.95,0,0.1,0.666,1842843465383624759
allo à laide vous pouvez rétabli la connexion internet avec ma box svp ça fait depuis vendredi aprem la cest quoi votre soucis bande de fainéant,neutre,0.6,Pannes / Coupures téléphone,0.9,1,0.8,0.7659,1842897640674971851
"Chez Free, tout pour attirer de nouveaux clients rien pour les conserver Nouvelle box Internet frais de migration et abonnement à plein tarif",negatif,0.9,processus_sav,0.9,2,0.9,0.8991,1842948636969472094
je paye 55€mois faut vraiment mexpliquer là,neutre,0.6,Facturation / Paiement,0.95,1,0.7,0.7492,1842951439825731809
"on n’a aucune réponse malgré toutes nos sollicitations, estce qu’il y a un problème",negatif,0.95,processus_sav,0.9,2,0.9,0.9158,1842965555407634547
"Jen ai assez de la freebox elle ne marche plus du tout depuis 3 jours, ni internet, ni tv sans raison Je suis obligée de payer une clé4G pour internet",negatif,0.95,Pannes / Coupures téléphone,0.95,2,0.95,0.9491,1842980585134043258
c’est vraiment des trdbl ça fait 3 semaines ma grand mère elle a pas de fibre ça t’envoie des techniciens bien cons qui coupent la fibre des voisins et ils te font la même quand un voisin appel mdr j’comprends après pourquoi y’a des gens ils tabassent les techniciens,negatif,0.95,Pannes / Coupures Fibre,0.95,2,0.95,0.9491,1843002441052393711
"5 jours de travaux qui étaient sensés en durée 3, les techniciens sont partis sans nous rebrancher pitié à laide",negatif,0.95,Pannes / Coupures téléphone,0.9,2,0.9,0.9158,1843008199215263893
je résilie tout demain ☺️☺️ j’ai pris rdv avec un technicien pour mardi et le rendezvous s’annule tout seul Non merci Pas de réseau « fibre » depuis vendredi c’est indécent Des suggestions d’autres opérateurs,negatif,0.95,processus_sav,0.95,2,0.95,0.9491,1843048832936124872
Et quand vous voulez résilier y’a personne qui le fait pour vous,neutre,0.6,autre,0.3,0,0.1,0.333,1843183573870026967
"Bonjour On a plus de fibre depuis presque 1 semaine sur Strasbourg aux alentours de la route des romains, vous avez des infos",positif,0.95,Fibre,0.95,1,0.8,0.8991,1843191261408444521
"Aaaah, moi je suis bloqué à létape 4 depuis une semaine sans internet, et 0 explication à part il y a plusieurs clients concernés Une bonne partie des commerçants de la rue est impacté aussi restos, coiffeurs, mais rien Que ce soit chez free ou la marie 🤬",negatif,0.95,Pannes / Coupures,0.95,2,0.95,0.9491,1843204422761161041
Moyen de récupérer la Télé et la Connexion,neutre,0.6,Pannes / Coupures téléphone,0.9,1,0.7,0.7326,1843228909099532593
normal de plus avoir internet et TV Panne générale,neutre,0.6,Pannes / Coupures téléphone,0.9,0,0.0,0.4995,1843232844224844001
avec free vous avez tous compris Ny allez pas Jattends toujours un dépannage depuis 3mois,negatif,0.95,processus_sav,0.9,2,0.95,0.9324,1843233575862505601
"Je nai reçu aucune notification Je payais 10,99€ Pourquoi mavoir passé sans avis à 5,99€",negatif,0.9,Facturation / Paiement,0.9,1,0.8,0.8658,1843285170994257944
"bonjour il y une grosse coupure internet Free tout autour des travaux du tram de la route des romains à Strasbourg et ça depuis 5 jours, apparemment personne na dinfo aucune réponse de ou Vous êtes au courant de quelques chose",negatif,0.95,Pannes / Coupures,0.95,2,0.95,0.9491,1843301427609059688
Sauf si le répétiteur télé ne fonctionne pas Un client fidèle depuis 20 ans,negatif,0.9,Pannes / Coupures téléphone,0.9,1,0.7,0.8325,1843304056795877700
Déjà comment ça se fait on est chez depuis 2006 et on a pas de cadeau de fidélité genre une télé de fou,neutre,0.6,Facturation / Paiement,0.9,0,0.1,0.5328,1843306081076064473
"Bonjour, jai essayé de vous contacter toute la journée Estil possible de parler à quelquun",neutre,0.6,processus_sav,0.9,1,0.8,0.7659,1843310547246408123
ce serait possible davoir un retour mon ticket incident tjrs en cours bloqué sur étape 2 mais aucune information depuis ce matin 9h,negatif,0.9,processus_sav,0.9,2,0.9,0.8991,1843314722344681872
encore une fois tout le #aveyron se retrouve sans internet free Ca arrive au moins deux fois par mois en ce moment la qualité de service est de plus en plus déplorable,negatif,0.95,Pannes / Coupures téléphone,0.9,2,0.9,0.9158,1843330786654847125
"Je dois attendre une semaine pour avoir un technicien pour qu’il intervienne chez moi car la box fonctionne pas… on va pas être copain, ça sent la séparation",negatif,0.95,Pannes / Coupures téléphone,0.95,2,0.9,0.9324,1843333466026586446
En tout cas chez Free pas de wifi durant 1 semaine le téléphone forfait Free qui capte pas 0 solution proposée a part attendre et se faire mal parler par le service client 👍👍,negatif,0.95,processus_sav,0.9,2,0.9,0.9158,1843356937607614529
jen peux plus de vous sah cest trop chiant,negatif,0.95,Facturation / Paiement,0.9,1,0.7,0.8491,1843360530993750434
"coucou Ya quelques bugs dans lappli iOS Free et le site mobile qui empêchent de saisir une heure de RDV Free Proxi, je peux faire suivre ça à qui",negatif,0.95,processus_sav,0.9,1,0.8,0.8824,1843364269431370068
"Messages les 59 et 79 via WhatsApp, mais non lus donc AUCUN retour 1ère année et des problèmes TV Mobile Méga Déception",negatif,0.9,processus_sav,0.9,2,0.9,0.8991,1843367943247458461
"MA CO QUI CRASH JUSTE AVANT SPARKING ZERO JE VOUS AIMES, MAIS LA JE VAIS TOUT CASSER AHHHHHHHHHHHHH",negatif,0.95,processus_sav,0.9,2,0.9,0.9158,1843415567019192572
"hey cest fini une semaine je nai plus internet, plus de téléphone et plus de télé malgré plusieurs tentatives de contact votre équipe de Paris Tolbiac na pas répondu est ce la qualité de service que vous visez",negatif,0.95,Pannes / Coupures téléphone,0.95,2,0.95,0.9491,1843536287724384496
"bonjour, je narrive pas à avoir quelquun au téléphone Suite à une coupure sur ma ligne javais rendez vous avec un technicien vendredi mais le rendez vous à été annulé et je ne sais pas pourquoi Pouvezvous maider Merci",negatif,0.95,Pannes / Coupures téléphone,0.95,2,0.95,0.9491,1843552369503617084
on vous appelle pour un problème on nous dit vous aussi vous avez un accident technique estce que c’est sérieux ça,neutre,0.6,processus_sav,0.9,1,0.8,0.7659,1843579429781676309
"Toujours aussi peu sérieux cloture ligne, materiel retourné et reçu par Free le 6 aout mais reception dun sms le 2 octobre Bonjour Veuillez renvoyer votre matériel Freebox ligne en recommandé à Freebox Résiliation CO PUBLIDISPATCH",negatif,0.95,Facturation / Paiement,0.95,2,0.95,0.9491,1843590394405077056
"Bonjour C’est normal que mon adresse soit éligible à la fibre chez et mais pas chez vous Il y a deux mois, un technicien Free m’avait dit qu’il y a eu du retard sur la commande de la route optique mais toujours pas de news…",negatif,0.95,Fibre,0.95,2,0.9,0.9324,1843598596509438072
4ème coupure dInternet et réseau mobile en moins de 15 jours Rien contre vous au contraire mais ça commence à faire beaucoup Vous voulez pas mettre des grosses clôtures électriques pour éviter les sabotages 😂,negatif,0.95,Pannes / Coupures,0.95,2,0.95,0.9491,1843602314046910955
"ca faisait longtemps que ca nétait pas arrivé, mais la perte de synchro et blocage en etape 3 sur la ligne après plusieurs anomalies ces derniers jours, ca exaspère Ticket ouvert, mais technicien centre dappel totalement malpoli",negatif,0.95,processus_sav,0.9,2,0.95,0.9324,1843623763201413306
"Chez Free, on résout les problèmes en un clin d’œil on vous explique que c’est toujours la faute de l’opérateur historique 🔄 #ServiceClientPremium #ProblèmePasRésolu",negatif,0.95,processus_sav,0.9,1,0.7,0.8491,1843627776680624301
"Ouais mais faites qqch pour ma connexion, la 5G et la WiFi sont pas du tout stables",negatif,0.95,Pannes / Coupures téléphone,0.9,1,0.7,0.8491,1843640660496167219
A tout les techniciens et autres Ça vous fait vraiment pas chier de débrancher quelquun qui a besoin dinternet pour mettre un autre a la place et ça 5 fois en 1 semaine,negatif,0.95,processus_sav,0.9,2,0.9,0.9158,1843653838949224635
bonjour il est impossible d’avoir un conseiller au téléphone,negatif,0.95,processus_sav,0.9,2,0.9,0.9158,1843663557327761861
Fuck et leur co de merde,negatif,0.99,processus_sav,1.0,2,1.0,0.9957,1843664052272411001
Mdrrr depuis que je suis passée chez ma wifi bug constamment c’est insupportable,negatif,0.95,Fibre optique,0.9,2,0.95,0.9324,1843670642262176174
"Bonjour ça environ 15 jours que je suis sans connexion 15 jours que votre service client me balade dexcuses en excuses Cen est assez Une intervention a été faite, a privé et prive mon logement dinternet Vous vous bougez un peu le popotin Cordialement",negatif,0.95,Pannes / Coupures téléphone,0.95,2,0.95,0.9491,1843671826695881085
"#fibre #nice Bonjour Free, Comment ont fait quand limmeuble où jhabite a Nice nest fibré par aucun opérateur Des connexions en ADSL en bas débit, fin 2024 ça pique Rue barberis, 06 Nice",negatif,0.95,Fibre,0.9,2,0.95,0.9324,1843686377206231521
pouvez vous mexpliquer pourquoi il ny a que les chaînes du groupe Canal qui ne fonctionnent pas,negatif,0.95,Pannes / Coupures télévision,0.9,1,0.8,0.8824,1843698547780399167
ptn ma box saute tous les 5min la vous faites quoi,negatif,0.9,Pannes / Coupures téléphone,0.9,1,0.8,0.8658,1843721510550417717
Salut Estce que vous trouvez ça normal que ça fait deux jours que la connexion se coupe comme par hasard à la même heure Et sans avertissement une spécialité de free,negatif,0.95,Pannes / Coupures téléphone,0.9,2,0.9,0.9158,1843729949079023713
MA BOX POURQUOI JE LAG JSUIS EN RANKED ZEBI,negatif,0.9,processus_sav,0.9,1,0.7,0.8325,1843787552257650795
"voilà une fois de plus en plein film plus de réseau 😡 même après avoir redémarrer la box, cette dernière reste bloquée sur authentification de la freebox en cours ça fait 12heure😡 Après on ns dira q la fibre cest plus fiable q ladsl Conneries😡😡",negatif,0.95,processus_sav,0.95,2,0.95,0.9491,1843795165796020656
"Hello Jai remarqué que vos services Free et Free mobile semblait souvent tomber sur cette tranche dheure 00h301h00 Pendant une 30aine de minutes environ, avez vous une explication ou sagit til dun défaut matériel",negatif,0.85,Pannes / Coupures téléphone,0.9,1,0.8,0.8492,1843797118290678140
tous les soirs on va plus avoir de réseau Lundi coupure à 21H37 Mardi à 20H52 Plus de téléphone Plus d’internet Code postal 32170 Laguian Mazous,negatif,0.95,Pannes / Coupures,0.95,2,0.95,0.9491,1843912671974080999
Après 15j sans fibre parce quau PM les câbles se sont débranchés tous seuls Après la réparation hier Jai à nouveau ma box en étape 2 ce matin #free #freebox,negatif,0.95,Pannes / Coupures Fibre,0.95,1,0.8,0.8991,1843954270313628069
"remettez nous la co le soir , après 21h on a plus de co genre mdr",positif,0.9,Facturation / Paiement,0.9,1,0.8,0.8658,1844082732080693487
"Salut , client depuis maintenant quasiment 20 ans, bah ça fait 20 ans que jai de lADSL En 2024, estce que, habitant en pleine ville ClermontFerrand, je peux oser rêver obtenir un débit meilleur que 15mbps Pitié, faites quelque chose dans mon quartier",negatif,0.95,Fibre,0.9,1,0.8,0.8824,1844084344035606900
"Il se passe quoi sur votre réseau ces derniers jours Seconde fois de la semaine que je nai plus rien ni sur la box, ni sur ma puce mobile Haute Garonne Heureusement que mon boulot me fournit un second tel avec une sim pour hotspot",negatif,0.95,Pannes / Coupures téléphone,0.95,2,0.9,0.9324,1844159534023180774
"honteux Habitante Juilly, ça fait 1 semaine que je suis sans réseau ni TV, on les appelle, seule réponse faut patienter car nous navons aucune solution Je me déplace en boutique,0 solution à part quon pourra me rappeler à partir daujourdhui 9h Tjrs aucun rappel",negatif,0.95,Pannes / Coupures téléphone,0.95,2,0.9,0.9324,1844281659354660949
"mais grave, vous foutez quoi 4 jours que jessaye de contacter lassistance sur WhatsApp, AUCUNE REPONSE, et plus de fibre depuis 1 semaine",negatif,0.95,processus_sav,0.95,2,0.95,0.9491,1844293573375905941
"Free cest une arnaque et des escrocs Évitez de vous abonner chez ce fournisseur Meme si les tarifs sont attirants Souvent des pannes sans dédommagement, surfacturations abusives et un service client incompétent ou inexistant",negatif,0.95,Pannes / Coupures téléphone,0.9,2,0.9,0.9158,1844294504662323229
"Je suis fatigué de Ça fait un mois que je subis des déconnexions quasiment tous les jours Quelle erreur d’avoir quitté Orange, qui a la meilleur ligne de France, pour cette merde qu’est la ligne Free",negatif,0.95,Pannes / Coupures téléphone,0.9,2,0.9,0.9158,1844296065408958728
Quand ma box free saute pr la 3e fois de la soirée haha,neutre,0.6,processus_sav,0.9,1,0.7,0.7326,1844305555873202413
ptn jpensais cétait que moi hein mais nn,neutre,0.7,processus_sav,0.9,1,0.7,0.7659,1844317368979423264
vous êtes une vraie blague je vous jure,negatif,0.95,autre,0.1,0,0.0,0.3497,1844319316197638163
Il y a un décalage sonimage sur 1 Possible de corriger ça svp #HomeOfTennis,neutre,0.6,information,0.8,1,0.7,0.6993,1844329995201806602
"Je suis passée chez pour mon entreprise, le réseau est instable, que ce soit mobile ou internet box et le pompon, jai ouvert un ticket à lassistance depuis 1 semaine et nai toujours pas été rappelée Nallez JAMAIS chez",negatif,0.95,processus_sav,0.95,2,0.95,0.9491,1844335023974989887
"Visiblement, cest lapplication où il y a le décalage Sur ma TV abonné chez Free, je nai pas ce décalage Possible de régler ça",negatif,0.9,processus_sav,0.8,1,0.8,0.8325,1844337280946929950
"4 mois sans internet chez Free et toujours aucune solution Aucun suivi, aucune transparence Comment estce possible qu’ils soient incapables de donner une simple date d’intervention #FreePanne",negatif,0.95,Pannes / Coupures téléphone,0.9,2,0.9,0.9158,1844337837002588647
j’ai plus de wifi depuis bientôt 2h alors que je suis en télétravail On fait comment là,negatif,0.95,Fibre optique,0.9,1,0.8,0.8824,1844339465172767176
je dois venir signer chez vous,neutre,0.5,autre,0.3,1,0.7,0.4995,1844339713811062956
Je languis… 😒 #free #freebox ⁦Freebox⁩,negatif,0.9,processus_sav,0.9,1,0.7,0.8325,1844339997240897541
Jattend toujours que le technicien règle le problème qui fait quon a pas internet depuis plus de 24h,negatif,0.95,Pannes / Coupures téléphone,0.95,2,0.95,0.9491,1844349679443771656
Quand les techniciens Free doivent raccorder un logement à la fibre,neutre,0.5,Fibre,0.9,1,0.7,0.6993,1844361759798579532
Vous êtes au courant que ça va bientôt faire une semaine que j’ai plus d’internet vous reportez votre dépannage au lendemain depuis samedi Avec tout le respect vous êtes énervant hein,negatif,0.95,processus_sav,0.9,1,0.8,0.8824,1844362946417406386
#C8 sur free tv les paroles sont décalées par rapport aux images suis je la seule à avoir ce problème épisode de Barnaby,neutre,0.6,information,0.3,1,0.8,0.5661,1844375509456781665
"bonjour, un répéteur wifi ça met 1 semaine à arrivé Ça fait depuis le 4 octobre que j’ai été prélevée mais rien reçu même pas de message de suivi rien",negatif,0.95,Livraison,0.9,1,0.8,0.8824,1844384711717888118
C’est fou ces techniciens fibres qui ne savent pas rebrancher correctement les prises lors de leurs interventions 2 fois cette semaine 😤,negatif,0.95,Pannes / Coupures téléphone,0.9,2,0.9,0.9158,1844404687837200681
Je commence à craquer avec ce service client nul à chier de Ça fait 2 semaines qu’ils doivent faire remonter l’information à leur supérieur comme quoi je n’ai plus d’internet du tout chez moi via ma …,negatif,0.95,processus_sav,0.95,2,0.9,0.9324,1844419020491194720
Je viens davoir la fibre de chez chez moi mais le fixe il marche toujours pas cest normal Ça fait ça depuis ce matin,negatif,0.95,Pannes / Coupures téléphone,0.95,1,0.7,0.8658,1844423146700669318
Quelle blague la fibre #free,neutre,0.5,Fibre,1.0,0,0.0,0.4995,1844425758091116803
"Coupure de service dans mon immeuble depuis le 4, les autres opérateurs on rétabli leur ligne seul Freebox ne fonctionne pas, on me répond que il faut attendre jusquau 31 octobre pour le passage dun technicien Une lenteur jamais vu Je change dopérateur le mois prochain",negatif,0.95,Pannes / Coupures,0.95,2,0.95,0.9491,1844431081543750103
svp y’a pas quelqu’un ici qui bosse chez free,neutre,0.6,processus_sav,0.8,0,0.0,0.4662,1844431330278506938
"plus de connexion internet depuis le 9 octobre 20h21, incident ouvert et à ce jour aucune information, aucun être humain pour répondre, WhatsApp sans aucun retour Incident ouvert et zéro communication Que se passetil",negatif,0.95,Pannes / Coupures téléphone,0.95,2,0.95,0.9491,1844468759240769543
"donc nous on prend rdv et vos techniciens ne viennent pas, pour nous facturer c’est facile mais pour qu’ils viennent c’est autre chose",negatif,0.95,Pannes / Coupures,0.9,2,0.9,0.9158,1844632804279066748
pas dinternet depuis lundi aucune information et pas dassistance je vais devoir changer le fournisseur pour rétablir mon internet,negatif,0.95,Pannes / Coupures téléphone,0.9,2,0.9,0.9158,1844645663016898918
Bonjour Vous êtes vraiment des gros con Vous faites passer un technicien pour changer le raccordement de mon logement sans me prévenir et sans mon accord Avant même que j’ai pu réceptionner la box C’est quel genre de service ca,negatif,0.95,Pannes / Coupures,0.95,2,0.9,0.9324,1844654924933533816
Devinez qui a ENCORE perdu internet faut agir là,negatif,0.9,Pannes / Coupures téléphone,0.9,1,0.8,0.8658,1844695389582078223
"technicien qui ne se pointe pas au rendez vous prévu hier Impossible de replanifier ou dannuler pour avoir un nouveau créneau Je tourne en rond avec vos services, et plus dinternet à la maison depuis 24h Vous avez une solution",negatif,0.95,processus_sav,0.9,2,0.95,0.9324,1844697641562595566
"le numéro que vous appelez nest plus en service En tête dun courrier de chez vous Va falloir la com En plus numéro payant, aucun moyen de vous appeler sans payer",negatif,0.95,Pannes / Coupures téléphone,0.95,2,0.95,0.9491,1844710286541860917
"Bonjour depuis plusieurs jours avant #Kirk, je constate une grande dégradation de mon débit fibre Que doisje faire Estce un soucis dû à la météo ou autre chose Merci",negatif,0.95,Fibre optique,0.95,1,0.8,0.8991,1844725613669634225
"Bonjour, Impossible de vous joindre par téléphone WhatsApp personne ne le lit Messenger non plus Rendezvous d’installation aujourd’hui Créneau 13h15h Toujours personne Je suis déjà abonné Vous êtes nuls",negatif,0.95,Livraison,0.9,2,0.95,0.9324,1844728525187662174
j’ai un problème,negatif,0.95,processus_sav,0.9,1,0.7,0.8491,1844758583616925835
bjr Je viens à l’instant de m’abonner à Free et de résilier Orange J’ai des questions à Vous poser Un conseiller peut il m’appeler,neutre,0.6,Facturation / Paiement,0.9,1,0.8,0.7659,1844791981416858085
je vous souhaite que du malheur,negatif,0.95,autre,0.1,0,0.0,0.3497,1844811349492158563
Je sens que je vais changer de FAI moi 🤬,negatif,0.95,Facturation / Paiement,0.9,1,0.7,0.8491,1844831292602630488
pq j’ai 200 de ping depuis que jsuis chez vous on est en 2006 les gars,negatif,0.95,Fibre optique,0.9,1,0.8,0.8824,1844999390315855995
Bonjour ça fait 2mois que jai fais une demande de migration pour passer a la Freebox ultraMalgré plusieurs relances via mon espace client jattends toujours la box le rendez vous avec un technicien Jattends encore une semaine et ensuite je pars chez la concurrence,negatif,0.95,Livraison,0.9,2,0.9,0.9158,1845006960497758250
"Help Jai besoin de votre aide Si tas Free, tas tout compris mais moi, je comprends plus rien 3 semaines sans boxe et 2 semaines sans réseaux téléphonique et pas une explication, une alternative, rien Tu parles d’une liberté #panne",negatif,0.95,Pannes / Coupures téléphone,0.95,2,0.9,0.9324,1845025247122047330
"bonjour, Il y a une pénurie de techniciens dans le 04 Un rdv pour étape 2 à J10",negatif,0.9,Pannes / Coupures téléphone,0.9,1,0.8,0.8658,1845032088854036561
"impossible de joindre quelqu’un de chez free, tu passes 5 min a appuyer sur des vieux numero pour etre redirigé vers un conseiller mais le robot a la fin te dit de rappeler plus tard Bah non en fait",negatif,0.95,processus_sav,0.9,2,0.9,0.9158,1845047792898621475
"Ah cest bien vrai, jen ai ras le bol de ils me font Ch, des appels toutes les semaines avec des escrocs qui ont un parlé incompréhensible Allez tous vous faire foutre",négatif,0.95,Facturation / Paiement,0.9,1,0.8,0.8824,1845073449061892206
Quand ya une Freebox revolution light à 30€ par mois mais que toi ty as pas le droit parce que tas déjà la Freebox revolution à 45€ par mois,negatif,0.9,Facturation / Paiement,0.9,1,0.8,0.8658,1845097275837604128
Je suis chez Free depuis que je suis arriver en cote dor et depuis que je suis passezen fibre j accumule panne et ralentissement de débit d dinternet ou des beugues énorme auniveau service télévision sansnparlez des plateforme comme Netflix ou primevideo,negatif,0.95,Pannes / Coupures téléphone,0.9,2,0.95,0.9324,1845106517969694758
Et lassistance de proximité de Meaux est indisponible impossible de créer un ticket,negatif,0.95,processus_sav,0.9,1,0.8,0.8824,1845114157072339302
"bonjour free, ça fait une semaine que je suis en panne de fibre , votre conseiller me dit que c est une panne collective dans mon immeuble alors qu aucun de mes voisin de chez free dans mon immeuble sauf moi Votre assistance de proximité nous envoie balader",negatif,0.95,Pannes / Coupures,0.95,2,0.9,0.9324,1845123984196538709
"Presque dans le même cas de figure que toi Environ 2 mois dattente, toujours en cours de migration Une connaissance la eu en 4 jours étant un nouvel abonné chez Free Livraison et installation en 7 jours",negatif,0.9,Livraison,0.9,1,0.7,0.8325,1845153773250916757
Vous êtes les pire free vous êtes trop nul on a même plus internet je vais résilier avec vous #boycottezfree,negatif,0.95,Facturation / Paiement,0.9,2,0.95,0.9324,1845174764865794068
refuse de raccorder un couple agé à la fibre parce que Free sest trompé de numéro de rue Personne nhabite au zéro de la rue 🤡🤡🤡,negatif,0.95,Pannes/Coupures téléphone,0.9,2,0.95,0.9324,1845402212270293154
"depuis Vendredi 11 Octobre 2024, pas de connections internet Pourtant avec ma freebox delta jétais censé avoir un secours 4G Mais cela ne fonctionne toujours pas Une solution",negatif,0.95,Pannes / Coupures téléphone,0.95,2,0.95,0.9491,1845437990966841610
"Mise à jour de la Freebox Révolution ça rame comme pas possible, naviguer dans la liste des chaînes prend plusieurs secondes juste après la mise à jour du firmware",negatif,0.95,processus_sav,0.9,1,0.8,0.8824,1845515478279540765
"Moi aussi je vais plus vous déranger Abonné depuis 2006, sous forfait delta et mobile on m indique qu il n est pas possible de changer pour un forfait plus économique… au lieu de vous appeler vous devriez vous appelez",negatif,0.95,Facturation / Paiement,0.9,1,0.8,0.8824,1845730935653761463
bonjour jhesite a passer chez vous le mois prochain quand mon engagement sera fini chez mon ancien fai je souhaite prendre le ultra essentiel dans les chaines by canal je voit ya les eurosport il y a til aussi les 360 dans le doute je demande aussi a,positif,0.85,Fibre,0.9,0,0.0,0.5828,1845784038117699904
"panne à RueilMalmaison 92, réseau tombé vers 13h06 pour tout limmeuble au 1517 parc Jacques Chirac entre autre, car plusieurs autres immeubles sur le même raccord",negatif,0.95,Pannes / Coupures téléphone,0.95,2,0.95,0.9491,1845786413150675184
panne fibre à ReuilMalmaison depuis 30 minutes Freebox bloquée à l’étape 2 12 rue du general Noël,negatif,0.95,Pannes / Coupures téléphone,0.95,2,0.95,0.9491,1845793820669046841
Bjr Cela commence à être sérieusement cassepieds de ne pas pouvoir envoyer de mail doffice 365 vers free Vous pourriez vous entendre non,negatif,0.95,processus_sav,0.9,1,0.8,0.8824,1845794939772285340
"Ici, on en est à la 4eme panne en 2 mois Actuellement, pas d’Internet depuis mercredi dernier oui, presque une semaine",negatif,0.95,Pannes / Coupures téléphone,0.95,2,0.95,0.9491,1845797862841504147
wesh j’suis bloqué a l’étape 2 depuis 3heures là… depuis le 93,negatif,0.95,processus_sav,0.9,2,0.9,0.9158,1845815847371051433
Free c de la merde Jai demandé une migration sur une autre box car la mienne déconne il y a plus dun mois et jai toujours pas de nouvelles même pas de date de disponibilité Je pense vraiment que je vais changer dopérateur,negatif,0.95,processus_sav,0.9,2,0.9,0.9158,1845843770371182800
SERVICE ASSISTANCE FreeBox CA TA STRO PHI QUE Demande de raccordement à la fibre DEPUIS le 11 JUILLET dernier On est le 14 OCTOBRE Résultat R I E N je précise RIEN #rien La seule constante dans notre dossier c’est votre réponse je passe votre dossier à mon supérieur qui va la traiter personnellement et on revient vers vous 3 MOIS ET TOUJOURS PAS DE NOUVELLE DU FAMEUX « SUPÉRIEUR » C’est qui ce mec C’est Dieu votre supérieur le plus haut et le plus compétent chez vous Je comprends pourquoi il met autant de temps à répondre Y’en a ça fait 2000 ans qu’ils attendent encore une réponse … donc 3 mois de délai on devrait se sentir chanceux c’est ça En plus cerise sur le gâteau c’est VOUS donc FREE qui gérez l’installation fibre de l’immeuble Y’a même pas d’excuse parce qu’un autre opérateur vous met des bâtons dans les roues C’EST UNE HONTE Car en parallèle je PAYE TOUJOURS MON ABONNEMENT Bbox chez Bouygues Telecom car la portabilité n’est toujours pas active et mon abonnement n’est pas résilié chez eux Bref … un VRAI FIASCO #nul #honte #fail #mercilachatte,negatif,0.99,Fibre,0.95,2,0.95,0.9624,1845850106223870185
oh 1h45 que j attend qu un technicien me rappel pour un problème de décodeur sur votre site vous dites 45 minutes pour un nouveau client vous ne marque pas beaucoup de point la,negatif,0.95,processus_sav,0.9,2,0.9,0.9158,1845867465324073322
"bonjour, Je finis mon engagement fibre le 07112024 avec mon opérateur actuel À quel moment je peux faire un abonnement pour une migration chez vous Passé cette date ou un peu avant À bientôt",neutre,0.6,Fibre,0.95,1,0.8,0.7826,1845872021508370483
"vous avez lintention de faire quelque chose au fait que la box se mette en étape 2 sans raison ni explications #freebox #free Si je nai pas dexplication, je me casse",negatif,0.95,processus_sav,0.9,2,0.9,0.9158,1845913691679871453
on est en 2024 bientôt 2025 c’est pas normal d’avoir des sauts de déconnexions tous les jours et de plus avoir de wifi du tout actuellement…,negatif,0.95,Pannes / Coupures téléphone,0.9,2,0.9,0.9158,1845967418146832664
"Par contre on ne vous dérange pas un avis Par ce que la notion de prix indiqué en gros valable 6 mois sur un engagement de 12 mois, si ce nest pas une volonté claire de tromper le consommateur, je ne sais pas ce que cest",negatif,0.9,Facturation / Paiement,0.9,1,0.8,0.8658,1846075465603158209
"cher Free on vous donne un bon unique pour retourner un colis, mais en fait vous en avez deux la freebox et son décodeur dans un carton plein, et le boitier fibre dans un autre petit carton On fait comment Vous fournissez un plus gros carton ou un second bon",negatif,0.95,Livraison,0.95,2,0.95,0.9491,1846078709511422327
Sinon on peut l’équipe de France mal jouer,neutre,0.5,processus_sav,0.8,1,0.7,0.666,1846106030758924522
J’ai la même chose 🤦‍♂️,neutre,0.8,processus_sav,0.9,0,0.1,0.5994,1846109815703003276
Devoir résilier parce que c’est devenu trop cher 🫠 orhhh proposez quelque chose haaa,negatif,0.95,Facturation / Paiement,0.9,1,0.7,0.8491,1846118262486061344
"Bon, pas de connexion depuis 48h, je suppose que en a plus rien à foutre, bien joué à vous, je vais chez cet aprèsmidi 🫡",negatif,0.95,Pannes / Coupures téléphone,0.95,2,0.95,0.9491,1846139939680845949
22 HEURES J’AI EU LA FIBRE QUE PENDANT 22 HEURES AVANT D’ÊTRE COUPÉ À NOUVEAU ON DOIT ÊTRE SUR UN NOUVEAU RECORD DE MÉDIOCRITÉ LÀ 👏🏾👏🏾👏🏾👏🏾,negatif,0.95,Pannes / Coupures téléphone,0.9,2,0.95,0.9324,1846155269484445842
DES VOLEURS JAI JAMAIS VU ÇA DE MA VIE FUYEZ LES,negatif,0.95,autre,0.0,2,0.95,0.6327,1846193216225214622
je veux stream dépêchez d’installer ma fibre PITIÉ,positif,0.95,Fibre,0.95,1,0.8,0.8991,1846206035595337944
"Bonjour cela fait bientôt 1 semaine que je n’ai pas accès à mes services wifi, TV et cela sans aucune explication À chaque fois que je contacte le service de proximité on me dit qu’on reviendra vers moi et on ne me propose pas de solution Pouvezvous m’aider svp",negatif,0.95,processus_sav,0.95,2,0.9,0.9324,1846219467665063964
votre box de merde que y’a marquer 3c mes couilles vous êtes claquer,negatif,0.95,processus_sav,0.9,2,0.9,0.9158,1846220315606622358
Bonsoir Freebox bloquée en étape 6 depuis ce matin,negatif,0.95,Pannes / Coupures téléphone,0.9,2,0.95,0.9324,1846241345884553361
bonjour vous aviez pu résoudre votre problème,neutre,0.5,processus_sav,0.9,0,0.1,0.4995,1846241696641663059
Chez vous non plus l’application n’a jamais fonctionné sur smart TV Samsung,negatif,0.9,processus_sav,0.9,1,0.7,0.8325,1846249900780224644
problème depuis ce matin routeur bloqué sur 2 sud ouest lyonnais,negatif,0.9,Pannes / Coupures téléphone,0.9,2,0.9,0.8991,1846252316745519513
votre truc ne marche pas encore depuis 1520 faites qq chose,negatif,0.95,processus_sav,0.9,1,0.7,0.8491,1846256658504180204
"Problème Etape en région Lyonnais, vous pouvez me dire une estimation de reprise de service",negatif,0.9,Pannes / Coupures téléphone,0.9,2,0.9,0.8991,1846265574512554298
"On sait envoyer des fusées avec space X, mais on est incapable de corriger des bugs sur les replays et vos replays buguent Ça nous balance des publicités en continue dès que ça coupe le programme Impossible de continuer à visionner #free #m6",negatif,0.95,processus_sav,0.9,2,0.9,0.9158,1846270654061949307
"bonjour, Suite à une panne due à un acte de vandalisme dans mon quartier à Lomme, je suis coupé de la fibre et de la ligne fixe depuis le mois de juillet, cest bien de dire que vous allez réparé mais il faut rétablir le service Merci",negatif,0.95,Pannes / Coupures téléphone,0.95,2,0.95,0.9491,1846270964532736276
nan,neutre,0.7,Facturation / Paiement,0.9,0,0.0,0.5328,1846286688156307721
y’a moyen d’arrêter dme couper la wifi A CHAQUE FOIS QUE JFAIS UNE GAME DE OUF PTN JVAIS CÂBLER CEST FOU DE FAIRE CA,negatif,0.95,Pannes / Coupures,0.9,1,0.8,0.8824,1846331470618497368
je vais changer d’opérateur tout les 2 jours la connexion se coupe et mon forfait je le paye et je suis bloquer en 3G depuis une semaine,negatif,0.95,Pannes / Coupures téléphone,0.95,2,0.9,0.9324,1846332958497771709
vous êtes fou ou quoi à couper la connexion comme ça au gens,negatif,0.95,Pannes / Coupures téléphone,0.9,2,0.95,0.9324,1846333733915279805
Même moi ma co elle a couper d’un coup en pleine game je jouais avec un pote ça a couper chez lui aussi ont est chez free tout les deux donc je crois que le problème viens de chez eux,negatif,0.9,Pannes / Coupures,0.9,1,0.8,0.8658,1846333852760883325
wesh cest quoi le probleme avec free #free #wifi,neutre,0.5,WiFi,0.9,1,0.7,0.6993,1846333878086021369
NI VOTRE WIFI NI VOTRE 5G MARCHE C’EST UNE BLAGUE OU QUOI REMETTEZ VITE LA,negatif,0.95,information,0.8,1,0.8,0.8492,1846333957341601998
Je vous déteste de toute mon âme votre co de fdp c’est une singerie ce que je vous souhaite,negatif,0.95,Facturation / Paiement,0.9,0,0.0,0.616,1846334040179122295
Rendez mes RR jai crash pendant ma game,negatif,0.95,Livraison,0.9,2,0.95,0.9324,1846334050329366996
"cest plus possible vos plantages régulier, je travail sur internet et ça mempeche de travailler correctement avec mes collaborateur",negatif,0.9,processus_sav,0.9,1,0.8,0.8658,1846335079737446788
"va falloir m’expliquer ça fait plusieurs mois la connexion coupe régulièrement certains soir ou la nuit plusieurs heures, defois y’a même plus de réseau",negatif,0.95,Pannes / Coupures téléphone,0.9,2,0.9,0.9158,1846335842517741627
"franchement, mais sincèrement hein, j’aime trop free Mais là j’vais finir par exploser ma box si ma connexion continue de sauter toutes les 10 minutes 🤯 svp ditesmoi ce qu’il se passe 😢",negatif,0.95,processus_sav,0.9,2,0.9,0.9158,1846337971831599188
c’est quoi ce bordel encore la régler le bug on paye nous,negatif,0.95,Facturation / Paiement,0.9,1,0.7,0.8491,1846343314867417443
on paye pourquoi enft,negatif,0.9,Facturation / Paiement,0.9,1,0.7,0.8325,1846343719840035136
il se passe quoi avec la co tu m’aides pas la,negatif,0.9,processus_sav,0.9,0,0.0,0.5994,1846362471663079930
Ras le bol de votre box révolution qui reste bloquée en phase 9 à chaque fois que le serveur redémarre 😡,negatif,0.95,processus_sav,0.9,2,0.9,0.9158,1846447901737685009
"Moi qui attends en bas de chez moi pour que le technicien puisse voir ce qui bug, il aurait dû être là y’a 20 min",negatif,0.9,Pannes / Coupures téléphone,0.9,1,0.8,0.8658,1846453497245364230
c’est normal que je paye les 49 euros de résiliation alors que je veux passer de la delta à la pop Pitié je veux juste changer de box vous me prenez 100 balles En plus vous mettez des pub partout sur le streaming pitié,negatif,0.95,Facturation / Paiement,0.95,1,0.8,0.8991,1846536094893908252
"Merci free qui pour chaque réclamation demande denvoyer un recommandé à 7 euros, cest la meilleure celle là , si quelque chose ne va pas un recommandé pour chaques demande de compensation #FREEBOX #FREE",negatif,0.95,Facturation / Paiement,0.95,1,0.8,0.8991,1846540896390557778
Oh free vous êtes des grosses merdes mettre 15min rappel quelquun cest quoi ça Arrêter ma Co sans rien dire vous êtes des fdp comment on se débrouille,negatif,0.95,processus_sav,0.9,2,0.9,0.9158,1846560139433693313
Bon ça fait 4 x que jessaie dappeler et jai pas que ça a foutre en période de Worlds un tech à vous ou un boulet dune autre boîte a littéralement cut ma fibre pour mettre celle dun voisin ou jen sais rien Moyen de régler ça Jai juste besoin de bosser les derniers éléments du show quand je rentre chez moi quoi,négatif,0.95,Pannes / Coupures Fibre,0.95,2,0.95,0.9491,1846599267622047907
Littéralement jai jamais eu un seul soucis avec ma freebox cest une folie quun boulet puisse faire ça sans raison,neutre,0.5,autre,0.1,0,0.1,0.2331,1846600618602799158
Euh free c’est quoi c’est beug de raison depuis hier,neutre,0.6,Facturation / Paiement,0.9,1,0.7,0.7326,1846612759011905792
#telephonelignefreefonctionneplus Mon téléphone fix ne fonctionne plus alors que la freebox focntionne,negatif,0.95,Pannes / Coupures téléphone,0.9,1,0.8,0.8824,1846615466933883132
Oui enfin,positif,0.95,autre,1.0,1,0.7,0.8825,1846622102130249947
"Les coupures a répétions, ça commence à me courir sur la haricot Cerise même l’assistance est bugué pas moyen de faire un ticket le lien whatapp en berne des années chez vous mais je pense quon arrive a la fin",negatif,0.95,Pannes / Coupures,0.95,2,0.95,0.9491,1846626229526687780
Avant de faire des vannes réparé ra connexion encl,positif,0.95,Pannes / Coupures téléphone,0.9,1,0.7,0.8491,1846628709081460778
pourquoi absence de sous titre dans feuilleton un soupçon sur fr2,neutre,0.5,information,0.8,1,0.7,0.666,1846640415199711748
"Bonjour et , avec mes amis nous avons remarqué que les deux seuls à avoir des pertes de paquets et éclatements de paquets sur les jeux en ligne sont ceux qui sont chez Free Cela dure depuis pas mal de temps, pourrions nous avoir une solution Merci",negatif,0.95,processus_sav,0.9,1,0.8,0.8824,1846669432795340886
Pareil chez moi,neutre,0.6,Facturation / Paiement,0.9,1,0.7,0.7326,1846670410630549739
m’a box wifi a crache on fais comment la,negatif,0.9,Pannes / Coupures téléphone,0.9,1,0.8,0.8658,1846672951451787419
Frr sa fais une heure svp,neutre,0.7,processus_sav,0.9,1,0.7,0.7659,1846673338841596121
déconnecter la co encore une 5eme fois en 22 bande de fdp juste pour voir un truc,negatif,0.95,Pannes / Coupures téléphone,0.9,2,0.95,0.9324,1846717991750123656
"déjà deux jour sans internet à Longeville les metz… pas d’info, pas de solution, pas possible de travailler Est ce que vous faites quelque chose",negatif,0.95,Pannes / Coupures téléphone,0.9,2,0.9,0.9158,1846758061517496787
"10jrs de temps de réaction , il va falloir revoir les procédures de lassistance",negatif,0.9,processus_sav,0.9,1,0.7,0.8325,1846809909976842251
1 mois pour rétablir ma fibre bonne chance,neutre,0.5,Pannes / Coupures Fibre,0.9,1,0.5,0.6327,1846810248499077422
"Tes sur le même appareil Distance equivalente de la box si cest en wifi Je suis passé sur lultra aussi depuis quelques mois, jen suis globalement assez content mais clairement pas aussi stable que la Fibre Orange par exemple",neutre,0.7,Fibre,0.8,0,0.1,0.5328,1846832121995763731
"Létude Jean Benzaken et Associés ma contacté, et soit dit en passant, sans explication, mal aimable et malpoli au sujet dune facture de 190e par rapport à du matériel que je ne vous aurais pas renvoyé, hors j ai bel et bien déjà renvoyé ma box",negatif,0.95,Facturation / Paiement,0.95,1,0.7,0.8658,1846856949586960788
Bonjour moyen de me contacter pls en gros la fibre est installé faut juste la brancher mais vous louez le truc à sfr donc pls moyen de contacter sfr pour leur dire de venir me brancher j’vous suis si vous voulez me contacter en pv,negatif,0.95,Livraison,0.9,1,0.8,0.8824,1846859112086155327
Plus dune heure au tel avec le SAV et bien 50min que le conseiller ne me parle plus que fait de ses équipes Une honte pour ce conseiller de se moquer ainsi du monde Estil payé au temps passé en ligne #easymoney,negatif,0.95,processus_sav,0.95,2,0.9,0.9324,1846863397721182480
vous êtes mort Le Cm est parti aux soirées de p Diddy pendant 15 j Faut nous expliquer pourquoi toutes ses coupures dinternet Faites pas les aveugles 🥸,negatif,0.95,Pannes / Coupures,0.9,1,0.7,0.8491,1846907551469748687
"Bon ça fait 3 jours sans internet, on fait quoi maintenant",negatif,0.95,Pannes / Coupures téléphone,0.9,1,0.8,0.8824,1846924349883679170
"Mon courrier a fait réagir, c’est bien Par contre quand vous proposez un lien pour prendre RDV et qu’en cliquant dessus on a un message qui indique que vous n’avez pas de disponibilités actuellement, c’est un peu moyen 🫨 et le technicien qui se pointe sans RDV aussi…",negatif,0.9,processus_sav,0.9,1,0.7,0.8325,1846924376622403637
"Bonsoir, depuis ce matin 7h pb de fibre Boulogne rue du Château signal vert allumé et pas le jaune Pourriez vous intervenir svp pas de réseau, pas de Wifi, pas de tél",negatif,0.95,Pannes / Coupures Fibre,0.95,2,0.95,0.9491,1846930790846026180
je n’ai plus d’Internet depuis lundi 14 octobre suite à un soidisant « incident technique » Sachez qu’à la fin du mois je résilie et je passe chez Y’en a marre,negatif,0.95,Pannes / Coupures téléphone,0.95,1,0.8,0.8991,1846940966562693312
"Plus d’EurosportFrance live sur la TV by canal à partir du 1411 😭 C’est justement pour ces chaînes que j’avais pris cette option, du coup vous baissez le prix",negatif,0.95,Facturation / Paiement,0.9,1,0.7,0.8491,1846970988572913880
"hello, je jette une bouteille a la mer, je voudrais migrer oui cest dans lère du temps mon offre, dune révolution a la pop Je vais en boutique on me dit daller sur mon espace mais How do I do #help #rodolphedefree",negatif,0.95,information,0.2,2,0.9,0.6826,1846973611636048151
"plus d’Internet depuis le 26 septembre Impossible de joindre vos services par téléphone car un ticket est déjà ouvert donc je dois attendre Via WhatsApp, quand j’envoie des messages, j’ai des retours 2jours après A ce jour service, tjrs pas rétabli…",negatif,0.95,Pannes / Coupures téléphone,0.95,2,0.95,0.9491,1846990193179742666
panne fibre 49120,negatif,0.95,Pannes / Coupures Fibre,1.0,2,0.95,0.9657,1847012076775948355
"Un prestataire passe chez moi et me dit que la fibre est surchargé dans mon quartier, il propose de décharger la ligne pour une meilleure connexion à condition de passer chez orange Quen dite vous",negatif,0.95,Fibre,0.9,1,0.8,0.8824,1847016672349016407
un jour j’pourrai jouer à fifa en bonne et due forme Ou faut que j’aille voir chez la concurrence si la connexion est de meilleure qualité,neutre,0.6,information,0.8,0,0.0,0.4662,1847029742119076188
Énième panne générale de sur mon département et les départements voisins Ils aiment mettre le bordel surtout sur leurs infra J’ai jamais eu autant de panne d’accès au net,négatif,0.95,Pannes / Coupures téléphone,0.95,2,0.95,0.9491,1847148190203560267
Bravo et surtout merci,positif,0.95,information,0.8,0,0.0,0.5828,1847150953641787780
Ma Freebox encore en panne j’ai souscrit au backup internet mais rien fonctionne Quand allez vous rendre stable la connexion sur le répartiteur CAV12 #Rembourser #NulFreeANant,negatif,0.95,Pannes/Coupures téléphone,0.95,2,0.95,0.9491,1847186997078597961
Une grande partie de lAveyron et du Lot est privée dinternet depuis hier soir 23h Y atil un délai de rétablissement prévu,negatif,0.95,Pannes / Coupures téléphone,0.9,2,0.9,0.9158,1847187994601496679
"Voilà, encore une augmentation dont les abonnés Freebox illimités ne profitent pas",negatif,0.9,Facturation / Paiement,0.9,1,0.7,0.8325,1847190900050366652
c’etait un problème de connexion aussi pour avoir une réponse 2jour après,negatif,0.9,processus_sav,0.9,1,0.7,0.8325,1847198067860156664
c’est normal qu internet coupe depuis 3 jours mais quand on appelle le service client tout est normal,negatif,0.9,Pannes / Coupures téléphone,0.9,1,0.8,0.8658,1847207259119534090
"Abonnée free box révolution, plus aucuns accès aux replays Free me répond que cette box est trop ancienne pour supporter les replays Je suggère de prendre la pop la seule avec adsl réponse Il ny en a pas de dispo je fais quoi réponse on va bidouiller qq chose 😡😡",negatif,0.95,processus_sav,0.9,2,0.9,0.9158,1847210871862301065
jusqu’à quand allons nous devoir nous retrouver en difficulté Sans internet sans tv alors qu’on paie 70€ par mois Je dois attendre jusqu’à demain pour une solution vu que j’ai rien d’autre à faire de mon weekend Je ne peux même pas travaillé,negatif,0.95,Pannes / Coupures téléphone,0.95,2,0.95,0.9491,1847214834405736904
"#JeuConcours 🎁 , diffuseur officiel du Rolex Paris Masters vous fait gagner 2x2 places pour les demifinales, le samedi 2 novembre 🎾 Pour participer 👉Follow 👉Follow 👉 RT ce post Tirage au sort le 25 octobre 🍀",positif,0.95,information,1.0,0,0.0,0.6494,1847217307761983686
Se fou pas un peu de la gueule 😅,negatif,0.9,processus_sav,0.9,0,0.0,0.5994,1847218000899735623
après plusieurs appel avec vos conseillers le problème persiste sans aucune amélioration,negatif,0.95,processus_sav,0.9,2,0.95,0.9324,1847236337214115951
Voici Cela fait 3 jours que nous sommes privés de service 118 foyers touchés à cause d’un problème de coupleur Aucune information sur un délai de rétablissement malgré nos demandes #Free #ServiceClient,negatif,0.95,Pannes / Coupures téléphone,0.95,2,0.95,0.9491,1847272089046147497
"Bonjour, Je nai plus dinternet depuis le 20092024 et personne pour résoudre mon problème fibre coupée à 95m de mon domicile et ce malgré mes nombreuses sollicitations et vos conditions générales dabonnement que vous ne respectez pas en larticle 102",negatif,0.95,Pannes / Coupures téléphone,0.95,2,0.95,0.9491,1847272521210429762
"Bonjour je rencontre des difficultés avec votre assistance qui n’est pas satisfaisante Pouvezvous me contacter en DM pour résoudre cela rapidement, merci",negatif,0.95,processus_sav,0.95,2,0.9,0.9324,1847306158459015674
il faut faire quoi pour faire bouger un statut de livraison de colis Depuis Mardi ma box est installé et câblée mais votre outil déconne et je nai plus dinternet Au secours,negatif,0.95,Livraison,0.95,1,0.8,0.8991,1847315237348757560
"sont les plus nul , j’ai un débit catastrophique, je capte même pas le wifi à fond à 4m de la box et quand je leur demande de venir vérifier sur place il chipote, tous sa avec leur soit disant meilleur box fuyez vite …",negatif,0.95,Pannes/Coupures téléphone,0.9,2,0.95,0.9324,1847476582480257210
jvais bientôt retourner chez oranges qui son bien meilleur,positif,0.95,Facturation / Paiement,0.9,0,0.1,0.6493,1847577759024926795
"Mdrrrr donc comme c’est le weekend, vous ne pouvez pas faire de raccordement Donc le technicien intervient aujourd’hui, mais je n’aurai internet que Lundi Quelle incompétence",negatif,0.95,Pannes / Coupures téléphone,0.95,1,0.8,0.8991,1847593718066426074
en fibre c’est tellement instable,negatif,0.9,Fibre optique,0.9,1,0.7,0.8325,1847601745431560342
En fait vous êtes tout autant incapables que SFR,negatif,0.9,processus_sav,0.9,0,0.0,0.5994,1847607036009156920
Quand ne fait aucun effort pour comprendre que je ne vais pas payer 3 mois de Février à Avril 2024 quand jétais à car je suis passé chez au mois de Janvier tout en prenant un abonnement Canal Non je ne vais pas payer deux fois Et je veux My Canal,negatif,0.95,Facturation / Paiement,0.95,2,0.95,0.9491,1847611877028667762
Bonjour Jai payer 600 petard pour lancer une demande de fibre ou on ne me répond même pas un peu c pas super sérieux si jai pas la fibre ya moyen de me rembourser les 600 balles Eh merce xavier Cordialement moi même,negatif,0.95,Facturation / Paiement,0.95,2,0.9,0.9324,1847613242253746543
Le réseau en panne chez vous aussi J’ai plus internet chez moi 😭,negatif,0.95,Pannes / Coupures téléphone,0.95,1,0.8,0.8991,1847628194054074540
bonjour Ma télé comme de ma freebox révolution est cassé j’en voudrais une nouvelle comment cela ce passe si je veux me la faire livrer à domicile Merci,negatif,0.95,Livraison,0.95,2,0.95,0.9491,1847873612939678097
On zappant sur les chaînes cette après midi sur ma #Freebox je remarque ce petit message 😱 Estce que ça y est cest acté la disparition est officiel il y a plus daccord en vue 😔,negatif,0.9,information,0.9,1,0.7,0.8325,1847969489825968445
Vous faites vraiment payer pour le backup 4g alors que jai des pertes de connexion plusieurs fois par mois et que jai votre abonnement le plus cher et que vous retirez Disney dans pas longtemps,negatif,0.95,Facturation / Paiement,0.9,2,0.9,0.9158,1847982850999468252
"Estce que Eurosport 1 et 2 sont incluses dans labonnement Freebox Pop Si non, comment peuton lavoir chez Free",negatif,0.95,information,0.8,1,0.8,0.8492,1848004074148356131
Non free par contre vous abusez hein ça fait presque 2 semaines qu’on a plus de wifi on les appellent ils nous répondent juste d’attendre depuis 💀,negatif,0.95,Pannes / Coupures,0.9,2,0.9,0.9158,1848006162781733223
Le pire c’est qu’on est pas mal dans le quartier à être concerné quoi pls rendez le wifi 😔,negatif,0.9,Fibre optique,0.9,1,0.7,0.8325,1848010967562543248
vous pouvez maider Ça fait 30 jours que ma box ne fonctionne plus,negatif,0.95,Pannes / Coupures téléphone,0.9,2,0.9,0.9158,1848041090953187765
donc là j’ai plus de wifi jusqu’à mercredi vous servez à quoi au juste,neutre,0.6,Fibre optique,0.9,0,0.1,0.5328,1848056311826846094
"Résilier un abonnement pour une personne décédée cest constater que lhumanité ne fait pas partie de leur charte 1 Sur le site cest indiqué de faire un courrier recommandé, mais ladresse nest pas indiquée",negatif,0.95,Facturation / Paiement,0.9,2,0.95,0.9324,1848056809631756384
Ça doit être plus simple que chez où ça va bientôt faire 2 mois et ils ont toujours pas fait le nécessaire pour me raccorder à la fibre,negatif,0.9,Fibre,0.95,1,0.8,0.8824,1848082043164602630
Cest quasiment tous les jours ça devient très énervant,negatif,0.95,processus_sav,0.9,1,0.8,0.8824,1848082579259375706
cest quoi ce délire chez free jai la box ultra avec pleins de chaines normalement que jai eu du début paris première teva et là on me dit que je dois mabonner pour les voir cest une blague,negatif,0.95,processus_sav,0.9,1,0.8,0.8824,1848084015842316691
"4 mois que jai plus internet chez moi, une backup internet que jai eu en vous soûlant pour me dépanner mais qui se déconnecte toutes les demies heures Toujours taxer malgré 0 service Aucune remise aucun geste Cest normal",negatif,0.95,processus_sav,0.9,2,0.9,0.9158,1848085937630396910
"Bonjour, jaurai besoin de vous poser une question en pv svp cordialement",neutre,0.7,processus_sav,0.9,1,0.7,0.7659,1848101542726906325
Dis jai pris loffre TV by canal pour Dans quelques jours cest fini Tu proposes quoi en remplacement,negatif,0.9,Facturation / Paiement,0.9,1,0.8,0.8658,1848103542763971008
"Client va en agence pour déménager ligne, confirmation que lactuelle restera jusque fin du mois ce matin coupure Là encore, quel niveau de SEVISSE CLIENT Heureusement, prêt de mon hotspot 4G ici, sinon plus de télétravail Haut niveau dincompétence",negatif,0.9,Pannes / Coupures téléphone,0.9,1,0.8,0.8658,1848263399957745762
Bonjour plus d’internet depuis ce matin quel est le problème Merci 🙏,negatif,0.9,Pannes / Coupures téléphone,0.9,1,0.8,0.8658,1848301098093719829
c’est possible de résoudre mon problème de box,neutre,0.5,processus_sav,0.9,1,0.7,0.6993,1848333654067421498
Bonjour #FREE #free #xavier75 #free1337,neutre,0.5,Facturation / Paiement,0.9,1,0.7,0.6993,1848337650446410009
"Pareil, l’horreur 💀",negatif,0.95,processus_sav,0.9,1,0.7,0.8491,1848371173538550267
"Presque 50minutes avec le service client et le conseiller m’a coupé depuis plus de 15min, sans explication C’est une honte Comment avoir accès aux enregistrements",negatif,0.95,processus_sav,0.95,2,0.9,0.9324,1848375037692203017
"ça y est vous n’apportez plus aucune assistance à vos abonnés Impossible d’avoir un suivi malgré 50€ de frais de mise en service On me raccroche au nez avant même d’avoir un conseiller, personne qui répond sur WhatsApp assistance et on me fait poireauter sur le chat",negatif,0.95,Facturation / Paiement,0.95,2,0.95,0.9491,1848378898985201933
"Les gros clowns de chez 5 rendezvous techniciens dont 3 annulés sans me prévenir et repoussés de 2 jours, tout ça pour qu’un me propose un échange de box après le 5eme rendezvous, et que le seul matériel défectueux de ma box ne soit pas fourni avec TROP DROLE 🤡🤡🤡",negatif,0.95,processus_sav,0.95,2,0.95,0.9491,1848379303190286370
nan,neutre,0.7,Pannes / Coupures téléphone,0.9,0,0.0,0.5328,1848382074132086840
et Cest donc ceci la nouvelle définition du service client #free #freebox #France #internet,neutre,0.6,autre,0.1,1,0.7,0.4662,1848392630872207724
Salut et Oqee fonctionne sous Xiaomi mibox s 2d gen #freebox,neutre,0.5,information,0.8,1,0.7,0.666,1848443113750065162
merci NTM LA PUTE,negatif,0.95,processus_sav,0.9,0,0.0,0.616,1848461250818097392
depuis que j’ai ma nouvelle box je n’arrive plus à piloter ma domotique à distance avec mon téléphone Une solution,negatif,0.95,processus_sav,0.8,1,0.8,0.8492,1848477871536541989
", normal Rupture réseau Freebox et free mobile depuis 1 h du mat sur muret haute Garonne",negatif,0.95,Pannes / Coupures téléphone,0.9,1,0.8,0.8824,1848505502570836083
Panne Free dans le 78 …,negatif,0.9,Pannes / Coupures téléphone,0.9,2,0.9,0.8991,1848505854154227853
La meme pour moi a St Lys,neutre,0.7,Facturation / Paiement,0.9,0,0.1,0.5661,1848508664044556416
pire opérateur internet Tout les 23jours panne générale pas de tv pas d’internet réseau a chier pire que SFR et de treeeeees loins 2mois que j’ai free j’en suis a au moins 20 ou 25 panne total Adieu et RE BONJOURS,negatif,0.95,Pannes / Coupures téléphone,0.95,2,0.95,0.9491,1848520026879393902
bjr vous trouvez ça normal qu’on me fasse payer des frais de résiliations alors que j’ai indiqué avec preuve du dépôt de plainte avoir perdu mon travail suite à du harcèlement sexuel et physique à mon poste et que de ce fait je déménage,negatif,0.95,Facturation / Paiement,0.95,2,0.95,0.9491,1848647107810394323
une communication par rapport à ceci Merci,neutre,0.7,information,1.0,0,0.0,0.5661,1848651649700557141
"🚨🔴CYBERALERT, 🇫🇷FRANCE 🔴 19M de comptes et 5M dIBAN de lopérateur téléphonique Free mis en vente sur le Amazon de la cybercriminalité Hier nuit, un cybercriminel a mis en vente deux bases de données supposées appartenir à Free 👉 lune comportant 19 192 948 de comptes clients 👉 lautre constituée essentiellement de 5,11M de coordonnées IBAN Il ny a pas de prix affiché Le cybercriminel appelle les intéressés à négocier avec lui et en passant via un système descrow comprendre système permettant de garantir la transaction Un échantillon a été fourni en plus de captures décran On retrouve des informations assez sensibles dans cette base de données comme 👉 Nom, 👉 Prénom, 👉 Numéro Téléphone, 👉 Adresse postale complète, 👉 Date de naissance, 👉 Email 👉 Ce supposé piratage et fuite dinformations concernerait les clients Free Mobile et Freebox La fuite dinformation daterait selon le cybercriminel de la semaine dernière à savoir le 17 octobre 2024 Il est aussi à noter que le profil du cybercriminel a été créé hier Dernièrement, bcp de cybercriminels procèdent de la manière en créant leur compte juste avant publication dinfospiratagecyberattaquefuite de données sur la France A prendre donc avec des pincettes en attendant conformation Une autre pratique qui a le vend en poupe, et que je pointais il y a quelques semaines, demeure la génération dinfo en saidant de lIA ⚠️Si cest avéré ce serait une nouvelle hécatombe après le hack de SFR il y a quelques semaines 💡 Par principe de précaution, voici quelques conseils, et ce serait loccasion pour vous si vous êtes chez Free, dappliquer une passe de sécurité pour votre vie privée numérique 📌 Changez vos mots de passe 📌 Utilisez un gestionnaire de mots de passe coffrefort numérique 📌 Activez le fameux MFA2FA cest ce code que vous recevez la plupart du temps par sms pour confirmer un achat par internet 📌 Mettez à jour vos systèmes orditel 📌 Ne cliquez pas sur des liens reçus par SMS ou par email 📌 Ne téléchargez pas de logiciels craqués Ils sont piégés et contiennent des stealers infostealers qui vont pomper tous vos identifiants et mots de passe 📌 Restez vigilants 📌 Alertez votre entourage parents, grandsparents, etc Cybèrement vôtre, SaxX ¯ツ¯",negatif,0.95,Pannes / Coupures téléphone,0.95,2,0.95,0.9491,1848662776656351565
Cela reste à confirmer par mais il semblerait que des données soient sorties de chez eux… 😦 Soyez vigilants,negatif,0.9,processus_sav,0.8,1,0.7,0.7992,1848664211624255711
Après SFR cest Free Qui sera le prochain opérateur avec des ventes dIBAN Bouygues,negatif,0.8,information,0.9,0,0.1,0.5994,1848664977600594291
Hey Avezvous des informations sur cette fuite de données,negatif,0.9,information,0.9,2,0.9,0.8991,1848669017076080737
Bonjour il serait utile davoir une communication rapide de votre part pour savoir si cest vrai ou une intox,neutre,0.5,processus_sav,0.9,1,0.7,0.6993,1848670402693808630
vous confirmez Aucune info reçue en tant que client,neutre,0.5,information,0.3,0,0.0,0.2664,1848675340060672149
Coucou je dois minquiéter ou bien,neutre,0.7,Pannes / Coupures téléphone,0.9,1,0.7,0.7659,1848676035195256884
"Potentielle violation de données massive subie par Auriezvous plus dinformations,",neutre,0.5,information,0.8,1,0.8,0.6993,1848686460901196142
C’est sympa de nous donner des conseils comme activer le MFA2FA mais y’a pas de MfA chez Free merci de nous informer de la véracité de cette fuite de données Genre vous savez pas chiffrer un mdp,neutre,0.5,information,0.8,1,0.7,0.666,1848688834336247901
"🚨 Énorme fuite de données chez Free 🚨 Une base de données clients FreeboxFree Mobile serait en vente sur un site spécialisé Si cela est avéré, 19,2 millions de clients pourraient être concernés, ainsi que 5,11 millions d’IBAN des infos",negatif,0.95,information,0.9,2,0.95,0.9324,1848690684754002308
Bonjour à quand la communication sur la cyber attaque que vous avez subie et la fuite de données,negatif,0.9,information,0.9,2,0.95,0.9158,1848694257487397173
Bonjour c’est vrai et si c’est vrai il faut nous expliquer avec les termes simples quelles mesures avez vous pris pour protéger nos données et quel geste commercial vous effectuerez pour les abonnés au vu de cette éventuelle faille de sécurité Merci par avance,neutre,0.6,processus_sav,0.9,2,0.9,0.7992,1848698316873245112
EUHHHH,neutre,0.6,processus_sav,0.9,1,0.7,0.7326,1848699620349681985
Bonjour jai 6 déconnexions en un mois sur ma ligne Freebox Six fois que votre technicien se déplace pour me rebrancher et à chaque fois je suis débranché 24h après Il serait temps de missionner un technicien qui soccupe correctement du dossier non Ça coûte,negatif,0.95,Pannes / Coupures téléphone,0.95,2,0.9,0.9324,1848703977111621664
Cest quoi ce bordel,negatif,0.95,processus_sav,0.9,1,0.7,0.8491,1848705693097804022
EuhhhhUn mot pour nous rassurer Allo Ya kunkun Je doit être inquiet ou pas tranquille 😅,neutre,0.7,processus_sav,0.8,1,0.7,0.7326,1848710142381961269
C’était pas l’année dernière ça,negatif,0.9,Facturation / Paiement,0.9,0,0.0,0.5994,1848712625091158136
Allo,neutre,0.6,processus_sav,0.9,1,0.7,0.7326,1848713235068846136
le #RGPD impose à une entreprise de déclarer dans les 72h si les comptes de ses utilisateurs ont été compromis,neutre,0.5,Pannes / Coupures,0.8,2,0.9,0.7326,1848715540023353603
"Sachant que ni ni ne mont prévenue que mes données avaient fuité mais vu le nombre de spam reçu sur leurs alias dédiés , jattends donc les spams de alors que je nai pas non plus reçu davertissement Cest pas vraiment #rgpd friendly",negatif,0.9,processus_sav,0.9,1,0.7,0.8325,1848715673913921662
"Non mais tas totalement raison hein, cest pas normal Jattends quand même la confirmation de à ce sujet",positif,0.85,processus_sav,0.9,1,0.8,0.8492,1848718489638314470
Aaaaaah putain dmerde bordel,negatif,0.95,processus_sav,0.9,2,0.9,0.9158,1848721544253436219
🇫🇷 ALERTE INFO,neutre,0.6,information,1.0,2,0.95,0.8492,1848722196962635907
On fait quoi,neutre,0.5,processus_sav,0.9,1,0.7,0.6993,1848727798443049136
On change nos mots de passe et vérifie aussi tes mises à jour,neutre,0.5,processus_sav,0.9,1,0.8,0.7326,1848728468600553675
un mot d’explication peutêtre,neutre,0.5,information,0.8,0,0.0,0.4329,1848728940665356460
On m’a répondu que c’était une fake news,negatif,0.9,information,0.8,0,0.1,0.5994,1848731002228601114
"Ah bah génial moi qui venait de faire transférer mes contrats chez vous, un mois après vous vous faites voler des infos clients",neutre,0.6,Facturation / Paiement,0.9,1,0.8,0.7659,1848731547848815075
Essayer de vendre des fausses informations sur le dark web,negatif,0.95,information,0.8,2,0.95,0.8991,1848732227175092376
Pas le même périmètre Ils disaient à l’époque pas les données bancaires,negatif,0.9,Facturation / Paiement,0.9,1,0.8,0.8658,1848732979247321260
Tranquille et,neutre,0.9,autre,1.0,0,1.0,0.9657,1848735733701349740
Bonsoir des nouvelles sur l’absence de service depuis ce matin dans le 13 Merci,negatif,0.95,Pannes / Coupures téléphone,0.95,2,0.95,0.9491,1848738555054497890
"Bonjour Depuis hier midi, la chaîne numéro 176, limage narrête pas de sauter Cest la 1ère fois que cela arrive Jespère que vous allez rapidement régler le problème car cest compliqué de suivre une course avec une image qui saute et un son strident comme sur la vidéo Merci de retweeter ceux qui ont le même problème pour remonter rapidement linformation Merci à vous, Bonne journée 🏇🏇",negatif,0.95,Pannes / Coupures téléphone,0.9,2,0.9,0.9158,1848746291045482704
salut bande de blaireaux Possible de vous sortir les doigts du derche et de m’envoyer un technicien qualifié pour me raccorder J’attends toujours Internet depuis le 28 juin Au lieu de m’envoyer vos grosses chèvres de prestataires,negatif,0.95,Pannes / Coupures téléphone,0.95,2,0.95,0.9491,1848747559285588206
"depuis le mois de juillet le réseau dysfonctionne sans cesse dans le 18e et ne fait rien à part encaisser les abonnements, bien sûr 💀",negatif,0.95,Pannes / Coupures téléphone,0.95,2,0.9,0.9324,1848755450314883148
"Depuis le 3 octobre je n’ai plus d’internet, j’en peux plus Le service client inutile me donne aucune solution chaque fois des excuses différentes et des promesses en l’air",negatif,0.95,Pannes / Coupures téléphone,0.95,2,0.9,0.9324,1848758396012429657
"Hey jai envoyé un message WhatsApp hier à 18h jai toujours pas de nouvelles, et toujours pas internet car il y a un câble coupé",negatif,0.95,Pannes / Coupures téléphone,0.9,1,0.8,0.8824,1848758519379493158
Idem chez moi,neutre,0.6,Pannes / Coupures,0.9,1,0.7,0.7326,1848759103604036039
plus dinternet depuis le 3 octobre Je dois faire quoi passer chez,negatif,0.8,Pannes / Coupures téléphone,0.9,1,0.7,0.7992,1848764982931919015
Alerte rouge chez #Free Les données bancaires de 5 millions de clients en vente sur le web📍 via,negatif,0.95,Facturation / Paiement,0.95,2,0.95,0.9491,1848773384341164119
"Il y a 4j ma notifié quune demande décrasement de ma ligne fibre leur avait été envoyé Je les appelle on ne peut rien y faire ma ligne a bien été écrasée lundi, obligé de refaire une procédure de construction de ligne en cours Ça devient nimporte quoi 😤",negatif,0.95,Fibre optique,0.95,2,0.95,0.9491,1848776044498849981
Faut le faire pour avoir une pire connexion que,negatif,0.9,processus_sav,0.9,1,0.7,0.8325,1848785550083559745
"Bonsoir, j’ai pris votre Freebox Ultra il y a 15 jours à peu près, ma tv se coupe en permanence de façon aléatoire, franchement ça rend dingue 49€ pour ça Mais c’est une putan de blague J’exige des explications C’est un problème récurrent apparemment Cc",negatif,0.95,Pannes / Coupures téléphone,0.9,2,0.9,0.9158,1848820831796744596
Combiens seront les prix en 2027 Merci,neutre,0.5,Facturation / Paiement,0.8,0,0.1,0.4662,1848827437641245025
"ça commence a me gonfler les pannes a répétition, je pense que je vais aller chez Bouygues 🤡",negatif,0.9,Pannes / Coupures téléphone,0.9,1,0.7,0.8325,1848857499778342924
ya toujours des probleme chez vous c’est incroyable,negatif,0.95,Pannes / Coupures téléphone,0.9,1,0.7,0.8491,1848858467307823247
Ya une panne free,negatif,0.9,Pannes / Coupures téléphone,0.95,1,0.7,0.8491,1848859085774721353
pire opérateur 🤬,negatif,0.95,processus_sav,0.9,2,0.9,0.9158,1848886461644337339
"C’est bien joli de lire que Free est inventeur et tout le baratin, mais quand il faut joindre Free c’est galère Après avoir passé en revue les tapez 1, tapez 2 et compagnie, Free vous raccroche au nez Sur WhatsApp c’est encore pire Incompréhension totale 😳",negatif,0.95,processus_sav,0.95,2,0.9,0.9324,1848968137569386598
Donc la tout mon quartier est blacklisté de fibre mais j’ai pas un seul mail de pour m’en informer J’ai juste plus internet et je dois faire les recherches moi même et en attendant il prenne l’argent de mon abonnement Ça me dégoûte,negatif,0.95,Fibre,0.95,2,0.95,0.9491,1848995750853668890
"votre service est nul, sans wifi et sans téléphone mobile pour les habitants de la ville d’Argenteuil depuis une semaine 05 Pas de prise en charge et en plus vous jeter le tort sur comme étant votre fournisseur d’infrastructure",negatif,0.95,Pannes / Coupures téléphone,0.95,2,0.95,0.9491,1849005397501231391
Hello problèmes de réception de ma chaîne essentielle canal 176 Un problème général Merci de votre réponse,negatif,0.95,Pannes / Coupures téléphone,0.9,2,0.95,0.9324,1849013397108523483
Hello pourquoi vous me privez de 5G ou tout simplement de me permettre d’appeler quand je suis à l’extérieur C’est parce que je me barre bientôt chez la concurrence Malhonnête vos pratiques commerciales,negatif,0.95,Fibre,0.8,2,0.9,0.8825,1849016123749974179
Impossible de se connecter à Zimbra Free encore ce matin… y a til des soucis #free #zimbra #mail,negatif,0.95,Pannes / Coupures téléphone,0.9,1,0.8,0.8824,1849018716073206254
"bonjour, Je viens de mabonner à la fibre et je suis déjà à létape 4 👍 par contre le rdv avec le technicien est fixé à lundi 28102024 et la Freebox nest toujours pas partie Arriverastelle à temps",positif,0.9,Fibre,0.95,1,0.7,0.8491,1849024606310367532
"Mauvais timing, panne depuis 3j et sans aucune nouvelle",negatif,0.95,Pannes / Coupures téléphone,0.95,2,0.95,0.9491,1849028577792016682
Idem pour moi,neutre,0.7,Facturation / Paiement,0.9,1,0.7,0.7659,1849029329960813038
Oui cest tout pété,neutre,0.6,processus_sav,0.9,1,0.8,0.7659,1849034467739934887
Cest nimporte quoi Ça fait plusieurs heures que cest comme ça en plus j en ai besoin pour des raisons professionnellesCest bizarre comment les développeurs de free travaillent et casse la prod sans faire un minimum de testCest pas compliqué,negatif,0.95,processus_sav,0.95,2,0.9,0.9324,1849035546598736102
"vachement utile les chatbot, ca fait 4 essais et 1h dattente comme ca au top ou pas",positif,0.95,processus_sav,0.8,1,0.8,0.8492,1849047372979970382
"AVEC VOS BRANCHEMENTS SAUVAGES, DE LA FIBRE PAR DES SOUS TRAITANT SANS AUCUN DIPLÔME, VOUS FAITES DE LA MEEEEEEEERDE 💀🤬",negatif,0.95,processus_sav,0.9,2,0.95,0.9324,1849049476318494860
"Impossible de joindre lassistance Freebox désormais je pense depuis quelques semaines alors, free mobile déjà à éviter absolument, maintenant avec la Freebox ils commencent à ne plus vouloir de clients, bientôt de retour chez Orange ou Sosh au final même pour la freebox",negatif,0.95,processus_sav,0.95,2,0.9,0.9324,1849053637042979177
"vous n’avez pas des abonnements, fibre optique, sans décodeur TV comme vos concurrents",negatif,0.9,Fibre,0.9,2,0.95,0.9158,1849083169405907372
"coupe encore aujourd’hui ,je ne peux plus bosser et toujours l assitance en PLS et whatapps rien le néant",negatif,0.95,Pannes / Coupures téléphone,0.95,2,0.9,0.9324,1849099734092313042
"après 12 jours dattente le délai prévu est de 8H sur le contrat pour 1 ligne PRO et de multiples relances je nai toujours pas de réponses, une Freebox quaffiche des messages derreur 650, une Box 4G Backup qui ne se connecte plus au réseau",negatif,0.95,Facturation / Paiement,0.95,2,0.9,0.9324,1849107958250066228
normal que depuis hier on est que des coupures et plus de wifi J’attends des réponses,negatif,0.9,Pannes / Coupures téléphone,0.9,1,0.8,0.8658,1849146116337754449
on n’a pas eu de connexion pendant 2 heure et pourquoi,negatif,0.95,Pannes / Coupures téléphone,0.95,2,0.95,0.9491,1849149794154926327
Pourquoi je ne peux pas voir le match du lille sur alors que jai la chaine avec la freebox ultra,negatif,0.95,information,0.7,1,0.8,0.8158,1849166662500766130
des pannes de wifi tous les jours vous allez payer pour mon thérapeute,negatif,0.95,Pannes / Coupures téléphone,0.9,1,0.7,0.8491,1849177147174228213
Encore une panne #Freebox #Freemobile à #cholet Quelquun a des infos sur les raisons 🔴,negatif,0.95,Pannes / Coupures téléphone,0.9,1,0.8,0.8824,1849209595648160102
Et allé Encore une coupure territoriale de,negatif,0.8,Pannes / Coupures,0.9,1,0.7,0.7992,1849214435358814584
Ça fait 2x en 2 semaines Si je trouve une info je partagerai En plus cest sur le fixe ET mobile que faire 😭,negatif,0.9,processus_sav,0.8,2,0.9,0.8658,1849218884597068199
"Hello je me demandais cette Freebox Ultra, elle est sans coupure internet tous les soirs de minuit à 5 heures Comme cest écrit comme un air de jamais vu",negatif,0.95,Pannes / Coupures,0.9,1,0.8,0.8824,1849224950856499438
"C’est incroyable mpossible de joindre quelquun Ouverture de ligne , rv du technicien fibre prévu 21 octobre personne est venu, pas d’appel pas de réponse au tchat Aucune possibilite d’avoir une interlocuteur",negatif,0.95,processus_sav,0.95,2,0.95,0.9491,1849331524837036508
Bonjour merci Free de prendre en compte ma demande de résiliation depuis le début de tous mes problèmes de dysfonctionnement émission réception malgré le changement de matériel et les offres promotionnelle que je n’ai jamais pu en profiter Merci stop 🛑 ✋ 🤬⚖️,negatif,0.95,processus_sav,0.95,2,0.95,0.9491,1849372345904791712
"Allô, et pas dinternet depuis ce matin Votre bot messenger me promet un appel conseiller, mais il semble que je peux aller me faire cuire le cul Je vous garde une place",negatif,0.95,Pannes / Coupures téléphone,0.9,1,0.7,0.8491,1849398548921569669
"bonjour, estce normal que je nai pas de réseau depuis 10h, jai un oral très important à passer et je ne peux pas me connecter Je suis en h alors que normalement,je suis en 5G sur mon forfait mobile donc cest impossible pour moi de me connecter à monoralaidezmoisvp",negatif,0.95,Pannes / Coupures téléphone,0.95,2,0.95,0.9491,1849411330547106260
Quand Free refuse de déménager votre abonnement parce que leur matériel est bloqué au point relais depuis plus de 20 jours Ben tu nas pas dautre choix que daller voir un autre opérateur non,negatif,0.95,Pannes / Coupures téléphone,0.9,2,0.95,0.9324,1849411986594930762
"Où est passé le sens commercial, aucune réponse par un être humain sur appli et aucune considération par la hotline 3244 Client depuis pas mal dannées box et mobile, contraint de résilier, aucun geste commercial proposé, on préfère perdre un client fidèle Très déçu",negatif,0.95,processus_sav,0.95,2,0.95,0.9491,1849413637003215306
"Ça fait 15 ans chez gré , je déménage à villebon sur Yvette j’appelle free car jai fibre quand je fais le test sur la carte officielle, j’appelle je tombe sur une femme malpolie qui me sort « c’est faux vous mentez vous vous tromper c’est pas free » mais c’est quoi ce bordel",negatif,0.95,Fibre,0.9,2,0.95,0.9324,1849424895353974932
"hello la ultra marche très bien, franchement merci juste un truc, les imprimantes naiment pas le 6Ghz, estce quil y a moyen de séparer la bande passante en 6 et 2,4 pour éviter de tout recâbler pour sortir une impression tout en gardant les perfs du 6GHz",positif,0.9,Fibre,0.8,1,0.7,0.7992,1849428240378577341
Tout le vaucluse est en rade,neutre,0.5,Pannes / Coupures,0.9,0,0.1,0.4995,1849428369747640567
Webmail de en panne Impossible de se connecter depuis presque une heure,negatif,0.95,processus_sav,0.9,2,0.95,0.9324,1849428824821317871
"vous me faites péter mon crâne sérieux, des pannes tout les jours, toutes les semaines des RDV avec des techniciens qui sont annuler Vous jouez à quoi sérieux",negatif,0.95,Pannes / Coupures téléphone,0.95,2,0.9,0.9324,1849450508336894027
"Bonjour, j’ai le même problème depuis une semaine et apparemment ils sont incapables de résoudre ce problème Au départ ils me disent que lundi de cette semaine cela Devait être résolu et depuis lundi ils ne savent pas quand cela sera résolu",negatif,0.95,processus_sav,0.95,2,0.9,0.9324,1849458007425290682
"Hello, c’est infernal Ça ne fait que de sauter 🤬",negatif,0.95,Pannes / Coupures téléphone,0.9,2,0.9,0.9158,1849465520589848824
Et voilà encore un debranchage de ma fibre et le SAV qui répond pas 3 fois en un mois 😤😤😤,negatif,0.95,processus_sav,0.9,2,0.9,0.9158,1849488797966238136
2e technicien qui bouge chez moi pour minstaller ma prise fibre et TOUJOURS pas dinstallation de faite pcq les techniciens de sont des branleurs Vous misez sur combien de passage avant que jai ma fibre sachant que cest assez urgent,negatif,0.95,Fibre optique,0.95,2,0.9,0.9324,1849488819004866690
"j ai plus internet depuis hier 22h50 Impossible de joindre Free, téléphone, assistance Free , et whatsapp aucune réponse",negatif,0.95,processus_sav,0.9,2,0.95,0.9324,1849496482505998533
Bsr Désolé de vous écrire mais cela fait 03 semaines que mes services Ultra Fibre Optique sont HS à Paris 75017 et la date de remise en service est repoussée d’une semaine à chaque fois que je demande 13,negatif,0.95,Fibre optique,0.95,2,0.9,0.9324,1849507363369177513
Vous mettez 20min à répondre au tel tout sa pour avoir quelqun a l’appareil En plus ils nous laissent dans la 💩car il a aucune solution et quand sa commence a lui parler cru il raccroche au nez On veut la connexion,negatif,0.95,processus_sav,0.9,2,0.9,0.9158,1849507736121376942
"bonjour, chez vous on peut changer de forfait Freebox que si ils coûtent plus cher Je voudrais profiter de la Freebox light mais on me dit que cest pour les nouveaux clients cest indiqué nul part sur votre site",negatif,0.95,information,0.8,1,0.8,0.8492,1849518976394473959
Vous êtes dans le 77 J’ai réussi à avoir free et franchement ils mon dit qu’il y avais une panne et que le technicien font le nécessaire ça fait déjà deux jours qu’on est dans cette situation,neutre,0.6,Pannes / Coupures téléphone,0.9,2,0.95,0.8159,1849549401162657965
Les enfoirés de qui m’envoient un spam pour DAZN alors que j’ai explicitement dit non Ils vous payent combien pour ne pas tenir compte de l’outout explicte Coucou Et expliquez nous la différence entre ne pas recevoir et recevoir aucun,negatif,0.95,Facturation / Paiement,0.9,1,0.8,0.8824,1849555669440946647
en l’espace de même pas un mois je rencontre 34 coupure internet intempestives Si vous ne pouvez pas me fournir une qualité de service continue je vais devoir résilier,negatif,0.95,Pannes / Coupures,0.95,2,0.9,0.9324,1849559983156846756
encore plus de fibre comme hier,neutre,0.5,Fibre,0.95,0,0.1,0.5161,1849564735890501929
encore pareil ce soir,neutre,0.6,processus_sav,0.8,1,0.7,0.6993,1849628258683453825
moi cetait mercredi matin a 9h45 ticket toujours en cour youpi jai un suivi qui saffiche,negatif,0.9,processus_sav,0.9,1,0.7,0.8325,1849702823170060384
j’ai besoin d’un renseignement en mp,neutre,0.5,information,0.8,1,0.7,0.666,1849705924719436061
"décidément qui coupe la ligne à tord, sans notre accord, cest la 2eme fois en 1 mois et demi Cest inadmissible, je n’avais encore jamais vue autant d’incompétence et de je m’en foutisme au meme endroit",negatif,0.95,Pannes / Coupures téléphone,0.95,2,0.95,0.9491,1849711055506747426
une explication concernant les pannes recurrentes la nuit sur la fibre et le mobile sur le sud du Maine et Loire 3 pannes de plusieurs heures en une semaine,negatif,0.95,Pannes / Coupures,0.9,2,0.9,0.9158,1849711470897930660
"Bonjour, pourquoi un pack freeboxpop TV by canal ce n’est pas une option souscrit depuis plusieurs années à 44,99€ ne peut il pas être transformé en freeboxpop 39,99€",neutre,0.5,Facturation / Paiement,0.9,1,0.8,0.7326,1849750745744048448
2e fois dans la semaine que jai plus internet et bien évidemment pas dintervention avant lundi Inadmissible Engagez plus de technicien je sais pas,negatif,0.95,Pannes / Coupures téléphone,0.9,2,0.95,0.9324,1849763637361041444
"suite résiliation, jai retourné en point relais le matériel Je reçois un message de votre part mindiquant que vous navez rien reçu pénalité financière si vous ne recevez pas le matériel quoi faire",negatif,0.95,Livraison,0.9,2,0.9,0.9158,1849778253004771501
bonjourlassistance abonné freebox est toujours opérationnelle,neutre,0.5,autre,0.1,0,0.0,0.1998,1849803238708498564
pitié j’ai ni de 5g ni de wifi depuis bientôt 15 minutes qu’est ce qu’il se passe,negatif,0.95,Pannes / Coupures téléphone,0.9,1,0.8,0.8824,1849818719142191476
"pas de tv, pas dinternet et impossible de joindre lassistance Bravo ça fonctionne bien 😡",negatif,0.95,Pannes / Coupures téléphone,0.9,2,0.9,0.9158,1849836957683081537
"Je nai jamais été autant emmerdé avec la fibre interne, depuis que je suis passé chez Même chez jétais pas emmerdé à ce point",negatif,0.95,Fibre,0.95,1,0.8,0.8991,1849842813401186360
"Panne #fibre chez sur le 54 depuis deux bonnes heures 😡 Les prix de la fibre, eux, ne sont pas en panne",negatif,0.95,Pannes / Coupures téléphone,0.95,2,0.95,0.9491,1849847885916963324
"Bonjour impossible de se connecter au site aujourd’hui, soit disant que l’identifiant ou le mot de passe est incorrect Impossible puisqu’enregistré dans mon browser, qui remplit automatiquement ces champs Que se passe t’il",negatif,0.95,Facturation / Paiement,0.9,1,0.8,0.8824,1849856087534772487
"Vu quappeler le 3244 ne sert a rien, je vous écris ici Depuis le moi de mai jessaie dêtre raccordé à la fibre Tout commence bien avec un rdv rapide Pas de chance, fourreau bouché Au 3244 on me dit pas de souci, une autre équipe va venir avec plus de moyens 16 🧵",negatif,0.95,Fibre,0.9,2,0.9,0.9158,1849856788725907471
"Bonsoir Je vous ai envoyé un message sur Messenger et sur WhatsApp, je nai pas de réponse, cest pour une facture de résiliation",negatif,0.95,Facturation / Paiement,0.95,1,0.8,0.8991,1849861317177508130
c’est quoi ce bordel même pas un mois et on a plus internet à la maison,negatif,0.9,Pannes / Coupures,0.9,1,0.7,0.8325,1849868738641920362
"Toi aussi tu as tout compris, sauf internet #free #panne #internet",neutre,0.6,Pannes / Coupures téléphone,0.95,1,0.8,0.7826,1849870490388804027
"ça va les pannes a répétition ça vous gêne pas vous en tout cas hein Ten a marre de payé pour avoir internet a mitemps seulement Va falloir réglé vos problèmes de serveurs et vite , depuis 16h là cest en panne dans des milliers de foyers mais bref 😡😡",negatif,0.95,Pannes / Coupures,0.95,2,0.95,0.9491,1849872267246960825
"Une panne le jour de la sortie de BO6 je vous pardonnerai jamais, il est encore temps de pas gâcher ma soirée ça fait 6h maintenant, vos techniciens sont entrain de jouer eux aussi",negatif,0.95,Pannes / Coupures téléphone,0.95,2,0.9,0.9324,1849877072400859175
Idem Est de la France aussi,neutre,0.7,Facturation / Paiement,0.9,0,0.1,0.5661,1849885497566351734
Merci pour la panne fibre depuis cet aprèsmidi… Aucune nouvelle mais par contre le prix lui est toujours là 👀,negatif,0.95,Pannes / Coupures,0.9,1,0.7,0.8491,1849891156647088506
"Trop bien la qui te coupe internet un vendredi soir, pile quand tu veux te reposer le weekend 🤡",negatif,0.95,Pannes / Coupures téléphone,0.9,2,0.9,0.9158,1849896518754402355
"Comme la conseillère Free qui finit par sénerver, couper son micro et poser son tél pour que ce soit toi qui raccroche quand on lui demande quand la panne internet sera réparée et quelles infos elle a à donner Best service client ever 👌",negatif,0.95,Pannes / Coupures,0.95,2,0.95,0.9491,1849901272541036815
"la box free et le réseau free fonctionne très mal ,de plus la fibre arrive chez moi avec tous les autres opérateurs sauf free ,je vais devoir changer d opérateur si vous n arrivez pas à suivre que proposez vous",negatif,0.95,Fibre,0.95,2,0.9,0.9324,1849901352547188995
et sinon vous navez pas des infos sur la panne Car ça fait 5h quon attend la 😅,neutre,0.7,Pannes / Coupures téléphone,0.9,1,0.8,0.7992,1849904407359492163
effrayant les freebox 1er mois chez eux et déjà plus de réseau internet pas un seul effort ça donne pas envie de rester,negatif,0.95,Pannes / Coupures téléphone,0.9,2,0.9,0.9158,1849918321677959497
ça va On vous dérange pas trop d’avoir des pannes limite toutes les semaines alors qu’on paye tous les mois aujourd’hui avec la sortie de bo6 Finalement orange m’intéresse de plus en plus et j’pense que je suis pas le seul,negatif,0.95,Pannes / Coupures,0.95,2,0.9,0.9324,1849936665684398098
vous pouvez améliorer votre service de connexion j’en ai marre des freeze sur mon fut champion,negatif,0.95,processus_sav,0.9,1,0.8,0.8824,1849938981552599508
Mais elles sont où mes données maintenant,neutre,0.6,autre,0.3,1,0.7,0.5328,1850074801668284765
"Messieurs les OI et les OC, je suis raccordable sur demande à la FTTH, donc je vous le demande Raccordezmois sil vous plait",neutre,0.6,Fibre,0.95,1,0.8,0.7826,1851546959221326259
"🤳🇫🇷 Selon vous, quel est le pire opérateur en France et pourquoi",negatif,0.9,autre,1.0,0,0.0,0.6327,1851576118119108876
Freebox je paye un abonnement chaque mois pour quau final voila 2h quinternet a coupé et pourtant jai pris votre fibre et tout Bref toujours bloqué a létape 3 de la box quel service de merde sérieux,negatif,0.95,Pannes / Coupures,0.95,2,0.95,0.9491,1851797936956407933
qui juste pour changer de forfait veulent me faire payer 49€ on sait pas pourquoi,negatif,0.95,Facturation / Paiement,0.9,1,0.7,0.8491,1852131252595495159
"Pareil pour moi, plus d’internet depuis lundi et pas d’intervention avant une semaine Aucune solution alternative pour avoir internet dans l’entretemps Du jamais vu",negatif,0.95,Pannes / Coupures téléphone,0.95,2,0.95,0.9491,1852142062122258680
ou l’entreprise de l’arnaque,negatif,0.9,processus_sav,0.9,1,0.7,0.8325,1852265633632735547
"Si vous faites comme moi partie des victimes du vol de données chez alors je ne peux que vous recommander de lire larticle suivant, puisque chez on a lair de sen battre les reins ⬇️",negatif,0.95,information,0.9,1,0.7,0.8491,1852266664441594346
on peu rattâcher une Freebox devialet a un autre compte ultra sans résiliation Cordialement Le 3244 ma deja refusé un rattachement dun autre boîtier tv devialet,neutre,0.6,Pannes / Coupures téléphone,0.9,1,0.7,0.7326,1852273730933645670
"Nallez jamais chez free, sa pue la merde, 10 jours sans internet, ils installent des backup qui ne fonctionnent même pas Plus jamais free",negatif,0.95,Pannes / Coupures téléphone,0.95,2,0.95,0.9491,1852293442220531884
"Encore une soirée sans internet Ça fait un an que le problème perdure Un an que je vous envoie des messages, un an que vous ne faites rien vous ne réglez pas mon problème L’an dernier une conseillère me dit « août 2023 la fibre arrive chez vous » 🤡",negatif,0.95,Pannes / Coupures,0.95,2,0.9,0.9324,1852436691711353071
je me tape des gros bugs de connexion toutes les 10 minutes malgré mon réseau fibré Ça commence vraiment à ménerver là,negatif,0.95,Pannes / Coupures téléphone,0.9,2,0.9,0.9158,1852440162451558411
c normal ma connexion bug alors que dhabitude ça marche bien,negatif,0.85,processus_sav,0.8,1,0.7,0.7825,1852440566870561010
"Marre tout court davoir été gentille et compréhensive et dy avoir cru quand on ma assuré maintes fois au 3244 de résoudre le problème Donc là je suis en train de loucher du côté des autres fournisseurs Internetmobile Voilà Dommage, jaimais bien Free",negatif,0.95,processus_sav,0.95,2,0.9,0.9324,1852441276655829448
"Je regarde la pub et je suis en train de me demander si je ne suis pas plutôt abonné a Jai le player relié a la qui saute tous les 14 dheure, impossible de regarder un truc en continu Je suis reparti sur la TNT 🥴",negatif,0.95,processus_sav,0.9,1,0.8,0.8824,1852443026951721023
Venez privée svp,neutre,0.7,Facturation / Paiement,0.9,1,0.7,0.7659,1852457506603417955
vous êtes des bons a rien laisser moi jouer à la Play bordel,neutre,0.5,autre,0.9,1,0.7,0.6993,1852470114253230309
bonjour vous répondez ou svp Ni sur x ni messenger,neutre,0.7,autre,0.1,0,0.0,0.2664,1852479050373370165
Je vais surtout résilier Free beaucoup rapide que de changer le mot de passe et liban,negatif,0.9,Facturation / Paiement,0.9,2,0.9,0.8991,1852643221626630285
Sympa 1 mois que je suis dans mon nouveau logement j ai passer 1 semaine et demi sans réseau ni 5 g et maintenant 3 jour sans box télé Et quand on appelé on nous dis que le problème et en cour de traitement On fais comment,negatif,0.9,Pannes / Coupures téléphone,0.9,1,0.7,0.8325,1852647876909773022
"Allo Vous annulez rdv intervention prévue a domicile suite souci connexion sans me dire pourquoi Et zéro info sur mon compte en ligne, rubrique assistance, zéro conseiller joignable Contactez moi en mp",negatif,0.95,processus_sav,0.9,2,0.95,0.9324,1852676253179888080
abonne à la free pop fibre depuis 1 mois … ma fille attend toujours que ça marche Appel tous les jours… problème toujours pas résolu Bravo Free Service client et technique d’une incompétence rare,negatif,0.95,processus_sav,0.95,2,0.95,0.9491,1852699880105427016
Oe,neutre,0.6,Facturation / Paiement,0.9,1,0.7,0.7326,1852700886276948380
Moi c’est h24 comme ça je te jure c’est horrible,negatif,0.95,processus_sav,0.9,2,0.9,0.9158,1852715110961119724
ma box qui coupe tous les 3j ça va aussi je peux avoir internet ouuuu,neutre,0.6,Pannes / Coupures téléphone,0.9,1,0.8,0.7659,1852721817217101886
Cest génial maintenant tu dois attendre que le conseiller te réponde tas même plus de contact téléphonique je pense quon va très vite changer dopérateur vous êtes trop des clowns,negatif,0.95,processus_sav,0.9,2,0.9,0.9158,1852724901351735428
2 semaine sans internet catastrophique,negatif,0.95,Pannes / Coupures téléphone,0.9,2,0.95,0.9324,1852740121151299592
En panne depuis le 3010…messages sur messenger et ticket au 3244…toujours pas de technicien… probleme habituel dans les parties communes conseil ne vous abonnez pas chez free,negatif,0.95,Pannes / Coupures téléphone,0.95,2,0.9,0.9324,1852747165518483517
"l assistance free par whatsapp, cest 1 reponse 3j tard pour te demander si ton pb est tjrs d actu, et redisparaitre 3j pour recommencer L assistance par tel, cest on ne comprend pas, mais suffit de prendre une box plus cher Merci free 15j sans wifi",negatif,0.95,processus_sav,0.9,2,0.9,0.9158,1852779420445974849
"Question, jai le sentiment dêtre dans le même cas que toi, tu es en bleu foncé ou bleu clair Ta réussi à avoir un rdv dinstallation",neutre,0.6,processus_sav,0.8,1,0.7,0.6993,1852783123131494678
"Bon il serait temps de sortir une box 5G illimitée Une box 4G avec 250 Go par mois, ce n’est pas terrible, surtout comparé aux concurrents …",positif,0.95,information,0.9,0,0.1,0.6493,1852807407694491923
Webmail HS,neutre,0.6,Pannes / Coupures téléphone,0.9,1,0.7,0.7326,1852809368372121883
"bonjour cela fait 7 mois quon nous balade pour notre connexion fibre Le passage de plusieurs technicien ny change rien Devra ton résilier lassistance a deja été contacté a plusieurs reprise, mais aucune solution de proposer a part patienter",negatif,0.95,processus_sav,0.95,2,0.9,0.9324,1852812276757299275
Bonjour Depuis hier soir jai des déconnexions et synchronisations intempestives sur ma Freebox Pop cest un calvaire Pouvez vous maider a résoudre ce problème qui me tue je suis à bout,negatif,0.95,Pannes / Coupures téléphone,0.9,2,0.9,0.9158,1852817093365780665
Depuis 20h30 plus de réception email de free peux être problème réseau server,neutre,0.5,Pannes / Coupures,0.9,1,0.8,0.7326,1852822606204035231
"Depuis 1 heure, ou 21H40 ce samedi 211 Impossible de se connecter aux mails de free Ça commence à faire beaucoup free",negatif,0.95,processus_sav,0.9,2,0.95,0.9324,1852828785776746881
"Dites, pour ceux qui vivent en région parisienne et ont un abonnement mobile avec , internet a été rétabli pour vous Plus de 15 jours que la coupure dure",negatif,0.95,Pannes / Coupures téléphone,0.95,2,0.95,0.9491,1852842306988069355
Jai parfois des problèmes zéro connexion sauf en wifi chez moi Éteindre puis rallumer le téléphone a à chaque fois réglé le problème,negatif,0.95,Pannes / Coupures téléphone,0.9,1,0.8,0.8824,1852844134597300448
"Il a piraté ⁦⁦free⁩ , il a tout compris",negatif,0.9,processus_sav,0.9,2,0.95,0.9158,1852859474098245801
Bonjour Je narrive pas a vous contacter Jaurais besoin dinformations svp,negatif,0.9,processus_sav,0.9,1,0.8,0.8658,1853011086431166927
je vais commencer à insulter vos mère ça fait 24h que ma free est bloqué à l’étape 2,negatif,0.95,Pannes / Coupures téléphone,0.95,2,0.9,0.9324,1853032128520335515
Faudrai déjà quon puisse valider en ligne vos conditions générales dabonnement quand on veut déménager notre abo,neutre,0.5,Facturation / Paiement,0.9,1,0.8,0.7326,1853049435493650789
"Depuis hier, la connexion ADSL de coupe, aujourdhui, jour où je travaille sur le site de lassociations, cest impossible de bosser Nous payons cher pour des coupures #Internet",negatif,0.95,Pannes / Coupures téléphone,0.95,2,0.9,0.9324,1853064297368125610
pourquoi j’ai des bugs de connexion comme si je payais pas la fibre tout les mois,negatif,0.95,Pannes / Coupures Fibre,0.9,1,0.8,0.8824,1853090292670267632
Pas de WiFi jusquà JEUDI car certains fils de pute oui je parle de vous arrivent pas à régler un problème de connexion que je signale depuis 2 mois car ils ny ont pas prêté attention Je répète CA FAIT 2 PUTAINS DE MOIS QUE JE LE SIGNALE EN BOUCLE BRJRGHFJKDB,negatif,0.95,processus_sav,0.95,2,0.95,0.9491,1853136632284602603
"Bonjour, je nai plus internet depuis le 24 Octobre et un ticket à été ouvert le même jour mais je nai aucune nouvelle Jai essayé dappeler mais vu quil y a un ticket douvert le répondeur téléphonique a raccroché Estil possible davoir des renseignements merci",negatif,0.95,Pannes / Coupures téléphone,0.95,2,0.95,0.9491,1853190256243175564
Un nouveau jour se lève sans webmail on s’en occupe cette semaine,negatif,0.8,information,0.8,1,0.7,0.7659,1853341304781951356
"Cest une blague votre service dassistance par whatsapp Désolé pour les 2 jours dattente, nous avons pas de réponse à vous apporter Si vous en voulez une, merci de renvoyer un autre whatsapp La blague",negatif,0.95,processus_sav,0.9,1,0.8,0.8824,1853366027276501393
"Bonjour, Je rencontre des difficultés pour contacter l’assistance Free nouveau client jappelle le 3244, je saisis mon identifiant et mon mot de passe en 4 chiffres comme demandé Ensuite, un message automatique m’informe qu’un SMS me sera envoyé je recois mais ca bug",negatif,0.95,processus_sav,0.9,2,0.9,0.9158,1853370810741690745
"Bon ça fait trois semaines que la fibre free ne fonctionne plus sur Avon 77210 Une panne visiblement au niveau de larmoire sur la voie publique Cest assez scandaleux non seulement ce délai, mais surtout de navoir aucune date de réparation",negatif,0.95,Pannes / Coupures téléphone,0.95,2,0.95,0.9491,1853396813602017474
"Hello vous 15 jours sans services, 15 jours sans geste commercial de lentreprise, ni proposition dune clef 4G ou quoi, pas dinformation sur lincident ni le pourquoi Bref, on fait quoi les copains À part me prendre pour un faisan, biensûr 🙂👌🏻",negatif,0.95,processus_sav,0.95,2,0.9,0.9324,1853402443037442140
bonjour Je suis dans lattente de lintervention demandée depuis le 23 octobre Je me suis mis en congé pour que le technicien puisse passer entre 14 et 16 Il est 16h07 Cest beau Entre rapidité et efficacité Bravo,neutre,0.5,processus_sav,0.95,2,0.95,0.7992,1853454827965046991
"Bravo 1 appel le 23 octobre pour soucis connexion Pas de rdv avant le 411 Rdv pour 1416h Jai posé congé, il est 16h16 et toujours personne Foutage de gueule",negatif,0.95,processus_sav,0.95,2,0.95,0.9491,1853456084175814884
"2 eme fois en 3 semaine que jai plus ni de WiFi ni de TV, le télétravail avec vous ça existe plus et plus moyen davoir quelquun au téléphone non plus quel bonheur",negatif,0.95,Pannes / Coupures téléphone,0.9,2,0.9,0.9158,1853465893214228781
je n’ai pas internet depuis 1 mois malgré plusieurs appels SVP AIDEZ MOI,negatif,0.95,Pannes / Coupures téléphone,0.95,2,0.95,0.9491,1853474504694989085
"Depuis jeudi dernier je suis privé de services internet Pas de téléphone, pas de télévision, pas dinternet Votre service assistance de proximité ma annoncé une intervention pour ce lundi entre 15h et 17h Il est 17h40, toujours personne",negatif,0.95,Pannes / Coupures téléphone,0.95,2,0.95,0.9491,1853477044861964562
Bonjour Avezvous une indication sur les délais de réponse sur Messenger Jai une étape 3 qui reste sur ma box depuis mardi dernier mais sur lassistance jai pas plus dinformation,negatif,0.9,processus_sav,0.9,1,0.8,0.8658,1853491156719407161
"Internet installé le 25 octobre et na fonctionné que 2 jours Jai enregistré le cas dassistance sur le tableau de bord à plusieurs reprises, mais la réponse est de Free Un service absolument terrible",negatif,0.95,processus_sav,0.9,2,0.9,0.9158,1853503942518256030
Il cest passé quoi Jai plus eu de connexion internet ni de téléphone pendant 15mn,negatif,0.95,Pannes / Coupures téléphone,0.9,1,0.8,0.8824,1853505668902166921
"c’est vraiment le pire opérateur 1 mois que notre box est en panne aucun service dispo, aucune wifi et aucune solution n’a été trouvée On est tous en hors forfait a la maison J’ai qu’une hâte c’est de résilier",negatif,0.99,Pannes / Coupures téléphone,0.95,2,0.95,0.9624,1853514603633971603
"bonjour, ma box marche pendant 2h ensuite elle se déconnecte il faut que je l’éteigne et que je la rallume pour que ça remarche et ainsi de suite Pouvezvous m’aidez svp",negatif,0.95,Pannes / Coupures téléphone,0.9,1,0.8,0.8824,1853530468311855123
"Bonjour , vous avez pris un abonnement sans soustitres pour les James Bond toujours pas de soustitres pour Quantum of Solace",negatif,0.9,information,0.8,1,0.8,0.8325,1853537220948349208
ehhh c’est quoi ces bug de connexion,negatif,0.9,Pannes / Coupures téléphone,0.9,1,0.7,0.8325,1853588928097304975
Encore une panne fibre optique Free sur Épinal dans le 88 il se passe quoi sérieusement ça fait la 2ème panne depuis le 25 octobre dans la région faitesquelque chose stv vraiment,negatif,0.95,Pannes / Coupures,0.95,2,0.9,0.9324,1853589390662005113
"Bonjour je n’arrive pas à faire le déménagement de ma box, pouvezvous m’aider Merci",negatif,0.95,Livraison,0.9,1,0.8,0.8824,1853674023177118069
"bonjour, je téléphoné hier au alentours de 17h10 ces derniers mois plusieurs coupures de plusieurs jours sans solution et sans compensation Lors de mon appel jai 5 minutes d attente et je constate quune personne me raccroche au nez 60 euros merci le service",negatif,0.95,Pannes / Coupures,0.95,2,0.95,0.9491,1853678672667877453
"Vous êtes des voleurs, je veut récupérer mes 300€ prélever vous êtes en possession de votre matériel depuis 4 semaines Vous vous foutez de qui Et pour info le remboursement de hors forfait que vous mettez au gens j ai 50 euros de communication pour aucun remboursement voleur",negatif,0.95,Facturation / Paiement,0.95,2,0.95,0.9491,1853713139033915809
vous trouvez ça normal J’ai fais une demande de box fin septembre Je suis toujours bloqué en étape 1 Je n’ai toujours pas eu la box Je suis allé en boutique deux fois déjà ou on doit me rappeler mais personne ne le fait Je dois faire quoi sérieusement 😡,negatif,0.95,Livraison,0.95,1,0.8,0.8991,1853718417527771229
"#mayday #mayday 948 Mbps de débit en plein coeur de Paris TV éteinte vs 8 Gbits promis En attente de lassistance depuis 5 jours, sans nouvelles WTF",negatif,0.95,Fibre,0.95,2,0.95,0.9491,1853728642557173957
"Coucou 3eme coupure sur la fibre en 1 mois à #Strasbourg, ca va durer encore longtemps",negatif,0.95,Pannes / Coupures,0.95,2,0.9,0.9324,1853730624332288223
"#bouygues vienne de sortir leur box Bampyou à 23,99 sans TV",neutre,0.5,information,0.9,1,0.8,0.7326,1853737155996070074
Il y a le live ankama a 16h vous avez intérêt a réparer ma connexion avant,neutre,0.5,information,0.9,1,0.7,0.6993,1853765754543329383
"#free perce mur et fenêtre pour installer sa fibre Lettre au DG en juin et toujours pas de réponse Les soustraitants de soustraitants sont aux abonnés absents, surtout quand ils ne parlent pas français et sont sans papier",negatif,0.95,processus_sav,0.9,2,0.9,0.9158,1853771967628726502
Désolé Free mais ça va partir chez eux wtf,negatif,0.9,processus_sav,0.9,1,0.7,0.8325,1853774292925771891
"Je viens de compter… 18 fois le même problème depuis le 25 Décembre 2023 et personne n’est foutu de régler ce problème, vous trouvez ça normal",negatif,0.95,processus_sav,0.95,2,0.95,0.9491,1853782857996452229
On est ensemble moi aussi ça fait 1 mois,neutre,0.6,autre,0.1,0,0.1,0.2664,1853822950949990867
"Eh Mr lorsquon perd la connection 5 fois depuis 3 jours sans raison apparente, que lon téléphone et quon se fait insulter voir même raccrocher au nez par vos conseillers, estce vraiment là votre nouvelle méthode clientèle",negatif,0.95,processus_sav,0.9,2,0.9,0.9158,1853824745633935394
"Voilà pourquoi je ne suis pas resté chez samedi 2610 8h45 plus de fibre chez FREE inter lundi 2810 fibre détériorée dans larmoire de rue, dossier transmis à SFR gère linfrastructure dans la commune On est le 2910 et toujours pas réparé",negatif,0.95,Pannes / Coupures téléphone,0.95,2,0.95,0.9491,1853830037729919378
"Bravo 2 x étape 2 en 10 jours, ya pas a dire c est champion Intervention prévue dans 48h Dédommagement aucun Je paye, j ai pas accès à ma prestation et je vais me faire voir Je vais pas être le seul si ça continue",negatif,0.95,Facturation / Paiement,0.95,2,0.95,0.9491,1853838446311215384
La boutique de Mulhouse comporte des personnels qui sont totalement irrespectueux de leur client Une honte Sans parler de votre service free proxy qui est un scandale à lui tout seul car il nous donnent des informations erronées,negatif,0.95,processus_sav,0.9,2,0.9,0.9158,1853844138191368482
"Bonjour, jai un soucis parce que jai besoin dun être humain pour parler de ma problématique Jai appeler le 1044 et le 3244 mais je nai pas de proposition qui correspond Jai besoin daide sil vous plaît",negatif,0.95,processus_sav,0.95,2,0.95,0.9491,1853847472931836271
"alerte info, encore la panne Bloqué sur etape 2 Ca va etre tous les mois le piratage En plus vous ne connaissez pas le geste commercial qd on na plus de service pendant 4 jours",negatif,0.95,Pannes / Coupures téléphone,0.95,1,0.7,0.8658,1853848024058831036
Je devrais avoir un pass avec jappelle au moins 1 fois par mois pour diverses problèmes,negatif,0.9,processus_sav,0.9,1,0.7,0.8325,1853850069658681422
C est pas les coupures de courant et d internet qui m arrêteront cette année Cest de leau Ps faites un effort des fois quand même hein,negatif,0.95,autre,0.1,1,0.8,0.616,1853858156683706447
On est sans connection internet depuis samedi et on doit attendre jeudi pour que vous envoyez quelquun Ca va vous vous foutez pas trop de la gueule des gens,negatif,0.95,Pannes / Coupures téléphone,0.9,2,0.95,0.9324,1853859169369276565
"#Free #panne Ça vous dirait un jour de réparer votre réseau #BoxFree est en rade depuis 2 jours chez moi notamment et plein dautres gens Je dis ça juste comme ça parce que la facture,elle, vous ne loubliez pas Merci hein 🙏",negatif,0.95,Pannes / Coupures téléphone,0.9,2,0.95,0.9324,1853863504039518409
1 mois que j’ai déménagé et toujours pas d’internet 🤙 joue au ping pong avec mon dossier j’ai bien l’impression 🏓,negatif,0.95,Pannes / Coupures,0.9,2,0.9,0.9158,1853867232671011051
Ça fait une heure que ma box fait un bruit de moteur péter une solution svp,neutre,0.5,processus_sav,0.8,1,0.7,0.666,1853878953343119473
Ah mais ils envoient quand même la facture ce moisci,neutre,0.7,Facturation / Paiement,1.0,0,0.1,0.5994,1853890898238861709
On a le droit de leur envoyer tous les mails frauduleux quon reçoit depuis leur connerie Non parce que je dois en avoir une bonne centaine là,negatif,0.95,processus_sav,0.9,0,0.1,0.6493,1853892772719132743
PARDON Jai dû attendre casi un mois pour être raccordé Une fois raccorder jai internet pendant 3 jours et de nouveau une coupure Je décide donc de me rétracter en appelant le 3244 11,negatif,0.95,Pannes / Coupures,0.95,2,0.95,0.9491,1853893845081043303
Hello ça va déditer les factures de box le 5 à 19h et dire payable le 4 sérieusement les remise à 0 se font le 1er à minuit et à chaque mois il faut 3 à 4 jours pour éditer une facture cest lassant,negatif,0.95,Facturation / Paiement,0.95,1,0.8,0.8991,1853907987359748102
ça fais 3j que je reçois plus aucun mail ce qui est extrêmement embêtant Cest quoi la solution,negatif,0.95,Facturation / Paiement,0.9,1,0.8,0.8824,1853924130589905178
Insupportable depuis quelques jours,negatif,0.95,Pannes / Coupures,0.9,1,0.8,0.8824,1853929140308865293
Il y a moyen de contacter le support ici ou sur messenger ouuuuuu,neutre,0.7,Facturation / Paiement,0.9,0,0.1,0.5661,1854096408372269368
c’est devenu du grand n’importe quoi On m’invite gentiment à résilier si je ne suis pas content 😠 Je n’ai juste plus internet depuis des jours malgré le passage d’un technicien,negatif,0.95,Pannes / Coupures téléphone,0.95,2,0.95,0.9491,1854110940272251191
"Et moi, je ny ai pas droit",negatif,0.9,Facturation / Paiement,0.9,1,0.7,0.8325,1854137514358866390
1 semaine que leur box ne fonctionne pas Il prévoit linstallation dune 4G box 1 semaine après 💀💀 mais leur 4G ne marche pas non plus 🤣🤣 Leur solution patienter La morale heureusement que jai un forfait mobile sfr sinon même ce tweet ne serait pas possible,negatif,0.95,Pannes / Coupures téléphone,0.95,2,0.9,0.9324,1854144470872183181
"Bonjour, il se passe quoi en seine et marne depuis ce matin La navigation internet est tres difficile pour ne pas dire impossible même contacter votre support est une mission ardue Un peu de visibilité serait plus que bienvenue Merci",negatif,0.95,processus_sav,0.95,2,0.95,0.9491,1854146964633375138
"si on déménage à l’étranger et que l’on est logé, pourquoi doiton payer les frais de résiliation",neutre,0.5,Facturation / Paiement,0.9,1,0.8,0.7326,1854149341151125937
pouvez vous arrêtez de me voler J’ai résilié mon abonnement le 29 juillet et vous ai renvoyer votre matériel dans la foulée Remboursez moi tous les prélèvements fait jusqu’en Octobre,negatif,0.95,Facturation / Paiement,0.95,2,0.95,0.9491,1854154023017824449
Toutes façons vous êtes des voleurs mon père et décédé depuis février et vous me réclamer une facture du moi août 2024 bandes de voleurs et vous osez proposer des solutions 😂😂😂,negatif,0.95,Facturation / Paiement,0.95,2,0.95,0.9491,1854159719536939192
un problème de serveur dans le 75018,negatif,0.95,processus_sav,0.9,2,0.9,0.9158,1854160415413903539
Pareil ici Qu’en estil,neutre,0.7,processus_sav,0.9,1,0.7,0.7659,1854165362905948427
vous etes les pires opérateurs de france je vais resilier à tout jamais,negatif,0.95,processus_sav,0.95,2,0.9,0.9324,1854190551857578329
"Estce qu’on peut faire qqchose contre les sondages,bureaux d’études et autres pubs qui pourrissent nos téléphones jusqu’à 4 et 6 fois par jourQuoiqu’il Il y a tellement d’arnaque par téléphone que même si on pouvait s’intéresser à un de ces trucs, il reste prudent de raccrocher",negatif,0.95,processus_sav,0.9,1,0.8,0.8824,1854205234014499157
"je paye une blinde par mois pour avoir que des soucis, c’est trop là 🤦🏻‍♀️",negatif,0.95,Facturation / Paiement,0.9,2,0.9,0.9158,1854214121383977190
"salut la team, Une âme charitable pour résoudre mon souci Jai beau débrancher et rebrancher mon player Pop et toujours cette page Tentatives pour en sortir avec télécommande Android et télécommande Free Rien ne se passe Helppppp",negatif,0.95,processus_sav,0.9,2,0.95,0.9324,1854221460924965070
ca va free les abonnements involontaires Jai prime et TF1 pour rien au monde je ne paierai pour ca,negatif,0.95,Facturation / Paiement,0.9,1,0.8,0.8824,1854232713927983508
Ko yen na marre do ko ça capte keudale 😾 Papou kil va retourner chez oronge😾,negatif,0.95,Pannes / Coupures téléphone,0.9,1,0.8,0.8824,1854234411585466375
"Ça y est vous, toujours plus longue la coupure internet",negatif,0.8,Pannes / Coupures,0.95,1,0.7,0.8159,1854262197339488742
"je suis furax Prélèvement non conforme à loffre indiqué par mail de vos services qui précise bien que je nai rien à faire, loffre sera mise en place automatiquement MP svp Réclamation et remboursement Jai 4 abos chez vous 😤😤😤😡",negatif,0.95,Facturation / Paiement,0.95,2,0.95,0.9491,1854413620110557683
#Liberté #Vérité #Simplicité pour vos abonnés ❗️ 🔴 Du « chaos » est également née la situation actuelle de vos abonnés après la #CyberAttaque de #Free❗️ Alors que faire à présent avec nos données personnelles❓ #CyberVictimes #RGPD #DPO #CNIL #DonnéesPersonnelles,negatif,0.95,Facturation / Paiement,0.8,2,0.95,0.8991,1854417354773475346
y a t’il moyen de parler à quelqu’un d’autres qu’un robot dans votre service client Pckon essaie de vous joindre depuis hier et impossible,negatif,0.95,processus_sav,0.9,1,0.8,0.8824,1854446828852224461
vous êtes le pire opérateur à partir de mtn,negatif,0.95,Facturation / Paiement,0.9,1,0.7,0.8491,1854449115033182366
"bonjour 15 j sans internet, et impossible davoir votre assistance Sur votre application, impossible de prendre rdv avec un technicien et de changer mon n° de téléphone de contact Impossible davoir qqun en ligne Une solution Avant la réclamation",negatif,0.95,Pannes / Coupures téléphone,0.95,2,0.95,0.9491,1854451985602269418
C’est sympa de me donner RV téléphonique à 10h aujourd’hui pour déterminer si mon pb vient de la ligne ou de la box amp de ne pas m’appeler Je tente de vous joindre mais impossible Après le piratage ça commence à faire beaucoup 😡,negatif,0.95,processus_sav,0.9,2,0.9,0.9158,1854470518595842163
"En cette journée nationale de lutte contre le harcèlement, faisons ensemble du #numérique un espace de confiance pour les plus jeunes 🤝",positif,0.95,information,1.0,1,0.7,0.8825,1854474791144530375
"Jappelle votre service qui me dit que soit disant je nai pas fait de demande de résiliation, et que ça serait pour cette raison que vous continuez à me prélever, voici la preuve que cest faux",négatif,0.95,Facturation / Paiement,0.9,1,0.8,0.8824,1854492473516601809
"bonjour, ma freebox One est bloquée à létape 3 depuis 10h40 Hier déjà il y a eu quelques étapes 3 très courtes mais cette fois cest permanent",negatif,0.95,processus_sav,0.95,1,0.8,0.8991,1854493175886348324
Indemnisé pour A quelle hauteur Sur quelle base,neutre,0.5,autre,0.3,0,0.1,0.2997,1854496780513124648
"Bonjour, suite à ma résiliation, jai été facturé par erreur pour une télécommande manquante Mon numéro client est le suivant 33729874 Dans le colis, il y avait deux télécommandes car lune delle fût défaillante pendant labonnement,",négatif,0.95,Facturation / Paiement,0.95,1,0.8,0.8991,1854513960998867403
C’est très mauvais Free oui,negatif,0.95,processus_sav,0.9,2,0.9,0.9158,1854530642735780188
"Nous avions accès aux chaînes canal gratuitement sur freebox pour tout le mois de novembre, depuis ce matin plus rien du tout ça naura pas duré longtemps ce cadeau",negatif,0.95,information,0.9,1,0.8,0.8824,1854535654736023922
‼️‼️scandale Plus de 200 maisons sans internet 🛜 depuis dimanche et vous oser nous dire que y pas de problème 😫 #freeclientmerde #freeoperateur #telecom #France,negatif,0.95,Pannes / Coupures téléphone,0.95,2,0.95,0.9491,1854543853576982747
c’est normal que plus personne ne réponde après plis de 24h bloqué à l’étape 6,negatif,0.95,processus_sav,0.9,2,0.9,0.9158,1854560603362435089
Bonjour Je ne reçois plus les chaînes canal plus en clair alors que ça marchait avant Avez vous une explication Merci,negatif,0.95,information,0.8,1,0.8,0.8492,1854564630967853355
"La box est arrivée, mais je dois attendre que France Telecom raccorde la ligne Ptet que je vais jamais avoir internet on sait pas oskour svp",negatif,0.95,Livraison,0.9,1,0.7,0.8491,1854594480617218121
"Hé, cest quoi ce délire Une notification de lappli, minforme de la fin proche de mon abonnement Le compte dit, abonné avec free Sur le portail Free, je suis bien abonné 🤔 🧐 🚨Jai rien compris #PrimeVideo #Freebox #Free",negatif,0.9,Facturation / Paiement,0.9,1,0.8,0.8658,1854604081949487171
besoin daide jen ai assez davoir 5mos en filaire sur répéteur alors que je paye la fibre depuis 2 ans et que jusqu a ya 1 mois jai tjr eu un réseau et un débit très correct environ 70mops en téléchargement,negatif,0.95,Pannes / Coupures Fibre,0.9,2,0.95,0.9324,1854609896408277343
"bonsoir jai trouvé une freebox à la poubelle, est ce que vous voulez que je vous lenvoie",neutre,0.5,information,0.9,1,0.7,0.6993,1854612704117285355
honteux Je suis client depuis des années J’ai la box delta Ça fait maintenant 1 semaine que je n’ai de connexion J’ai appelé l’assistance à plusieurs reprise À ce jour tjrs rien On me considère tellement qu’on m’a pas envoyé de technicien Free a fuire,negatif,0.95,processus_sav,0.95,2,0.95,0.9491,1854643836238155882
Bon ils cassent les couilles Ya que des pb ces derniers temps Plein de coupures et bien longues On est censé bosser comment,negatif,0.95,Pannes / Coupures,0.9,2,0.9,0.9158,1854647869103653177
je vous déteste tellement ma haine contre vous m’empêche de dormir,negatif,0.95,processus_sav,0.9,1,0.7,0.8491,1854650778901766453
"bonjour, panne internet bloqué à létape 2 depuis 3 jours au 17 clos de la bataille 14600 Honfleur Je suis à 2 doigts de changer dopérateur",negatif,0.95,Pannes / Coupures téléphone,0.95,2,0.95,0.9491,1854753496244887908
"bonjour, panne internet bloqué à létape 2 depuis 3 jours au 17 clos de la bataille 14600 Honfleur Je suis à 2 doigts de changer dopérateur",negatif,0.95,Pannes / Coupures téléphone,0.95,2,0.95,0.9491,1854753592881611200
pk avoir du mal à vous contacter,negatif,0.9,processus_sav,0.9,1,0.7,0.8325,1854794886257475952
On est des milliers comme toi depuis 48h et FREE ne fait rien,negatif,0.9,processus_sav,0.9,2,0.95,0.9158,1854813672691945853
hello free Lorsque jutilise oqee toute les 30min environ jai ce message derreur Ça devient très pénible Pourriez vous maider svp,negatif,0.9,processus_sav,0.9,1,0.8,0.8658,1854824177674371280
"Bonjour, Je nai plus internet et sa reste en étape 2 Cest pénible #freebox",negatif,0.95,Pannes / Coupures téléphone,0.9,2,0.95,0.9324,1854844317308739667
"J’ai actuellement le même problème d’étape 2, ça a l’air d’être une panne généra pas un coup d’un technicien",negatif,0.9,Pannes / Coupures téléphone,0.9,2,0.9,0.8991,1854847198128746895
"2 semaines à me battre pour avoir de la connexion, me débrouiller pour pouvoir venir au raccordement d’un technicien pour qu’on me dise que y’a un problème et que je dois refaire venir quelqu’un pas avant la semaine prochaine Merci 😊",negatif,0.95,Pannes / Coupures téléphone,0.95,2,0.95,0.9491,1854859671825195398
"Bonjour, jai besoin de quelquun de compétent dans mes dm pour échanger sur un problème de facturation Merci davance",negatif,0.9,Facturation / Paiement,1.0,1,0.8,0.8991,1854862836637327628
"Le service client de cest le pire de tous Les opérateurs euxmêmes me disent quils mentent 1 mois sans internet, aucune info sur le ticket incident Des mensonges Des faux rdv #free",negatif,0.95,processus_sav,0.95,2,0.95,0.9491,1854883276017553488
"Coupure fibre optique depuis le 1410 sur le secteur Orsay Moulon En tant que gestionnaire de linfra fibre, vous ne voudriez pas donner un peu de visibilité aux opérateurs et dans le flou total sur les dates dintervention",negatif,0.95,Pannes / Coupures,0.95,2,0.95,0.9491,1854886242418081824
"3 jours sans internet au 307 av d Argenteuil 92270 offre Ultra… toujours pas de résolution, les copropriétaires s’impatientent et songent à passer chez Orange",negatif,0.95,Pannes / Coupures,0.95,2,0.95,0.9491,1854929557306085726
"on peut savoir pourquoi depuis quelques semaines, quand on regarde un programme on a de la pub pour qui s’affiche d’un coup et coupe le programme C’est quoi ce délire 😠",negatif,0.95,information,0.8,1,0.7,0.8159,1854939489883275374
Idem… vous avez trouvé une réponse,neutre,0.6,Facturation / Paiement,0.9,1,0.7,0.7326,1854941501689643519
je vis dinternet et 5 jours que j’peux pas travailler ALLÔ,negatif,0.95,processus_sav,0.9,2,0.95,0.9324,1854967082225746048
Alors comment vous dire que a 1h de la course jai qui a un coup de mou Plus dinternet depuis 15 min 😭,negatif,0.9,Pannes / Coupures téléphone,0.9,2,0.9,0.8991,1854967242972086773
"bonjour, pourriezvous m’indiquer pourquoi je n’ai plus accès à certaines chaînes comme Nickelodeon alors qu’elles sont incluses dans mon abo",negatif,0.9,processus_sav,0.9,1,0.8,0.8658,1854973447530856660
Jai essayé tous les pires des pires reste avec leur boxe de merde la ultra ne prenez jamais une box chez eux jamais,negatif,0.95,Pannes / Coupures téléphone,0.9,1,0.7,0.8491,1855037554191380771
Dix jours depuis ma box pop est bloquee sur letape 2 que Free menvoie untechnicien pour retablir la liaison avec la fibre SAV jeanclaudeb21yahoofr,negatif,0.95,Pannes / Coupures téléphone,0.9,2,0.95,0.9324,1855040914160599274
jai demandé a resilier mon ancienne ligne vous avez resilié ma nouvelle quest cqui va pas chez vous,negatif,0.95,Facturation / Paiement,0.9,1,0.8,0.8824,1855046412603433000
"J’ai vérifié dans les dans offres freebox sur leur site, c’est toujours inclus normalement",neutre,0.5,information,0.9,0,0.1,0.4995,1855150883446689910
"J’appellerai lundi parce que moi je paie pas 4,99 en plus pour ça J’espère qu’il feront un geste sinon j’irai voir ailleurs",negatif,0.95,Facturation / Paiement,0.9,2,0.9,0.9158,1855158647531225131
Idem Javais compris tout le mois de novembre,neutre,0.7,Facturation / Paiement,0.9,1,0.7,0.7659,1855163486629670966
"cela fait des mois que je n’ai plus Internet avec 1, passage à la fibre catastrophique ou l’on me dit que l’on va me rappeler à chaque fois que j’ai une personne au téléphone Si ça continue, je vais vraiment en parler sur des réseaux plus conséquent",negatif,0.95,Fibre optique,0.95,2,0.9,0.9324,1855172196580147307
"14 jours sans box malgré les nombreux appels avec seulement 1 interlocuteur une fois, ET AUCUN TECHNICIEN qui se déplace cest normal pour",negatif,0.9,processus_sav,0.95,1,0.7,0.8491,1855184715663175991
Bonjour Pareil jai ete prélevé alors que plus de service chez eux depuis 1 an savez vous comment les apprler gratuitement Depuis mobile Merci 🙏🏼,negatif,0.95,Facturation / Paiement,0.9,1,0.8,0.8824,1855234888103829702
"2H que je me fais baladé de numéro en numéro personne pour maider à régler mon problème de box, ça se refile la patate chaude et me fait appeler des numéros surtaxés qui me disent dappeller le 3244 avec qui jai déjà était au telephone 1 une H",negatif,0.95,processus_sav,0.95,2,0.95,0.9491,1855260848039530995
"pas mal le service fibre, installation hier ne fonctionne déjà plus cest encore plus fun quand on es en télétravail et dastreinte",negatif,0.95,Fibre optique,0.9,2,0.9,0.9158,1855280451528577143
Bonjour cest normal de laisser vos clients sans internet ni solution tout ça parce que cest un long weekend Cest tout simplement honteux,negatif,0.95,processus_sav,0.9,1,0.7,0.8491,1855293241601491342
cest vrm la pire connexion toute les semaines jai des coupure dinternet 🤡,negatif,0.95,Pannes / Coupures,0.9,2,0.9,0.9158,1855306347580915884
honteux Je suis client depuis des années J’ai la box delta Ça fait maintenant 1 semaine que je n’ai de connexion J’ai appelé l’assistance à plusieurs reprise À ce jour tjrs rien On me considère tellement qu’on m’a pas envoyé de technicien Free a fuire,negatif,0.95,processus_sav,0.95,2,0.95,0.9491,1855541329314406613
"Bonjour ma box ultra est bloqué sur l’étape 3D, normal",negatif,0.95,processus_sav,0.9,1,0.7,0.8491,1855584579924439377
Franchement cest la galère depuis 3 mois on demande notre fibre leur seule réponse cest les boitiers sont pleins si était actif 😭😭,negatif,0.95,processus_sav,0.9,2,0.9,0.9158,1855636144710422746
"Comment peuton faire pour avoir la fibre dans son nouveau logement demande de déménagement de la ligne fin septembre, aujourdhui 10 novembre, toujours rien",negatif,0.95,Livraison,0.9,2,0.95,0.9324,1855667905938980919
"Qui contacter pour proposer des améliorations du service TV avec le player TV Y a 2, 3 petites choses qui ne marche pas bien et qui ne nécessite pas grand chose pour être résolue",negatif,0.9,processus_sav,0.8,1,0.7,0.7992,1855904472607629382
vous prenez vraiment vos abonnés pour des putains de pigeons Freebox sans internet depuis le 14 août avec 3 fausses informations de rétablissement 2 rdv annulés Pas moyen davoir une réponse par un de vos conseillers mal informés,negatif,0.95,Pannes / Coupures téléphone,0.95,2,0.95,0.9491,1855904499623235909
vous êtes le pire opérateur de France Votre réseau mobile est médiocre on capte rien nulle part mais parlons même pas de vos box Ça fait depuis le premier novembre que j’ai plus de wifi et qu’on a aucune informations mais quand il s’agit de prélever le 5 vs êtes rapides,negatif,0.95,processus_sav,0.95,2,0.9,0.9324,1855942357000106041
"5e jour sans connection, aucune action de jhallucine cest de la 💩 #ilafreeilariencompris #REEF",negatif,0.95,Pannes / Coupures téléphone,0.95,2,0.95,0.9491,1855948161153397069
Pourquoi MTV chaîne 84 est maintenant bloquée,negatif,0.9,autre,0.1,1,0.8,0.5994,1855971379515949096
Hallucinant ma box est plantée depuis 15h30 j’ai essayé d’appeler Free j’ai envoyé des messages et personnes ne répond à rien J’ai un code erreur 80 je dois télétravailler et Free ne réponds pas #Free,negatif,0.95,processus_sav,0.95,2,0.95,0.9491,1856049538186043521
"au secours, jai plus internet à la maison 🤧🤧",negatif,0.95,Pannes / Coupures téléphone,0.9,1,0.8,0.8824,1856053134969233597
"HAHAHAHAHGAGAGGA 40 EUROS CONSTRUCTION DE LIGNE MAIS JE PLEURE JE JURE LE TECHNICIEN IL EST VENU CHEZ MOI 5MN, IL A BU LE CAFÉ ET IL EST REPARTI ET PRORATA MES COUILLES JE SUIS RESTÉE 1 MOIS SANS INTERNET JAI DEMANDÉ LA FIBRE ILS ONT MIS LADSL VOUS ÊTES PAS PRETS",negatif,0.95,Pannes / Coupures téléphone,0.9,2,0.95,0.9324,1856209257961549962
Sérieusement Personne ne me rappelle ou ne prends contact par mail,neutre,0.6,processus_sav,0.9,1,0.7,0.7326,1856245368003911866
"Purée me faite pas regretter d’être venue chez vous, j’ai mm pas de 4g",positif,0.95,Pannes / Coupures téléphone,0.9,1,0.7,0.8491,1856270221473898853
Dites vous pouvez dire à Maria du service commercial darrêter de me droper des msg sur répondeur non sollicités Le #RGPD et le #consentement ça vous parle #OptIn #OptOut,negatif,0.95,processus_sav,0.9,1,0.8,0.8824,1856306447694319937
"Bonjour je vous envoie ce message dans un élan de désespoir en sachant très bien que la probabilité que vous le voyez est nulle, Je possède actuellement un forfait mobile et un box chez free, ça fait 2 mois que jai déménagé et que je me bat au près de",negatif,0.95,processus_sav,0.95,1,0.7,0.8658,1856319528998785074
VOUS ÊTES LA PIRE PLATEFORME D’ASSISTANCE QUI EXISTE,negatif,0.95,processus_sav,0.9,1,0.8,0.8824,1856344773151383566
"Franchement, le sav ça devient n’importe quoi… tu reçoit un message, demandant d’appeler le 3244 pour avoir un conseiller mais sur ce même numéro, TOUT est fait pour ne pas réussir à joindre un humain Box bloqué en étape 2 depuis vendredi sur Corbeil…",negatif,0.95,processus_sav,0.95,2,0.9,0.9324,1856345509545288166
"Bonjour, Free a bloqué mon adresse mail depuis samedi pour tentative de piratage et je n’arrive pas à la débloquer car je suis en vacances à l’étranger J’ai besoin d’y avoir accès urgemment car mon billet retour est dans ma boîte mail…",negatif,0.95,Facturation / Paiement,0.95,2,0.95,0.9491,1856361239015731327
"Face à la Pure Fibre de , la réponse timide de Free une offre triple play sans révolution, via #PureFibre",negatif,0.9,Fibre,0.9,1,0.7,0.8325,1856366849614565397
on a tous pas de connexion depuis se matin ou quoi ma free est bloquer à l’étape 2,negatif,0.95,Pannes / Coupures téléphone,0.9,2,0.95,0.9324,1856403415745622324
"bonjour, normal que vos conseillers soient injoignables quelle que soit lheure",negatif,0.95,processus_sav,0.9,1,0.8,0.8824,1856408312184713368
"Bonsoir, ma freebox est bloquée sur l’étape 2 depuis cet aprèsmidi, l’assistance ne répond pas et impossible d’ouvrir un ticket Pouvezvous m’aider",negatif,0.95,processus_sav,0.95,2,0.95,0.9491,1856416281630474595
Cest quoi le problème avec la depuis ce matin je bloque à létape deux,negatif,0.95,Pannes / Coupures téléphone,0.9,2,0.9,0.9158,1856595754959171837
"Je suis dépité Je regrette tellement davoir pris une boxe pour mes studios Wifi instable et maintenant wifi en panne depuis hier, personne chez nest en mesure de lancer une intervention rapidement afin de régler le problème Donc pas de live certainement ce soir 😔",negatif,0.95,Pannes / Coupures téléphone,0.95,2,0.9,0.9324,1856598126213378319
ça fait 1 semaine j’attends votre signal dans mon immeuble Tous les autres opérateurs ont été réactifs Vous avez envoyé 5 techniciens dans un immeuble Quelle organisation dis donc Je comprends mieux pourquoi ça traine,negatif,0.95,processus_sav,0.95,1,0.8,0.8991,1856613868220432497
Vous êtes TELLEMENT dingue de couper le réseau comme ça vous,negatif,0.95,Pannes / Coupures téléphone,0.95,2,0.95,0.9491,1856621118708232483
bon vos techniciens incapable dinstaller une prise fibre on fait comment du coup,negatif,0.9,Fibre,0.9,2,0.95,0.9158,1856630200135499998
Plus internet de 25 jour 😡😡😡,negatif,0.95,Pannes / Coupures téléphone,0.9,2,0.95,0.9324,1856636482385055816
on fait comment pour résilier chez vous pour la box,neutre,0.6,Facturation / Paiement,0.9,1,0.7,0.7326,1856637804324762070
problème portables et freebox Dans le 93,negatif,0.85,Pannes / Coupures téléphone,0.9,1,0.8,0.8492,1856661924861104232
"je viens de souscrire à une offre chez vous par téléphone Je demande à la conseillère deux décodeurs TV supplémentaires à la souscription, on me confirme que cest OK et on me propose même le deuxième décodeur à 4,99 € par mois et le troisième offert Je souscris donc avec plaisir Deux jours après, je reçois un colis avec un seul décodeur Je téléphone alors au 3244 en demandant poliment si les deux autres sont en cours de livraison Ma demande nayant pas été satisfaite, jai reçu un message dun conseiller minsultant de menteur Donc chez #FREE on vous ment dès la souscription et on vous insulte après Tout cela a bien changé Je vais donc résilier en utilisant mon droit de rétractation et résilier également mes lignes mobiles, étant client mobile depuis des années et admirateur de votre travail je suis fortement déçu Merci davoir pris le temps de lire Cordialement, un client mécontent #free #freebox",negatif,0.99,Facturation / Paiement,0.95,2,0.95,0.9624,1856690895946473579
⚠#PANNE FREEBOX EN COURS⚠ 📡20 freenautes ont signalé des pannes #Internet dont 15 sur le réseau #fibre de #Free depuis 11h49 🌍Ville concernée Cavaillon 84300 ⬇️⬇️⬇️,negatif,0.95,Pannes / Coupures,0.95,2,0.9,0.9324,1856694276786192838
"J’ai voulu prendre l’ultra pour le wifi 7, je regrette car les antennes wifi portent moins loin qu’une livebox 6 d’orange, je retourne chez illico Les boxs de ne sont pas finalisés On sert de bêta testeurs lol… il y a qu’à voir la fréquence des maj",negatif,0.95,Fibre,0.9,1,0.8,0.8824,1856709067269443715
t’en pense quoi de ta connexion de merde,negatif,0.95,Pannes / Coupures téléphone,0.9,1,0.7,0.8491,1856720945026678884
"depuis ce matin 11h plus de réseau mobile et internet , je pense sérieusement à changé d’opérateur",negatif,0.95,Pannes / Coupures téléphone,0.9,2,0.9,0.9158,1856737058485907513
"1 fois par trimestre on se retrouve pendant quelque jours sans internet Et constamment ont doit se retrouver à vous appeler, vous courir après pour des réparations ou de la maintenance Ça devient épuisant La sensation de payer pour rien… y’en a qui sont en TT ici",negatif,0.95,processus_sav,0.95,2,0.9,0.9324,1856737978036732040
je narrive pas à vous contacter pour ma box internet,negatif,0.9,processus_sav,0.9,1,0.8,0.8658,1856739693158641930
"29 jours à attendre l’installation de la fibre Une freebox toujours pas reçue Mais par contre, un premier prélèvement de fait Vous trouvez ça normal",negatif,0.95,Facturation / Paiement,0.9,2,0.95,0.9324,1856743080520499460
Free c’est un cauchemar Je capte même pas chez moi,negatif,0.95,Pannes / Coupures,0.9,1,0.8,0.8824,1856751016831504877
hey c’est normal que votre numéro de support client ne soit plus attribué J’ai plus d’internet depuis hier et impossible d’avoir quelqu’un en assistance…,negatif,0.95,processus_sav,0.95,2,0.9,0.9324,1856751693418897712
"🚨#PANNE MAJEURE FREEBOX EN COURS🚨 📡99 freenautes ont signalé des pannes #Internet dont 81 sur le réseau #fibre de #Free depuis 11h35 🌍Villes concernées Pertuis 84120, La Bastidonne 84120 ⬇️⬇️⬇️",negatif,0.95,Pannes / Coupures,0.95,2,0.95,0.9491,1856757054406267291
serait il possible d’avoir des nouvelles merci,neutre,0.7,information,0.9,1,0.7,0.7659,1856758012330786983
Et sinon tu comptes refonctionner aujourdhui Parce que bon en panne depuis ce midi ca commence à faire long #free #freebox #panne,negatif,0.9,Pannes / Coupures téléphone,0.9,1,0.7,0.8325,1856760598534787379
pouvonsnous savoir pourquoi et quand estce que ça va être résolu,neutre,0.5,processus_sav,0.9,1,0.7,0.6993,1856772151648321661
ça fait 1 semaine j’ai pas internet vous comptez faire quelque chose ou faut que j’aille voir la concurrence ça commence à me monter en pression,negatif,0.95,Pannes / Coupures téléphone,0.9,1,0.8,0.8824,1856778212946170248
ça fait 4h que j’ai aucun réseau uniquement dans ma ville et 2 jours que ma box ne fonctionne plus Rendez mes sous,negatif,0.95,Pannes / Coupures téléphone,0.95,2,0.95,0.9491,1856778435055526199
Sinon toujours vous écrivez des Tweets quand tout fonctionne mais là depuis 24h j’ai plus de co On débat sur ça ou pas,negatif,0.9,processus_sav,0.9,1,0.8,0.8658,1856809051658571798
on en a marre de payer la box la fibre pour quau final le wifi marche pas cest grave,negatif,0.95,Facturation / Paiement,0.9,2,0.9,0.9158,1856811531230482865
c’est quand vous voulez que vous remettez en service le web,neutre,0.5,Pannes / Coupures,0.9,1,0.7,0.6993,1856811943975133679
pas d’internet sur Livry Gargan Je suis en télétravail et je n’ai pas pu travailler aujourd’hui Comment je fais maintenant Je vous paye vous êtes censé me fournir internet,negatif,0.95,Pannes / Coupures téléphone,0.95,2,0.95,0.9491,1856818409058832556
"un jour on va en découdre je vous le jure, j’en ai plus qu’assez de vos incompétences",negatif,0.95,processus_sav,0.9,2,0.9,0.9158,1856865832946545117
Au nom de Dieu jvais résilier c’est trop fr,negatif,0.95,Facturation / Paiement,0.9,1,0.7,0.8491,1856866086928498831
Pour une fois ce nétait pas un débranchement mais la fibre dans le boîtier qui était cassée Le seul bémol plus aucuns humains sur le service client que des robots,negatif,0.95,Fibre optique,0.9,1,0.8,0.8824,1856988879959597220
Sa ne changerai pas grand choses ils ne répondent même pas sur les réseaux depuis 48h passer plus dinternet et aucunes réponses,negatif,0.9,processus_sav,0.9,2,0.9,0.8991,1857033592028742003
C’EST QUOI VOTRE PROBLÈME FREE J’ai un problème avec ma box parce qu’il il y’a eu une mauvaise manipulation d’un technicien Et maintenant on me dit qu’on technicien dois passer SAMEDI c’est déjà bien loin mais ok j’ai pas le choix …12,negatif,0.95,processus_sav,0.95,2,0.9,0.9324,1857044729491313100
pas de news sur lincident depuis mardi 18h Pas très commercial #livrygargan,neutre,0.7,Pannes / Coupures téléphone,0.9,0,0.1,0.5661,1857051465094778921
"ptn mais vraiment ça bouge pas c’est le pire FAI de france frère j’ai jamais vu ça, un mois sans internet mais tout est normal hein",negatif,0.95,Pannes / Coupures téléphone,0.95,2,0.95,0.9491,1857069549767544955
Freebox Delta bloquée étape 2 depuis cet aprèsmidi 😣 suisje la seule en galère #freebox,negatif,0.95,Pannes / Coupures téléphone,0.9,1,0.8,0.8824,1857135616925774108
"Il sagirait de nous remettre internet dans le 81, ou du moins de nous expliquer les raisons de linutilité de nos box internet actuellement",negatif,0.9,Pannes / Coupures téléphone,0.9,1,0.8,0.8658,1857146530966474948
"help logement raccordable à la fibre, un technicien est venu il y a 6 mois disant que ce n’était pas possible et jamais eu de retour depuis à chaque fois que j’appelle je n’ai personne qui ne peut me renvoyer quelqu’un 🙏🙏",negatif,0.95,processus_sav,0.95,2,0.9,0.9324,1857152503017623906
Tellement j’ai pas de wifi chez moi sfr m’ont offert de la 4G,neutre,0.5,Fibre optique,0.9,1,0.7,0.6993,1857169685210398917
Il ne vont pas te répondre sur whatsapp ou Facebook Moi ça fait 1 mois quil me facture loption multi tv alors que jai résilié cette option Jappelle ça du vol,negatif,0.95,Facturation / Paiement,0.95,2,0.9,0.9324,1857279983506358647
"sympa vous mavez deja coupé la connexion alors que javais demandé jusquà la fin du mois, du coup je suspend les paiements aussi non",negatif,0.95,Pannes / Coupures,0.95,2,0.9,0.9324,1857294801663582529
"Donc chez , pour une personne malentendante, en aucune façon on ne peut joindre le service commercial le seul moyen est un numéro de téléphone ou comment va récupérer 2 lignes mobile et une ligne fixe",negatif,0.95,information,0.8,1,0.8,0.8492,1857375387401011634
Gros souci avec ma wifi depuis 3 jours Peutêtre du à la dernière mise à jour de la box serveur Suisje le seul dans ce caslà,negatif,0.95,processus_sav,0.8,1,0.8,0.8492,1857423726494556339
"Bonjour nous navons toujours pas la fibre dans mon lotissement à Givry 71640 3j pour télécharger mes jeux, on est en 2012 ouuuu Ya moyen de faire quelque chose En échange de quelques bouteilles de Givry 1er Cru 👀",negatif,0.95,Fibre,0.95,2,0.95,0.9491,1857444418346762680
"Chez Free depuis à peine plus dun mois, que des problèmes Cest peut être mieux chez Reef finalement #panne #problème",negatif,0.9,Pannes / Coupures téléphone,0.9,1,0.7,0.8325,1857455162333290816
Faut venir récupérer le monsieur qui tweet depuis ce matin devant le magasin rue Sainte à Marseille svp,neutre,0.5,Livraison,0.9,2,0.9,0.7659,1857456480737255922
ça fait 3 jours que j’ai ni télé ni internet et personne au bout du fil On fait comment,negatif,0.95,Pannes / Coupures téléphone,0.9,2,0.9,0.9158,1857496690804003281
"j’ai plus internet depuis lundi car quelqu’un a coupé volontairement mon fil fibre , on m’a dit qu’un technicien allait passé avant samedi , j’attend toujours En attendant je paye une box un abonnement etc alors que j’ai accès à rien Normal",negatif,0.95,Pannes / Coupures Fibre,0.95,2,0.95,0.9491,1857733947305722162
a genre vous voulez pas répondre sur le 3244 Je vais appeler toute les boutiques,neutre,0.5,autre,0.1,0,0.0,0.1998,1857744449117303108
"Bonjour, suite à la résiliation de mon contrat chez vous, j’ai renvoyé tout le matériel il y a plus d’une semaine dans un point relais et je n’ai reçu aucune confirmation ni d’envoi ni de réception de votre part… pouvezvous me confirmer que vous l’avez bien reçu",negatif,0.95,Facturation / Paiement,0.9,1,0.8,0.8824,1857747705822380332
Et moi j’veux qu’on répare ma co ça fait depuis mardi quand même,negatif,0.9,Pannes / Coupures téléphone,0.9,1,0.8,0.8658,1857796636774162755
"Ça fait depuis mardi que ma box est bloquée a l’étape 2 donc pas de wifi depuis presque une semaine et votre service client par téléphone fait mine de rien, il serait temps de régler le problème car c’est archi pénible",negatif,0.95,Pannes / Coupures téléphone,0.95,2,0.95,0.9491,1857853493647671597
Très franchement je suis très déçu du serviceAucun technicien disponible pour dépannage dans mon bâtiment Nous sommes 4 familles impacté par la coupuremalveillant aucune solution à lheure ou jécris Je vais mettre fin à mes contrats Mobiles4 et boX 😥,negatif,0.95,Pannes / Coupures,0.95,2,0.95,0.9491,1857878301097996488
"bonjour, je suis abonné free box et jai perdu mes identifiants Quelle est la procédure pour les récupérer Merci",neutre,0.6,processus_sav,0.9,1,0.8,0.7659,1857878766405521804
svp ou sont les replays de la chaine RTL9 La chaine nest plus dans les replay depuis ce matin merci de votre aide,negatif,0.9,information,1.0,1,0.8,0.8991,1858030551296266281
"Plusieurs jours que notre box reste bloquée à létape 2 sans que rien ne soit fait pour régler la situation Vous trouvez ça normal Non parce que si nous on ne paye pas, notre accès à internet est directement coupé Je pense que la résiliation va arriver",negatif,0.95,Pannes / Coupures téléphone,0.9,2,0.95,0.9324,1858128012266360961
Donc moi je paie 40e par moi pour avoir ça comme débit venez par là on a des trucs à se dire,neutre,0.5,Facturation / Paiement,0.9,1,0.7,0.6993,1858132049023902130
"Hey , on vient dinstaller la fibre dans mon immeuble Quelles sont vos promos actuelles Et quels sont vos délais pour raccorder mon appartement à la fibre et avoir accès à la fibre",neutre,0.6,information,0.9,1,0.7,0.7326,1858168629222662183
Toujours bien de dire que j’ai toujours pas vu l’once d’un Go hein rendez ma connexion pitié,neutre,0.6,processus_sav,0.8,0,0.1,0.4995,1858185842457768425
Bonjour toujours pas de raccordement ok pour une demande faite le 3108 et une adresse éligible depuis septembre Loin de votre délai annoncé de 15 jours Nos relances sont restées sans réponse Faut il s’adresser à vos concurrents pour bénéficier de la fibre,negatif,0.95,Fibre optique,0.95,2,0.95,0.9491,1858264809915260992
vous navez pas de solution pour un fidèle abonné qui na plus internet depuis le 2410 Je nen peux plus Je vais devoir partir de chez vous,negatif,0.95,Pannes / Coupures téléphone,0.95,2,0.95,0.9491,1858288503681081350
"Bonjour et , malgré mes relances, depuis 1 an, je nai toujours pas de technicien pour installer la fibre à mon bureau situé dans le 1er arrondissement de Paris Pouvezvous maider à résoudre ce problème rapidement Merci",negatif,0.95,Fibre optique,1.0,1,0.8,0.9158,1858434600239821257
Incident Free réseau sur et #73100 Incident sur câble semble til,neutre,0.5,Pannes / Coupures téléphone,0.9,1,0.7,0.6993,1858436229571711025
"je vais vriller, ça fait des semaines ma connexion se coupe, votre service client inexistante, aussi vide que une game en ranked sur sparking zéro où sont votre assistance technique",negatif,0.95,processus_sav,0.9,2,0.9,0.9158,1858454566460694825
bonjour je veux migrer vers la fibre mais l’offre avec réduction n’est apparemment que pour les nouveaux clients Donc pas d’autre choix que de partir chez la concurrencepour être appelé après pour se voir offrir des reduc ou est la logique,negatif,0.95,Fibre,0.95,1,0.8,0.8991,1858506088179507698
"Indadmissible, 1 mois que jai déménagé et ma co internet est instable au maximum, des déco tout les jours, aléatoire et rien de fait, 5 techniciens sont passé et rien, un changement de box, rien non plus Jvous aime bien mais la jcommence à aimer Bouygues",negatif,0.95,Pannes / Coupures téléphone,0.95,2,0.95,0.9491,1858534551611486392
nous constatons quun ticket dincident à été ouvert du 3110 au 1911 17 jours y a comme un problème de math non,negatif,0.9,Facturation / Paiement,0.9,1,0.8,0.8658,1858549223144202659
Bonjour Jai un problème avec ma boîte mail free qui a une capacité de 1g et je voudrais laugmenter mais impossible depuis mon espace abonné Que faire merci,negatif,0.95,processus_sav,0.9,1,0.8,0.8824,1858573152495735164
"Bonjour à vous alors voilà votre mail et je veux bien vous contacter au 3244 mais vous ne voulez pas, vu que je nai pas de code secret 😅",negatif,0.95,processus_sav,0.9,1,0.7,0.8491,1858581385109291096
normal que je paie un abonnement 50 balles par mois pour avoir soit disant la meilleure fibre optique de France mais que ça dépasse pas les 10mbs Vous vous fouteriez pas un peu de notre gueule pr hasard,negatif,0.95,Facturation / Paiement,0.9,1,0.8,0.8824,1858605846264967311
"jessaie de bénéficier de la nouvelle offre Family by canal offerte avec freebox, estce que cest normal que mon compte mycanal ne me donne accès quau contenu gratuit habituel Rien à changé",negatif,0.95,processus_sav,0.8,1,0.8,0.8492,1858622733883449376
"Nous n’avons pas Internet pendant plus d’une heure, et la réception téléphonique non plus ce qui se passe",negatif,0.95,Pannes / Coupures téléphone,0.95,1,0.8,0.8991,1858675544944169368
"Chez tu résilies ta box, ils te prélèvent encore le mois suivant En , le SAV coûte 0,45€min car t’es plus abonné 👍 10 min d’attente pour rien, 4,5€ de perdu x2 appels où je n’ai pas le temps d’attendre… Des génies ou des voleurs",negatif,0.95,Facturation / Paiement,0.95,2,0.95,0.9491,1858806216119431366
bonjour je suis abonné mobile catel François pourriez vous me joindre svp,neutre,0.6,processus_sav,0.9,1,0.7,0.7326,1858816860986196184
Pourquoi je suis en débit réduit encore,negatif,0.9,Pannes / Coupures téléphone,0.9,1,0.7,0.8325,1858842390875848754
"Depuis le 9 oct, fils arrachés, box qui ne fctne plus 4 techniciens sont venus, pour dire quil fallait une nacelle, mais jamais de nacelle Aucun contact possible hormis lassistance de proximité qui ne fait rien Un suivi nul Je fais quoi #freebox",negatif,0.95,Pannes / Coupures téléphone,0.95,2,0.95,0.9491,1858848706264522830
"Non ca s’affiche sur n’importe quelle chaine en direct sur ma freebox, je n’ai pas Oqee",negatif,0.95,information,0.8,1,0.7,0.8159,1858850279535284709
"Bonjour , jai aussi un problème La semaine dernière le technicien était venu et ça recommence aujourdhui Le problème de free est de choper un conseiller",negatif,0.95,processus_sav,0.9,2,0.9,0.9158,1858855899332272396
Help svp 😊,neutre,0.8,processus_sav,0.9,1,0.7,0.7992,1858863691879379190
pourquoi votre service réclamation n’est pas joignable par téléphone J’ai eu 3 semaines de coupures internet et faut encore que j’envoie un courrier pour être dédommagée,negatif,0.95,Pannes / Coupures,0.95,2,0.95,0.9491,1858865041031696752
Free je nen reviens pas après lorage plus de connexion cest dingue apenne 2 semaine et déjà des problème 0 technicien,negatif,0.95,Pannes / Coupures téléphone,0.95,2,0.95,0.9491,1858865184296640772
pourquoi me priver de services 3 jours avant la date de résiliation Merci de me répondre SVP,negatif,0.95,Pannes / Coupures,0.9,2,0.9,0.9158,1858921207229297052
"vous venez de perdre un client, ciao",negatif,0.95,processus_sav,0.9,2,0.9,0.9158,1858926375526429176
Pareil depuis 14h,neutre,0.7,processus_sav,0.9,1,0.7,0.7659,1858932914240520306
Bonjour je mabonne à pour suivre la mais le stream est totalement boggué sur Android il y a un décalage énorme entre le son et limage Donc soit vous régler le problème soit vous me remboursez Merci,negatif,0.95,processus_sav,0.9,2,0.9,0.9158,1858933673938362868
Pourquoi ma télé marche plus C’est pour un pote,neutre,0.5,Facturation / Paiement,0.9,0,0.0,0.4662,1858949485298131087
"est ce quelquun de chez vous peut maider Free me laisse internet depuis le 24 octobre sans aucun suivi, aucune aide Sachant que mon mobile ne capte pas sans la box Fidèle cliente depuis le 1er abonnement free Pour rien",negatif,0.95,Pannes / Coupures téléphone,0.9,2,0.95,0.9324,1858958448056271017
c possible de se parler en dm,neutre,0.7,autre,0.3,1,0.7,0.5661,1858963702659072380
"Si vous pouvez encadrer vos techniciens sur Toulon car ils font un carnage dans mon secteur😱 Débranchement intempestifs, branchement sauvage, on est presque heureux quand on réussit à avoir une semaine sans incident Je ne comprends pas que ne securise pas",negatif,0.95,processus_sav,0.9,2,0.9,0.9158,1858972722094829632
Help,neutre,0.6,processus_sav,0.9,1,0.7,0.7326,1858982064235966864
c’est quoi cette connerie On ne peut plus passer les pubs si on regarde en différé Enlevez ça de suite ou je me désabonne,negatif,0.95,information,0.9,1,0.8,0.8824,1858995385911701760
Ya une Panne free à Fontaine dans le 71 🤔,negatif,0.95,Pannes / Coupures téléphone,0.9,1,0.7,0.8491,1859030673774047254
"Moi je connais le forfait après 18 ans de fidélité, je dois payer 49€ 20€ de frais de port pour changer d’offre internet, et payer 10€ de plus par mois par rapport à un nouvel abonné… merci",negatif,0.95,Facturation / Paiement,0.95,2,0.9,0.9324,1859135713834365260
c’est vraiment de la merde que des problèmes,negatif,0.95,processus_sav,0.9,1,0.7,0.8491,1859151771496509822
"PUTAIN RAS LE FIACOS Je me suis dis vasy je vais stream un coup et après dodo, je peux même pas Jai la FIBRE pourtant, je vois ping à 7 je me dis cest bon ça passe, et ben NON JAI MÊME PAS 40 MÉGA BORDEL DE MERDE, COMMENT CEST POSSIBLE DAVOIR ÇA EN AYANT LA FIBRE",negatif,0.95,Fibre optique,0.95,2,0.95,0.9491,1859191716168794570
pour info le replay de votre chaîne ne fonctionne plus chez Message affiché Contenu indisponible,negatif,0.95,Pannes / Coupures téléphone,0.9,1,0.8,0.8824,1859227157060309213
moi aussi ca ne marche pas,negatif,0.9,processus_sav,0.9,1,0.7,0.8325,1859227942536040740
bonjour Jai un problème avec un nouveau contrat Jattends le technicien depuis 3h Toujours personne Impossible de joindre quelquun Impossible de me connecter à mon compte Estce quon peut me rappeler,negatif,0.95,processus_sav,0.95,2,0.95,0.9491,1859240984174882920
comme personne ne veux que je converse avec le service résiliation ne répond chez free il veulent sans doute que je parte à la concurrence comme on donne rien au abonnés actuel on fait marcher la concurrence,négatif,0.95,processus_sav,0.9,1,0.8,0.8824,1859249510532178402
Coucou cela fais deux jours que je n’ai plus internet il serait possible de voir le problème avec vous,negatif,0.95,Pannes / Coupures téléphone,0.9,2,0.9,0.9158,1859267914731593745
c’est quoi ce bordel Vous prenez l’argent des gens bien rapidement et en en échanges on a une connexion internet de merde Faut cessez l’abus là quand même,negatif,0.95,Facturation / Paiement,0.9,2,0.9,0.9158,1859270112164872361
2 semaine pour avoir un rendez vous installation Le colis indiqué livré dans ma boîte au lettre est absent Tu commences bien dire que j’avais le choix entre ça et je pensais pas trouver aussi pire que le démon rouge,negatif,0.95,Livraison,0.95,2,0.95,0.9491,1859275967941804407
problème de connexion Sur ma box n’arrive pas à joindre service assistance,negatif,0.95,Pannes / Coupures téléphone,0.9,1,0.8,0.8824,1859278084328804705
Bonsoir Avez vous une solution à proposer à un client fidèle depuis 20ans #free #fidelite #freebox,neutre,0.6,Facturation / Paiement,0.9,1,0.7,0.7326,1859285988352184358
"Bonsoir, depuis plusieurs jour service tv très dégradé Un problème sur le secteur de Sélestat",negatif,0.95,Pannes / Coupures téléphone,0.9,2,0.9,0.9158,1859312126982332457
plus possible de zapper les pubs sur TMC quand on regarde un programme en décalé 😡 Jespère que celà ne va pas se généraliser sur toute les chaînes 😡😡😡,negatif,0.95,information,0.8,1,0.7,0.8159,1859313040312696915
Cest une dinguerie jai pas de connexion avec free alors que je dois envoyer un devoir ce soir,negatif,0.95,Pannes / Coupures téléphone,0.9,2,0.9,0.9158,1859313533827285310
Je peut avoir acces a Internet ouuuuu,positif,0.95,Internet,0.8,0,0.1,0.6161,1859320507721474208
j’aimerais savoir ce que vous faites de vos journées sérieusement on passe plus de temps en ayant des pannes de réseau et d’Internet que le moment ça fonctionne bien évidemment on paye toujours le même prix…,negatif,0.95,Pannes / Coupures,0.9,1,0.8,0.8824,1859348415450431494
"Ma freebox tv bug tous les soirs vers 22h30 depuis 2 semaines Ecran noir Je suis obligé de faire un vaetvient pour que ça refonctionne sur d’autres chaines, voire devoir redémarrer le décodeur tv Que se passe til #freebox mini4k",negatif,0.95,Pannes / Coupures téléphone,0.9,1,0.8,0.8824,1859350785194328561
"Je suis obligé de contacter toutes les 2 semaines depuis que je suis chez eux pour divers problèmes, encore ce soir jai des déconnexions en boucle pendant plusieurs heures mais vous inquiétez pas ils ont LA solution Jenverrai la facture internet mobile à la fin du mois🤡",negatif,0.95,processus_sav,0.9,2,0.9,0.9158,1859373392048038312
La vie de ma mère jvais cabler srx ça pue la merde la co depuis 1 mois et jai la fibre jsp faites un effort nn en plus là cest bloqué étape 6 ptn,negatif,0.95,Fibre optique,0.95,2,0.9,0.9324,1859384057647267915
il se passe quoi encore #free #down,negatif,0.9,Pannes / Coupures téléphone,0.9,1,0.7,0.8325,1859384110357053725
"Coucou pb de connexion #pasdecalais dans pas de calais 62 depuis 510 minutes, #ultra led rouge allumée normal Merci pour votre réponse 😉 bon courage si cest un PB sur le réseau 👍",negatif,0.95,Pannes / Coupures téléphone,0.95,2,0.95,0.9491,1859387092205244708
En gros tout les soir après 22h30 depuis 1 mois cest le loto pour savoir si tu aura de la co ou pas 😅 ce soir cest perdu,neutre,0.7,information,0.9,0,0.0,0.5328,1859387334526927050
"Moi qui voulais lancer Cs2, quand la mise à jour s’arrête et je vois plus de réseau sur mon ordi et mon téléphone Faite quelque chose laisser moi lancer ma Game",negatif,0.95,information,0.7,1,0.8,0.8158,1859387851734913362
need help jai plus de co,negatif,0.9,processus_sav,0.9,1,0.8,0.8658,1859396832314445962
cest pour compenser les décos constantes de ma fibre soit disant haut de gamme made in free ou jai pas tout compris,negatif,0.9,Pannes / Coupures Fibre,0.9,1,0.8,0.8658,1859402443194339730
Hey oh … vous êtes où Plus d’internet,negatif,0.9,Pannes / Coupures téléphone,0.9,1,0.8,0.8658,1859473400592314878
Salut Freebox bloqué étape 34 aussi,negatif,0.9,processus_sav,0.9,1,0.7,0.8325,1859483335925416084
"je suis bloqué avec un opérateur éclaté au rezdechaussée encore 1 an car javais pas le choix, tu peux pas maider à men débarrasser pour passer chez Je paye plus cher et jai que Netflix Meskine 🙁",negatif,0.95,Facturation / Paiement,0.9,2,0.95,0.9324,1859526899459879117
Jai la réf mais cette nuit tout à péter chez vous la box et le réseau mobile plus rien daccessible,negatif,0.95,Pannes / Coupures téléphone,0.9,2,0.95,0.9324,1859543655553335570
possible d’avoir une assistance ou un retour sur la situation j’ai plus internet tv depuis hier soir,neutre,0.5,processus_sav,0.9,1,0.7,0.6993,1859553295393587537
Encore des soucis de connection chez ou je suis le seul Secteur Sorgues 84,negatif,0.95,Pannes / Coupures téléphone,0.9,1,0.7,0.8491,1859587419491770432
"Bonjour pas de connexion télé internet téléphone, j’ai appelé laisser un message sur votre répondeur et un message écrit sur l’application pas de réponse les 45 minutes sont dépassés vous pouvez réagir C’est chez une personne âgé Merci",negatif,0.95,Pannes / Coupures téléphone,0.95,2,0.95,0.9491,1859587650769846744
J’ai encore eu 2 coupure en début d’après midi tien 😭,negatif,0.95,Pannes / Coupures téléphone,0.9,2,0.9,0.9158,1859597317201920031
"Ma ligne qui retombe en panne, pas de technicien pour le diagnostic avant le 2 décembre, Orange minstalle la fibre dans 1 semaine pour moins cher, à dégager",negatif,0.95,Pannes / Coupures,0.9,2,0.95,0.9324,1859603343137526208
interruption de service plus d’internet dans les zones d’evry courcouronnes Que faire,negatif,0.95,Pannes / Coupures téléphone,0.9,2,0.95,0.9324,1859609781427745223
Vos serveurs de mail sont HS,negatif,0.9,information,0.7,2,0.95,0.8492,1859631232696361246
Ya moyen que je recupere ma co ouuu,neutre,0.6,Facturation / Paiement,0.9,1,0.7,0.7326,1859631625866264626
Depuis que je suis chez j’ai tellement de bug 😟😱😱😱 putain les coupures de tv et internet c’est hallucinant Franchement c’est même pire que Et pour être pire que SFR c’est quelques chose,negatif,0.95,Pannes / Coupures,0.95,2,0.95,0.9491,1859634128980713566
"Le conseiller me dit quil va gérer la résiliation de ma box red by sfr mai 2023, sauf que non Entrainant ainsi 18 mois dabonnement chez les deux 540 euros de perdu Je résilie de suite",negatif,0.95,Facturation / Paiement,0.9,2,0.95,0.9324,1859666522685505769
Encore une panne depuis 11h30 aujourd’hui Devient lassant 🙄,negatif,0.95,Pannes / Coupures téléphone,0.95,1,0.8,0.8991,1859678587336655279
Pareil,neutre,0.7,Facturation / Paiement,0.8,1,0.7,0.7326,1859716567304634678
je sais pas qui contacter mais j’en ai ras le cul de jouer à 150 de Ping tout les jours elle arrive quand la fibre là ça fait 10 ans j’attends tout les villages du coin sont fibrés… ça devient invivable aidez moi je suis à bout là,negatif,0.95,Fibre,0.95,2,0.9,0.9324,1859720941271691309
Sympa la VOST chez merci,positif,0.9,autre,1.0,0,0.0,0.6327,1859742391022072264
"jai toujourS deS problèmeS avec vouS, avec la révolution et même maintenant avec la delta jai deS erreurS de connexion le disant que je nai paS assez de débit et là maintenant jai encore le son qui est décalé de limage, super pour voir leS programme télé",negatif,0.95,processus_sav,0.9,2,0.9,0.9158,1859774283373019385
"Bonjour Depuis que j’ai souscrit à une offre pour ma permanence parlementaire, j’ai perdu mon numéro de téléphone Je ne suis plus joignable et vos services me promettent chaque jour une solution rapide, sans résultat",negatif,0.95,Facturation / Paiement,0.9,1,0.8,0.8824,1859853636920279201
vous allez vous renvoyer la balle combien de temps C’est qui le stagiaire qui a pas fait son boulot de résiliation,neutre,0.5,processus_sav,0.8,1,0.7,0.666,1859881222048293155
"Vraiment j’espère que free va quitter le marché Depuis le 3010 j’ai pas de wifi et je n’ai que peu de 4G chez moi mon téléphone aussi est chez free je fais un examen blanc en distanciel actu mais j’ai PAS DE CONNEXION POUR L’ENVOYER si je valide pas, vous allez payer",negatif,0.95,Pannes / Coupures Fibre,0.95,2,0.95,0.9491,1859888058373743066
"bonjour, Je ne peux pas débloquer mon adresse mail Free suite à une possible utilisation malveillante Le service recupcompte n’est plus disponible, estce normal",negatif,0.95,Facturation / Paiement,0.9,2,0.9,0.9158,1859934957101269355
"Les gars est ce que quelqu’un travail chez dans le nord c’est une dinguerie, problème de fibre que chez moi les voisins 0 problemes et les chiens au téléphone me donne 0 solution et je dois attendre jusqu’à MARDI mdrrrrrrrr et j’boss comment",negatif,0.95,Fibre optique,0.95,1,0.7,0.8658,1859945051998306624
Bonjour pouvez vous me mp jai besoin de votre aide durgence,neutre,0.6,processus_sav,0.9,2,0.9,0.7992,1859953711793222029
Alors jai un problème de fibre depuis vendredi dernier à cause dun câbles arraché et veut rien faire et on sait pas quand le problème sera réglé car quand tu les appelle il te mette en attente et si tu insiste trop il bloque ton numéro Reste chez orange ou Bouygues,négatif,0.95,Pannes / Coupures téléphone,0.95,2,0.9,0.9324,1859982408051003525
Viens surtout pas chez ça fait exactement 22 jours qu’internet est coupé à la maison ils font rien pour régler le problème Fin du mois je décale,negatif,0.95,Pannes / Coupures,0.95,2,0.95,0.9491,1859987296038318457
"Petit échange avec le Service Free, pour avoir un geste commercial, suite à ma fidélité à Je pense que appréciera comment ses conseillers proposent à ses fidèles clients de résilier leur contrat, pour avoir un geste commercial",negatif,0.95,Facturation / Paiement,0.9,1,0.7,0.8491,1859989948277067831
"Bonjour comment on fait quand un soustraitant nous débranche la fibre pour brancher quelqu’un d’autre notre voisin, l’admet clairement, mais remet la faute sur vous Au final ni notre voisin ni nous n’avons la fibre maintenant 👍",negatif,0.95,Pannes / Coupures téléphone,0.9,2,0.9,0.9158,1859991605488623905
Sinon chez vous avez pensé a réparer vos équipements pour assurer le service de vos clients au lieu de chercher la bagarre devant des supermarchés,negatif,0.85,processus_sav,0.8,1,0.8,0.8158,1860000388755390691
"Ça donne des leçons de français, mais pas capable de réparer une panne internet Mdr",negatif,0.95,Pannes / Coupures téléphone,0.9,1,0.7,0.8491,1860003235488268528
bonjour Je ne retrouve plus mon mot de passe zimbra Help,neutre,0.5,processus_sav,0.9,1,0.8,0.7326,1860013045168377975
ma box est bloquer à l’étape 6 que puis je faire,negatif,0.95,processus_sav,0.9,1,0.7,0.8491,1860036479864701021
c est quoi ce réseau,neutre,0.7,autre,0.3,0,0.0,0.333,1860042558258446639
peut mexpliquer cest quoi son délire à passer toutes les chaînes payantes Tu paies soit disant un abonnement internet télé pour au final avoir que les chaînes de la TNT disponibles mais KOUNIA MANMAN ZOT,negatif,0.95,Facturation / Paiement,0.9,2,0.95,0.9324,1860059156113232062
⚠#PANNE FREEBOX EN COURS⚠ 📡20 freenautes ont signalé des pannes #Internet sur le réseau #fibre de #Free depuis 20h52 🌍Ville concernée BussySaintGeorges 77600 ⬇️⬇️⬇️,negatif,0.95,Pannes / Coupures,0.95,2,0.9,0.9324,1860068924886225060
"Cest nouveau ça, lorsquon essaye de passer les pubs sur Free lors dun visionnage en différé À la demande de tf1 cette action est bloquée Du coup à la demande de vos clients, vous pourriez aller vous faire 😡€🤮🤬#",negatif,0.95,information,0.9,1,0.8,0.8824,1860069844055740817
Ma box me coute 60€mois soir disant dernière generation et a des freeze toutes les heures nous sommes des centaines à nous plaindre mais sympa le tweet 👏👏,negatif,0.95,Facturation / Paiement,0.9,2,0.95,0.9324,1860110560270123326
Quand le sav de me dit que la fibre sera installée avant la fin de lhiver promis même si on vous le dit tout les ans et quon fait rien Vous inquiéter pas,negatif,0.95,processus_sav,0.9,1,0.8,0.8824,1860248655325782428
"Bonjour, je suis déjà client chez Free J’ai tenté de joindre vos services à plusieurs reprises sur Whatsapp pour une question sur le changement d’offre à la fibre Ultra Pas de réponse depuis plus d’une semaine et 4 messages Pouvezvous me recontacterExcellente journée",negatif,0.95,processus_sav,0.95,1,0.8,0.8991,1860259963886522689
Bonjour panne depuis plus de 48h dans le secteur VitrysurSeineVillejuif 94 et aucune information de votre part malgré des mails et appels téléphoniques Estce possible davoir un suivi de la situation svp Merci,negatif,0.95,Pannes / Coupures,0.95,2,0.95,0.9491,1860260334642057699
"je profite de la visibilité lol, ça fait UNE semaine que j’ai plus de boxe internet non plus et ce tous les 2 mois 🥱🥱🥱 ‼️‼️",negatif,0.95,Facturation / Paiement,0.9,2,0.9,0.9158,1860265738293870982
"jai actuellement un incident entre le PB et le PM dont le réseau est géré par qui ne semble pas pressé de réparer la rupture de fibre Toutefois, sans connexion, impossible de démarrer la Delta Une idée pour démarrer ma VM domotique dessus Prêt dun backup 4G",negatif,0.95,Pannes / Coupures Fibre,0.95,2,0.9,0.9324,1860350637348626937
"vous avez une idée de la résolution de votre panne vers Bussy tout mon quartier est impacté, je vous rappelle que je paye votre abonnement que je dois absolument travailler ça commence à faire long depuis hier soir plus de réseau 💀",negatif,0.95,Pannes / Coupures téléphone,0.95,2,0.9,0.9324,1860369636329419010
"Jeudi au tel box télé 2 forfaits mobiles pour se plaindre du prix hein, jai obtenu 7€ de moins sur un abonnement pendant 1 an On va résilier hein",positif,0.95,Facturation / Paiement,0.95,1,0.8,0.8991,1860373382694380008
je vous aimes bien les gars mais les micro coupure de connexion internet c’est pq faire,neutre,0.6,Pannes / Coupures,0.9,1,0.8,0.7659,1860399906634047977
c normal de pas avoir de wifi depuis mercredi mdr pas de wifi pas de télévision,negatif,0.95,Fibre optique,0.9,1,0.8,0.8824,1860418142146551841
ça fait 2 mois dans la 15e arrondissement de Marseille que y’a une panne c pas normal de nous manquer de respect comme ça,negatif,0.95,Pannes / Coupures téléphone,0.95,2,0.9,0.9324,1860645323409940931
Jattends que répare ma fibre toute pourrie là,negatif,0.95,Fibre optique,0.95,1,0.7,0.8658,1860671752101110047
votre réseau wifi pu la merde,negatif,0.95,processus_sav,0.9,1,0.7,0.8491,1860685640389562865
bonjour je n’ai plus d’internet 77860 et aucune réponse de l’assistance a priori je ne suis pas le seul sur mon secteur,negatif,0.95,Pannes / Coupures téléphone,0.95,2,0.95,0.9491,1860702116756557882
svp faite quelque chose avec votre connexion psk même si c’est que 10€ par mois ya aucune connexion avec la pop zebi prenez exemple sur nan,negatif,0.95,Pannes / Coupures,0.9,2,0.95,0.9324,1860708077416157565
je suis abasourdi de voir votre insistance et en plus me sortir que je vous quitte en 2024 alors je suis chez un nouvel opérateur depuis le 17082023 et je dis bien 2023 mes factures faisant foi Vous me demandez de vous rendre la box alors que je nai plus la box car après plusieurs appels de ma part vous ne mavez pas répondu si je devais ou non vous la renvoyer Si je reçois encore de votre par un mail ou autre je serais dans lobligation de le faire part à mon conciliateur,negatif,0.95,Facturation / Paiement,0.95,2,0.95,0.9491,1860746559878553675
Impossible de passer de l’offre Freebox révolution à l’offre light J’ai une connexion de bouseux dans ma petite campagne et donc prendre l’offre light me reviendrais moins chère pour le même résultat… Mais on me dit qu’il faut résilier et me réabonner donc 49€ 49€…,negatif,0.95,Fibre,0.9,2,0.9,0.9158,1860763277875179837
depuis se matin ma freebox ne fonctionne pas J’aimerai des explications,negatif,0.95,Pannes / Coupures téléphone,0.9,1,0.8,0.8824,1860772998317285782
"Bonsoir Monsieur, Plus de 2 mois que j’ai souscrit à la fibre chez et toujours pas raccordé Honteux Je vais aller chez Reef moi vous allez voir 😡 #PasContent",negatif,0.95,Pannes / Coupures Fibre,0.95,2,0.95,0.9491,1860796629432893648
SFR refait la fibre dans mon bâtiment et depuis plus de fibreservice proxy me dit quils ne peuvent pas intervenir parce que incident collectif et a côté de ça des voisins se font raccordé par free Cest quoi ce bordel On cherche à me faire partir,negatif,0.95,Fibre optique,0.95,2,0.95,0.9491,1860952691544920356
Je me casse des chez vous Je vais rejoindre la,negatif,0.95,Pannes / Coupures téléphone,0.9,2,0.95,0.9324,1860959019449331894
Bonjour Cela fait maintenant 3 jours que nous n’avons plus internet 77 D’après certains sites c’est notre zone car il y a plus de 300 signalements Avez vous une estimations de la reprise Merci,negatif,0.95,Pannes / Coupures téléphone,0.9,2,0.9,0.9158,1860961026705117368
Je suis sans internet depuis 3 jours avec et j’aurai aimé passer à mais étant en appartement je ne peux pas,negatif,0.95,Pannes / Coupures téléphone,0.9,1,0.8,0.8824,1860972293364515087
Free box cest de nimporte quoi depuis plus dun mois on a pas ni dinternet ni tv dans la maison et quand vous les appelez jamais de réponse cest de nimporte quoi à fuir sont pas de tout sérieux vivement,negatif,0.95,processus_sav,0.9,2,0.9,0.9158,1860987373468684469
Et c’est parti pour troisième panne générale de #Free sur mon département en 6 mois environ Avec le piratage de mes données perso je vais commencer à chercher un nouvel FAI,negatif,0.95,Pannes / Coupures téléphone,0.95,2,0.9,0.9324,1860996343453434154
Deux ans que j attends sur Avignon la fibre qui m est promise chaque mois par Free…Problèmes de connexion 7 mois sans internet…Aucun remboursement et 4 rdv techniciens ou j ai posé des RTT et ils ne sont jamais venus…Bref Free du grand foutage de gueule d amateurs…,negatif,0.95,Pannes / Coupures téléphone,0.95,2,0.95,0.9491,1861004697781387705
"J’avais pas le choix que d’aller chez pour mon emménagement et c’est le pire J’ai pas internet depuis 2 semaines, et je suis en TT 3 fois dans la semaine… Franchement 0 Go voir pour changer d’opérateur",negatif,0.95,Pannes / Coupures téléphone,0.95,1,0.8,0.8991,1861007707571900526
3 rdv nonhonoré par le technicien Free pour rétablir internet chez moi On dit plutôt « LE » service de merde,negatif,0.95,processus_sav,0.95,2,0.95,0.9491,1861020279780044849
"Bonjour Free Plus d’internet depuis 3 semaines et toujours pas de nouvelles, aucune information, la freebox adsl tourne dans le vide Je sens que je vais aller voir ailleurs",negatif,0.95,information,0.8,2,0.9,0.8825,1861033873028575639
Désormais 6 semaines avec la fibre coupée et semblent dans lincapacité de traiter cet incident sur linfrastructure gérée par #orange #fibre et un jeu de pingpong sest installé La blague cest jusquà quand cc,negatif,0.95,Pannes / Coupures,0.95,2,0.9,0.9324,1861036937693245607
La chaîne MTV qui et devenue payante Prcs elle appartient à canal niquer bien vos mere Je payerai pas votre abonnement flemme et jvai également me casser 40 balle la boxe pour avoirs les 34 des chez payante flemme #MTV #Canal #Free,negatif,0.95,Facturation / Paiement,0.95,2,0.9,0.9324,1861044228459032996
Visiblement jai lair de faire chier la conseillère téléphonique de puisquelle mappelle pour changer ma box et elle me raccroche à la gueule en me faisant croire quelle va me passer quelquun dautre,negatif,0.95,processus_sav,0.9,2,0.9,0.9158,1861055775122030896
Attention si sa continue je porte plainte contre vous pour harcèlement,négatif,0.95,processus_sav,0.9,1,0.7,0.8491,1861068518336217406
Grosse dégradation sav free pas habitué à çà depuis de 20 ans à FREE,negatif,0.95,processus_sav,0.9,2,0.95,0.9324,1861082170359505130
Hey me reste 23 mois à faire chez vous remboursez des frais de résiliation par hasard,neutre,0.6,Facturation / Paiement,0.9,0,0.1,0.5328,1861086151315988807
"1 Petit aperçu de la coulisse de , pourvoyeur dinternet proposé par aka Xavier Niel Notre agence Premières Lignes a souscrit un contrat pro chez eux Malheureusement, ça tombe en panne Plus dinternet Au début, ils interviennent en 24 heures, puis 48h",negatif,0.9,Pannes / Coupures téléphone,0.95,2,0.9,0.9158,1861121127801639169
Je suis chez free et en panne en ce moment même Aucune intervention nest prévue à ce jour Après 2 ans chez orange sans aucune coupure,negatif,0.95,Pannes / Coupures téléphone,0.95,2,0.95,0.9491,1861123625060815079
w’ الله Free c’est une dinguerie comment sa pue smr y coupe la co chaque semaine 1 journée entière sans wifi,negatif,0.95,Pannes / Coupures Fibre,0.95,2,0.9,0.9324,1861140419666473403
Bonsoir Des cybercriminels ont pris le pouvoir dans le firmware de ma freebox revolution et affichent des conneries qui nont rien à y faire sur son écran Vos mises à jour incrémentales ny changent rien Comment reinstaller totalement le firmware pour virer ce truc,negatif,0.95,Pannes / Coupures téléphone,0.9,2,0.95,0.9324,1861148413003198965
vous êtes vraiment des rats Je vous appelle pour souscrire une offre fibre et je vois quelques heures après que vous m’avez mit sur une offre adsl Demain j’annule tout et je peux vous dire que la publicité ne sera pas bonne,negatif,0.95,Fibre,0.9,1,0.8,0.8824,1861170051350417751
J’ai plus de co À L’AIDEEEEE,negatif,0.95,Facturation / Paiement,0.9,1,0.7,0.8491,1861181485908124070
"pareil, y’a que des coupures en ce moment jdeviens ouf",negatif,0.9,Pannes / Coupures,0.95,1,0.8,0.8824,1861194018106781729
Installation de la fibre par technicien Free Je ne peux pas installer la prise là où vous la voulez car le fil est trop court,negatif,0.95,Fibre,0.95,1,0.8,0.8991,1861195117408760233
"Ah donc chui pas le seul, jai essayé de redémarrer ma box elle est bloquée à létape 6",negatif,0.95,processus_sav,0.9,1,0.8,0.8824,1861201984046440487
J’ai le même problème je commence à devenir fou frère,negatif,0.9,processus_sav,0.9,1,0.7,0.8325,1861203272851194064
demain vous perdez 5 clients à cause de vos pannes de réseau,negatif,0.95,Pannes / Coupures téléphone,0.9,2,0.9,0.9158,1861216014358175999
faite un effort merde j’étaie entrain de regardé blacklist la,negatif,0.9,processus_sav,0.9,1,0.7,0.8325,1861255349551911167
4 semaines sans internet et plus de gigas dans mon forfait mobile pff merci et merci #iserefibre,negatif,0.95,Pannes / Coupures téléphone,0.9,2,0.95,0.9324,1861277865603428435
Le service mail est en panne Je n’arrive pas à me connecter…,negatif,0.95,Pannes / Coupures,0.95,2,0.9,0.9324,1861360188034302055
Ma Freebox est bloquée à l’étape 4 😠,negatif,0.95,processus_sav,0.9,1,0.8,0.8824,1861372062616506624
"Cher , après plus de 20 ans de vie commune, je suis au regret de tannoncer que je vais partir, depuis 18 mois, tu es incapable de me fournir une ligne fibre stable, jenchaîne les connexions et ton indifférence, et tu es incapable de résoudre le problème #Etape3…",negatif,0.95,Fibre optique,0.95,2,0.95,0.9491,1861380914149720127
"Merci pour la publicité mensongère, vous diffusez partout des CP à tous les médias qui font croire quon à desormais accès à My Canal gratuitement mais cest juste faux la est elle au courant",negatif,0.95,information,0.8,1,0.8,0.8492,1861388167045165311
Allô,neutre,0.7,Pannes / Coupures téléphone,0.9,0,0.0,0.5328,1861390441892970721
comment en une journée impossible d’accéder à mes mail depuis 14 jours,negatif,0.95,information,0.6,1,0.8,0.7826,1861396940451131400
"Estce que je suis le seul à avoir ce problème Jai contacté lassistance, qui devait me rappeler, mais cela fait une semaine et toujours rien C’est prévu pour l’année prochaine Jai demandé un changement de box",negatif,0.95,processus_sav,0.95,2,0.9,0.9324,1861410966333743224
Si riot games me ban car déconnexion en pleine game je me désabonne de chez Donc si ou autre ont un meilleur prixqualité faite moi savoir D,negatif,0.95,Facturation / Paiement,0.9,1,0.7,0.8491,1861445864184508743
remettez moi mon wifi svp,neutre,0.6,WiFi,0.8,1,0.7,0.6993,1861449822328303886
"Salut free, possible de passer en DM Jai résilié mon abonnement mais je cherche à vous contacter Merci",neutre,0.7,Facturation / Paiement,0.9,1,0.8,0.7992,1861466969423118404
10j sans internet en France en 2024 c’est un SCANDALE,negatif,0.95,Pannes / Coupures téléphone,0.9,2,0.95,0.9324,1861476713089151219
votre réseau internet qui coupe tout le temps on a beau redémarrer la box plusieurs fois rien n’y fait et bien sûr impossible de joindre un conseiller car les services sont fermés,negatif,0.95,Pannes / Coupures téléphone,0.9,2,0.9,0.9158,1861504780121657809
J’ai plus de télé T’as t’as juste rien compris,negatif,0.9,processus_sav,0.9,1,0.7,0.8325,1861534793659240757
c’est normal les coupures réseau internet pendant 10 min Faut prévenir,neutre,0.6,Pannes / Coupures,0.9,0,0.1,0.5328,1861556709673562259
"pas de service depuis deux semaines, manque de solution de votre part Le service client est à pleurer",negatif,0.95,Pannes / Coupures téléphone,0.95,2,0.95,0.9491,1861705275482296791
Laisser galérer ses clients pendant un déménagement alors que la concurrence me propose en attendant une box 4g Que dois je faire,negatif,0.95,Facturation / Paiement,0.8,2,0.9,0.8825,1861713045149336006
"bonjour, mon rdv de ce matin a été pourquoi",negatif,0.9,processus_sav,0.9,1,0.7,0.8325,1861716439901647306
"Attention à FREE le Sav en cas de panne est devenu pire que les autres pas de technicien dispo, centre d appel incohérent sur les diagnostic , pas de délais de réparation Bref depuis plus de 20 ans chez Free et vraiment gros déclin",negatif,0.95,Pannes / Coupures téléphone,0.9,2,0.9,0.9158,1861723748082090421
vraiment de la merde free perte de connexion tous les jour pourtant en fibre ces pas cher m1is ces de la merde go résiliation,negatif,0.95,Pannes / Coupures téléphone,0.9,2,0.9,0.9158,1861739364880924813
"🤬🤬HONTE 🤬🤬Y a 10 jours me demande de confirmer ma demande décrasement de mon compte je reponds ne pas en être lorigine, 3 jours après demande denvoyer ma quittance de loyer pour prouver ma ligne, á 7 jrs coupure qd même rétablit dans 1 semaine SEULEMENT😡😡😡",negatif,0.95,Facturation / Paiement,0.95,2,0.95,0.9491,1861751173943857199
"Quest ce que je devrais dire, ça fait mnt plus de 48h que jai signalé un incident à et toujours rien",negatif,0.95,processus_sav,0.9,1,0.8,0.8824,1861764181810110712
C’est quoi cette nouveauté on ne peut plus mettre en pause la télé et quand on reprend passer les publicités #free #televisionfrancaise #publicité,neutre,0.6,information,0.9,0,0.1,0.5328,1861848791919251807
"connection fibre HS erreur 2, proposition de dépannage dans 1 semaine vos équipes sont restées sur 3615 ULLA Faut les passer à la fibre Enfin quand cela fonctionne… ma domotique full HS, merci , au niveau de",negatif,0.95,Fibre,0.95,2,0.95,0.9491,1861861298058731641
"Bonjour depuis plusieurs semaine ma Freebox fait des siennes, elle se déconnecte sans arrêt, redémarre et reste bloquée à l’étape 2 Un redémarrage complet résout le problème pendant quelques jours et ça recommence Un rdv avec un de vos techniciens était prévu et…",negatif,0.95,Pannes / Coupures téléphone,0.9,2,0.9,0.9158,1861867557042470922
savez vous comment je peux contacter free pour une suggestion damélioration du player pop,neutre,0.5,processus_sav,0.9,1,0.7,0.6993,1862013729853878285
Vous avez trouvé le moyen de me facturer 49€ de résiliation suite à une résiliation demandée pour cause de décès de lutilisateur à qui je payais labonnement depuis 10 ans car jai utilisé la box en étant de passage pour lenterrement Bravo #freebox 👏,negatif,0.95,Facturation / Paiement,0.95,2,0.95,0.9491,1862078869517267327
Bonjour ainsi que Juste un petit coucou pour vous rappeler que je vous déteste et que je déteste également l’étape 2 de vos Freebox qui a manifestement décidée d’être plus présente dans ma vie que mon père,negatif,0.95,processus_sav,0.9,1,0.7,0.8491,1862119869409325155
c’est normal qu’on me douille depuis plusieurs mois sur les factures et que je n’arrive à joindre personne à ce sujet,negatif,0.95,Facturation / Paiement,0.9,1,0.8,0.8824,1862125238844031131
bonjour jai un problème pour accéder à ma boîte de courriels Erreur 302 Avec cette fenêtre derreur Sur PC et mobile pareil Si on clique sur here La même page saffiche en boucle Y atil un problème chez Free,negatif,0.95,processus_sav,0.9,1,0.8,0.8824,1862127001584218372
"bonjour free, jessaye de vous contacter depuis 11h50 ce matin sur votre WhatsApp Estce que la messagerie est off Merci",negatif,0.95,Facturation / Paiement,0.9,1,0.8,0.8824,1862130273321725992
Depuis 1 semaine qu’on doit raccorder ma ligne vous abusez,negatif,0.9,Pannes / Coupures téléphone,0.9,1,0.8,0.8658,1862139056382955978
"Votre service SAV est des plus amateurs, raccrocher au nez de son client, il faut le faire",negatif,0.95,processus_sav,0.9,2,0.9,0.9158,1862183879009779924
il y a des pbs de streaming de certaines chaînes sur le réseau fibre en Normandie à partir de 1845 tous les jours,negatif,0.9,Fibre,0.9,1,0.8,0.8658,1862191394015641913
bonjour je rencontre un problème avec l une de mes adresse mail est il possible m aider merci,negatif,0.95,information,0.3,1,0.8,0.6826,1862195330206269482
", on peut parler de la qualité de relation clients chez",neutre,0.7,processus_sav,0.9,1,0.7,0.7659,1862205897717449029
"Coup de gueule, payer 40€ d’abonnement de box internet pour souffrir merci Ps j’ai plus de beug que de connexion internet 🫠 #réseauxDeMerde",negatif,0.95,Pannes / Coupures,0.95,2,0.95,0.9491,1862247342772015395
MON RÉSEAU NE MARCHE PLUS BANDE DINCAPABLES,negatif,0.95,Pannes / Coupures téléphone,0.9,2,0.95,0.9324,1862287721563074698
"c’est plus drôle la, à ce jour cela fait une semaine que j’ai pas internet chez moi, comment on fait maintenant 🤬",negatif,0.95,Pannes / Coupures téléphone,0.9,1,0.8,0.8824,1862409088820195490
"il faut changer votre système de suivi de ticket Car il y a aucune info, aucune évolution sur le sujet du ticket C’est frustrant pour nous utilisateurs de ne pas connaître l’avancement de notre problème",negatif,0.95,processus_sav,0.95,2,0.9,0.9324,1862413732078346284
qui decide me couper internet et de me ghost sur lassistance parce que jai demandé à changer de fai dans une semaine 👍,negatif,0.95,processus_sav,0.9,2,0.95,0.9324,1862427285325857016
il faut qu’on parle,neutre,0.7,information,0.8,1,0.7,0.7326,1862430411327963556
"Bonjour Internet qui tombe en panne tous les jours, ça sarrête quand",negatif,0.95,Pannes / Coupures téléphone,0.9,2,0.9,0.9158,1862492441938420096
"Bonjour estce possible svp de dire à votre service client D’ARRÊTER de m’appeler tous les jours pour me proposer offres de box, forfaits ou que saisje Ça fait 3 semaines que ça dure, c’est GONFLANT et ça va finir par faire fuir un client fidèle…",negatif,0.95,processus_sav,0.95,2,0.9,0.9324,1862503344046006319
5eme RDV NON HONORÉ et qui se permet de donner des leçonsApprenez déjà la politesse s’excuser d’une annulation de rdv prévenir votre client un minimum non CONCLUSION RECOMMANDERIEZ VOUS FREE NON PUBLICITÉ MENSONGÈRE AUCUN MOYEN D’AVOIR UN RESPONSABLE A FUIR,negatif,0.95,processus_sav,0.9,2,0.9,0.9158,1862522533016162420
panne de réseau fixe ou mobile qui dure depuis plusieurs heures a Saint Gély du fesc,negatif,0.95,Pannes / Coupures,0.95,2,0.95,0.9491,1862536905696461307
vos démarchages téléphoniques peuvent cesser Quand un client nest pas intéressé le mardi il ne lest toujours pas le jeudi et encore moins le vendredi après 4 appels,negatif,0.95,processus_sav,0.9,1,0.8,0.8824,1862539919949791249
"bonjour jai une Freebox révolution mon débit actuellement est de 100M, votre conseillé me demande dinvestir dans des câbles ethernet de qualité au lieu de maider à résoudre le problème , jai besoin daide merci",positif,0.95,Fibre optique,0.9,1,0.8,0.8824,1862542561052704846
"hello, On me facture 49€ si je suis absent à un rdv technicien, par contre vous me donnez combien pour un technicien qui ne vient pas sans prévenir Et qui clôture le ticket alors que le problème persiste",negatif,0.95,Facturation / Paiement,0.95,1,0.8,0.8991,1862544401253257348
Ça beugue free depuis hier non,negatif,0.9,Pannes / Coupures téléphone,0.9,1,0.7,0.8325,1862556642815959467
"Freebox HS forfait pas de connection internet service client injouable , envois 127 message identiques en 5min, tu appel le service client ils comprennent rien je suis pas chaud pour le rdv au lidl mais fais qqch bg",negatif,0.95,Pannes / Coupures téléphone,0.95,2,0.95,0.9491,1862564274259866078
Panne #free 92 blocage étape 2 merci,negatif,0.95,Pannes / Coupures téléphone,0.9,1,0.7,0.8491,1862570659559215113
quon mexplique le principe de lassistance qui pose une question à laquelle on ne peut pas répondre parce que le chat est grisé Problème de player depuis 4 jours impossible davoir une solution cest lourd,negatif,0.95,processus_sav,0.95,2,0.95,0.9491,1862572262739558508
"bonjour, un moyen de connecter les appareils wifi, imprimante télé a la freebox ultra le ssid est detecter mais a cause du niveau de sécurité impossible de connecter ces appareils Une manip pour récuperer",negatif,0.95,Fibre optique,0.9,1,0.8,0.8824,1862805647311491182
On en parle du niveau du service client de qui est de plus en plus médiocre 🤦‍♂️😡 4 jours sans internet et aucune information fournie à part « incident collectif » On dirait je suis abonné à 🤦‍♂️🤦‍♂️🤦‍♂️,negatif,0.95,processus_sav,0.95,2,0.9,0.9324,1862807229679747505
Hey Seraitil possible de faire passer quelquun dans notre immeuble pour réparer ce boîtier svp,neutre,0.6,Pannes / Coupures téléphone,0.9,1,0.7,0.7326,1862811734781632684
pas de connexion sur Kerlaz 29 depuis deux jours et aucune réponse sur le WhatsApp d’assistance … Ça commence à être chiant,negatif,0.95,Pannes / Coupures téléphone,0.9,2,0.9,0.9158,1862836375063605645
"Bonjour, jai retourné et résilié labonnement la semaine dernière et vous en avez accusé réception Je ne comprend pas pourquoi je trouve toujours ce FreeWifiSecure alors que jai résilié mon abonnement je vous remercie de me répondre",negatif,0.95,Facturation / Paiement,0.95,1,0.8,0.8991,1862846983922131155
"Technicien doit installer la #fibre, repart sans rien faire, démonte le tableau élec et sen va comme ça, emportant avec lui mes vis du tableau Technicien se justifie de ne pas prendre en considération un client parce quil ne fait pas partie du service client Honte",negatif,0.95,Fibre optique,0.95,2,0.95,0.9491,1862861093195882700
"Bonjour, est normal que vos conseillers se permettent de mal parlé à vos clients au téléphone alors que nous sommes sans services depuis plus d’un mois et que vos services techniques ne font rien pour y remédier Par contre pour prélever sur mon compte c’est très rapide",negatif,0.95,processus_sav,0.95,2,0.9,0.9324,1862880026993016861
1 semaine sans wifi je peux parler a un vrai assistant pour regler mon problème plutôt que parler a un bot,negatif,0.95,Fibre optique,0.9,1,0.8,0.8824,1862893383716344260
bonjour je vous contacte depuis plusieurs jours au sujet d’un problème de télécommande sur ma freebox et c’est impossible de vous joindre que ce soit whatsapp ou au 3244 C’est inadmissible,negatif,0.95,processus_sav,0.95,2,0.95,0.9491,1862919699400433870
aled pitié pq ma co est en pls comme alors que je suis en fibre filaire même le wifi bug,negatif,0.9,Fibre,0.9,1,0.7,0.8325,1862944807171084761
ma mère uma une Freebox révolution et au passage a oqee tous les enregistrements ont disparus cest normal,negatif,0.9,processus_sav,0.9,2,0.9,0.8991,1862947168681611563
"Il y a visiblement un problème avec la MAJ 4816 Je suis en SFP et depuis que jai fait la maj ce matin, mon débit a été divisé par 10 sur Freebox Delta R1",negatif,0.95,processus_sav,0.9,2,0.9,0.9158,1862948821656809925
"Suite MAJ de votre Player Révolution, il est désormais possible de gérer au mieux vos supports de lecture et denregistrements TV avec Je vous propose en images et sur ce TUTO de voir en détails à quoi cela correspond 🕷️",positif,0.95,information,0.9,1,0.8,0.8824,1862957305802747935
Bjr Auriez vous une adresse sur le 78 pour un espace vente conseil svp Merci davance Cordialement,neutre,0.7,Livraison,0.9,0,0.1,0.5661,1863145114593296728
Freebox Ultra Édition Limitée Free nous donne rendezvous le 3 décembre,neutre,0.5,Livraison,0.9,1,0.7,0.6993,1863185446869533047
Si ça pouvait être un nouveau Player tv afin de ne plus avoir le décalage entre le son et limage ce serait une bonne nouvelle,positif,0.8,information,0.8,1,0.7,0.7659,1863191206911524979
plus d’internet depuis le 13 novembre… faut peutêtre bouger un peu…,negatif,0.9,Pannes / Coupures téléphone,0.9,1,0.7,0.8325,1863222336171675800
"Quand je lance un Speedtest, j’ai la vitesse qui s’affiche durant une 1s, et après plus de connexion Si j’ose mettre la vue satellite dans Google Maps les cartes ne se chargent plus, normal j’ai eu une coupure Des fois j’arrive même pas à ouvrir une page Google Merci",negatif,0.95,Pannes / Coupures téléphone,0.9,1,0.7,0.8491,1863232133675843673
"Vous joindre par message aujourdhui dimanche à 15h43, faut cliquer et Bah nan cest fermé #merciFree",negatif,0.95,Facturation / Paiement,0.9,1,0.8,0.8824,1863232761152033233
"“Freebox Très mauvaise expérience pour mes débuts chez vous 5 jours de retard pour la livraison Freebox avec aucune info, un livreur insultant et menaçant à l’arrivée Estce à cette image que vous voulez associer vos services J’attends des explications”",negatif,0.95,Livraison,0.95,2,0.9,0.9324,1863278624859656449
Fortement déçu des services de free puisque incapables de rétablir notre connexion internet depuis déjà de 10 jours Nous sommes balades de service en service sans avoir de réponses Ya til un vrai service commercial pour nous rappeler et donner des infos,negatif,0.95,Pannes / Coupures téléphone,0.95,2,0.95,0.9491,1863301167838601499
"Bon je vous aime bien, mais le prix de labonnement Delta S na plus vraiment de sens aujourdhui, estce que je passe chez Bouygues maintenant où il faut que jattende le 3 au cas où",negatif,0.95,Facturation / Paiement,0.9,1,0.8,0.8824,1863306279235539004
"La réponse votre ligne est fiable ,aucun souci , sauf que tous les 2 3 mois dès avaries du genre , font que tout est HS , et la VM dans la box en vrac aussi sans internet elles ne bootent pas j’ai des soucis de gigue stutters depuis le début , personne comprend …",negatif,0.95,Pannes / Coupures téléphone,0.9,2,0.9,0.9158,1863326787490439245
interruption de service a 7H35 sur Marseille aujourdhui Freebox bloquée a létape 3 Signal fibre PON detecté Comment régler le soucis,negatif,0.95,Pannes / Coupures téléphone,0.95,2,0.95,0.9491,1863475136797565235
Merci et déjà 7 sem soit 49 j dindispo de la fibre Lincapacité à maintenir un rzo fibre pr ts les abonnés est un réel sujet ds la 7è éco mondiale Et toujours pas de dialogue entre eux #FibreOptique #Internet #LaWifi,negatif,0.9,processus_sav,0.9,2,0.95,0.9158,1863563682485096725
"plus dinternet sur ma box dans le 78, bloqué étape 2 cest normal",negatif,0.95,Pannes / Coupures téléphone,0.9,1,0.7,0.8491,1863593044655923625
"Franchement la qualité du support est pas loin d’être scandaleuse Plus de ligne depuis vendredi matin et au support le 1er créneau qu’on me propose c’est mardi soir En attendant, plus Internet alors qu’en Télétravail, plus de TV C’est pas sérieux 😠😠😠",negatif,0.95,processus_sav,0.95,2,0.95,0.9491,1863647318081163669
"alerte info pour free , car vous étés la seul est unique entreprise a refusé dharcelé les gens qui ne veulent pas venir chez vous et ca dur depuis plus de 10 ans",neutre,0.6,processus_sav,0.9,1,0.7,0.7326,1863648997518254161
"Bonjour ,Quelque chose de prévu pour ça",neutre,0.5,processus_sav,0.9,1,0.6,0.666,1863659286229913706
Bonsoir Es ce que c’est normal ce débit avec la fibre de chez Je sais que vous faite la fibre aussi dans ma ville vous pouvez me fournir plus Par ce que chez eux obligé d’appeler tout les mois par ce que je passe de 350400 mega à ça,negatif,0.95,Fibre,0.95,1,0.7,0.8658,1863661274359275586
"estil normal que depuis plus de trois jours, nous sommes sans service et la seule réponse apportée est que nous savons patient technique sur votre secteur, aucune réponse sur le retour des services prévus",negatif,0.95,Pannes / Coupures téléphone,0.95,2,0.95,0.9491,1863673641415664001
"Ouais vous avez un service incompétent de fou, c’est la période des partiels les gens doivent bosser avec internet et vous êtes incapables d’envoyer un technicien ALORS QUIL DEVAIT PASSER AUJD C vous vous payez ma 4g",negatif,0.95,processus_sav,0.95,2,0.9,0.9324,1863680778162352606
"Ya pas à avoir une box qui se deco toute les 5 minutes, jai appelé votre sav 6 fois en 3 jours jpense que je vais vite décaler chez",negatif,0.95,processus_sav,0.9,2,0.9,0.9158,1863686726876606834
La free box ultra qui clignote vive les surprises claquer au sol de,neutre,0.5,processus_sav,0.8,1,0.7,0.666,1863848893097578677
"🗞️ 🚀Depuis 25 ans, se définit par des valeurs fortes la simplicité, la générosité, et bien évidemment la passion pour l’innovation technologique Pour son anniversaire, la marque continue de surprendre en dévoilant aujourd’hui une Freebox Ultra Édition Limitée, au design unique 👇",positif,0.95,information,0.9,1,0.7,0.8491,1863853375231570421
"Ne sert à rien, ultra nul 😂",negatif,0.95,processus_sav,0.9,0,0.0,0.616,1863856370258165780
"Faites en sorte quon ai des débits égal ou supérieur a 7gbs en après midi soirée etc cest mieux avec la ultra ,car le matin oui , les débits sont là , mais des 12h 12h30 passé bah cest passable , et vers 16h cest encore plus nul ,merci",negatif,0.9,Fibre,0.8,2,0.9,0.8658,1863857906183032836
"Nimporte quoi, il est où le nouveau player",neutre,0.5,autre,0.0,0,0.0,0.1665,1863858605117641203
Je m attendais vraiment a autre chose 💩,negatif,0.95,processus_sav,0.9,0,0.1,0.6493,1863860772142494189
"Le wifi 2,4Ghz fonctionne Par ce que moi c’est complètement HS pour les appareils connectés 😓et j’ai bien dit les Je suis donc sur à 100 que le souci vient de la FreeBox Ultra",neutre,0.6,Fibre optique,0.9,1,0.8,0.7659,1863861829828546958
"Bonjour, Serait ce possible déchanger en dm",neutre,0.7,autre,0.3,1,0.7,0.5661,1863864062657917272
déjà que la box coûte une certaine somme chaque mois et la obligé de 49€ juste pour un échange abusé,negatif,0.95,Facturation / Paiement,0.9,1,0.8,0.8824,1863867689547989299
"On fait comment pour avoir la connexion chez vous Des coupures quasi toutes les semaines, sans plus d’explications",negatif,0.95,Pannes / Coupures,0.9,2,0.9,0.9158,1863873370858700948
"Rarement vu un service après vente aussi lent et mauvais chez Plus dinternet depuis le 19 novembre, là seule réponse est ne vous inquiétez pas on sen charge #Support #Mauvais #ExperienceClient #JequitteFree",negatif,0.95,processus_sav,0.95,2,0.9,0.9324,1863885978298970340
bonjour j’habite a vitry secteur Edouard Tremblay J’ai plus internet en ayant redémarrer la freebox Y a t’il un soucis dans le coin,negatif,0.9,Fibre optique,0.9,1,0.8,0.8658,1863893214320627870
"bonjour jai un commercial qui doit mappeler tout à lheure , et je préfére poser la question au cas ou joublie mais linstallation de la fibre peut ce faire maintenant et débuter le contrat en janvier",neutre,0.6,Fibre,0.95,2,0.9,0.8158,1863903755806114158
"Les actuels abonnés, quand à eux, peuvent crever… Rien de nouveau sous le soleil",negatif,0.95,processus_sav,0.9,2,0.9,0.9158,1863911341171376276
On peut pas l’avoir si on a déjà la ultra blanche,neutre,0.6,Fibre optique,0.9,1,0.7,0.7326,1863922461911245005
C’est cool mais régler les problèmes de coupure internet plutôt que de sortir du nouveau Hardware Je suis toujours bloquer à l’étape 2,neutre,0.6,Pannes / Coupures,0.95,1,0.8,0.7826,1863943895513546987
"Bonsoir j’ai des questions sur ma souscription freebox et vous n’êtes joignable sur aucun support sans passez par un robot Mon colis free a été voler et mis en anomalie, je n’ai toujours pas reçu de nouveau lien de suivie de commande concernant l’envoie du nouveau colis",negatif,0.95,processus_sav,0.95,2,0.95,0.9491,1863962962999873968
Free est en train de devenir littéralement un fournisseur de merde Il met impossible de rentrer en contact avec un conseiller malgré 2 abonnements professionnels,negatif,0.95,processus_sav,0.9,2,0.95,0.9324,1863981904430551430
my internet is down Can I get help please,negatif,0.95,Pannes / Coupures téléphone,0.95,2,0.95,0.9491,1863992452551524825
vous trouvez ça normal de ne plus avoir de wifi depuis d’1 mois et de faire tourner en rond vos clients Un service client tellement médiocre,negatif,0.95,Pannes / Coupures Fibre,0.9,1,0.8,0.8824,1863993173690761395
Bande d’escroc vous coupez internet et vous empêchez le contact,negatif,0.9,Pannes / Coupures téléphone,0.9,2,0.95,0.9158,1864005942079013254
"Bravo opérateur lamentable vos propres techniciens n’ont pas pu raccorder la fibre et m’ont conseillé d’aller chez un autre opérateur Pourtant, vous refusez toujours de résilier malgré mes appels et messages Silence radio Quel service client 👏",negatif,0.95,Pannes/Coupures téléphone,0.95,2,0.95,0.9491,1864009869436522521
"„If you’re getting something free, you are the product“ Il me manque toujours le câble USB spécial pour la caméra de sécurité pack Freebox Delta On ne peut pas prendre un câble USB « normal » pour l’alimentation",negatif,0.9,information,0.8,1,0.7,0.7992,1864010514780618784
c’est normal de ne plus avoir de wifi depuis plus d’un mois et que votre service client pitoyable nous fait tourner en rond,negatif,0.95,Fibre optique,0.9,1,0.7,0.8491,1864011304609939952
Salut free vous voulez pas m’offrir la migration de ma pop vers le modèle avec le wifi 7,negatif,0.95,Fibre,0.9,1,0.7,0.8491,1864022999575228438
"Dites , ça vous embêtes pas de vendre un contrôle du direct que lon ne peut pas contrôler parce que TF1 paye pour mimposer ses pubs #blackmirror",negatif,0.95,information,0.8,1,0.8,0.8492,1864024526322831402
"Salut,si nous prenons loffre a 7€ pour les abonnés estce quon retrouve la chaîne canal plus après résiliation Merci 😊",positif,0.85,Facturation / Paiement,0.9,1,0.7,0.8159,1864025296569053229
j’attends depuis vendredi un courrier postal pour pouvoir reprendre le contrôle de ma boîte mail Free Sans blaguer y a pas plus moderne comme méthode,neutre,0.6,Livraison,0.9,1,0.8,0.7659,1864026782426403275
pourquoi je ne peux pas souscrire à l’offre Freebox dans mon nouveau lotissement Chieulles alors que l’offre fibre est dispo chez et 😭 Je veux venir chez moi,negatif,0.95,Fibre,0.95,1,0.8,0.8991,1864031124126617741
"bonjour, aura t on la chance de profiter de la bande 6Ghz sur Freebox Pop Car pour moi pas de changement de débit de wifi6 à wifi7 et donc déçu 🥹 Seul possibilité, faire profiter de la bande 6Ghz SVP",negatif,0.95,Fibre optique,0.9,1,0.8,0.8824,1864037345885859955
Suite à la MàJ tous mes enregistrements qui étaient en local on disparu impossible de retrouver le menu ancien enregistrement,negatif,0.95,processus_sav,0.8,1,0.7,0.8159,1864093415840813387
cest quoi ce bordel pourquoi jai plus internet ni de réseau mobile dun coup là 2x en 1h,negatif,0.95,Pannes / Coupures téléphone,0.95,2,0.95,0.9491,1864104296796532935
Ma play du coup c’est limite impossible d’y jouer jvais serre ça fait au moins 2h que je me bat y’a rien,negatif,0.95,Pannes / Coupures téléphone,0.9,1,0.7,0.8491,1864116581053136957
bonjour tous les enregistrements de vidéos dans longlet mes enregistrements ont disparu vide une solution pour les récupérer Merci,negatif,0.9,information,0.7,1,0.7,0.7659,1864207110772269200
Cest trop frère 160 de ping on a la FIBRE ca fait 2 jours faite quelque chose,negatif,0.9,Fibre,0.9,1,0.8,0.8658,1864220192122798506
"Depuis quelques jours avec l’Apple TV Et l’application lorsque je demande de mettre une chaîne mais la chaîne l’Apple TV indique, je regrette, je ne trouve aucun résultat correspondant Et vous",negatif,0.95,information,0.8,1,0.8,0.8492,1864244446616797307
"Bonjour , conaissez vous le problème quil y a depuis hier midi sur #bruz 35170",neutre,0.5,Pannes / Coupures téléphone,0.9,1,0.7,0.6993,1864248804137902565
"Bonne nouvelle, Free offre également Universal gratuitement aux abonnés Freebox Delta News de",positif,0.95,information,0.9,0,0.0,0.616,1864261513193603114
la mère n a plus internet depuis un mois Qu est ce que vous faites comme,negatif,0.9,Pannes / Coupures,0.9,1,0.8,0.8658,1864280934461137017
"Vous commencez a rendre fou , vous etes en panne vous répondez à personne , aucune offre proposée rien du tout Et quand on vous appelle , le répondeur dit que vous alliez envoyer un mail quand la panne sera réparer Vous prenez vrm les gens pour des cons en vrai vous",negatif,0.95,Pannes / Coupures téléphone,0.95,2,0.9,0.9324,1864283612943683903
"4 semaines depuis la souscription de mon abonnement Freebox Toujours pas dactivation de la ligne malgré toutes mes relances et colères, et aucun rendezvous avec le technicien nest planifié Le laxisme et lincompétence sont désormais la règle chez Free",negatif,0.95,Pannes / Coupures téléphone,0.95,2,0.95,0.9491,1864288486477508806
jattend toujours lappel de votre service commercial Cela fait maintenant 6 jours que vous mavez coupe de ma connexion internet or je suis censé faire prospérer mon entreprise Sans internet cest compliqué et je perds potentiellement des clients Donc de largent,negatif,0.95,Pannes / Coupures téléphone,0.95,2,0.95,0.9491,1864290481166774628
"Quel manque de respect de votre service client au bled ils ne peuvent même pas envoyer un sms ou un mail pour confirmer ,quelle honte de profiter comme ça et en plus non respect du client ,raccroche sans un mot ou alors s en va et ne répond plus free service nul nul et nul",negatif,0.95,processus_sav,0.9,2,0.9,0.9158,1864290800294674502
que doit on renvoyer comme cordon lors dune résiliation impossible de trouver linfo,negatif,0.95,Facturation / Paiement,0.9,2,0.95,0.9324,1864298648772677917
Bonjour AuriezVous vous la possibilité de me donner en mp un numéro de téléphone ou un mail qui pourrait régler mon problème avec votre sous traitant qui installe la fibre Par avance merci,neutre,0.6,Fibre,0.95,1,0.8,0.7826,1864303362969145575
"Ce qui est fort regrettable, cest que nous attendons des échanges de répéteurs WiFi 5 en WiFi 7 depuis le mois de Mai, et que le statut ne bouge pas Ok pour linvestissement mais aussi la productivité",negatif,0.95,Fibre optique,0.9,2,0.9,0.9158,1864336998510526559
"ATTENTION aux méthodes peu scrupuleuses de cet opérateur, relevant pour moi de l’escroquerie En effet, ils se permettent de facturer des options Canal alors même qu’on a aucun accès à ces services, et ce même après confirmation auprès de Canal qu’il n’existe aucun abonnement",negatif,0.95,Facturation / Paiement,0.9,2,0.9,0.9158,1864338873217630453
"y a pas moyen de les avoir au tel ça va me rendre dingue, 3 semaines que j’essaye de résilier mon abonnement on me répond jamais au téléphone",negatif,0.95,processus_sav,0.9,2,0.9,0.9158,1864340975545364510
"Le technicien de Free Réseau qui me dit que je ne suis pas branché sur un armoire fibre optique et que je dois attendre quorange me raccordeEuh, comment dire jai eu le fibre de février à début novembre 2024 donc le branchement existe Quen pensezvous",negatif,0.95,Fibre optique,0.95,2,0.95,0.9491,1864343328654811553
"À un moment, va falloir mexpliquer les choses car je ny comprends rien Léquipe free proxy dont je dépends ma prêter un back up internet Jai un peu de wifi mais pas la tv",negatif,0.9,processus_sav,0.9,1,0.8,0.8658,1864345025749950507
"IL VA FALLOIR MEXPLIQUER POURQUOI MA FACTURE INTERNET AUGMENTE HORS QUE CA FAIT PLUS 2 MOIS QUE JE NE ME SERT PLUS DU TELEPHONE FIXE, NI MÊME DE BOX TV AH ET AUSSI RÉPONDRE À MON COURRIER RECOMMANDÉ EN VOUS PROUVANT QUE VOUS ÊTES RADIÉ DEPUIS 03022012 VOLEUR",negatif,0.95,Facturation / Paiement,0.95,1,0.8,0.8991,1864345365903712503
"Vous m’avez prélevé 39,99€ pourtant on a résilié chez Free, et je ne peux plus me connecter sur votre site comment procéder",negatif,0.95,Facturation / Paiement,0.9,2,0.9,0.9158,1864348327698936309
"bonjour free, ce matin jai fait la mise à jour de la freebox révolution car lappareil me le demander et depuis cette mise à jour, jai perdu tous mes enregistrements et je nai plus la possibilité denregistrer Merci de votre aide",negatif,0.95,processus_sav,0.9,2,0.9,0.9158,1864350049913729366
"et le pire du pire dinternet Application qui marche jamais, internet qui ne marche jamais Putain 57€ pour leur box de mes couilles Mais allez ça dégage J’ai jamais pu regarder la télé depuis 2 mois C’est normal",negatif,0.95,Facturation / Paiement,0.95,2,0.95,0.9491,1864373275393950016
vous êtes le pire opérateur Pas joignable,negatif,0.95,processus_sav,0.9,2,0.9,0.9158,1864377190307045594
Gros problème avec le freebox player revolution Impossible dajouter des enregistrements depuis la box Aussi les enregistrements du DD passés napparaissent plus Bref heureusement quavec lapp OQQE jai pu ajouter des enregistrements,negatif,0.95,processus_sav,0.9,2,0.9,0.9158,1864378254481613114
"Dhabitude je prône la bienveillance mais comme ça fait 42 jours que me laisse sans internet, sans nouvelles, dans la merde pour le travail, si vous avez quelque chose à leur dire lâchezvous sous ce post ✌️",negatif,0.95,Pannes / Coupures téléphone,0.95,2,0.9,0.9324,1864387192245604779
Dis donc je viens de prendre la Freebox ultra et je nai pas le wifi 7 comment cela se fait,negatif,0.95,Fibre optique,0.9,2,0.95,0.9324,1864400555533123664
45€ par mois vous avez pas l’impression d’être des voleurs avec votre connexion qui marchent pas là tin,negatif,0.95,Facturation / Paiement,0.9,1,0.7,0.8491,1864440631281561738
j’ai un problème je veux changer ma box on me demande de renvoyer l’ancienne avec la télécommande que je n’ai plus ça fait plus de 10 ans que je suis chez vous je fais comment 😭😭😭,negatif,0.95,Livraison,0.9,1,0.8,0.8824,1864442885606637785
Scandaleux Free facture des frais d’installation et d’abonnement pour une Freebox non déballée ligne téléphonique non opérationnelle De drôles de méthodes condamnables,negatif,0.95,Facturation / Paiement,0.95,2,0.95,0.9491,1864454349172179454
Depuis le 2011 mes parents de 84 ans n’ont plus de connexion internet et surtout téléphone et nous balade et les laisse sans pouvoir être joints et sans expliquer ce qu’il se passeJe n’ai jamais vu çaTout se passe par écrit donc c’est facile on subit et rien ne se passe,negatif,0.95,Pannes / Coupures téléphone,0.95,2,0.95,0.9491,1864553458885439860
vous vraiment je vous déteste,negatif,0.95,processus_sav,0.9,0,0.0,0.616,1864570388304306438
Préciser chez free dans mon cas c payant,neutre,0.5,Facturation / Paiement,0.9,1,0.7,0.6993,1864571189277921285
"bonjour qui c est fait arnaquer avec le soit disant max gratuit pendant 1 mois reçu mail le 9 novembre inscrit dans la foulée et payer 5,99€",negatif,0.95,Facturation / Paiement,0.95,2,0.95,0.9491,1864581983218614583
pourquoi personne n est capable de remettre la fibre chez ma fille en’panne depuis la semaine dernière lundi déjà 10 jours on aimerait bien une réponse,negatif,0.95,Pannes / Coupures téléphone,0.95,2,0.95,0.9491,1864596001413017908
hello ya quelquun pour réparer une box après 10 jours de panne,neutre,0.5,Pannes / Coupures téléphone,0.95,2,0.95,0.7992,1864596264429523439
Cest cassé,negatif,0.95,Pannes / Coupures téléphone,0.9,1,0.8,0.8824,1864603096183124085
Ça ne marche pas,negatif,0.95,Pannes / Coupures téléphone,0.9,1,0.7,0.8491,1864603136377098408
mon abonnement que jai résilié en septembre ne sest en réalité pas résilier et je paye 45 € par mois depuis septembre et votre service est injoignable cest normal Faut en parler 2 minutes là,negatif,0.95,Facturation / Paiement,0.95,2,0.95,0.9491,1864617469303750849
"la qualité du support à légèrement chuté depuis quelques temps et la page mon assistance, nen parlons pas strictement inutile whatsapp ils mettent 3 jours à répondre pour au final dire désolé on na pas eu le temps, reposez votre question et le 3244",negatif,0.95,processus_sav,0.9,1,0.7,0.8491,1864624010790641697
la wifi qui marche pas depuis deux jours c’est quoi,negatif,0.95,Pannes / Coupures téléphone,0.9,1,0.8,0.8824,1864657954936348757
"Cest maintenant trois mois que je me suis désabonné de vos services de box WiFi et que jai retourné tous les articles, y compris les routeurs et la box WiFi Vous continuez à prélever de largent sur mon compte malgré le fait que je sois venu dans vos bureaux et que jai effectué toutes les démarches nécessaires Quelle est la solution à cela",négatif,0.95,Facturation / Paiement,0.95,2,0.95,0.9491,1864658235266892076
bonjour J’ai besoin de vous joindre à titre personnel mais impossible le 1044 et 3244 ne correspondent pas à ma demande et j’ai t’entends l’assistance il n’on pas accès au service commercial Dite moi svp comment vous joindre Merci d’avance,negatif,0.95,Facturation / Paiement,0.95,2,0.95,0.9491,1864666497521439105
Bonjour jai été prélevé dune somme alors que je ne suis même plus chez vous Puisje avoir qqn de compétent pour régler ça au plus vite Merci bien,negatif,0.95,Facturation / Paiement,0.95,2,0.95,0.9491,1864666589611561358
Elle est là 😍😍😍🚀🚀🚀 #FreeboxUltraEditionLimitee25Ans Merci,positif,0.95,information,0.9,0,0.0,0.616,1864667487079424076
Il se passe quoi là,neutre,0.7,processus_sav,0.9,1,0.7,0.7659,1864696119860588784
"Plus dinternet depuis deux jours Je lai signalé, réponse nous informons loperateur historique depuis plus de nouvelle et surtout IMPOSSIBLE DE VOUS JOINDRE ni de joindre cet operateur historique Comment je fais pour bosser Aucun suivi SAV #Free #iliad",negatif,0.95,processus_sav,0.95,2,0.95,0.9491,1864700573951344876
les mails ne fonctionnent pas depuis ce matin On peut avoir des infos,negatif,0.95,Facturation / Paiement,0.9,1,0.8,0.8824,1864701033177378871
je commence en avoir marre Jai un problème avec ma box je prends rendezvous ce samedi et cest annuler Par contre pour joindre un conseiller impossible Je vais quitter FREE pourquoi annuler mon rendezvous Cest pas bien de laisser les gens #Free,negatif,0.95,processus_sav,0.95,2,0.9,0.9324,1864708493170573445
"bonjour, On doit m’installer ma box demain, mais elle ne m’a pas été livrée 😡",negatif,0.95,Livraison,0.95,2,0.9,0.9324,1864716763960623363
"Bon je ne sais plus quoi faire Jai pris il y a 2 mois un abonnement free fibre pop 3 techniciens sont intervenus chez nous, en plein Paris, ds un immeuble où il y a déjà des abonnés Free Ils ont été incapables de nous brancher à la fibre Free Pire",negatif,0.95,Pannes/Coupures téléphone,0.95,2,0.95,0.9491,1864720599660089351
", vrai foutage de gueule, comment ça je ne peux plus avoir de conseiller directement au 3244",negatif,0.95,processus_sav,0.9,2,0.95,0.9324,1864725207644057647
normal que la box Freeze sur le bandeau 🤷‍♀️😱,neutre,0.7,information,0.8,0,0.1,0.5328,1864726281880789157
Avant de faire des offres régler vos problèmes de box ce sera mieux,negatif,0.9,processus_sav,0.9,1,0.7,0.8325,1864753696342483396
"Un seul mot inadmissible Chez vous depuis miseptembre et déjà plus que déçu 48h que nous navons plus dinternet à la maison sans solution, sans information, sans aide Nous allons résilier Aberrant de voir un tel service et que dire du service clientassistance",negatif,0.95,processus_sav,0.95,2,0.95,0.9491,1864763299201458212
Jaimerais bien Jai une demande de raccordement fibre en cours depuis le 31 juillet Un cauchemard Vous pouvez maider,negatif,0.95,Fibre,0.95,1,0.8,0.8991,1864766982501077251
Ils ont quoi à bug comme ça,negatif,0.9,processus_sav,0.9,1,0.7,0.8325,1864772283488690316
"Merci de mavoir coupé internet suite à un retard de 1, vous rappel que on nes pas tous payés le 31 ou le premier du mois Moi jen nes ma claque De free Je vais résilié le contrat et allé Chez Bouygues comme ça je pourrais",negatif,0.95,Pannes / Coupures téléphone,0.9,2,0.9,0.9158,1864772297271165252
Freebox niquez vos meres vous etes la pire connexion lvdm vous etes nuls vos connexions encore pire votre service client de con vous etes bon qua mettre des ratios bande de fdp mais quand pour gerer le ping ya prsn bizzarement ya que votre télécommande ca va mais c pr la manger,negatif,0.95,processus_sav,0.9,2,0.9,0.9158,1864775010075730343
Je l’es reçu mais je comprends pas comment brancher mon enceinte devialet Maintenant que j’ai renvoyé ma delta,negatif,0.9,Fibre optique,0.8,1,0.7,0.7992,1864921983957209144
comique de parler de bien faire son travail quand passé son temps à percer des murs sans autorisation pour installer sa fibre,neutre,0.5,Fibre,0.9,0,0.1,0.4995,1864924890882580869
"Face aux décisions fiscales et pénalisantes et face à lARCOM qui supprime C8, la décision du Groupe Canal de se retirer de la TNT va avoir de très grosses conséquences sur le PAF",negatif,0.95,processus_sav,0.9,2,0.9,0.9158,1864958469230473490
la chaîne Fox news présente 1 décalage denviron 7secondes entre image et son,neutre,0.5,information,0.9,1,0.7,0.6993,1864965536523649082
"bonjour, impossible de supprimer un abonnement MAX depuis mon compte Freebox alors que je suis bien débité par Free pour cela Il est noté sur mon compte que je n’ai aucun abonnement en cours",negatif,0.95,Facturation / Paiement,0.9,1,0.8,0.8824,1864968477846433967
cest quoi le problème chez vous On narrive pas à vous joindre Par aucun moyen de communication que vous mettez en place Des que ça parle de facturation plus personne ça fait un an que je signale un souci tarifaire sans réponse 20ans de fidélité,negatif,0.95,Facturation / Paiement,0.95,2,0.95,0.9491,1864969786968388038
"Client chez en vdsl, j’ai demandé il y a 3 jours pour basculer à la fibre et 3 jours qu’ils me répondent que l’offre est en étude Du coup signature chez … apparement les employés free n’ont pas tout compris",negatif,0.95,Fibre,0.95,1,0.8,0.8991,1864981110360301606
nan,neutre,0.7,Facturation / Paiement,0.9,0,0.0,0.5328,1864992771733352521
votre câble fibre est abîmé quand est ce que ça pourra être réparé je ne sais pas comment je fais pour avoir internet en attendant je ne sais pas vous pensez que je paye pour ça c’est mieux vous trouvez une solution rapidement,negatif,0.95,Fibre optique,0.9,2,0.9,0.9158,1865002626426818758
"Vous me rendez fou C’est devenu compliqué de vous joindre, j’envoie un message sur messenger, ça me dit qu’un conseiller me recontactera pendant les heures prévues et depuis lundi aucune réponse Je tente de relancer une réponse et rien, je parle dans le vide",negatif,0.95,processus_sav,0.9,2,0.9,0.9158,1865004088447914049
Pourquoi on a pleins de chaines qui fonctionne plus depuis ce matin,neutre,0.6,information,0.8,1,0.7,0.6993,1865034412263358974
cest marrant 5 minutes votre panne general sur les box mais jai aucun réseau mobile ni fibre moi maintenant,negatif,0.9,Pannes / Coupures téléphone,0.95,1,0.8,0.8824,1865042774690533720
"bonjour, actuellement en télétravail ma connexion vient de sauter Jai contacté lassistance qui nen est plus une, pour me faire entendre dire que des tests sont en cours à lextérieur sans plus dinformations Impossible de reprendre mon activité",negatif,0.95,Pannes / Coupures téléphone,0.9,2,0.9,0.9158,1865043271367463291
ce n’est vraiment pas acceptable de votre part de laisser les habitants de la ville d’Argenteuil sans internet depuis plus d’un mois 05 ⭐️,negatif,0.95,Pannes / Coupures,0.95,2,0.95,0.9491,1865057166689702362
"Plus aucun service Des semaines d attente et toujours aucun signe d un rdv, aucun délai Un boîtier 4G qui sert à rien Envie d aller voir ailleurs 😤",negatif,0.95,Pannes / Coupures téléphone,0.95,2,0.9,0.9324,1865066909558862208
"Application Oqee, ou alternative…1PTV🤭 Veut tu que je te met en relation avec le service technique 😌🙂",positif,0.95,processus_sav,0.9,1,0.7,0.8491,1865067119823433965
"Plus de réseau téléphonique sur Mont de Marsan Landes ni dinternet depuis 15 h, grosse panne qui touche toute la ville et ses alentours, savezvous pourquoi Merci",negatif,0.95,Pannes/Coupures téléphone,1.0,2,0.95,0.9657,1865077948438446253
"La même a Dax, un peu de réseau perso, 5g de temps en temps mais Freebox impossible à connecter",neutre,0.7,Pannes / Coupures téléphone,0.9,1,0.7,0.7659,1865082553603957178
"une fois de plus depuis bientôt 2h ns navons plus d réseau, plus dinternet En fin d compte vous êtes pire q REEF y en a marre 😡 J vais résilier",negatif,0.95,Pannes / Coupures téléphone,0.95,2,0.9,0.9324,1865082787247612216
Est ce qu’on peut discuter pour savoir si il y’a possibilité d’avoir l’édition limitée svp,neutre,0.6,processus_sav,0.8,1,0.7,0.6993,1865087034127167534
"vous pouvez svp m’expliquer pour je suis sans cesse déconnecté sur l’Apple TV Sur la même vidéo, deux déconnections, les autres sévices fonctionnent",negatif,0.95,Pannes / Coupures téléphone,0.9,1,0.8,0.8824,1865098187565892092
"Hey malgré plusieurs tentatives via Messenger, nous n’avons pas eu de retour concernant notre problème de chaîne TV qui freeze ou qui saccadent depuis plusieurs jours, voir semaines Merci de nous répondre sur Messenger ou nous contacter par téléphone 😉",negatif,0.95,processus_sav,0.95,2,0.9,0.9324,1865104879963783614
Un technicien qui me propose un répéteur wifi pour des coupure dinternet Aucune solution temporaire à mes problèmes Cest limite si on me traite de menteur car jai rien de mon coté au téléphone Juste déçu Un technicien compétent pourrait maider,negatif,0.95,processus_sav,0.9,1,0.7,0.8491,1865124052030922775
1 semaine d’interruption d’internet pour travaux qui se transforment en 1 mois et demi j’vous deteste,negatif,0.95,Pannes / Coupures téléphone,0.95,2,0.9,0.9324,1865140002658636264
"OK je suis pas seul, le mien clignote déjà pas à ce point quand même alors que je lai depuis 17h ajd Heureusement je lai pas pris pour le bandeau LED, mais sans déconner",negatif,0.85,Pannes / Coupures téléphone,0.9,1,0.7,0.8159,1865164105704747113
"Bonjour tu veux pas faire activer les fréquences 3500 5G SA des antennes autour du Château de la Piscine à Montpellier Capture d’écran de l’antenne sur laquelle je suis branché J’ai même pas eu le temps de profiter de mon Ultra EL 1 jour avant de subir un débranchement sauvage 😭 En attendant qu’un technicien vienne lundi, ça serait l’occasion de tester votre 5G SA 🙏❤️",negatif,0.95,Fibre,0.95,2,0.95,0.9491,1865334730943553914
3j en étape 2 En 2028 me fournira internet normalement… 🙄 je paye 100k pour savoir pourquoi 2 câbles connectés donnent se résultat 😂,negatif,0.9,Facturation / Paiement,0.9,1,0.7,0.8325,1865369755827236937
Bonjour pour combien de fois doiton demander un report de livraison pour avoir une confirmation de livraison à la date demandée,neutre,0.5,Livraison,0.9,1,0.7,0.6993,1865405791701757991
", comment fait on, quand étend ancien client Delta devialet, que nous navons plus accès à lespace mon compte sauf pour consulter les factures, afin daller dans longlet boutique, acheter une nouvelle télécommande ou un nouveau freeplug si ceux ci sont endommagés",negatif,0.9,Facturation / Paiement,0.9,1,0.8,0.8658,1865438485324169503
Problème avec des led qui clignote de mon coté 🙋‍♂️,negatif,0.95,Pannes / Coupures téléphone,0.9,1,0.7,0.8491,1865456355244470355
bonjour je n’ai plus de wifi et la box est bloqué sur étape 3D Qu’estce que je peux faire Merci,negatif,0.95,Pannes / Coupures téléphone,0.95,2,0.95,0.9491,1865486156105687528
"cest en passe étape 2 depuis hier soir, galère dans le 94",negatif,0.8,Pannes / Coupures téléphone,0.9,1,0.8,0.8325,1865696414187065518
Il boycotte un mec juste parce qu’il est fier d’être français on appelle ça comment déjà 🧐,negatif,0.9,autre,0.0,1,0.7,0.5328,1865712676099252592
vous me prélevez une option que je nai jamais souscrite,negatif,0.95,Facturation / Paiement,0.9,1,0.7,0.8491,1865715019398164554
"pourquoi ne peuton tout simplement pas ce connecter avec ces identifiants Jai un compte Premium et impossible à synchroniser sur ma Delta Devialet, cette histoire de code dans lappli sa marche pas Voir photo jointe 😭",negatif,0.95,processus_sav,0.9,2,0.9,0.9158,1865717788846809122
je crois quon a une perte de connexion au niveau national,negatif,0.8,Pannes / Coupures téléphone,0.9,1,0.8,0.8325,1865796120326365356
suite à mes déconnexions répétitive et votre SAV lamentable je suis en train de chiffrer ma migration vers un autre opérateurbye bye free apres 20 ans,negatif,0.95,processus_sav,0.95,1,0.8,0.8991,1865802600358027631
"bouteille à la mer, un rdv pour quun technicien passe chez moi brancher la fibre, cest possible ou non ça fait 1 mois que jessaye tout ce qui est possible pour vous avoir",neutre,0.6,Fibre,0.95,1,0.8,0.7826,1865835950800089221
Qui dautre est sans internet depuis plus de 24h sur freebox au PaysBasque,negatif,0.9,Pannes / Coupures téléphone,0.9,2,0.95,0.9158,1866012827502133648
"Nous sommes un magasin de cuisines équipée qui fonctionne depuis 7 ans à Strasbourg Tout a commencé il y a à peu près 3 mois, lorsquun commercial de Free ma démarché pour remplacer mon abonnement professionnel chez Orange Cétait le début dun cauchemar",negatif,0.9,processus_sav,0.9,2,0.9,0.8991,1866062727732428848
"Suite à l’intervention du technicien, mon second post sera un peu cinglant car ce qui n’aurait dû être qu’une simple formalité prend finalement les allures du parcours du combattant Ce matin le technicien arrive dès le début du créneau bien , il vérifie les branchement de mon côté, évidement tout semble bon avant de brancher le laser et se rendre au point de mutualisation derrière Ce n’est que lorsqu’il finit par revenir avec un backup internet 4G que le début des déconvenues commence alors que je suis client depuis 2 ans, j’apprends que je n’ai pas de place attitrée dans l’armoire Pardon 🤨 plutôt que de déconnecter un client actuel et me brancher à sa place, le technicien reste pro tout à son honneur et préfère m’installer un backup internet 4G… qu’il n’arrivera finalement pas à activer car le système d’information ne le permet pas à cause de l’Edition Limitée de la Freebox Ultra bonne nouvelle “il paraît que vous avez un pocket 4G ” alors oui, mais il est impossible d’y brancher ni mon NAS ni mon relais LE BILAN j’ai donné 49€ alimentant la trésorerie de pour obtenir la Ultra Édition Limitée des #25ans de ce qui m’empêche finalement d’avoir la box de secours qui elle dispose de ports ethernet fidèle de depuis plus les débuts, j’apprends qu’en retour, la société n’a daignée m’attribuer une place fixe officielle dans son armoire je dois utiliser mon pocket 4G, qui est un service inclus et pour lequel j’ai payé 10€ à l’origine mais surtout qui ne dispose pas de ports ethernet afin d’y brancher mes appareils démotiques et mon NAS je vais devoir attendre, je ne sais combien de temps, qu’un nouveau rack soit installé au point de mutualisation… j’ai posé une matinée de RTT pour rien, et je vais devoir en poser une seconde pour la prochaine intervention et pour finir, la fréquence 3500 MHz 5G SA de l’antenne sur laquelle je suis branché avec mon dont le partage est finalement plus pratique que la pocket 4G n’est toujours pas activée Si mon post initial à ton endroit était “mignon et compréhensif” car un débranchement, ça peut arriver, je me devais de le compléter par celuici, nettement moins sympa mais, je le pense, mérité Le seul à saluer, c’est le technicien d’aujourd’hui, qui au lieu de débrancher un autre quidam a préféré faire les choses proprement, mais ce n’est pas pour autant à porter au crédit des autres car celui qui m’a débranché, lui, ne s’est contenté que de la facilité #Free #Iliad #Freebox #NotreDameDeParis #NotreDame #NotreDameCathedral #Fibre #Internet #France #PasContent",negatif,0.95,Pannes / Coupures,0.95,2,0.95,0.9491,1866064256015482885
", on fait comment pour vous joindre quand il nexiste pas de tel pour vos agences",neutre,0.7,Facturation / Paiement,0.9,1,0.8,0.7992,1866065153021591965
"Dès le départ, jai précisé que mon abonnement devait être PROFESSIONNEL Le commercial ma assuré à plusieurs reprises que cétait le cas Pourtant, il na même pas demandé le nom ou le numéro de mon entreprise Jaurais dû me méfier",negatif,0.95,processus_sav,0.9,1,0.8,0.8824,1866071219595887092
vraiment déçu de la dégradation de lassistance Freebox dans le 78 Intervention du technicien entre 8h et 11h On mappelle pour me dire quil a du retard il vient à 10h Il est 11h43 Si moi je suis présente on va me foutre une pénalité de 49 euros,negatif,0.95,processus_sav,0.95,2,0.95,0.9491,1866071538333819110
"Gros dysfonctionnements chez Free depuis le 2111 toujours aucun raccordement à la fibre On me balade de conseiller en conseiller, des rdv tech non honorés, et la facturation des frais dinstallation et dabonnement est déclenchée On marche sur la tête",negatif,0.95,Facturation / Paiement,0.95,2,0.95,0.9491,1866091330444648841
"Bonjour Étant donné que ou ne me propose aucune solution de dépannage, vous nêtes pas loin de les rattraper niveau service client",negatif,0.9,processus_sav,0.9,2,0.9,0.8991,1866098909052875012
"Au lieu de faire des collabs essayez de régler votre but premier offrir une connexion satisfaisante à vos clients Encore une fois bloqué en étape 2 , on s’y habitue presque",negatif,0.95,processus_sav,0.9,2,0.9,0.9158,1866124054790365367
"1,5 mois d indisponibilité totale adsl et Fix a cesson 77240 et rien de chez rien n est fait, et ça facture tranquillement en attendant…",negatif,0.95,Facturation / Paiement,0.9,2,0.9,0.9158,1866130894467092589
bonjour c’est normal que votre technicien s’amuse à débrancher et dit que c’est pour être payé plus Il est intervenu sur gareoult aujourd’hui Du coup j’ai encore plus internet que faire svp C’est urgent et comme d’hab ça ne répond pas,negatif,0.95,processus_sav,0.95,2,0.9,0.9324,1866167863490367955
comment on fait pour vous contacter maintenant C’est devenu une galère j’aimerais juste renvoyer mon matériel après une migration…,negatif,0.9,Livraison,0.9,1,0.8,0.8658,1866174311179964795
OK mais viens réparer ma fibre jpaye dans le vide la frero au lieu de poster des vannes,negatif,0.9,Pannes / Coupures Fibre,0.9,2,0.95,0.9158,1866180684982997077
Ils me facturent mal et je nai aucun moyen de les contacter Mauvaise compagnie,negatif,0.95,Facturation / Paiement,0.95,2,0.9,0.9324,1866238004047552969
cest normal que ma wifi sest arrêté ma box veut rien savoir,negatif,0.95,Fibre optique,0.9,1,0.7,0.8491,1866267383524188448
Bonjour La #freebox #Delta est bloquée sur létape 2 depuis hier soir vers 23h40 Depuis plus rien malgré le redémarrage de la box Savezvous ce qui se passe dans le secteur de Lomener à Ploemeur,negatif,0.95,Pannes / Coupures téléphone,0.9,2,0.9,0.9158,1866377180105805850
48h sans internet 😤,negatif,0.95,Pannes / Coupures téléphone,0.9,2,0.95,0.9324,1866378723525795956
"Bonjour, je souhaiterais annuler mon inscription Freebox car je déménage dans une semaine et je n’ai toujours pas de rendezvous… J’appelle le 1044 et le 3244 mais aucune réponse",negatif,0.95,processus_sav,0.95,1,0.8,0.8991,1866402803498762373
"Bonjour l’équipe Free Je n’ai plus de connexion depuis ma FreeBox Crystal depuis qq jours J’ai vérifié tout le câblage et rebooté plusieurs fois j’ai toujours le rectangle qui tourne dans le sens des aiguilles d’une montre, pas très rapide",negatif,0.95,Pannes / Coupures téléphone,0.95,1,0.8,0.8991,1866410933771538843
"Allo , il y a quelqu’un",neutre,0.7,processus_sav,0.9,1,0.7,0.7659,1866413989267153205
on paye la fibre pour avoir une co comme ça,positif,0.85,Facturation / Paiement,0.9,1,0.7,0.8159,1866416293865242943
ton assistante sur whatsapp cest de la grosse merde on vous répond dès que possible 5j plus tard oups on vous a pas répondu si vous navez pas trouver le réponse passez un message Jai pas la réponse merci de confirmer votre identité 🤬,negatif,0.95,processus_sav,0.95,2,0.9,0.9324,1866424799154647350
"Bonjour, Je reste dans lattente de la réponse dun être humain via lassistance WhatsApp depuis plusieurs jours sic Jai question sur une double facturation",negatif,0.95,Facturation / Paiement,0.9,1,0.8,0.8824,1866431365392269591
"#1 bonjour, ça fait 20 ans presque que je suis free, vous proposez la fibre, je dis ok, vous envoyez une 10zaine de personnes pour constater que la gaine est bouchée, je dis ok",neutre,0.6,Fibre,0.95,1,0.7,0.7492,1866453229363413361
Merci de RT Jai FreeboxUltra depuis ce matin 11h Deux soucis mes speedtest bloquent à 900mbps malgré que jai une carte réseau 10Go Sur Freebox OS je vois Débit max 8Go puis entre parenthèses 1Go je suis toujours bloqué à létape 4 sur le site malgré que jai du reseau,negatif,0.95,Fibre,0.95,1,0.8,0.8991,1866459180447768814
Ps jai tenté dappeler 32 44 mais impossible davoir un conseiller La boîte vocale me dit que je suis en cours de raccordement et raccroche,negatif,0.95,Pannes / Coupures téléphone,0.9,2,0.95,0.9324,1866461663798702587
"J en ai plein le cul de Free, jenregistre des films et 3 jours après les films ont été effacés Payer 40€ par mois pour une merde pareille cest chiant Je comprends qu il y en ait qui prennent des boitiers IPTV",negatif,0.95,Facturation / Paiement,0.95,2,0.95,0.9491,1866468689509314733
vous êtes toujours en activité Car ça fait 3 semaines que vous avez essayé de faire un trou dans mon mur pour faire passer la fibre sans réussir et depuis plus personne ne me répond ou ne me contacte Comment faire pour réussir à avoir internet avec vous,negatif,0.95,Fibre optique,0.9,1,0.7,0.8491,1866484026300854691
"Bonjour, Je vous contacte ici car impossible de joindre votre service par téléphone Jai résilié mon abonnement freebox en septembre, puis renvoyé mon matériel par relais colis comme indiqué dans vos procédure",negatif,0.95,Livraison,0.9,1,0.8,0.8824,1866499565588988104
cest quand que vous répondez à vos clients 20 minutes dattente et vous raccrochez Cest quand que vous remettez la fibre à Scionzier Ça fait 2 jours,negatif,0.95,processus_sav,0.9,1,0.8,0.8824,1866530946867925093
"Je vais les quitter dans peu de temps Depuis que jai la fibre, jai des caméras qui ne fonctionnent plus, ils parlent justement de réseau wifi instable, cest sans arrêt, donc pas de connexion",negatif,0.95,Fibre optique,0.9,1,0.8,0.8824,1866542234885111851
Possible davoir internet ou je dois encore attendre 1 mois et demi de plus pour un rdv technicien Ça fait long la,negatif,0.95,Pannes / Coupures téléphone,0.9,2,0.9,0.9158,1866544280925319465
j’aimerais parler à un conseiller,neutre,0.7,processus_sav,0.9,1,0.7,0.7659,1866586431264620873
bonjour Jai un souci avec ma box qui se coupe a Étape 2 Merci,negatif,0.95,Pannes / Coupures téléphone,0.9,1,0.8,0.8824,1866591971222999205
"bonsoir j’suis bloqué en étape 3d suite à une histoire d’écrasement de fibre, et ce sans prévenir Des infos Doisje résilier et passer à plus fiable",negatif,0.95,Pannes / Coupures Fibre,0.95,2,0.9,0.9324,1866595640194527701
remet internet,neutre,0.5,Pannes / Coupures téléphone,0.9,1,0.7,0.6993,1866630888202834238
"Ça fait deux fois cette nuit que j’ai plus d’Internet, que ce soit ma box ou mon portable, et ça pendant 15 min Pas prévenu de quoi que ce soit, ça arrive au moins tous les deux jours et on ne nous dit rien qu’estce qu’il se passe chez free C’est extrêmement frustrant",negatif,0.95,Pannes / Coupures téléphone,0.95,2,0.9,0.9324,1866664872194478487
Inédit Bonne nouvelle avec un beau cadeau sur la migration Révolution vers Freebox Ultra et certains abonnés qui peuvent en bénéficier Faîtes vous partie des chanceux 🥰Comment le savoir Simple Tuto à lire pour avoir la réponse🕷️,positif,0.95,information,0.9,0,0.1,0.6493,1866729522520826016
Mais c’est trop Tous les mois j’ai une coupure internet,negatif,0.95,Pannes / Coupures,0.9,1,0.8,0.8824,1866768698981470255
"Bonjour, Je souscris un abonnement chez free Je suis sensé recevoir la box le 10 décembre SMS reçu Pas de colis, par téléphone une personne me répond comme un robot Je nai plus internet pendant 2448h et on me dit soyez patient Merci et",negatif,0.95,Pannes / Coupures téléphone,0.95,2,0.95,0.9491,1866785139755507883
Des incapables,negatif,0.95,processus_sav,0.9,1,0.7,0.8491,1866792291572371473
Le seul FAI ou ont peut pas se connecter sur le jeu FF Je change dopérateur,negatif,0.95,Facturation / Paiement,0.9,2,0.95,0.9324,1866826501498286317
on fait comment quand personne nous recontacte Ticket incident ouvert depuis 1 sem Client pro,negatif,0.95,processus_sav,0.9,1,0.8,0.8824,1866831685678932110
tjs pas d’internet de tv rien On prend des rdv mais les techniciens n’appellent que moi qui suis au travail et pas là 2eme ligne de portable que nous avons chez eux de mon conjoint qui lui était à la maison pour eux…,negatif,0.95,Pannes / Coupures téléphone,0.9,2,0.95,0.9324,1866849874630578302
"Bonjour Jai un abonnement à 999€ à vie si si, je voudrais savoir si je peux avoir de la 5G pour le même prix sans perdre cette offre commerciale",neutre,0.6,Facturation / Paiement,0.9,1,0.7,0.7326,1866862975505797563
Bonjour on a installer la fibre dans mon immeuble C’est quand vous voulez ps je vis avec un débit de 20Mbs Merci,positif,0.95,Fibre,0.95,1,0.8,0.8991,1866866037880242217
quand allez vous enfin régler le problème du #wifi 24 ghz Dommage ça fonctionnait avant la dernière mise à jour Rappel lessentiel de la domotique est en 24 ghz 😡😡😡,negatif,0.95,Fibre optique,0.9,2,0.9,0.9158,1866889299561681334
Mais c’est insupportable Impossibilité de prendre la fibre en plein #Paris Et pas de possibilité avant 1025 Et là ne veut pas me vendre la #box5gFree mais seulement l’ADSL en 2024 Incroyable 🥺🥺🥺,negatif,0.95,Fibre,0.95,2,0.95,0.9491,1866893558579605574
Suite à une résiliation du 9 octobre jai rendu le matériel dans le Relais Colis préconisé par FREE le 12 octobre et depuis ils me harcèlent et menacent de me faire payer le materiel alors que jai déjà répondu 3 fois à leur mail en joignant le justificatif de dépôt,négatif,0.95,Facturation / Paiement,0.95,2,0.95,0.9491,1866931956467867966
10 jours maintenant que ma ligne freebox fonctionne plus l assistance me répond dans 72h maximum votre ligne sera réparée j ai obtenu un rendezvous avec un technicien pour vendredi matin aucun technicien c es présenté et je reste en panne et sans réponse de free c nul,negatif,0.95,Pannes / Coupures téléphone,0.95,2,0.95,0.9491,1866954209960116573
Qui a connu ça ici,neutre,0.5,information,0.8,1,0.7,0.666,1866959724123439129
"Chez avec leur abonnement c’est retour dans le passé ,comme quand on avait msn émule etc La je veux juste faire une mise à jour et j’ai 3h d’attente avant de pouvoir commencé à bossé du coup , et je paye plein pot et ne mon jamais proposé la fibre , c’est pas beau ça",negatif,0.95,processus_sav,0.9,2,0.9,0.9158,1867091476926407026
"Bonjour et la team je souhaite passer la Freebox révolution que j’ai depuis plus de 10 ans à la #freeboxultra Pour #noel2024, pourriezvous m’offrir les frais depuis migration Merci",positif,0.95,Facturation / Paiement,0.9,1,0.8,0.8824,1867120843047817290
"Bonjour je viens de me rendre compte que vous me voler 9,99€ par mois depuis 5 mois grâce à une offre que vous mettez sans le consentement du client et qui reste à sa propre vigilance de résilier C’est du vol Faites attention à vos factures",négatif,0.95,Facturation / Paiement,0.95,2,0.9,0.9324,1867147172635971705
"▶️❓QUESTION pour Free À chaque mise à jour de la box ça marche de moins en moins bien, et pleins de fonctions disparaissent Le marquage de vidéo perso vu et le retour en arrière sur la dernière MAJ Une explication à donner",negatif,0.95,processus_sav,0.9,2,0.9,0.9158,1867157881822314834
Je suis le seul à avoir ma box free bloqué à létape 6 #freebox #free #panne,negatif,0.95,Pannes / Coupures téléphone,0.9,1,0.8,0.8824,1867164028486787562
"Dites, cest quoi le problème actuellement dans lOise Une résolution prochaine estelle programmée",neutre,0.5,Pannes / Coupures téléphone,0.9,1,0.8,0.7326,1867221589831348230
Même souci dans l’Oise et forfait mobile aussi chez FREE donc je n’ai plus rien du tout pour télétravailler … déjà une journée de perdue 😡 ce serait bien de résoudre le problème quand même,negatif,0.95,Pannes / Coupures téléphone,0.9,2,0.9,0.9158,1867239200044789872
J’ai toujours cette box et je paye plein pot 😮‍💨,negatif,0.9,Facturation / Paiement,0.9,1,0.7,0.8325,1867280683514966513
"Je croyais qu’il n’était pas possible de connaitre nos références amp emplacements sur l’armoire Mais visiblement c’est pas trop le cas Sérieusement, c’est le même problème plusieurs fois par an Votre rôle estil de satisfaire vos clients 🤬🤬🤬",negatif,0.95,processus_sav,0.9,2,0.9,0.9158,1867282291992789232
comment avoir des infos free sur X Merci,neutre,0.5,information,0.9,0,0.1,0.4995,1867288437759656244
"Jeudi, 12 décembre, 2024, 20h33min50sec Bon moment pour rappeler que free même avec la fibre cest de la grosse merde nallez jamais chez",negatif,0.95,processus_sav,0.9,2,0.95,0.9324,1867291784415490300
Bonsoir Je viens découter ton itw sur où tu parles de léchec de la DeltaDevialet pour cause dembourgeoisement Alors quand vail répondre à BT et proposer une box fibre seule A moins que soit bloqué à vie sur des offres tripleplay,neutre,0.5,Facturation / Paiement,0.9,1,0.7,0.6993,1867291855844442599
"Plus de connexion internet, plus de télé depuis plusieurs heures et aucune communication Vous trouvez ça normal A quand le rétablissement du réseau Marre de vos pannes à répétition",negatif,0.95,Pannes / Coupures téléphone,0.95,2,0.95,0.9491,1867298645399269409
"Dans les choux ce soir Pas dinternet, un gros soucis avec vos Dns",negatif,0.95,Pannes / Coupures téléphone,0.9,2,0.95,0.9324,1867301749783994501
"Merci davoir laissé le stagiaire touché a votre réseau, jai plus dinternet chez moi😡 Je prend sur ma 4G de Bouygues 300 Go ca va hein mais bon cest pas une vitesse fibre mdr😅",negatif,0.95,Fibre,0.9,1,0.8,0.8824,1867303659903824244
il ce passe asse quoi,neutre,0.7,processus_sav,0.9,1,0.7,0.7659,1867309361129042244
Dans le sud 83 plus de co ici,neutre,0.6,Pannes / Coupures,0.9,1,0.7,0.7326,1867317649862275324
"Vous seraitil possible de cesser de nous couper Internet après 23h30, svp Dabord parce que je paye pour ce service, toujours, sans aucun retard et ensuite PARCE QUIL EXISTE DES GENS AUTRES QUE LES GRANDES ENTREPRISES QUI BOSSENT LA NUIT",negatif,0.95,Facturation / Paiement,0.95,2,0.95,0.9491,1867347822141747583
"Salut , petite question à ma nouvelle adresse, la fibre est dispo partout autour et mon immeuble est en cours détude Ms pas moyen daccéder au formulaire dintérêt et le débit ADSL est vrt moisi",negatif,0.95,Fibre,0.9,2,0.9,0.9158,1867362234722398317
alors il faut appeler chaque deux semaines le service client pour ce débit Puis tomber sur des conseillers qui n’ont pas envie d’aider et te disent librement tu peux voir ailleurs Le débit est catastrophique en plein 94 #freebox,negatif,0.95,processus_sav,0.95,2,0.9,0.9324,1867519041323380935
"une vraie galère de prendre un abonnement chez vous Bientôt en 2025, un abonnement prit depuis le 3 décembre et toujours pas internet, les techniciens ne savent pas quoi faire en arrivant à la maison et à chaque fois on me dit d’attendre 72h avant que 12",negatif,0.95,Pannes / Coupures téléphone,0.95,2,0.9,0.9324,1868986654708686879
médiocre la qualité du service,negatif,0.9,processus_sav,0.8,1,0.7,0.7992,1869001562405978461
Client Freebox Révolution depuis sa sortie…donc 14 ans Cette offre de migration ne m’est pas proposée dans mon espace abonné Appel au service client……les Freebox Revolution ne sont pas concernés par cette offre récompense ses clients fidèles Quelle blague,negatif,0.95,autre,0.1,1,0.8,0.616,1869361029463056775
", abonné fibre avec une box Delta, vous voulez me faire payer 49 € pour passer à une box ultra Vous offrez la mutation vers ultra pour les box moins performantes Dois dois passer en box inférieure 1 mois puis aller sur Ultra pour pas avoir limpression dêtre volé",negatif,0.95,Facturation / Paiement,0.9,1,0.8,0.8824,1869362558404276295
Marre de payer des pénalités de paiement alors que mon dossier est à jour Stop FREE ’,negatif,0.95,Facturation / Paiement,0.9,1,0.8,0.8824,1869377146810237145
"je suis passé a la fibre y a même pas deux mois, cest déjà en panne avec un technicien programmé pour dans deux jours Quitter était une grosse connerie, jamais eu de pannes de plus de 30 min en deux ans",negatif,0.95,Pannes / Coupures téléphone,0.95,2,0.95,0.9491,1869394093652300170
merci 15 jours sans internet et des rendezvous toujours reportés alors que nous sommes en grande agglomération Quand le correspondant internet vous répond d’être patient chaque jour c’est USANT,negatif,0.95,Pannes / Coupures téléphone,0.95,2,0.9,0.9324,1870904516507279473
bonsoir Pourquoi le ss titrage nest pas possible sur JT de TF1,neutre,0.5,information,0.8,1,0.7,0.666,1870920409782308953
"bonjour, j’ai renvoyé mes équipements, mais vous me dites que je dois les renvoyer Que fait on",negatif,0.95,Livraison,0.9,1,0.8,0.8824,1870945565397352534
bjr J’ai un soucis avec vos services Je vous ai retourné une box y a deux semaines et j’ai la preuve de dépôt Vous m’informez n’avoir rien reçu,negatif,0.95,Facturation / Paiement,0.95,2,0.95,0.9491,1873803097023406520
"Bon ça va faire 1 mois quon a plus de fibre, donc plus internettelephonetv cest la 2eme fois quon nous décommande le rdv poser pour cette fois si comme raison une panne free générale 🤨 sachant quon doit intervenir sur le fil extérieur car cest là le pb",negatif,0.95,Pannes / Coupures téléphone,0.9,2,0.9,0.9158,1874134570687439104
"Hey ma Freebox Ultra reste bloqué sur l’étape 3d, une idée Votre service client est off aujourd’hui…",negatif,0.95,processus_sav,0.9,2,0.9,0.9158,1874439333283074051
"Bloquée sur étape 3 depuis aujourd’hui, sans raison identifiée… l’année commence bien",negatif,0.95,processus_sav,0.9,2,0.9,0.9158,1874483360774619390
"Mes parents n’ont plus d’internet ni TV depuis midécembre, impossible de vous joindre au 3244, ça devait être résolu mardi c’est toujours pas le cas",negatif,0.95,Pannes / Coupures téléphone,0.9,2,0.95,0.9324,1874737735766061365
étant donné quaprès presque 2 mois sans internet toujours rien nest fait je me demandais qui est ce que vous conseillez entre un FAI de la ffdn ou orange Jaimerai bien avoir un FAI compétent mvoyez,negatif,0.9,processus_sav,0.9,2,0.9,0.8991,1874767194292461692
Ça fait presque 20 ans que je suis chez free est en général c’est plus rapide,neutre,0.7,information,0.8,0,0.1,0.5328,1876546330840940818
"Passage d’un technicien pour la 4e fois en 9 jours Par contre, débrancher la fibre et la rebrancher dans l’immeuble, je peux le faire aussi peutêtre pourriezvous corriger les problèmes sur votre infra plutôt que faire courir vos techniciens inutilement",negatif,0.95,Fibre optique,0.95,2,0.95,0.9491,1876599350111191519
Free qui me prélèvent par « erreur » en plus sur mon forfait et là qui me prélèvent en plus sur ma freebox,negatif,0.95,Facturation / Paiement,0.9,1,0.8,0.8824,1876600901047333244
Y’a un cheat code pour accéder au support technique J’ai besoin qu’un mec qui connaît un tout petit peu l’infra corrige les problèmes de signaux en amont du PMI de l’immeuble de mes parents et son NRO supérieur,neutre,0.5,processus_sav,0.9,2,0.9,0.7659,1876602805437469075
vous répondez au bout dun moment sur vos service en ligne ou bien,neutre,0.5,processus_sav,0.8,1,0.7,0.666,1876683594384699632
"Bonjour, Mon compte mail semble bloqué Quand je fais mot de passe oublié, le process est un envoi postal, or je nhabite plus à ladresse que vous connaissez Pouvezvous me proposer un autre moyen pour réinitialiser mon mot de passe",negatif,0.95,Facturation / Paiement,0.9,2,0.95,0.9324,1889604656633946267
On peut prendre un RDV de raccordement fibre directement depuis votre site ou il faut obligatoirement appeler un numéro surtaxé et attendre 10 minutes dans le vide,neutre,0.5,Fibre,1.0,0,0.1,0.5328,1891758640702407157
"salut Xavier jai demandé la résiliation de ma box et sur la facture, on me colle un petit canal series what the",neutre,0.6,Facturation / Paiement,0.9,1,0.7,0.7326,1891844208920576101
"Bravo , boite mail soidisant piratée, plus moyen de louvrir 1044 et boutique, à pars vouloir vendre, rien, Nada Si, créer une nouvelle adresse mes parents ont 85 ans, non, ils ne vont pas changer dadresse mail Une honte Vive le progrès",negatif,0.95,Facturation / Paiement,0.9,2,0.9,0.9158,1891854662971584972
bonjour 👋 estce que le débit par les Wifi estce que cest respecter mieux que orange Wifi 2Gbits par équipement Bien sûr en fonction dun nombre Wifi 5 6 6e,positif,0.9,Fibre,0.9,1,0.8,0.8658,1891898597945254321
J’en peux plus 3h de téléchargement pour 98GO fais quelque chose,negatif,0.95,processus_sav,0.9,1,0.7,0.8491,1892005449756553264
et Vous pensez vraiment que lon naura pas vu le design caché de la Freebox Ultra dans la pub de la Pop,neutre,0.5,information,0.8,1,0.7,0.666,1892146617752400322
comment vs contacter quand vs êtes injoignable au tel,neutre,0.6,processus_sav,0.9,1,0.8,0.7659,1892152074332201439
trop longtemps que ça dure ça va faire 1 an quon ne peut plus passer ou recevoir dappel quand on est à linterieur de notre logement on fait rien Maintenant la box se Mets à mouliner nimporte quand pendant 1h le replay marche pas On nous dit pas danomalies,negatif,0.95,Pannes / Coupures téléphone,0.95,2,0.9,0.9324,1892167295906017747
Mmmh,neutre,0.6,Facturation / Paiement,0.8,1,0.7,0.6993,1892245357918142757
Bjr pouvez vous mexpliquer pourquoi à chaque fois que je rentre chez mes parents la box tombe en panne Estce que vous me détestez Jpp je rentre trop heureuse davoir la fibre et de pouvoir jouer avec ma crush mais en fait non,negatif,0.9,Pannes / Coupures téléphone,0.9,1,0.7,0.8325,1892321961180578065
"Chère Cela fait plus de 2 mois que vous promettez un raccordement à la fibre Un coup, le technicien a un câble trop court La fois daprès, les 2 techniciens oublient leur camion nacelle La 3ᵉ fois, le rendezvous est annulé soidisant à cause de la mairie",negatif,0.95,Fibre optique,0.95,2,0.95,0.9491,1892567865061937212
"Bonjour jai initié mon déménagement depuis le 22 janvier Ce matin 😁 ça devait être fait Le technicien appelle, il nest pas au bon endroit bon nom, bon tél, mais mauvaise adresse à 500km de chez moi🤔😵‍💫🤬 Tas Free, tas tout compris",negatif,0.95,processus_sav,0.95,2,0.95,0.9491,1892893594907746414
"Pas de fibre depuis le 1401 Les équipes Free cherchent, soi disant, une nacelle pour réparer ma fibre aérienne à 2,5 m de hauteur Une honte de service au clients",negatif,0.95,Pannes / Coupures Fibre,0.9,1,0.7,0.8491,1892925587473186828
"bonjour, pourquoi vous ne proposez pas les réclamations en ligne mais que par courrier postal avec accusé de réception qui est assez cher est ce pour dissuader les gens",negatif,0.9,Facturation / Paiement,0.9,1,0.8,0.8658,1892946430077079947
Toujours en attente depuis trois mois de la résolution de mon dossier de raccordement à la fibre optique Service 3244 inefficace,negatif,0.95,Fibre,0.95,1,0.8,0.8991,1892961581257867422
"faut aller se faire foutre avec votre service client à chier, votre wifi a chier, rien ne vous appartient vous vous faites du blé en louant les services des autres Vous êtes honteux, une entreprise de cette envergure ne devrais pas avoir un service aussi excecrable",negatif,0.95,processus_sav,0.95,2,0.9,0.9324,1892977970517627308
"Ma mère travaille en télé travail 4j qu’elle ne peut pas travailler et free ne nous a rien proposer pour régler le soucis, et on arrive meme pas a les joindre La seule fois où on a eu un technicien en ligne, il nous a envoyé un message et a quitté la conv sans mm qu’on parle",negatif,0.95,processus_sav,0.9,2,0.9,0.9158,1892982436465635798
Et pour changer de box en panne et souscrire une box pop cest possible La page dit momentanément indisponible Merci,negatif,0.9,Fibre,0.9,1,0.8,0.8658,1893201314336723330
"5eme jour sans internet chez La box est sur l’étape 2 depuis mardi, je n’en peux plus de cette étape 2",negatif,0.95,Pannes / Coupures téléphone,0.95,2,0.9,0.9324,1893233466885443796
Honte à car une panne fibre il mette 15 jours à venir dépanner alors que j’ai signalé que j’avais besoin du réseau pour les personnes atteint de maladie qui peuvent avoir besoin de moi Et je reste injoignable 15 sans internet J’espère aussi un geste commercial,negatif,0.95,Pannes/Coupures téléphone,0.95,2,0.95,0.9491,1893240166929535058
"C’est une honte … pareil pour moi, je suis en teletravail a 100 et si ça dure je risque de perdre mon emploi … honte a Free",negatif,0.95,processus_sav,0.9,2,0.9,0.9158,1893277419311628443
"rendezmoi internet peut être nan Ça fait deux jours que j’appelle, avant hier on me dit X, hier Y, et la Z frr Faut pas prendre les gens pour des cons nn plus",negatif,0.95,processus_sav,0.9,1,0.8,0.8824,1893284009448268220
BONJOUR Mon chat a ouvert et a sectionné le fil rouge de mon boîtier fibre HIER votre technicien est venu réparer et a fait ça avec DU SCOTCH ça n’a pas tenu et je suis en guerre avec votre assistance pour avoir un nv rdv mais je dois attendre que,negatif,0.95,Pannes / Coupures Fibre,0.95,2,0.9,0.9324,1893288969132994963
Bon courage à vous,neutre,0.7,processus_sav,0.9,0,0.1,0.5661,1893323932419137804
On fait comment pour vous joindre qd on est plus client le code barre de retour colis n est pas accepté que ce soit en consigne ou en boutique Je fais comment pour vous rendre le matériel Vu que mon accès à mon espace client est fermé je tente ici,negatif,0.95,Facturation / Paiement,0.9,2,0.95,0.9324,1893333354717556967
C’est quand qu’on a de la connexion sinon svp,negatif,0.95,Pannes / Coupures téléphone,0.9,0,0.0,0.616,1893408127933927821
"Bonjour, Je vous ai écrit à 3 reprises par mail inscriptionfreetelecomf suite à vos relances concernant la restitution du matériel Jai précisé le relais colis concerné ainsi que le bordereau Jamais eu de réponse Et aujourdhui je reçois la facture n°1350928431",negatif,0.95,Facturation / Paiement,0.95,2,0.9,0.9324,1893692305552416904
"Scandaleux J’ai souscrit à la fibre chez le technicien a coupé mon ancienne connexion et maintenant je n’ai plus internet Service client qui me balade, aucun rdv garanti, je suis bloqué C’est ça l’accueil d’un nouveau client Urgent #Free #Freebox",negatif,0.95,Pannes / Coupures,0.95,2,0.95,0.9491,1893978033565909033
Hello Je souhaite passer à la fibre chez vous Je suis sans engagement auprès dun autre opérateur comment procéder pour que vous preniez en charge le passage à la fibre et la résiliation de lautre abonnement avec migration du numéro de téléphone fixe,positif,0.95,Fibre,1.0,1,0.8,0.9158,1893986492210405582
Non non je suis le seul de mon bâtiment à pas avoir de wifi alors que tous les branchements sont OK d’après les 2 techniciens qui sont venus Le problème viendrai de Free qui n’envoie pas de signal,negatif,0.95,Fibre optique,0.95,2,0.95,0.9491,1893999933969084503
Bon c’est possible d’avoir internet Nan parce que j’veux bien j’ai changé d’offre je paie plus cher mais si c’est pour avoir la box qui redémarre en boucle c’est pas la peine,neutre,0.6,processus_sav,0.9,1,0.7,0.7326,1894096818209763449
cela fait maintenant 20 ans que mes parents sont fidèles à vos services avec Depuis maintenant 5 jours il n’ont plus d’internet et aucune solution n’est proposée par vos services pour envoyer un technicien est en perte de professionnalisme…,negatif,0.95,Pannes/Coupures téléphone,0.95,2,0.9,0.9324,1894349889405898789
"Ma free box pop marche pas Jai souscrit un abonnement il y a deux semaines, jai reçu la box mais elle fonctionne pas et je sais pas quoi faire a laide",negatif,0.95,Pannes / Coupures téléphone,0.9,2,0.95,0.9324,1894364485210484959
Impossible pour vos services de prendre en compte ma demande de résiliation Cela traine et on ne revient pas vers moi Je bloque les prélèvements le mois prochain et dépose ma delta devant votre boutique,negatif,0.95,Facturation / Paiement,0.95,2,0.9,0.9324,1894384652229452060
c’est quoi le but de payer une PUTAIN DE FIBRE ET AVOIR LA NOUVELLE FREEBOX DELTA SI CEST POUR BUG TOUS LES 2 MINUTES ET FREEZE CONSTAMMENT EN PLEINE GAME TOUTES LES 30 SECONDES,negatif,0.95,processus_sav,0.9,2,0.95,0.9324,1894482892274700572
"Wtf On peut plus mettre pause et avancer les pubs C’est un truc de fou comment la technologie régresse, ça fait 10 ans qu’on pouvait le faire",negatif,0.95,processus_sav,0.9,2,0.9,0.9158,1894498510629654705
"Possible davoir une information sur la panne Freebox a Epinay sur seine, du 17022025 à 8h au 21022025 à 18h Nous sommes le 260122025 toujours pas de connexion Les rendezvous téléphoniques pris en boutique , ne sont pas respectés cest épuisant #freebox",negatif,0.95,Pannes / Coupures téléphone,0.95,2,0.95,0.9491,1894721200129012015
"J’ai plus internet avec ma freebox, AIDEZ MOIIIIII j’en ai besoin pour travailler 😔",negatif,0.95,Facturation / Paiement,0.9,2,0.95,0.9324,1894843689123418306
"Bonsoir, jessaie dappeler le service client ce mercredi soir vers 19 h Après plusieurs interlocuteurs, je nai toujours pas de réponse concernant ma demande de rétractation pour ma commande réalisée ce mardi Je suis vraiment déçu et vraiment peur de perdre mes numéros",negatif,0.95,processus_sav,0.95,1,0.8,0.8991,1894886009415889099
"la wifi qui marche pas, 4g qui marche pas, 5g qui marche pas y’en a marre",negatif,0.95,Fibre optique,0.9,2,0.95,0.9324,1895292960826368084
bonjour je viens de commander une box free mais je me suis tromper de compte bancaire,negatif,0.95,Facturation / Paiement,0.9,1,0.8,0.8824,1895415688615076119
Bonjour une question sur votre offre freebox pop lONT est déportable ou cest inclus forcement dans la box PTO dans le garage Autre question le boitier TV est en wifi ou en CPL Merci et bonne journée,neutre,0.6,information,0.8,1,0.7,0.6993,1895802554505904616
"Salut, mes parents nont plus internet depuis Vendredi, impossible davoir quelquun au téléphone Ce serait possible davoir de laide, sachant quils sont abonnés chez vous depuis plus de 15 ans Merci",negatif,0.95,Pannes / Coupures téléphone,0.9,2,0.95,0.9324,1896163290499502341
Ne pas avoir internet et utiliser sa 5g à foison sans savoir quand est ce que jaurais de nouveau du net est un peu chiant y a moyen daccélérer la procédure de déménagement ou pas mdr,negatif,0.95,Pannes / Coupures,0.9,1,0.7,0.8491,1896503249823568107
"Bonjour Free, 1 mois et demi que jattends dêtre raccordé et toujours impossible davoir un rendez vous Et il parait que mon dossier est prioritaire depuis plus de 15 jours",negatif,0.95,Livraison,0.9,2,0.9,0.9158,1896515083293036711
Bonjour pourquoi je narrive pas à joindre vos services Jai accès quau service vocal qui ne répond pas à mes questions,negatif,0.95,processus_sav,0.9,1,0.8,0.8824,1896527580620365942
"bonjour, jai reçu un email que vous minformiez que je nai retourné pas la free box Mais javais les envoyés dedans le délai correct",négatif,0.95,Facturation / Paiement,0.95,1,0.8,0.8991,1896567290294067549
"Coucou 1 semaine que nos salariés ne peuvent travailler à cause d’une panne Free Plein de tickets ouverts, un technicien va passer mais ne passe pas… si jamais ça peut accélérer les choses y’a un pas loin 😉",negatif,0.95,Pannes / Coupures téléphone,0.9,2,0.9,0.9158,1896576881581060443
Grrrrrrrr,negatif,0.95,processus_sav,0.9,1,0.7,0.8491,1896866546024362018
"Bonjour, j’ai un soucis avec ma fibre depuis le 7 février Possible de me venir en aide s’il vous plaît",negatif,0.95,Pannes / Coupures Fibre,0.95,1,0.8,0.8991,1896921665113915789
comment avoir quelqu’un quand on veut passer à la fibre et avoir un installateur compétent,neutre,0.5,Fibre,0.9,1,0.7,0.6993,1896947024895115718
j ai fait une demande de déménagement de mon abonnement mais visiblement vous avez compris que c’etait un nouvel abo avec livraison d’une box dans un appart où je ne suis pas encore Help,negatif,0.95,Livraison,0.9,1,0.7,0.8491,1897000114465726612
Yo ya moyen de savoir pourquoi la vitesse de ma connexion a été divisée par 10 svp,negatif,0.9,Fibre,0.9,1,0.8,0.8658,1897316045154607392
s’agirait de se bouger pour remettre les services en place non,neutre,0.5,Pannes / Coupures téléphone,0.9,1,0.7,0.6993,1897342296137560280
"bonjour, Ma box est bloquée à l’étape 4 depuis ce matin Visiblement je dois prendre rdv avec un technicien mais impossible via mon espace abonné Comment faire svp",negatif,0.95,Pannes / Coupures téléphone,0.95,1,0.8,0.8991,1897383054479646885
"Bonjour, cela fait un mois que nous avons souscrit à un abonnement Freebox Le suivi de notre dossier est toujours bloqué à l’étape 1, nous n’avons toujours pas reçu la box Pourriez vous revenir vers nous afin d’apporter une solution à notre problème",negatif,0.95,processus_sav,0.95,2,0.9,0.9324,1897712586734362845
Rebonjour Avezvous une solution à me proposer Jai tenté le 3244 mais aucun choix ne me permet daboutir à une aide quelconque,negatif,0.95,processus_sav,0.9,2,0.95,0.9324,1897999371788067111
"Free Bonjour, j’ai reçu deux box par erreur et payé 200€ d’installation 60€mois, mais Internet n’a jamais fonctionnéQuatre techniciens sont venus sans résoudre le problème J’ai payé près de 300€ pour rien, et on refuse de me rembourser Je suis offensé par votre service😔",negatif,0.95,Facturation / Paiement,0.95,2,0.95,0.9491,1898022640008208516
Plop jai un petit soucis de numéro de telephone fixe que jaimerais changer dopérateur et le passer chez vous mais on a eu comme réponse le numéro nest pas récupérable on ne prend pas en charge les 01 seulement les 09 cest pour une entreprise et cest très important,negatif,0.95,Pannes / Coupures téléphone,0.9,2,0.9,0.9158,1898068788408455343
possible de discuter en dm dun problème qui marrive chez vous dont jarrive absolument pas à avoir dinformations svp 😪😮‍💨,negatif,0.95,processus_sav,0.9,1,0.8,0.8824,1898074508751208585
Bonjour possible de dm pour un renseignement sur les 3 mois offerts canal plus svp,neutre,0.5,information,0.9,1,0.7,0.6993,1898360857878217169
"bonjour, nous avons un rupture service internet fibre depuis 2 semaines La GarenneColombes et toujours zéro info sur le délai de rétablissement… Boîtier 4G backup qui a été fourni a bcp de coupures, difficile de continuer comme ça…pouvezvous aider à accélérer",negatif,0.95,Pannes / Coupures téléphone,0.95,2,0.9,0.9324,1899767694175457356
bonjour j’aurais besoin d’aide pour comprendre une facture a propos de ma ligne résiliée Ma ligne 04 26 09 42 05,neutre,0.6,Facturation / Paiement,0.9,1,0.8,0.7659,1899848229543428473
"bonjour, j’ai renvoyé ma box suite résiliation de mon abonnement je reçois des mails de non réception Où envoyer la preuve de mon retour Merci",negatif,0.9,Facturation / Paiement,0.9,1,0.8,0.8658,1899898852897087998
"On vous dérange pas On vous fait une demande de résiliation, vous nous dites recevoir cette demande et nous envoyer les papiers pour renvoyer le matériel et votre réponse c’est ça alors que le matériel est bien reparti chez vous",negatif,0.95,Facturation / Paiement,0.9,2,0.95,0.9324,1900683776771965437
bonjour vous pouvez mexpliquer pourquoi est ce que je suis dans lincapacité daccéder aussi bien à la freebox et au WiFi depuis plus dun mois malgré que jécris à lassistance chaque jour et que je continu à être débité pour le paiement de la facture alors que je ne,negatif,0.95,processus_sav,0.95,2,0.95,0.9491,1901335914762100748
Je suis pour la récupération de ma connexion,neutre,0.5,Pannes / Coupures téléphone,0.9,1,0.7,0.6993,1901350139652166007
Ehh sil vous plait cest quoi ftth etape 3 ça bloque depuis 34 heure ya plus de wifi 😑,negatif,0.95,Fibre,0.95,2,0.95,0.9491,1901350460209971697
"Dysfonctionnement depuis presque 3 semaines dans notre quartier, qui touche uniquement Free nos voisins chez la concurrence n’ont aucun soucis Toujours cette absence de résolution",negatif,0.95,Pannes / Coupures téléphone,0.95,2,0.9,0.9324,1901592324708131012
Problème de box depuis octobre … Votre sav a pas la fibre très très professionnel Vous faites les mort sauf pour prélever Bravo,negatif,0.9,processus_sav,0.8,2,0.9,0.8658,1901652619317104666
"📣 𝗟𝗮 𝗱𝗲́𝗰𝗹𝗮𝗿𝗮𝘁𝗶𝗼𝗻 𝗱𝘂 𝗷𝗼𝘂𝗿 Cest la mise au point de Jimmy Gressier 🇫🇷 après son nouveau 𝗿𝗲𝗰𝗼𝗿𝗱 𝗱’𝗘𝘂𝗿𝗼𝗽𝗲 du 5 kilomètres sur route ce dimanche à Lille « 𝘾’𝙚́𝙩𝙖𝙞𝙩 𝙡’𝙤𝙘𝙘𝙖𝙨𝙞𝙤𝙣 𝙥𝙤𝙪𝙧 𝙢𝙤𝙞 𝙙𝙚 𝙩𝙚𝙨𝙩𝙚𝙧 𝙡𝙚𝙨 𝙘𝙝𝙖𝙪𝙨𝙨𝙪𝙧𝙚𝙨 𝙘𝙖𝙧𝙗𝙤𝙣𝙚 𝙆𝙞𝙥𝙧𝙪𝙣 𝙥𝙤𝙪𝙧 𝙡𝙖 𝙥𝙧𝙚𝙢𝙞𝙚̀𝙧𝙚 𝙛𝙤𝙞𝙨 𝙚𝙣 𝙘𝙤𝙢𝙥𝙚́𝙩𝙞𝙩𝙞𝙤𝙣 𝙨𝙪𝙧 𝙧𝙤𝙪𝙩𝙚 𝘼̀ 𝙡’𝙖𝙣𝙣𝙤𝙣𝙘𝙚 𝙙𝙚 𝙢𝙖 𝙨𝙞𝙜𝙣𝙖𝙩𝙪𝙧𝙚 𝙖𝙫𝙚𝙘 𝙚𝙪𝙭 𝙗𝙚𝙖𝙪𝙘𝙤𝙪𝙥 𝙙𝙚 𝙜𝙚𝙣𝙨 𝙤𝙣𝙩 𝙘𝙧𝙞𝙩𝙞𝙦𝙪𝙚́ 𝙢𝙤𝙣 𝙘𝙝𝙤𝙞𝙭, 𝙦𝙪𝙚 𝙘’𝙚́𝙩𝙖𝙞𝙩 𝙪𝙣𝙞𝙦𝙪𝙚𝙢𝙚𝙣𝙩 𝙥𝙤𝙪𝙧 𝙡’𝙖𝙧𝙜𝙚𝙣𝙩 𝙄𝙡𝙨 𝙙𝙤𝙪𝙩𝙖𝙞𝙚𝙣𝙩 𝙙𝙚 𝙡𝙖 𝙘𝙤𝙢𝙥𝙚́𝙩𝙚𝙣𝙘𝙚 𝙙𝙚 𝙆𝙞𝙥𝙧𝙪𝙣 𝙖̀ 𝙥𝙖𝙧𝙫𝙚𝙣𝙞𝙧 𝙖̀ 𝙥𝙧𝙤𝙙𝙪𝙞𝙧𝙚 𝙙𝙚𝙨 𝙘𝙝𝙖𝙪𝙨𝙨𝙪𝙧𝙚𝙨 𝙘𝙤𝙢𝙥𝙚́𝙩𝙞𝙩𝙞𝙫𝙚𝙨 𝙈𝙤𝙞, 𝙟𝙚 𝙡𝙚 𝙨𝙖𝙫𝙖𝙞𝙨 𝙖𝙫𝙖𝙣𝙩 𝙩𝙤𝙪𝙩 𝙡𝙚 𝙢𝙤𝙣𝙙𝙚 𝙘𝙖𝙧 𝙟’𝙖𝙫𝙖𝙞𝙨 𝙫𝙪 𝙡𝙚𝙨 𝙥𝙧𝙤𝙙𝙪𝙞𝙩𝙨, 𝙟’𝙚́𝙩𝙖𝙞𝙨 𝙘𝙚𝙧𝙩𝙖𝙞𝙣 𝙙𝙚 𝙢𝙤𝙣 𝙘𝙝𝙤𝙞𝙭 𝙚𝙣 𝙨𝙞𝙜𝙣𝙖𝙣𝙩 𝙖𝙫𝙚𝙘 𝙚𝙪𝙭 𝘾’𝙚𝙨𝙩 𝙪𝙣𝙚 𝙜𝙧𝙖𝙣𝙙𝙚 𝙛𝙞𝙚𝙧𝙩𝙚́ 𝙥𝙤𝙪𝙧 𝙢𝙤𝙞 𝙙’𝙖𝙫𝙤𝙞𝙧 𝙧𝙚́𝙖𝙡𝙞𝙨𝙚́ 𝙘𝙚𝙩𝙩𝙚 𝙥𝙚𝙧𝙛𝙤𝙧𝙢𝙖𝙣𝙘𝙚 𝙖𝙫𝙚𝙘 𝙪𝙣𝙚 𝙥𝙖𝙞𝙧𝙚 𝙙𝙚 𝙆𝙞𝙥𝙧𝙪𝙣 𝙖𝙪𝙭 𝙥𝙞𝙚𝙙𝙨 𝙇𝙚𝙨 𝙜𝙚𝙣𝙨 𝙨𝙚 𝙥𝙚𝙧𝙢𝙚𝙩𝙩𝙚𝙣𝙩 𝙙𝙚 𝙥𝙖𝙧𝙡𝙚𝙧 𝙙𝙚 𝙢𝙤𝙣 𝙘𝙤𝙣𝙩𝙧𝙖𝙩, 𝙙’𝙖𝙧𝙜𝙚𝙣𝙩 𝙚𝙩 𝙙𝙚 𝙘𝙝𝙖𝙪𝙨𝙨𝙪𝙧𝙚𝙨 𝙖𝙡𝙤𝙧𝙨 𝙦𝙪’𝙞𝙡𝙨 𝙣𝙚 𝙘𝙤𝙣𝙣𝙖𝙞𝙨𝙨𝙚𝙣𝙩 𝙧𝙞𝙚𝙣, 𝙦𝙪’𝙞𝙡𝙨 𝙣’𝙤𝙣𝙩 𝙖𝙪𝙘𝙪𝙣𝙚 𝙞𝙣𝙛𝙤 𝙤𝙪 𝙦𝙪’𝙞𝙡𝙨 𝙣’𝙤𝙣𝙩 𝙢𝙚̂𝙢𝙚 𝙟𝙖𝙢𝙖𝙞𝙨 𝙚𝙨𝙨𝙖𝙮𝙚́ 𝙇𝙖 𝙢𝙚𝙞𝙡𝙡𝙚𝙪𝙧𝙚 𝙧𝙚́𝙥𝙤𝙣𝙨𝙚 𝙖̀ 𝙙𝙤𝙣𝙣𝙚𝙧 𝙘’𝙚́𝙩𝙖𝙞𝙩 𝙨𝙪𝙧 𝙡𝙚 𝙩𝙚𝙧𝙧𝙖𝙞𝙣 𝙚𝙩 𝙘’𝙚𝙨𝙩 𝙘𝙝𝙤𝙨𝙚 𝙛𝙖𝙞𝙩𝙚 𝙘𝙚 𝙙𝙞𝙢𝙖𝙣𝙘𝙝𝙚 𝙖̀ 𝙇𝙞𝙡𝙡𝙚 𝙍𝙚𝙘𝙤𝙧𝙙 𝙙’𝙀𝙪𝙧𝙤𝙥𝙚 𝙚𝙣 𝙆𝙞𝙥𝙧𝙪𝙣 𝙌𝙪𝙞 𝙡’𝙖𝙪𝙧𝙖𝙞𝙩 𝙘𝙧𝙪 𝙀𝙩 𝙥𝙤𝙪𝙧 𝙘𝙚𝙪𝙭 𝙦𝙪𝙞 𝙨𝙤𝙣𝙩 𝙩𝙤𝙪𝙟𝙤𝙪𝙧𝙨 𝙙𝙖𝙣𝙨 𝙡𝙖 𝙘𝙧𝙞𝙩𝙞𝙦𝙪𝙚 𝙟𝙚 𝙫𝙤𝙪𝙨 𝙞𝙣𝙫𝙞𝙩𝙚 𝙨𝙞𝙢𝙥𝙡𝙚𝙢𝙚𝙣𝙩 𝙖̀ 𝙖𝙡𝙡𝙚𝙧 𝙚𝙣 𝙢𝙖𝙜𝙖𝙨𝙞𝙣 𝘿𝙚𝙘𝙖𝙩𝙝𝙡𝙤𝙣 𝙚𝙩 𝙖̀ 𝙖𝙘𝙝𝙚𝙩𝙚𝙧 𝙪𝙣𝙚 𝙥𝙖𝙞𝙧𝙚 𝙙𝙚 𝙘𝙝𝙖𝙪𝙨𝙨𝙪𝙧𝙚 𝙆𝙞𝙥𝙧𝙪𝙣 𝙁𝙖𝙞̂𝙩𝙚𝙨𝙫𝙤𝙪𝙨 𝙫𝙤𝙩𝙧𝙚 𝙥𝙧𝙤𝙥𝙧𝙚 𝙖𝙫𝙞𝙨… 𝙫𝙤𝙪𝙨 𝙧𝙞𝙨𝙦𝙪𝙚𝙯 𝙙’𝙚̂𝙩𝙧𝙚 𝙨𝙪𝙧𝙥𝙧𝙞𝙨 💬 » 𝑸𝒖𝒆𝒔𝒕𝒊𝒐𝒏 Êtesvous prêt à acheter une chaussure Kiprun pour votre prochaine course sur route 😮‍💨",positif,0.95,information,0.95,1,0.8,0.8991,1901885464719532236
"Je nai pas réussi à réactiver le serveur VPN sur ma box Révolution depuis le passage en IPv6 Estce toujours possible, et y atil quelque part un tuto à jour IPV6 SVP Ou bien estce un bidule qui est tranquillement en train de devenir obsolète",neutre,0.6,processus_sav,0.8,1,0.8,0.7326,1901904607237853381
"Petite explication jai résilié mon compte en août et jai rendu ma box quelques temps après On a continué de me débiter après tout ce temps, et jai appris seulement hier que mon compte a finalement été résilié que début mars on peut en discuter",negatif,0.95,Facturation / Paiement,0.95,2,0.9,0.9324,1901908993552850958
"pourquoi vous fuyez les clients aux téléphones J’ai une galère chez mes parents impossible de vous appeler car la ligne n’est pas activer, vos installateurs ne savent pas faire",negatif,0.95,Pannes / Coupures téléphone,0.9,2,0.9,0.9158,1901915016636289297
", pouvez vous regarder la connexion de , on a plus de réponses malheureusement",neutre,0.6,Pannes / Coupures téléphone,0.9,1,0.7,0.7326,1901920529847636426
"Plus dinternet, de box etc depuis 1 semaine car qqn de la résidence sest amusé à sectionner des câbles, à démonter les branchements et le coffret je sias que cest pas la faute directement de mais jespère avoir un petit dédommagement quand même en espérant qu1",negatif,0.95,Pannes / Coupures,0.9,2,0.95,0.9324,1901958350704705646
Comment je branche une box que vous ne mavez pas envoyer Vous avez cru que vous étiez tellement fort que une commande le lundi pouvait donner lieu à un technicien qui intervient le mardi,neutre,0.6,Livraison,0.9,0,0.1,0.5328,1902014006270873754
"Depuis 24h, plus de réseau mobile ni box Free Impossible de bosser, zéro info sur la réparation Déjà 15j de panne la dernière fois Des solutions ou un vrai geste co",negatif,0.95,Pannes / Coupures téléphone,0.95,2,0.95,0.9491,1902308287242019101
au bout de 26 ans dabonnement vous avez écrasé ma ligne et mon abonnement sans aucune demande de ma part vos méthodes sont inadmissibles Veuillez règler le problème Ce nest plus free mais reef,negatif,0.95,Pannes / Coupures téléphone,0.95,2,0.95,0.9491,1902352117471310237
"Problème étape 2 fibre freebox dun coup, pouvez vous maider",negatif,0.95,Fibre optique,0.9,1,0.7,0.8491,1902352359176433678
vous me branché la fibre et je n’ai pas le matériel … je n’ai plus internet du coup on commence bien,negatif,0.95,Livraison,0.9,2,0.95,0.9324,1902352886035624122
"Sa fait deux mois que je suis chez free heuresement que j’ai pris sans engagement je vais résilier le forfait de ma femme, la box, et mon forfait parce qu’avoir un réseau aussi nul que sa c impossible meme Coriolis fait mieux",negatif,0.95,Facturation / Paiement,0.9,2,0.9,0.9158,1902648058791276666
C’est normal qu’avec un ticket incident ouvert depuis novembre pour soucis mobile on me propose un partage de connexion à cause d’un incident Freebox Femme handicapée ne pouvant pas travailler depuis 3 jours car en télétravail Pas de retour avt le 31,negatif,0.95,processus_sav,0.9,2,0.95,0.9324,1902678799717667001
En attendant ça fait 15 jours que j’ai plus d’internet et qu’aucun technicien n’est disponible,negatif,0.95,Pannes / Coupures téléphone,0.9,2,0.9,0.9158,1902682409469972614
"Si vous pouviez juste me trouver du réseau ça serait sympa, je nai plus internet depuis le 3 Mars",negatif,0.95,Pannes / Coupures téléphone,0.9,1,0.8,0.8824,1902726342480654406
"Bo jour Free, besoin d’aide résiliation Freebox svp Impossible d’y arriver sans le code secret Merci",negatif,0.95,processus_sav,0.9,2,0.95,0.9324,1902737203219890477
"comment ça se passe pour un déménagement de ligne, faut sappeler pour être considéré ou 14 ans de fidélité cest bon",neutre,0.6,Livraison,0.9,1,0.8,0.7659,1902759086354993557
"C’est quand qu’ont récupère internet la, j’suis dans l’60 et moi et mon voisin ont a plus internet depuis genre 20min",positif,0.9,Fibre optique,0.9,1,0.8,0.8658,1903029448498110846
Réparée ma box svp ça fait 1 semaine elle wi fi plus,neutre,0.6,Pannes / Coupures téléphone,0.9,1,0.8,0.7659,1903070762803638461
"Ehh psst cest quand vous voulez que vous vous bougez le train 10 jrs que jai plus de fibre, votre backup à la noix qui capte que dalle, des techniciens dispo 2 jours par semaine alors que jen bosse 67 Vous allez faire quelque chose pour rétablir ma ligne ou bien",negatif,0.95,Fibre optique,0.95,2,0.95,0.9491,1903122175239782514
"Je râle rarement sur les réseaux, ce nest pas mon genre de faire ça Cependant, là, cest vraiment usant Jexplique ça ⤵️",negatif,0.95,processus_sav,0.9,1,0.8,0.8824,1903151847260500005
"Mais en tant quabonné, je subis tout ces soucis, je paie pour rien et mon forfait mobile pas chez Free car ce nest pas top, jai testé à un débit réduit si je dépasse mes giga dinternet Alors, sil vous plaît, auriezvous la gentillesse de régler mon souci de fibre",negatif,0.95,Facturation / Paiement,0.95,2,0.9,0.9324,1903151868966039859
"bonsoir, par pitié je n’ai plus d’Internet à la maison avec la Freebox pop fibre, erreur 3C, personne ne me répond au 3244, ni par chat Ça dure depuis vendredi dernier, ça aurait du être résolu entre 8h et 18h Identifiant free 33793169 Je ne peux plus travailler",negatif,0.95,Pannes / Coupures Fibre,0.95,2,0.95,0.9491,1903153000937357382
"sa fait 5 6 jour y a pas de réseau, il se passe quoi",negatif,0.95,Pannes / Coupures téléphone,0.9,2,0.9,0.9158,1903202261750485303
je suis handicapée sans service depuis le 1803 et sans service mobileOn me laisse livré à moi même en ayant perdu tout accès à mes services d’urgence par vidéosurveillance et m’empêche de travailler ce qui m’isole réellement,negatif,0.95,Pannes / Coupures téléphone,0.9,2,0.95,0.9324,1903370136486093172
QUAND TU VEUX TU REVIENT HEIN,neutre,0.6,Facturation / Paiement,0.9,1,0.7,0.7326,1903371415027392933
"3 semaines bientôt que je n’ai pas internet 3 semaines que tout le monde se balance la patate chaude et que je ne peux ni travailler, ni rien jouer ni rien faire Si début de semaine prochaine ce n’est pas réglé, je passe chez orange",negatif,0.95,Pannes / Coupures,0.95,1,0.8,0.8991,1903435359163203585
"6 jours dinterruption de la connexion Free pour mes parents Après appel au SAV par tel compliqué pour des seniors de gt80 ans, le SAV devait les rappeler, aucune nouvelle depuis plusieurs jours En 2025, comment en eston encore là #SAV #Internet #Service",negatif,0.95,processus_sav,0.95,2,0.95,0.9491,1903447425504653375
17 ans que je suis chez Free j’ai rarement un soucis mais 3 semaines sans connexion et aucune solution Pour un créateur de contenu c’est très compliqué,negatif,0.95,Pannes / Coupures téléphone,0.9,2,0.9,0.9158,1903528579998085437
"Cc 10j d’interruption de service, aucun technicien disponible sur toute l’IDF, 0 explication, service client qui raccroche au nez, pas de hotspot wifi en boutique et surtout aucune solution proposée y’a moyen d’avoir un interlocuteur sérieux ou pas",negatif,0.95,Pannes / Coupures téléphone,0.95,2,0.95,0.9491,1903837437589139528
Bonjour aujourdhui comme plusieurs jours maintenant ma box internet ne fait que couper sans aucune raison apparente Et malgré plusieurs contact aucune réponse de votre part,negatif,0.95,Pannes / Coupures téléphone,0.9,1,0.8,0.8824,1904116040889470996
Commencez sérieusement à me gonfler 2 coupures en 3 semaines Et impossible davoir quelquun au téléphone,negatif,0.95,Pannes / Coupures téléphone,0.95,2,0.95,0.9491,1904199266916040802
"bonjour, je n’ai plus d’internet depuis 4 mois à cause d’une tempête qui a sectionné un câble dans ma rue à Chanteloup les vignes Pouvezvous envoyer une nacelle et faire bouger les choses D’autant plus que je paye pour rien Merci #urgent #internet #coupdegueule",negatif,0.95,Pannes / Coupures téléphone,0.95,2,0.95,0.9491,1904207960735199482
"Bonsoir, Ticket effectué depuis maintenant vendredi 1503, toujours aucun retour…",negatif,0.95,processus_sav,0.9,1,0.7,0.8491,1904235178572370060
Bonjour comment vous contactez d’ urgence,neutre,0.5,processus_sav,1.0,1,0.7,0.7326,1904288629456806259
Bonjour jessaye de vous contacter suite à un problème avec ma Box mais personne ne repond Merci,negatif,0.95,processus_sav,0.9,2,0.9,0.9158,1904483036130906583
merci de m’envoyer ma dernière facture On ne peux plus vous joindre,neutre,0.7,Facturation / Paiement,0.95,1,0.8,0.8158,1904517144240390568
JAI PAS DE CO DEPUIS 3 SEMAINES ALLOOOOO,negatif,0.95,Pannes / Coupures téléphone,0.9,1,0.7,0.8491,1904568997368181113
"Bon on en est au 3eme jour de panne la On fait comment Plus de téléphone, plus de tv, plus de wifi, rien ne fonctionne… Vous allez régler le problème un jour ou faut contacter un autre opérateur",negatif,0.95,Pannes / Coupures téléphone,0.95,2,0.95,0.9491,1904821555370025217
j’ai besoin d’être appeler svp car je n’arrive pas à avoir quelqu’un de votre service par téléphone merci,negatif,0.9,processus_sav,0.9,1,0.8,0.8658,1904875109103395199
"venez en privé svp, avant que je change d’opérateur dans la soirée",neutre,0.7,Facturation / Paiement,0.9,2,0.95,0.8492,1904918175839314008
"J’suis dans Val d’Oise 95 en IleDeFrance… On attaque le 4eme jour sans Fixe, TV, internet… Seule ma minibox androïd fonctionne avec le partage de connexion du téléphone portable Sinon rien ne marche…",négatif,0.95,Pannes / Coupures téléphone,0.95,2,0.95,0.9491,1905104331776405546
"ça fait près de 10 jours que internet box ne fonctionne pas et le reparateur que vous deviez mettre en place est toujours invisible, impossible de vous contacter par ailleurs, vous trouvez ça normal",negatif,0.95,processus_sav,0.95,2,0.9,0.9324,1905181101254938741
Hello Un technicien devait passer poser la fibre ce jour de 8h a 10h Il est midi 30 et la seule nouvelle que jai eu cest a 10h jai un souci avec mon camion Comment on fait jai pris un congés,negatif,0.95,Pannes / Coupures Fibre,0.95,1,0.7,0.8658,1905221812700537197
Ça fait plus d’un mois pas de connexion internet ni TV et même pour avoir son numéro de prise fibre c’est un problème Vous servez à quoi,negatif,0.95,Pannes / Coupures téléphone,0.9,2,0.95,0.9324,1905230449967845879
"Chez Free , la qualité du service est en question Malgré un service de proximité, les problèmes de connexion récurrents ne sont pas résolus efficacement Les techniciens agissent comme des shadocks En 4 mois, 3 pannes identiques, gt19 jours off, gt8 RV inutiles",negatif,0.95,processus_sav,0.95,2,0.95,0.9491,1905268424667779445
"J’ai enfin reçu ma box, un technicien est passé le 24 mars, mais toujours aucune connexion Et maintenant je dois attendre encore 3 semaines pour une nouvelle intervention C’est abusé",negatif,0.95,Pannes / Coupures téléphone,0.95,2,0.95,0.9491,1905268492858712203
"jai bien reçu votre facture de 78,99€, 1 mois services fibre Freebox Mais ce que je ne comprend pas cest que vos services ainsi quinternet nont jamais fonctionné Sans parler de votre technicien qui a cassé ma fibre Quest ce que je paie alors sur cette facture",negatif,0.95,Facturation / Paiement,0.95,2,0.95,0.9491,1905285872297079232
Oui bonjour Que se passe t’il Merci,neutre,0.7,processus_sav,0.9,1,0.7,0.7659,1905292928781517235
"bonsoir Je n’en peux plus Ma box s’arrête toutes les 10 min, et repart en mode initialisation France télévision bug chaque jour et mon forfait tel est chaotique Changement d’opérateur prévu mais c’ici là, des solutions sans passer 40 min au tel",negatif,0.95,processus_sav,0.95,2,0.9,0.9324,1905743422641860788
hello Free J’ai toujours de gros problèmes de connexions avec les appareils domotique sur le répéteur wifi 7😔 Obligé de le retirer et de remette l’ancien,negatif,0.95,processus_sav,0.9,1,0.8,0.8824,1905889938328981593
Vous comptez réparer ma ligne freebox depuis 4 mois sans internet ou vous allez continuer à encaisser mon argent sans rien faire,negatif,0.95,Pannes / Coupures téléphone,0.95,2,0.95,0.9491,1905920439433466009
y a t il une perturbation à Telgruc sur Mer 29560,neutre,0.5,Pannes / Coupures téléphone,0.9,1,0.7,0.6993,1905958959149658251
Pourquoi depuis hier 23h30 on a plus de connexion internet il y a un probleme en bretagne,negatif,0.95,Pannes / Coupures téléphone,0.9,2,0.9,0.9158,1905972015413998018
quel sont les chaînes inclus dans canal,neutre,0.5,information,0.8,0,0.1,0.4662,1906010541224608004
"ma #freebox ne fonctionne plus depuis le 13 mars et malgré les nombreuses relances du service client, le service n’est toujours pas rétabli et aucune solution n’est proposée Trouvez vous ça normal #mercifree",negatif,0.95,processus_sav,0.95,2,0.95,0.9491,1906063605260329359
"Je suis à létape 2 depuis cet aprèsmidi, un ticket est ouvert Quelle est la raison",neutre,0.6,processus_sav,0.9,1,0.8,0.7659,1906155178513904076
etape 2 depuis 2 semaines Mon espace abonné qui n’est tjr pas activé depuis 2 mois donc je ne peux bénéficier d’aucun service alors que j’ai été raccordé à la fibre Je ne peux meme pas accéder à l’espace de résiliation en ligne Comment vous contacter,negatif,0.95,processus_sav,0.95,2,0.95,0.9491,1906696365847068955
plus de connexion internet depuis ce matin à verneuil en Halatte60 Quand est prévu un retour à la normal,negatif,0.9,Pannes / Coupures téléphone,0.9,1,0.8,0.8658,1906727631136928132
48h sans co en 4j 2 RDV annulés après un retour temporaire 68h Celui du 0104 14h16h aussi On m’annonce qu’il n’y a pas de planning pour avril 400€ de pertes pour mon entreprise Pas de prise en charge avant vendredi courrier AR dédommagement,negatif,0.95,Facturation / Paiement,0.95,2,0.95,0.9491,1906734060719780055
"Coupure de box internet qui a commencé il y a une semaine mais qui va durer jusqu’au 30 avril mais mdr même pas de solution en attendant a part un boîtier qui tiens 2 jours, refus de geste commercial alors que je paye la ultra quand même et que j’ai 3 lignes rattachées",negatif,0.95,Pannes / Coupures,0.95,2,0.95,0.9491,1906987978938814645
vous pouvez me rétablir ma ligne Ma ligne est coupé alors que les paiements ont bien effectué Je peux pas vous appeler vue que vous m’avez coupé la ligne,negatif,0.95,Pannes / Coupures téléphone,0.95,2,0.95,0.9491,1906996218896539661
Yop la commu Je désespère avec Voilà 6 mois que mes parents n’ont plus de connexion et bien évidemment les prélèvements sont toujours d’actus Les gens de l’assistance Freebox me baratine depuis des mois en me demandant de patienter…… Une solution à m’apporter,négatif,0.95,Facturation / Paiement,0.95,2,0.95,0.9491,1907064895293559003
Jai souscris à un abonnement début mars Free me propose de fixer un RDV mais je nai toujours pas reçu la box Impossible de les contacter par téléphone 😭,negatif,0.95,processus_sav,0.9,2,0.9,0.9158,1907070706807902713
Non mais qui trouve un technicien en 3jours pour linstallation après labonnement mais nest pas foutu de proposer un rdv avant plus dun mois parce que le premier a fait nimporte quoi ce nest plus ce que cétait,negatif,0.9,Livraison,0.8,1,0.7,0.7992,1907084367408549975
"impossible de restituer mes équipements et pour joindre quelqu’un on me facture 0,34e la minute UNE HONTE",negatif,0.95,Facturation / Paiement,0.95,2,0.95,0.9491,1907108829961326970
"j’ai résilier mon contrat, je veux rendre mes équipements mais le bordereau que vous m’envoyez ne fonctionne pas On fait comment vous me faites payer pour avoir quelqu’un en plus",negatif,0.95,Facturation / Paiement,0.9,1,0.8,0.8824,1907109583669309496
"🔴ALERTE INFO À loccasion de la venue du roi du Danemark, Xavier Niel et sa compagne Delphine Arnault étaient conviés",neutre,0.5,information,1.0,1,0.7,0.7326,1907150150994161767
"Je nai jamais été aussi déçu que récemment Cest tout de même une folie quen 2025, le réseau ne fasse quempirer en terme de stabilité Je remercie Free et ses tarifs honorables, vraiment, mais je narrive plus à prendre de plaisir sur le moindre jeu compétitif en ligne",negatif,0.95,Pannes / Coupures téléphone,0.9,2,0.9,0.9158,1907165090110906713
Ça yest je vais changer d’opérateur vous m’avez fané 2h de panne mobilebox je suis en télétravail Frère ça y est,negatif,0.95,Pannes / Coupures téléphone,0.95,1,0.8,0.8991,1907218558024593550
"Bonjour, panne de fibre en cours sur Manduel 30129 Je suis bloqué à létape 3",negatif,0.95,Pannes / Coupures téléphone,1.0,2,0.95,0.9657,1907316955637235935
"Ouais enfin pendant ce temps jattends toujours davoir mon activation de freebox avec un technicien , 1 mois dattente sans internet, nouveau client 🥸",negatif,0.95,Livraison,0.9,2,0.9,0.9158,1907407472064663724
"bonjour FREE Je suis en litige avec vous depuis décembre Malgré nos appels, nos courriers recommandés sans réponse et le fait que votre service atteste bien de la réception du matériel à rendre, on reçoit QUAND MÊME un courrier de recouvrement On doit faire quoi",negatif,0.95,Facturation / Paiement,0.9,2,0.95,0.9324,1907713808551776378
"jai résilié mon abonnement en septembre, jai rendu mes équipements et vous essayez encore de me prélever depuis 7 mois à une adresse où je nhabite même plus depuis août Je vous ai appelé 5 fois et aucune avancée sur mon dossier On doit régler ça au tribunal",negatif,0.95,Facturation / Paiement,0.95,2,0.95,0.9491,1907787188919517344
free qui me lache pas la grappe alors que jai résilié ya 2mois et mtn japprend que ils vont me débité 190€ et jarrive à avoir absolument personne par assistance répondez moi par pitié,negatif,0.95,Facturation / Paiement,0.95,2,0.95,0.9491,1907820880090001659
Bonjpirvje ne recois plus mes mail sur sbinardfreefr depuis hier Pouvez vous faire le necessaire svp Merci,negatif,0.95,Facturation / Paiement,0.9,1,0.8,0.8824,1908084203209535553
cest possible davoir internet,neutre,0.5,Fibre optique,0.9,0,0.1,0.4995,1908171478190661763
cest possible de parler à un conseiller par téléphone et ne plus être sans cesse reconduit par une boîte vocale,neutre,0.6,processus_sav,0.9,1,0.8,0.7659,1908444164599005604
salut les tech je suis en panne depuis 72h 3244 contacter et je n ai aucuns retours bloquer sur etape 2… Je suis en TT Secteur 77nord Vous avez des news,negatif,0.95,Pannes / Coupures téléphone,0.95,2,0.95,0.9491,1908540438044193243
Comment je contacte votre service resiliation par telephone Je tombe que sur lassistance avec le 3244,negatif,0.95,Facturation / Paiement,0.9,1,0.8,0.8824,1909233180063809928
"Rebonjour, je vais attendre le mot de passe par courrier, mais ceci ne concerne QUE mon compte Free abonné je pense, pas mon compte Free Zimbra mail que je viens juste de modifier suite à votre SMS et qui ne fonctionne toujours pas confirmezmoi ceci svp par retour M",negatif,0.95,Facturation / Paiement,0.9,1,0.8,0.8824,1909270143986696342
"🗞️ lance aujourd’hui l’offre Freebox Pop S, une offre 100 Internet sans TV parmi les plus avancées du marché avec la Fibre et le WiFi 7 inclus Avec cette nouvelle offre qui conjugue puissance et simplicité pour 24,99€mois, Free devient le 1er opérateur à inclure le WiFi 7 sur une gamme d’offres Fixe aussi large 👇",positif,0.95,Fibre,0.95,1,0.8,0.8991,1909521879259324463
"Bonjour Celà fait plus de 2 semaines que jai fait une demande pour une box fibre et que je suis bloquée à létape 1 Et quand je vais en boutique et quils me prennent un rdv avec le service client, personne ne me rappelle 3 fois que jy vais Une solution svp",negatif,0.95,Fibre,0.95,1,0.8,0.8991,1909525361672503303
"un soit disant soustraitant de chez vous, installateur de fibre nouvelle génération sur La Rochelle est venu chez moi, afin de me dire que vous récupériez la fibre dans mon quartier, et que nous pouvions passer chez vous sans frais, estce vrai",neutre,0.5,Fibre,1.0,1,0.8,0.7659,1909542020793741593
"Jai une delta S, possible de migrer vers cette offre sans frais supplémentaires",neutre,0.5,Fibre,0.9,1,0.7,0.6993,1909638486958702959
"Coupure dinternetfibre à lallée des muriers, 84370 Bédarrides",negatif,0.95,Pannes / Coupures,0.95,2,0.95,0.9491,1909674442550084067
Et sinon y’a moyen de réparer les pannes Plus d’internet depuis 16h…,negatif,0.95,Pannes / Coupures téléphone,0.9,2,0.95,0.9324,1909686003016909035
"Vous confirmez quavec loffre Freebox Pop S et une ligne mobile associée à ce même compte rend laccès impossible à Oqee TV via ses identifiants mobiles Ou bien, laccès à Oqee TV reste toujours possible via Free Mobile bien que rattaché à une Pop S",negatif,0.95,Pannes / Coupures téléphone,0.9,2,0.95,0.9324,1909711489239495008
Attendez donc là je résilie mon abonnement Free car je ne vais pas être chez moi les 5 prochains mois et il me facture le moi d’avril alors que j’ai ma demande en mars et que je vais payer 59€ de frais de résiliation je suis étudiant de base pas millionnaire,negatif,0.95,Facturation / Paiement,0.95,2,0.95,0.9491,1909719935435309110
"Bonjour, je suis actuellement abonné à loffre POP depuis des années Je viens de voir que vous avez un nouveau forfait Pop S Jimagine quen tant quabonné POP classique cest impossible de migrer sur cette offre",neutre,0.5,processus_sav,0.9,1,0.8,0.7326,1909874924388245753
1 mois que j’ai souscrit chez mais j’ai toujours pas de fibre après 3 interventions c’est tellement pas professionnel aucun rappel aucun retour on laisse les gens comme ça sans nouvelle c’est abusé,negatif,0.95,Pannes / Coupures Fibre,0.95,2,0.9,0.9324,1909881260845019286
bonjour je suis abonné Freebox révolution Free a sorti une nouvelle offre pop S Je ny ai pas droit via mon espace client Est il possible de me la proposer a titre dérogatoire Pour info je suis client depuis 8 ans Merci,negatif,0.95,information,0.9,1,0.8,0.8824,1909891364197716254
Pouvezvous s’il vous plaît m’aider concernant mon problème avec ma connexion j’ai plus internet à cause d’un écrasement de ligne et je suis bloqué sans aucune solution en payant votre offre ultra D’autant plus que je suis en TT et je risque d’avoir un soucis d’ici qql jours,negatif,0.95,Pannes / Coupures téléphone,0.95,2,0.9,0.9324,1909975031326597141
On renvoie à quelle adresse la box,neutre,0.5,Livraison,0.9,0,0.1,0.4995,1910009953982574959
Je vous contacte car J’ai un souci mon suivi de commande est bloqué sur l’étape 4 et cela m’empêche d’appeler le service client merci de bien vouloir me contacter Sa commence à être pénible,negatif,0.95,processus_sav,0.95,2,0.9,0.9324,1910571262851588562
"3 jours que je capte rien en centre ville du Havre, sérieux cest quoi ça",negatif,0.95,Pannes / Coupures téléphone,0.9,2,0.9,0.9158,1910588207072243994
"Bonjour, comment ça se passe quand le technicien censé raccorder la ligne internet ne vient pas",negatif,0.95,processus_sav,0.9,2,0.9,0.9158,1910649748316381452
Eh sinon on peut avoir un conseiller au telephone ou cest limité à la voix robotisée Franchement ça dégoûte un tel service 72h que jai max box et aucune nouvelle de lactivation cest abusé sans déconner,negatif,0.95,processus_sav,0.9,2,0.9,0.9158,1910666788733415713
Toujours payant la migration à lultra quand on est client fixemobile depuis toujours,neutre,0.5,Facturation / Paiement,0.9,1,0.7,0.6993,1910667168594665843
"je viens d’emménager dans un immeuble neuf, je voudrais installer la fibre avec la nouvelle offre #FreeboxPopS mais le site free indique que c’est pas disponible, alors que chez orange et sfr c’est disponible Comment faire",negatif,0.9,Fibre,0.8,1,0.8,0.8325,1910680153560175086
"c’est quand que vous revenez réparer la fibre chez moi, je peux plus jouer à depuis cinq jours ça me gratte les veines",negatif,0.95,Fibre optique,0.95,1,0.8,0.8991,1910710525261914547
venez dm jai 23 trucs a vous dire c urgent,neutre,0.5,autre,0.1,1,0.8,0.4662,1910766130509083083
Bonjour cela fait plus d’un mois que j’essaie de renvoyer votre matériel en relais colis J’ai appelé 4 fois le service client et toujours pas de solution sauf payer un recommandé à la Poste Je pense que reef aurait réussi à me générer un nouveau QR code 🙃😭,negatif,0.95,processus_sav,0.95,2,0.9,0.9324,1911090558006599743
pitié ça fait 3 semaines j’ai pas de wifi,negatif,0.95,Fibre optique,0.9,1,0.7,0.8491,1911100032558006457
3 semaines que toutes les 10 min ma freebox redémarre et bloque a l’étape 3 Toujours aucun changement malgré mes appels Insupportable 😓 Bon bah je vais me faire un plaisir de changer d’opérateur,negatif,0.95,Pannes / Coupures téléphone,0.9,2,0.9,0.9158,1911348970023969195
Actuellement bloquer sur étape2 aussi même après plusieurs redémarrage Faite quelque chose,negatif,0.95,processus_sav,0.9,2,0.95,0.9324,1911495353339195412
on peut discuter de vos offres,neutre,0.6,information,0.9,0,0.1,0.5328,1911789022956990508
Bonjour y a t’il un problème avec les box,neutre,0.5,processus_sav,0.9,1,0.7,0.6993,1912394804530499793
"Bonjour Je n’ai plus la fibre depuis 3 mois, peut être la réparé le 2504, le problème aujourd’hui c’est que le seul point d’accès à internet que j’avais était la 4G5G, sauf que ce matin l’antenne à côté de chez moi est tombé en panne",negatif,0.95,Fibre,0.95,2,0.9,0.9324,1912472655317344748
Ma freebox et ma ligne portable free sont HS y’a un problème,negatif,0.95,Pannes / Coupures téléphone,0.9,2,0.95,0.9324,1912640497073508682
"Depuis lundi j’ai pas internet sur ma box, merci de faire le nécessaire JE TRAVAILLE",negatif,0.95,Pannes / Coupures téléphone,0.9,2,0.95,0.9324,1912640753727132161
"Je crois c’est la guerre là carrément toute ma co 5g,wifi s’est arrêtée d’un coup faite quelque chose svp 😅",negatif,0.95,Pannes / Coupures téléphone,0.9,2,0.9,0.9158,1912655378908688752
C’est normal j’ai plus eu de wifi ni de réseau mobile ni de reseau tout court pendant 6 mn la,neutre,0.7,Pannes / Coupures téléphone,0.9,1,0.8,0.7992,1912658367480283250
"pourquoi estce que je nai plus aucun réseau depuis hier 18h Je paye 30€ par mois, cest une blague",negatif,0.95,Pannes / Coupures téléphone,0.95,2,0.95,0.9491,1912772062172553252
"Avant larrivée des techniciens free gt javais internet Après larrivée des techniciens free gt jai plus internet Les techniciens était top mais jai plus internet, génial ma première journée chez 😎",negatif,0.95,Pannes / Coupures téléphone,0.9,1,0.8,0.8824,1912830280747876428
"cela fait plus de 4 jours que je n’ai plus internet, aucune reponse de l’assistance impossible de joindre un conseiller Comment faire",negatif,0.95,Pannes / Coupures téléphone,0.95,2,0.9,0.9324,1913974251557634465
Des infos Votre fibre est totalement down,negatif,0.95,Fibre optique,0.9,2,0.95,0.9324,1915097447266668932
#zimbra #free un soucis de messagerie,neutre,0.5,processus_sav,0.8,1,0.7,0.666,1915099532926349704
"Bonjour cest normal que je viens de payer mon abonnement Netflix à linstant en plus de mon offre #Netflix incluse dans mon abonnement BOX #Free Quand je vais sur votre site pour vérifier, il y a une erreur",neutre,0.6,Facturation / Paiement,0.9,1,0.7,0.7326,1916075004074115097
Chère équipe c est possible de passer en DM suite à email indiquant que je n ai pas restitué le matériel suite à résiliation alors même que j ai le dépôt de preuve de l envoi Merci d avance,négatif,0.95,Facturation / Paiement,0.95,1,0.8,0.8991,1916199592409928131
"Bonsoir free, un problème dans le sud ouest ce soir Ni fibre ni 5g sur ascainhendaye ce soir",negatif,0.95,Pannes / Coupures téléphone,0.95,2,0.95,0.9491,1916215857920778705
Bravo je suis déçu après tant d’années chez vous Votre technicien « Premium » soidisant me demande d’acheter un cpl pour avoir une connexion tv fiable alors que j’ai la fibre J’ai pris la nouvelle box et je regrette déjà Je vais partir chez un concurrent malheureusement,negatif,0.95,Fibre,0.95,1,0.8,0.8991,1916505335193370887
Euuuuuh pourquoi j’ai plus du tout internet depuis hier soir,negatif,0.95,Pannes / Coupures téléphone,0.9,1,0.8,0.8824,1916752196546240600
"⸻ Bonjour Client Free, ma prise fibre PTO n’est toujours pas raccordée malgré mes relances J’aimerais éviter de changer d’opérateur Merci de m’apporter une solution rapide #Freebox #Fibre",negatif,0.95,Fibre optique,0.95,2,0.95,0.9491,1916775210079973705
"Bonjour, j’ai souscrit à une Freebox par démarchage à domicile On ne m’a pas précisé que Netflix et Disney sont avec publicité Je souhaite exercer mon droit de rétractation immédiatement Merci de m’indiquer la procédure urgente",negatif,0.95,information,0.9,1,0.8,0.8824,1916926696172761285
on a un problème de box tv depuis hier soir Les redémarragesdébranchages ne changent rien Service mobile et fibre sont ok Vous pouvez maider,negatif,0.95,Pannes / Coupures téléphone,0.9,1,0.8,0.8824,1917141651073417564
"Hello jai envoyé un message mercredi dernier sur le Messenger et toujours pas de réponses, cest normal un délai pareil",negatif,0.95,processus_sav,0.9,1,0.8,0.8824,1917191282113282385
"c est un enfer impossible de vous joindre sur le nvel ID fbx et sur l ancien on vous a transferé, on ne vous repond pas Le code a 4 chiffres est refusé Que faiton à part tourner en rond",negatif,0.95,processus_sav,0.95,2,0.9,0.9324,1917214038968197489
"Bon cela fait 1 moi que je suis dans mon appartement et que j’attend un rendezvous pour ma fibre , soit disant pas de place j’aimerai que vous vous dépêcher là",negatif,0.95,Fibre optique,0.95,1,0.8,0.8991,1917246995171082344
"Bonjour Free, mail bloqué car compromis et impossible de la debloquer si je ne suis pas pres de ma Freebox Or je suis actuellement à l’etranger et dans l’impossibilité de me connecter a ma box et besoin d’utiliser mon mail d’urgence Merci",negatif,0.95,Facturation / Paiement,0.9,2,0.95,0.9324,1917529605491024290
Est ce que je suis le seul à ne pas avoir de Wifi avec FREE chez moi,negatif,0.95,Fibre optique,0.9,1,0.8,0.8824,1917645262752764025
"bonjour pourquoi jai un rdv le 9 mai alors que ma box marche en dilettante depuis une semaine pour moins dun mois dutilisation Bon là cest HS complet Je fais comment moi Télétravail, divertissement le soir pour me remettre du télétravail hein Je suis dégouté",negatif,0.95,processus_sav,0.95,1,0.8,0.8991,1917689677026337189
J’ai pas la wifi depuis hier,negatif,0.95,Fibre optique,0.9,1,0.7,0.8491,1917868523864412280
"je suis bloqué à l’étape 2 depuis ce matin Évidemment faut que ça arrive le 1er mai Malgré ce message explicite, personne pour prendre en charge le problème Quelqu’un aurait une solution peutêtre",negatif,0.95,processus_sav,0.95,2,0.95,0.9491,1917891521216467117
Du coup c’est ouvert ou c’est fermé Parce que toujours bloqué à l’étape 2 hein ca bouge pas,negatif,0.95,Pannes / Coupures téléphone,0.9,2,0.9,0.9158,1918196508630958336
bjr j’ai pas de connexion depuis une heure il se passe quoi,negatif,0.95,Pannes / Coupures téléphone,0.9,1,0.8,0.8824,1918237101184663733
bsr je voudrais un renseignement s il vous plait,neutre,0.7,information,0.8,1,0.7,0.7326,1918404437543895119
"Bonjour, J’ai un souci avec ma Freebox Ultra J’ai installé un disque dur SSD M2 neuf dans la box et l’ai formaté,jarrive pas a avoir accès a mes film jai contacter le 3244 incapable de nous aider, nous laisse seul au tél obligé de couper car plus personne honteux",negatif,0.95,processus_sav,0.9,2,0.9,0.9158,1918613885126345097
"bonjour à tous, je suis en Bolivie et j’ai eu un hors forfait de 60€ alors qu’il me restait du forfait, on peut y remédier svp",negatif,0.95,Facturation / Paiement,0.9,1,0.8,0.8824,1918776138530242744
"Coupure fibre depuis le 30 avril, RX OK, TX 40 dBm, blocage MPCP Signalé le 3004, intervention prévue le… 15 mai C’est trop long Merci de faire remonter pour vérification PM ou échange rapide #Freebox",negatif,0.95,Pannes / Coupures,0.95,2,0.9,0.9324,1918778758770659665
ça ressemble à une mauvaise blague Pourtant le message semble authentique Et vous laissez faire un écrasement de ligne Pourtant je nai rien demandé et vous dites vousmême que je dois résilier si je le souhaite,negatif,0.95,processus_sav,0.9,2,0.9,0.9158,1918937716198187355
"Bon a un moment donné jsp, mais cdépanner vos abonnés, 1 semaine que le ticket est ouvert, 3 appels de notre part et on trouve toujours pas le planning du technicien cest exactement ce quon nous répond quand même, je vais avoir le droit au service que je buy ouuu",negatif,0.95,processus_sav,0.95,2,0.95,0.9491,1919047385885352278
Bonjour j’ai souscrit à votre offre Freebox le 1803 et un technicien s’est déplacé pour l’installation de la fibre sans parvenir à faire le raccordement Depuis 2 rdv annulés la veille… dernier contact on me propose le 0606 Difficile d’être client chez vous…,negatif,0.95,Fibre optique,0.95,2,0.95,0.9491,1919063621344145438
Rupture de service internet fibre depuis 4 jours avec Ça fait 3 fois en deux ans sur des périodes longues comme ça Télétravail qui recommence ce matin je fais quoi On va vite changer d’opérateur ça devient ridicule ce niveau de service client,negatif,0.95,Pannes / Coupures,0.95,2,0.95,0.9491,1919278421558919386
On vous les rembourse si vous passez chez Free,neutre,0.6,Facturation / Paiement,0.9,0,0.1,0.5328,1919304367485710749
"Bonjour, ça fait 2 mois que je nai plus internet car SFR, étant lopérateur dinfrastructure, ne fait rien Ils ont donné une date de rétablissement prévisionnel au 31 mars qui a été largement dépassée Merci de trouver une solution et rapidement",negatif,0.95,Pannes / Coupures téléphone,0.95,2,0.95,0.9491,1919340835843272960
Votre devoir est aussi d’assurer la qualité de vos lignes existantes Depuis le 17 février je n’ai plus internet et Free n’est pas capable de rétablir la ligne et continue tout de même à me prélever,negatif,0.95,Pannes / Coupures téléphone,0.9,2,0.95,0.9324,1919343019133681973
1 mois sans internet Free qui te balade par téléphone et incapable de te donner des vrai info Je suis en partage de co mais on capte super mal a lintérieur Super pratique pour un mec qui bosse chez lui,negatif,0.95,Pannes / Coupures,0.9,2,0.9,0.9158,1919343387485827137
"Sil vous plaît , pouvez vous minstaller la fibre, je suis le seul dans mon quartier a ne pas lavoir",negatif,0.95,Fibre optique,0.95,1,0.8,0.8991,1919344662759817378
"Il a pas tout compris 1 mois après linstallat°, toujours pas accès réseau fibre, malgré ➕️ de 50 cps de tél ➕️ de 5h au ☎️ Tjrs la même réponse je vous comprends Mr et pas dinfo En tt cas pas oublié denvoyer la facture ⤵️ Hallucinant",negatif,0.95,Pannes / Coupures Fibre,0.95,2,0.95,0.9491,1919373032088338887
A l’époque sur le freebox Revolution y avait une partie Replay et on avait tout ce quil y avait eu a la tele sur les 23 derniers jours Y a plus ca sur la Freebox Pop Je veux voir Wakanda quil y avait hier soir sur,negatif,0.85,information,0.8,1,0.7,0.7825,1919377177700651266
Comment ça je me réveille et je vois que à annuler mon rdv installation fibre du 19 mai pour me proposer un rdv le 9 juin alors que la fibre devais être installer le 1er avril on fait quoi parceque me linstalle le 12 mai si je soucrit now,negatif,0.95,Fibre optique,0.95,2,0.95,0.9491,1919428356178620758
écrasement de ma ligne internet par sans prévenir aujourdhui Impossible de les joindre et on tombe que sur lia qui comprend rien et qui ne vous aide pas,negatif,0.95,Pannes / Coupures téléphone,0.9,2,0.9,0.9158,1919440271038648455
Par contre je viens de résilier mon offre Freebox avec le motif de l’article L22433 du Code de la consommation tout consommateur peut « résilier le contrat sans aucun frais et sans droit à dédommagement Et je dois payer les frais de Résiliation,negatif,0.95,Facturation / Paiement,0.95,0,0.0,0.6327,1919445216198590471
"Japprécie votre démarche pour attirer les clients #Bouygues en remboursant les frais de résilience, mais pendant ce temps, ma connexion #Freebox est à 15 Mb Difficile de profiter de vos offres Un peu de considération pour VOS CLIENTS EXISTANTS, SVP #FREE",negatif,0.9,Facturation / Paiement,0.9,2,0.9,0.8991,1919486853784219808
estce que c’est normal qu’après 1 mois et demi je n’ai pas d’accès à internet ni même de rdv pour raccorder une simple fibre,negatif,0.95,Fibre optique,0.9,1,0.8,0.8824,1919508263420260382
"Pas de réseau depuis 2j, 0 réponse de lassistance mais on est content parce que Xavier a racheté un club de foot",negatif,0.9,Pannes / Coupures téléphone,0.9,2,0.9,0.8991,1919682115857228086
"ma connexion a été coupée depuis une semaine, depuis zéro nouvelle Aucune information partagée pour savoir quel est le problème, ni aucune date de rétablissement de ligne, c’est normal ça",negatif,0.95,Pannes / Coupures téléphone,0.95,2,0.95,0.9491,1919694105380098113
freeeeeeee oh freeeeeee Pouvezvous me dire où en est la raccordement de la fibre chez moiiiii 😭😭😭😭,negatif,0.95,Fibre optique,0.95,1,0.8,0.8991,1919813368707219679
"Hello va maintenant trop vite pour raccorder ses abonnés #fibre Souscription Dimanche 04 et aujourd’hui le 07 avec leur service « pas de déplacement de tech » #raccordement fait ✅ Sauf que la #Freebox n’est pas encore arrivé Elle sera livrée le 1005, 3j sans internet",positif,0.95,Livraison,0.95,1,0.8,0.8991,1920175531518988726
"Bon malgré plusieurs relances, aucune réponse Pour résumer jai pris un abonnement il y a 2 ans qui après moultes difficultés techniques a été activé il y a 2 mois, en attendant jai payé labonnement depuis le début, que faire",negatif,0.9,Facturation / Paiement,0.9,2,0.95,0.9158,1920192429468053730
"2 jours que ma freebox est bloqué à létape 2, même pas une réponse de la part du service dassistance technique",negatif,0.95,processus_sav,0.9,2,0.95,0.9324,1920411130083577914
"bonjour, depuis hier je n’ai plus accès aux chaînes tv Je peux utiliser netflix etc mais quand je veux mettre la tv et que je clique sur une chaîne l’écran reste noir et rien ne se passe Comment ça se fait",negatif,0.95,Pannes / Coupures téléphone,0.9,1,0.8,0.8824,1920442651263865320
Bon et J’ai plus internet depuis 3 jours… aucune solution donné de votre part Un technicien est passé hier en début d’après midi et il me dit qu’il allait faire une demande car il pouvait rien y faire après je reçois une notification demande rdv annulé 12,negatif,0.95,processus_sav,0.9,2,0.9,0.9158,1920469450148516138
"Bonjour sur la freebox pop player de mon père, la box se met automatiquement en 576p comment ça se fait",neutre,0.6,processus_sav,0.8,1,0.7,0.6993,1920524223442784697
"On a souscrit, on a payé, et depuis Silence total Aucune vraie solution, aucune réparation Juste l’impression d’être une vache à lait abandonnée une fois l’argent encaissé vous comptez faire votre boulot un jour",negatif,0.95,processus_sav,0.95,2,0.95,0.9491,1920569481576735074
Service déplorable de Je pars au Canada et je dois résilier mon abonnement Freebox Pop Aucun support par téléphone malgré des dizaines d’appels depuis hier Aucun retour du service client malgré plusieurs messages Identifiant fbx35105418 Ligne 09 53 19 05 34 La boutique Free refuse le matériel “vous recevrez un mail” Je serai déjà au Canada Je ne sais plus quoi faire Aucune aide Aucun suivi #Freebox #ServiceClient #Resiliation #Telecom #FranceTelecom #HelpFree #FreeMobileFail #CustomerServiceFail #SupportClient #StopFreeAbuse,negatif,0.95,processus_sav,0.95,2,0.95,0.9491,1920757351667163153
"C’est normal, il débranche les autres abonnés Depuis plus de 48h, aucun service chez Free Internet, Téléphone, Télé à son ladresseElle est malade à la maison sans aucun moyen de communication et aucune info sur la résolution du problème #Free #Freebox #ServiceClient",negatif,0.95,Pannes / Coupures téléphone,0.95,2,0.95,0.9491,1920824868632682862
"10J que jai validé ma demande de déménagement et je nai toujours pas eu dappel de vos services, malgré ça je paye un abonné",negatif,0.95,processus_sav,0.9,1,0.8,0.8824,1921821822749647161
"Je suis passé chez FREE Du coup jai plus de téléphone, plus dinternet Merci",negatif,0.95,Pannes / Coupures téléphone,0.9,2,0.95,0.9324,1922210523510108318
Jai une offre Internet qui ne me correspond pas et maintenant que propose une offre parfaite pour moi je nai pas accès car elle est moins chère Cest normal et Je vais devoir passer à la concurrence alors que je voulais rester chez vous,negatif,0.95,information,0.8,1,0.7,0.8159,1922256078525301233
Bon ma est bloquée sur létape 2 depuis que je suis rentrée du travail jai eu beau débrancher et rebrancher ça fait plusieurs heures que cest bloqué à létape 2 Jen peux plus,negatif,0.95,processus_sav,0.95,1,0.8,0.8991,1922363441521602999
4 heure que je regarde mon mur pcq j’ai rien a faaire putain c’est pas possible arrêter de bug un jour pitié,negatif,0.95,processus_sav,0.9,1,0.7,0.8491,1922489656018424164
bonjour Nous avons des problèmes avec notre box Reste bloqué sur Étape 2 depuis hier Que faire Merci,negatif,0.95,processus_sav,0.9,2,0.9,0.9158,1922564681622757884
Toujours en attente dune réponse,neutre,0.7,processus_sav,0.9,1,0.7,0.7659,1922582263293751436
"nouveau client depuis vendredi, le conseiller se trompe de mail met com à la place de fr et depuis grosse galère on tourne en rond, impossible de prendre un rdv avec le technicien pour l installation de la fibre , depuis lundi j attend le mail et rien",negatif,0.95,Facturation / Paiement,0.9,2,0.95,0.9324,1922604198723502467
"Estce normal que des tickets soient ouverts depuis trois semaines car nous n’avons pas de connexion, qu’aucune intervention n’ait encore eu lieu, et que la sauvegarde ne fonctionne toujours pas malgré les procédures demandées Ticket #230633",negatif,0.95,processus_sav,0.95,2,0.95,0.9491,1922643829821255873
"Bjr Free ma demandé ce matin de les contacter durgence car il y a une demande décrasement de ma ligne par un autre opérateur Jessaye vainement de joindre les services concernés, jai laissé plusieurs messages, mais impossible de parler à un HUMAIN #SAVkafkaien",negatif,0.95,processus_sav,0.95,2,0.9,0.9324,1922679052034343362
il se passe quoi dans le NordEst on n’a plus de réseau,negatif,0.9,Pannes / Coupures téléphone,0.9,1,0.8,0.8658,1922682329044017479
10 jours quil ny a plus de connexion internet dans mon quartier 10 jours que sest signalé et que personne ne fait rien Les techniciens SFR mont dit que ça venait dOrange vous comptez faire quelque chose un jour,negatif,0.95,Pannes / Coupures téléphone,0.95,2,0.9,0.9324,1922730983981297929
s’il vous plaît sa fait 3 semaine sans connexion je joue en partage de connexion aider moi,negatif,0.95,Pannes / Coupures téléphone,0.9,2,0.9,0.9158,1922891654819709087
ça fait 10 jours que jai pas de connexion cest possible davoir une intervention un jour,negatif,0.95,Pannes / Coupures téléphone,0.9,2,0.9,0.9158,1922925488449724805
"5 techniciens envoyés en 3 mois Congés posés à répétition pour RIEN Ce matin encore pas de technicien, aucune info, aucun appel Je paie un service que je n’ai toujours pas, et personne ne bouge Ça fait 3 mois que ça dure Vous comptez agir un jour",negatif,0.95,processus_sav,0.95,2,0.95,0.9491,1922929998832243018
"donc je ne demande rien, tout fonctionne et je reçois cela Je n’ai jamais demandé d’écrasement de ligne Je me manifeste dix minutes après avoir reçu ce mail Seule réponse apportée par le service client c’est pas de notre faute",neutre,0.7,information,0.8,0,0.1,0.5328,1922959566616084772
"que personne ne viendra dans la journée, je dois attendre un rdv dans minimum 48h pour rétablir cela Le service client coupe des lignes sans vérifier l’interlocuteur qu’ils ont au téléphone",negatif,0.95,processus_sav,0.9,2,0.95,0.9324,1922959997308187109
"qui ignore ma résiliation et me facture alors que je nai ni box ni ligne on est où Je peux même pas joindre quelquun pr faire résilier ma ligne parce quau téléphone la seule option dispo est de payer alors que je dois rien, puisque javais résilié",negatif,0.95,Facturation / Paiement,0.95,2,0.95,0.9491,1922988594538443128
c’est la TROISIÈME FOIS qu’on nous annule le rdv pour la fibre la veille pour le lendemain alors que je pose un congé exprès DEUX MOIS ET DEMI qu’on attend d’avoir la wifi Si vous voulez pas de clients faut le dire direct en fait au lieu d’être incompétent comme ça,negatif,0.95,Fibre optique,0.95,2,0.95,0.9491,1923005397939470394
Bonjour je nai pas daccès Internet depuis le 29 avril personne nest capable de me trouver une solution ou de me donner une clé 4G comment peuton faire sil vous plaît,negatif,0.95,Pannes / Coupures téléphone,0.9,2,0.95,0.9324,1923044531773010093
"Bonjour, jhabite sur Marseille 13014, nous en sommes à 8j sans Internet En boutique, on ma expliqué que le délai était normal puisque vous navez pas de baguette magique Au téléphone, impossible de vous joindre Comment obtenir une réponse à peu près sérieuse en 2025",negatif,0.95,Pannes / Coupures,0.95,1,0.8,0.8991,1923083301587226814
un problème est survenu dans les chaînes TV je regarde arryadia maroc sur la chaîne 558 je ne la trouve plus et la chaîne 432 nom arryadia cest une chaîne de diffusion africaine REFLET TV avec logo de la chaîne marocaine Ou on va avec vos problèmes 😡,negatif,0.95,information,0.8,1,0.8,0.8492,1923129030187885048
bonjour pouvez vous me répondre,neutre,0.7,processus_sav,0.9,0,0.1,0.5661,1923316258537103752
remboursez mon argent ça fait un mois votre box ne fonctionne pas,negatif,0.95,Pannes / Coupures téléphone,0.9,2,0.9,0.9158,1923348766339264606
"y a un bug dans votre appli pour ajouter un technicien qui vient réparer la fibre Il ny a aucun créneau de dispo 😲 Dhabitude, quand me débranche, vous passez le lendemain",negatif,0.95,Fibre optique,0.95,2,0.95,0.9491,1923352402201026857
"50€ par mois, tu pars le matin ça marche tu reviens chez toi le soir, avec personne chez toi toute la journée, plus rien ne fonctionne",neutre,0.6,Facturation / Paiement,0.9,0,0.1,0.5328,1923456267428761634
bientôt 2 semaines sans wifi Des messages avec le support qui me dise de patienter mais 2 semaines sans wifi je patiente plus enfaite Tous mes abonnements du mois qui mon servi à rien pendant deux semaines vous comptez faire quelque chose,negatif,0.95,Fibre optique,0.95,2,0.95,0.9491,1923478300812300349
maintenance de depuis Mercredirétablissement prévu la semaine prochaine Merci,neutre,0.6,Pannes / Coupures téléphone,0.9,1,0.7,0.7326,1923693650703224977
"Bonjour les gars, passé à la fibre mardi, 3 contacts avec lassistance, toujours moins de débit que javais avec lADSL Mon voisin relié exactement au mème poteau a 400 descendant et 700 montant avec le même site de test Va falloir faire qqchose",negatif,0.95,Fibre,0.95,1,0.8,0.8991,1923783995948515502
"y a un souci chez vous Impossible d’accéder à mes appareils à distance PS5, home assistant, etc et mon espace abonné sur vite site HS aussi…",negatif,0.95,processus_sav,0.9,2,0.95,0.9324,1923878584051007987
"Abonné cest plonger dans un service client de luxe NON bot Whatsapp inefficace, pas dinfo sans rdv Puis un appel un dimanche pour dire que la box est morte et que le remplacement appelé frais de migration coûtera 50€ Bref, adieu Free, adieu 14 belles années",negatif,0.95,Facturation / Paiement,0.95,2,0.95,0.9491,1924100468902355162
"Vous voulez pas commencer par écouter vos clients et ne pas mettre 3 mois pour installer une ligne fibre , depuis mars j’attend",negatif,0.9,Fibre,0.95,2,0.95,0.9324,1924145641208402136
Toute ma vie j’ai des pb avec 1 an sans problème ça existe pas enfaite avec vous,negatif,0.95,processus_sav,0.9,1,0.7,0.8491,1924349296029143542
"comment on fait pour avoir un conseiller au tél chez vous Ça fait 2 semaines que je me bats pour essayer d’avoir internet sauf qu’étant dans une situation spécifique, rien ne se passe comme prévu et je peux pas transmettre les infos pour que mon dossier avance",negatif,0.9,processus_sav,0.9,2,0.9,0.8991,1924381648113525152
ma femme et ma fille sont a la maison et ne marche pas ni box ni téléphone qui va tuer lautre a votre avis,neutre,0.5,Pannes / Coupures téléphone,0.95,2,0.95,0.7992,1924422939937591375
bravo free le wifi qui se déconnecte tout le temps depuis 2 mois et personne pour nous aider obliger d’être en 4G en permanence pour essayer d’avoir un minima de stabilité de connexion Aucun conseil ne marche Xavier je t’aime beaucoup mais la ca va trop loin,negatif,0.95,processus_sav,0.95,2,0.95,0.9491,1924458579156668826
"Bonjour, depuis hier soir 22h45 env, je nai plus de fibre sur ma Freebox dans le secteur de Malemort 19360 Il sagit dun pb secteur Free Proxy répond dans le vague, aucun délai une 20ène de signalement dans le quartier",negatif,0.95,Pannes / Coupures téléphone,0.95,2,0.95,0.9491,1924460679764812269
"je rentre chez moi dans rien avoir touché la livebox est à l’étape 2, vérifier vos branchements fibre alors que rien n’a bougé chez moi depuis 10j l’assistance ne fait rien Que faire",negatif,0.95,Pannes / Coupures Fibre,0.9,2,0.9,0.9158,1924475542444687560
j’ai reçu un message de la DGFIP pour faire ma déclaration d’impôts Problème pas d’internet raccordement fibre en attente depuis 4 mois Je demande à la DGFIP de venir la chercher en pigeon voyageur,negatif,0.95,Facturation / Paiement,0.9,2,0.9,0.9158,1924510923403784591
Allo na toujours pas résolu le problème 5jours après la panne #internet et pas de nouvelles du service client depuis 48h Allo Que faites vous Free,negatif,0.95,Pannes / Coupures téléphone,0.95,2,0.95,0.9491,1924547966150353324
Perpignan toujours pas d’internet depuis hier aprèsmidi,negatif,0.95,Pannes / Coupures téléphone,0.9,1,0.8,0.8824,1924700891728302259
"bonjour, Pourriezvous vous demander a v’a votre equipe de me rappeler svp Visiblement entre le samedi et le lundi les règles changent chez vous Merci",neutre,0.6,processus_sav,0.9,1,0.8,0.7659,1924732213733609945
Cest quoi la différence avec la pop normale,neutre,0.5,information,0.8,1,0.7,0.666,1924742247347552556
faut il que la fibre tienne sur le long terme 3 coupures en 1 mois dont une qui dure depuis 2 jours maintenant bon,negatif,0.95,Pannes / Coupures,0.95,2,0.9,0.9324,1924744947879510064
"bonjour, pourraisje savoir quand est ce que ma ligne sera activée svp Merci",neutre,0.6,Livraison,0.9,1,0.8,0.7659,1924789921916613011
Toujours rien pour les abonnés freebox one,neutre,0.6,processus_sav,0.9,0,0.0,0.4995,1924813966959690212
"bonjour, jaurais besoin dun rdv adapté avec technicien svp",neutre,0.5,Livraison,0.8,1,0.7,0.666,1924823312946934043
"Coup de gueule contre Free 12 Le 07 mars 2025, SFR est venu faire des travaux dans la résidence Ces travaux ont pris un mois Tous les clients SFR, ByTel et Orange ont récupéré leur réseau le 11 avril sauf les clients Free",negatif,0.9,Pannes / Coupures téléphone,0.95,1,0.7,0.8491,1924846403794137362
"22 Je suis en contact avec le service client qui me dit que le rétablissement était prévu le 1404 puis le 0505 puis le 1905 Et toujours rien Bien évidemment, pendant ce temps, nous devons payer labonnement Freebox pour aucun service",negatif,0.95,Pannes / Coupures,0.95,2,0.95,0.9491,1924846583679537653
"C’est bien beau de faire des publicités pour tracter toujours plus de clients mais UN MOIS d’attente pour le raccordement de la fibre qui devait soit disant être fait « sans intervention d’un agent », c’est plus un délai mais une date de péremption de notre motivation",negatif,0.95,Fibre optique,0.9,2,0.9,0.9158,1924869507241091564
Par contre toutes les semaines il va y avoir des problèmes avec les box ou c’est comment,negatif,0.8,Pannes / Coupures téléphone,0.9,1,0.7,0.7992,1924894930272444450
"Bonjour, j’ai un souci avec ma souscription Freebox et j’aimerais vous contacter en message privé Pouvezvous m’ouvrir les DMs Merci davance",negatif,0.95,processus_sav,0.95,1,0.7,0.8658,1924928828486377968
Estce que c’est normal de priver vos abonnés de connexion depuis plusieurs jours et malgré nos appels téléphoniques vos agents parlent mal et reportent à leurs bon vouloir les rendezvous pour l’intervention d’un technicien,negatif,0.95,Pannes / Coupures téléphone,0.95,2,0.95,0.9491,1924965548649062596
"Jai un problème, jai payé ma facture en avril pour 20 euros et ils lont déduit de mon compte bancaire, maintenant je vais payer en mai et ils me disent que jai une pénalité de paiement",negatif,0.95,Facturation / Paiement,0.95,1,0.8,0.8991,1925065870348370411
ma box internet qui m’affiché pas de connexion internet par moment une solution svp,negatif,0.95,Pannes / Coupures téléphone,0.9,1,0.8,0.8824,1925102845499417075
"Bonjour, j’ai souscris une offre free et lorsque j’ai reçu le mail, on m’a clairement dit qu’il n’y avait pas besoin de technicien, j’ai contacté votre numéro et maintenant il faut un rdv sachant que j’ai la fibre, c’est juste une activation",negatif,0.95,Fibre optique,0.95,1,0.8,0.8991,1925131822452638005
je suis désolé mais je suis en panne tous les jours et il faut reprogrammer et là plus daccès a la messagerie du tout soit disant piratée,negatif,0.95,Pannes / Coupures téléphone,0.95,2,0.9,0.9324,1925156044155519011
Arrêtez de couper les appels au bout de 2 h,negatif,0.95,Pannes / Coupures téléphone,0.9,1,0.7,0.8491,1925169047324230000
il y’a un problème avec vos serveurs Je nah plus de wifi,negatif,0.95,Pannes / Coupures téléphone,0.9,2,0.95,0.9324,1925172254700179836
6 jours sans internet Commencez par là 20 ans chez free je nai jamais vu ça,negatif,0.95,Pannes / Coupures téléphone,0.9,2,0.95,0.9324,1925180464945414589
"les offres nouveaux abonnés, cest cool Mais concrètement, après 16 ans de fidélité, on a droit à quoi Pour passer de la Révolution à la Ultra Essentiel, on moffre juste les frais de migration Je nai jamais eu à râler des services de , mais là cest peu",negatif,0.95,Facturation / Paiement,0.9,2,0.9,0.9158,1925205845756789143
eh c normal que mon relais 4g aie un meilleur debit que ma fibre,neutre,0.5,Pannes / Coupures téléphone,0.9,0,0.1,0.4995,1925246393578353052
"Bon , cest pas très drôle de me prendre pour un idiot Ça fait 1 semaine que jai pas internet et je paye 40 euros par mois Il va falloir penser à régler le problème très vite avant que jaille voir ailleurs",negatif,0.95,Pannes / Coupures Fibre,0.95,2,0.9,0.9324,1925249423518413066
"Je voudrais passer de la delta a lultra mais les 50e de frais de migration dont que je ne le fais pas du coup, il y a une solution",negatif,0.9,Facturation / Paiement,0.9,1,0.8,0.8658,1925256024400728206
Hello jai beau maintenir mais il y aura bientôt des maisons déco,neutre,0.6,Facturation / Paiement,0.8,1,0.7,0.6993,1925257023345619327
Plus de 10 jours en panne Merci Un Free Proxy qui ne sert à rien Il va falloir repenser sa relation avec ses clients #free,negatif,0.95,Pannes / Coupures téléphone,0.95,2,0.9,0.9324,1925425625747030231
m’a box reste bloqué étapes 6 depuis une heure aidez moi Please 🥴,negatif,0.95,Pannes / Coupures téléphone,0.9,2,0.95,0.9324,1925459489668415508
1 semaine que j’ai pas de connexion et Free me donne pas de rendezvous c’est stable ça,negatif,0.9,Pannes / Coupures téléphone,0.95,2,0.9,0.9158,1925495976975900853
"faut arreter les débranchement sérieusement du 2 au 7 travaux sur la ligne OK du 7 au 11 on a oublier de vous rebrancher tu sais pas faire ton boulot Et la on me dit quoi se matin Quelquun à du vous débrancher bah faut aller se faire voirs, on paye 50€ par mois",negatif,0.95,Pannes / Coupures,0.95,2,0.95,0.9491,1925517550072308001
"Plus dinternet depuis le 10 mai, un technicien fibre navait pas de câble pour nous dépanner et nous a menti en nous disant que notre box ne fonctionnait plus, aucun technicien ne peut intervenir pour le moment, on nous laisse comme ça sans rien faire, merci 😡",negatif,0.95,Pannes/Coupures téléphone,0.95,2,0.95,0.9491,1925561296168034421
grandement déçu du service client alors que je suis abonné depuis 2011 Un conseiller me vend un abo POP sur une nouvelle adresse et ne me dit pas que je peux simplement déménager sans frais Total de lopé 4959108€ de frais 👏😱 Merci Free,negatif,0.95,Facturation / Paiement,0.95,2,0.95,0.9491,1925644732799053859
svp j’en peux plus est ce que je peux pour une fois parler a un humain au lieu d’une machine,negatif,0.95,processus_sav,0.9,2,0.95,0.9324,1925644920313835878
"Pas de connexion pendant la moitié du moi de mai période de partiels, 2 coupure au total, un backup qui ne fonctionne pas et qui grapille le moindre centime sur le dos des étudiants et me rembourse 10 euros sur mon abonnement Merci free",negatif,0.95,Pannes / Coupures,0.95,2,0.95,0.9491,1925754277336654136
"pitié pourquoi au moins 1x par mois mon player te Freebox Delta me demande d’associé la télécommande En plus, je galère à l’associer",negatif,0.95,processus_sav,0.9,1,0.8,0.8824,1925812299463278998
"Un opérateur peut écraser la ligne d’un autre sans raison Free ne donne aucune explication En cas de coupure, pas de solution de secours sauf souscrire à leur offre 5G pour avoir internet, car mon mobile n’est pas chez eux c’est normal",negatif,0.95,Pannes / Coupures téléphone,0.9,2,0.9,0.9158,1925874714771157374
"Merci pour avoir coupé la ligne fibre de mon ancien opérateur alors que votre box n’est pas encore envoyée 5 jours sans internet C’est bien beau de vouloir faire tout rapidement, encore faut il le faire correctement 😉 Ce sera une résiliation le mois suivant du coup 😘",negatif,0.95,Pannes / Coupures Fibre,0.95,2,0.9,0.9324,1925993535242719360
"Bon, une heure que jai plus dinternet et que ma Pop reste bloquée en étape 6, je paye pas pour voir des voyants rouges",negatif,0.95,processus_sav,0.9,1,0.8,0.8824,1926036234050154513
"Box commandée le 01 Mai, toujours pas reçu à ce jour, un technicien venu pour rien, 5 différents employés eu au téléphone ayant chacun assuré que cela allé être résolu ils sen occupent personnellement 🤡 Dernier contact aujourdhui la box na pas encore été envoyé",negatif,0.95,Livraison,0.95,2,0.95,0.9491,1926064149328519633
J’ai demandé la Freebox il y a plus d’un mois et elle ne fonctionne toujours pas,negatif,0.95,Livraison,0.9,2,0.95,0.9324,1926709139629052042
"hello je suis actuellement sur une offre mini 4k et souhaiterais migrer vers la Pop S linterface web ne propose que la pop classique, loffre pop S est pourtant disponible en nouvel abonnement sur comment puisje migrer merci",negatif,0.9,information,0.9,1,0.8,0.8658,1926744115930096101
"1🧵 THREAD – Quand un “technicien” ➤ détruit la connexion fibre de tout un immeuble, ➤ ravage mon logement, ➤ puis repart… sans rien réparer Une histoire absurde de soustraitance fibre incontrôlée et d’un service client impuissant⬇️",negatif,0.95,Pannes / Coupures,0.95,2,0.95,0.9491,1926972403663405279
"Bref, j’ai toujours été un grand supporter de dont je salue beaucoup d’initiatives prix bas, call center de proximité Mais là, je m’indigne Je pense également quune réglementation devrait clairement encadrer les pratiques de ces techniciens fibre",neutre,0.6,information,0.8,1,0.8,0.7326,1926974653345546294
remettez moi internet je vais plus jamais vous quittez promis,negatif,0.95,Pannes / Coupures téléphone,0.9,1,0.8,0.8824,1927006536242503772
"Voilà, à l’instant, je n’ai plus d’Internet Et toujours aucun dédommagement de la part de",negatif,0.95,Pannes / Coupures téléphone,0.9,2,0.95,0.9324,1927009838485090564
ce qui est génial si on a un ticket ouvert cest que lassistance nest pas joignable par téléphone alors que je suis sensé choisir une date pour lintervention et rien nest proposé dans mon ticket Je nai pas non plus whatsapp car je nai pas un tel compatible,negatif,0.95,processus_sav,0.95,2,0.9,0.9324,1927027130145083511
Comment ça a oublié de me brancher CHEZ EUX du coup maintenant je dois attendre le 17 juin pour avoir un technicien Je capte même pas la 5G dans mon appart je peux littéralement rien faire Je peux pas taffer et pas jouer,negatif,0.95,Pannes / Coupures téléphone,0.95,2,0.95,0.9491,1927037676810604818
"matériel renvoyé suite à une résiliation le 0805 avec l’étiquette relais colis, et arrivé chez vous le 1205, mais je reçois un mail aujourd’hui me menaçant de plus de 500€ de frais",negatif,0.95,Livraison,0.95,1,0.8,0.8991,1927053292183470258
plus de fibre depuis le 0305 malgré le passage d’un technicien et toujours aucune info … vous tenez informé les clients parfois La j’attends qu’un miracle se produise ou bien,negatif,0.95,Fibre,0.9,2,0.9,0.9158,1927093625009193468
"Customer service 010, congrats",positif,0.95,processus_sav,0.9,0,0.0,0.616,1927288467383259214
"Bonjour, je viens vers vous parce que jai résilier mon comote Free pour aller dans un autre endroit Et on me demande de Télécharger le bon de retour sur mon espace abonné sauf que vous avez deja bloquer mon compte Jai accès à mes Factures et rien de plus",negatif,0.95,Facturation / Paiement,0.95,1,0.8,0.8991,1927291433322430530
Bonjour Votre messagerie en ligne n’est jamais disponible non plus J’ai eu un appel la semaine dernière avec le service client qui m’annonçait un passage d’un agent pour mercredi Puis aucune nouvelle rien Jusqu’à quand ça va durer Quand allez vous prendre les choses en main,negatif,0.95,processus_sav,0.95,1,0.8,0.8991,1927292335865335942
"panique à la maison, télétravail et école sup en distanciel Nous venons de recevoir un mail de votre part indiquant qu’une demande d’écrasement de notre ligne a été faite Opérateur téléphonique impuissant Coupure internet imminente et ineluctable Client depuis 22 ans",negatif,0.95,Pannes / Coupures,0.95,2,0.95,0.9491,1927303242557333785
"Mais aussi quand l’assistance me dit que la carte SIM est gratuite, et que son collègue 2 semaines plus tard me dit que non Il n’y a pas un problème au niveau de vos employées 10€ par carte par le nombre de clients la pilule est énorme",negatif,0.9,Facturation / Paiement,0.9,1,0.8,0.8658,1927303853415772510
"Bonjour On est mardi et toujours pas d’internet depuis vendredi 2305, cela fait 5 jours que je suis sans internet ni télévision Il y a eu le même problème il y a 10 jours… C’est ça la qualité Free, tous les 10 jours on est privé d’internet pendant une semaine",negatif,0.95,Pannes / Coupures téléphone,0.95,2,0.95,0.9491,1927307636908683420
pourquoi je paye 20€ par mois mais je capte RIEN en 5G,negatif,0.95,Facturation / Paiement,0.9,2,0.95,0.9324,1927308903475290355
Vous êtes vraiment des INCAPABLES Vous menvoyez un technicien de niveau 1 qui na pas été capable de minstaller la wifi lundi matin et il faut que jattende à moins vendredi ou samedi pour un rendezvous I HATE YOU,negatif,0.95,processus_sav,0.95,2,0.9,0.9324,1927343461138575618
"bonjour le PMZ FI786720002 est au ralenti 25, pouvez voir svp ça dure depuis vendredi , merci",negatif,0.95,Pannes / Coupures téléphone,0.9,1,0.8,0.8824,1927344617369882720
donc là vous être en train de me dire que je vais devoir attendre une semaine et demi pour être raccordé,negatif,0.95,Livraison,0.9,1,0.8,0.8824,1927348674595524864
"4 Vendredi soir, impossible de connecter nos téls à la TV C’est pas possible, ils nous ont bloqués Donc pas de TV le vendredi soir Et franchement, ce soir, cest galère Et impossible de joindre quelquun",negatif,0.95,Pannes / Coupures téléphone,0.95,1,0.8,0.8991,1927431250190479507
service après vente nul et complètement défaillant et incompétent,négatif,0.95,processus_sav,0.9,2,0.9,0.9158,1927446300573716577
Comment faire si le service client n’est pas à même de résoudre mon problème après 2 mois et 6 appels de plus en plus frustrant,negatif,0.95,processus_sav,0.95,2,0.95,0.9491,1927519462745354674
"Chez Free, je nai pas dinternet depuis le 26 avril Aucun technicien pour intervenir sur RueilMalmaison en ce moment 3 coupures en 2025 par des interventions sur le réseau, pour des mises en conformité Je pense laisser tomber la fibre pour passer à Starlink Des conseils",negatif,0.95,Pannes / Coupures,0.95,2,0.9,0.9324,1927555946512859536
Pour avoir une connexion stable il faudrait déjà avoir une connexion… je suis bloqué à l étape 2 depuis presque 1 semaine et malgré l intervention d un technicien personne ne s occupe de mon cas,negatif,0.95,processus_sav,0.9,2,0.9,0.9158,1927665901572145436
"après plus dune quinzaine de tickets dincident ouvert en fin dannée dernière pour une box bloqué en étapes 3c , jai eu le droit à 5 mois sans incident et aujourdhui rebelote avec un technicien qui va passer que dans 1 semaines Le vase va pas tarder à déborder",negatif,0.95,processus_sav,0.95,2,0.9,0.9324,1927667546276110742
"Salut ☺️ dites je me suis inscrit chez vous le 21 avril A ce jour, on en est tjs à la 1ère étapeça ne bouge pas, 0 nouvelles de votre part On a une idée des délais de traitement classiques",neutre,0.6,processus_sav,0.9,1,0.7,0.7326,1927681820117667843
"Jai résilié le 0405 et vous mavez prélevé de lintégralité du mois de mai, aucune info Jai renvoyé le matériel et pareil, pas dAR ni dinfos Ce serait possible davoir un retour sur la surfacturation, réception du matériel",negatif,0.95,Facturation / Paiement,0.95,2,0.95,0.9491,1927710231745696145
"Plus internet parce qu’un technicien nous a débranché pour brancher quelqu’un d’autre j’en veux pas de votre RDV MARDI, si vous intervenez pas avant la fin de la semaine c’est tchao",negatif,0.95,Pannes / Coupures téléphone,0.9,2,0.9,0.9158,1927714905668395477
Ma freebox se déco de la ligne ADSL svp faites un truc cest pas vivable comme situation,negatif,0.95,Pannes / Coupures téléphone,0.9,2,0.95,0.9324,1927720621871333696
"Je vous renvoie ma box, le boitier TV et le pocket WiFi, et vous dites ne pas lavoir reçu alors que jai la preuve que la réception à bien été effectuée Pourriezvous reprendre contact avec moi",négatif,0.95,Facturation / Paiement,0.9,1,0.8,0.8824,1927720737873240423
et encore la jai redemarrer ma box sinon cest pire,neutre,0.6,processus_sav,0.9,1,0.7,0.7326,1927720819649581214
"Hier nous examinions une proposition de loi visant à renforcer la responsabilité des opérateurs dans le déploiement de la fibre optique Cest un gros problème à Melun, à Pringy et à Dammarie Urgence de réguler et sévir quand ça ne marche pas",positif,0.9,Fibre optique,0.9,2,0.9,0.8991,1927747133521670650
Nous sommes A Dammarie les lys privés dinternet depuis plus de deux semaines à cause de dégradation des câbles par des rongeursAucune communication de la part des opérateurs a part une date de remise en état prévisionnelle pour le 23 mai Mais Rien,negatif,0.95,Pannes / Coupures téléphone,0.95,2,0.9,0.9324,1927755760991117453
"Déjà 1 mois sans internet Il y a 15 jours, Free Proxi mindique que quelquun doit passer Je peux avoir un RDV le 4 juin Cest trop loin, on me passe sur liste prioritaire, total plus de RDV du tout Et impossible de joindre un autre service",negatif,0.95,Livraison,0.9,2,0.95,0.9324,1927779259491233878
"Coupure d’internet à la veille d’un weekend de 4 jours, pas de technicien avant samedi… génial",negatif,0.95,Pannes / Coupures,0.95,2,0.95,0.9491,1927781110852866123
Impossible de contacter le service client et free Proxi ne maide pas Pouvez vous me donner un contact téléphonique svp,negatif,0.95,processus_sav,0.9,2,0.95,0.9324,1927781560691929592
"Wesh vous avez trop d’argent , envoyer cinq sous traitant pour installer la fibre alors que le premier rapport dit d’installer par nacelle la fibre, RENVOYER 5 technicien pour faire cinq fois le même rapport Il ne lise pas les rapports au bureau C’est fou",negatif,0.95,Facturation / Paiement,0.9,2,0.9,0.9158,1927794656881803421
"Bonjour Free jai fait une demande de déménagement, le raccordement devait être fait avant mon arrivée et à lheure actuelle ce nest pas le cas un rdv ne m est proposé que dans une semaine impossible davoir un conseiller au téléphone 👎👎👎",negatif,0.95,processus_sav,0.95,2,0.95,0.9491,1927994869911314545
Effarant… Je sors de la boutique free de Brest… déjà client j’ai construit une maison mais le réseau fibre n’est pas construit ni adsl… je souhaite une box 5g… on me dit non pas éligible et que je dois attendre des mois de construction de réseau par Orange,negatif,0.95,Fibre,0.95,2,0.9,0.9324,1928037625308303808
problème de box encore… ça devient pénible… On ne peut pas passer Un jour férié tranquille a la maison à profiter des services qu’on paye,negatif,0.95,processus_sav,0.9,2,0.9,0.9158,1928146787560308817
ça vous arrive de répondre aux clients 🤬🤬🤬,negatif,0.95,processus_sav,0.9,2,0.9,0.9158,1928147203681309080
"Dites amp vous prélevez ma grandmère depuis 3 mois alors qu’elle a toujours pas la fibre 3 rendezvous avec des « techniciens » qui traînent les bras et repartent en ayant à peine jeté un coup d’œil, c’est quoi ce service client Elle paye pour rien là",negatif,0.95,Pannes / Coupures Fibre,0.95,2,0.95,0.9491,1928168208428654823
87 jours sans fibre Merci et on change pas une équipe qui gagne hein Merci Road to 100 days,negatif,0.95,Pannes / Coupures Fibre,0.95,1,0.7,0.8658,1928341127293239568
"bonjour, seraitil possible dutiliser une autre plateforme merci pour votre réponse et bonne journée a vous",neutre,0.7,processus_sav,0.9,1,0.7,0.7659,1928372958336082103
"1 question Je remarque que depuis quelques temps laccès gratuit à canalvod sur interface clubs vidéo ,affiche écran noir alors quavant je pouvais louer des films jai une box crystal Cest normal",negatif,0.95,information,0.6,1,0.7,0.7492,1928475203866136768
"Sinon ça ne vous dérange pas qu’une fois de plus nous n’avons plus internet Toujours le weekend, impossible de vous joindre… et toujours des délais de fou pour que quelqu’un intervienne Vous cherchez vraiment à ce que vos clients se tirent chez la concurrence",negatif,0.95,Pannes / Coupures téléphone,0.95,2,0.9,0.9324,1928485063232032843
"laisser 1 semaine un foyer sans connexion et pas de remplacement de clé 4g pour un abonnement à 50€ par mois ça vous pas fait pas chier Sachant que c’est pas un foyer mais tt la résidence honte à vous, 🫵🏼🫵🏼🫵🏼, je regrette d’avoir été employé chez vous",negatif,0.95,Pannes / Coupures,0.95,2,0.95,0.9491,1928485286863921644
59 euros de frais de résiliation freebox alors que je n’ai même pas d’abonnement annuel… On est chez les fous,negatif,0.95,Facturation / Paiement,0.95,2,0.9,0.9324,1928505013002711098
"j’ai plus de WiFi depuis le 2 mai et toujours aucune solution À chaque fois les tickets sont clôturés sans intervention, ça tourne en rond Ça fait 1 mois que je galère bougezvous un peu #Free #ServiceClient",negatif,0.95,processus_sav,0.95,2,0.95,0.9491,1928515061045215569
"Cliente les délais sont honteux 3 semaines ou pour avoir des rdv 2 rdv et pas de fibre installée suite à 1 déménagement paris intramuros des techniciens sans obligation de résultats, un service client qui ne sait quasi rien, FREE vous avez tout compris",negatif,0.95,processus_sav,0.9,2,0.95,0.9324,1928515657089286612
mise en demeure pour pas avoir payé des frais de résiliation après 5 mois de panne de servicevous aviez pourtant annoncé que vu la situation assez compliqué je ne devrais pas payer et même avoir un dédommagement…réponse dans combien de temps ⏱️,negatif,0.95,Facturation / Paiement,0.95,2,0.9,0.9324,1928518801311584385
wAllah demain je viens m’assoir dans la boutique jusqu’à ce qu’on trouve solution parce que vous me chiez à la gueule depuis des mois JE NE PEUX PLUS TRAVAILLER,negatif,0.95,processus_sav,0.95,2,0.9,0.9324,1928530083834192257
"Depuis jeudi 14 perte de connexion sur le dslam LAG33 24 heure dinterruption, pas une news pour expliquer aux abonnés du quartier le pourquoi de la panne et quand ça sera rétabli😡 Box en attente de DHCP",negatif,0.95,Pannes / Coupures téléphone,0.95,2,0.9,0.9324,1928537970220409128
Nous étape 3D depuis jeudi… écrasement de ligne… pas d’intervention avant 15 jours,negatif,0.9,Pannes / Coupures téléphone,0.9,2,0.95,0.9158,1928746247642403006
Bravo à qui sont incapables de trouver une solution car je n’ai plus internet DEPUIS 2 SEMAINES « Ça sera réglé le 29 » on est le 31 et toujours rien Maintenant on me dit que j’ai besoin d’un rdv avec un technicien 🤣 aller c’est trop je résilie tout chez eux,negatif,0.95,Pannes / Coupures,0.95,2,0.95,0.9491,1928787384159638006
"Hello Free, quand mon père de 93 ans n’a plus de connexion internet depuis un mois, indispensable pour son boîtier d’alarme en cas de chute et qu’on vous propose une intervention le 7 juillet … c’est ça la fiabilité",negatif,0.95,Pannes / Coupures,0.95,2,0.95,0.9491,1928823951469256913
"Comment, en 2025, peuton encore avoir des problèmes de WiFi Sérieusement, #Freebox , faites quelque chose, là, ce n’est plus possible",negatif,0.95,Fibre optique,0.9,1,0.8,0.8824,1928870897693147373
Vous êtes vraiment des clowns On prépare un déménagement personne préviens on te coupe comme ça T’essaie de les appelés t’es bloqué avec un vielle voix de robot qui est même pas capable de dirigé vers un humain On te demande des codes tu sais pas d’où ils sortent,negatif,0.95,processus_sav,0.9,2,0.95,0.9324,1929089982938976507
"Allez vous faire f c’est plus possible Y’a plus la fibre depuis 2 semaines, on nous sort dans 5 jours, 10 jours, vous mentez et maintenant notre 4G5G bug et est lente",negatif,0.95,Fibre,0.95,2,0.9,0.9324,1929149407338897624
J’ai pareil frero plus internet depuis deux semaine anule mes rdv technicien et mtn me dis on peut rien faire y’a un problème collectif ils mentent tout le quartier a internet sauf moi donc je comprend mieu tes prix enft pour des services si minable,negatif,0.95,Pannes / Coupures téléphone,0.95,2,0.9,0.9324,1929258856837697986
Mon rêve que mon top fasse cette performance,neutre,0.5,autre,0.1,0,0.0,0.1998,1929463907191496928
🚨FREE VOLEUR 🚨 20 ans qu’on est client Cela fais maintenant plus d’un mois et demi que je n’ai plus internet Free ne fait rien pour résoudre le problème je ne peux pas prendre de RDV ni réclamer de remboursement concernant les factures des mois passés,negatif,0.95,Facturation / Paiement,0.9,2,0.9,0.9158,1929484038185656398
"bonjour, j’ai un petit problème avec vous, j’ai ouvert annulé chez vous mais ça va faire cinq ou six jours que Mali est en cours de raccordement et ça va faire une semaine que j’ai plus d’Internet ça commence à être un peu lourd",negatif,0.95,Fibre optique,0.95,2,0.95,0.9491,1929484197204258967
depuis samedi 31 à midi nous navons plus dinternet dans le 77 Sud MoretsurLoing SaintMamet et ses environs free allô Free il y a quelquun vous faites quoi,negatif,0.9,Pannes / Coupures téléphone,0.9,1,0.8,0.8658,1929484892502401303
"Super je viens de le faire, que des messages automatiques, pas de réponse à ma question Je sens que je vais pas rester longtemps chez vous",negatif,0.9,processus_sav,0.9,1,0.7,0.8325,1929518761666556188
Jai pris la il y a 1semaine et cest déjà la PIRE erreur de ma vie 1semaine et toujours pas internet et on parle pas du service Jexplique mon problème il me répond et quest ce que vous voulez que je fasse Je sais pas fait ton travail cest déjà pas beaucoup Fuyez,negatif,0.95,processus_sav,0.95,2,0.95,0.9491,1929520509831500075
estce que ce serait possible de parler à un humain Votre parcours client qui déménage est un calvaire What’s app Free personne ne me répond 3244 on me répond « raccordement en cours merci au revoir » alors qu’il a déjà eu lieu et que j’ai un problème autre Pitié 🥺,negatif,0.95,processus_sav,0.9,2,0.9,0.9158,1929530998661800121
Tu vas voir dès que j’aurais internet ça fait un mois pitié à l’aide,negatif,0.9,Pannes / Coupures téléphone,0.9,1,0.8,0.8658,1929538263284404283
"linstallation de la fibre, cest une vraie galère, impossible davoir une date pour la venue dun technicien, ça fais bientôt 6 mois Quelquun peut maider Clients depuis très très longtemps",negatif,0.95,Fibre optique,0.95,2,0.95,0.9491,1929538371132522769
Super ça fait un mois que je suis chez free et j’ai déjà plus de wifi chez moi depuis 2j 🤡🤡🤡 vous pouvez faire quelque chose svp,positif,0.95,Fibre optique,0.9,1,0.8,0.8824,1929574826571612175
a la seconde où on se connecte à la box ça fait ça alors que la télé en ellemême fonctionne très bien J’espère que karim a bien fait remonter le dossier,neutre,0.7,processus_sav,0.8,1,0.7,0.7326,1929583949468114972
bonjour pouvez vous me contacter concernant ma ligne qui serait résilié alors que j ai rien demandé Merci,negatif,0.95,processus_sav,0.9,2,0.95,0.9324,1929650805453230346
la pire des expériences Depuis janvier mes appareils internet et télévisions fonctionnent une fois sur deux et est instable J’appelle toutes les semaines pour avoir des explications et qu’on me change mes appareils défectueux Mais rien On me dit même que je ments,negatif,0.99,processus_sav,0.95,2,0.95,0.9624,1929782368635613472
Plus internet depuis ce matin et aucune information Allo,neutre,0.5,Pannes / Coupures téléphone,0.9,1,0.7,0.6993,1929834578350391781
Je vous ai envoyer un message dans votre boîte de réception Merci,neutre,0.7,Facturation / Paiement,0.9,0,0.0,0.5328,1929861857759662393
Vous feriez mieux de travailler sur vos délais dintervention pour une fibre en panne Etape 2 13 jours pour avoir le RDV,negatif,0.95,Pannes / Coupures Fibre,0.9,1,0.8,0.8824,1929890715615522844
"3 semaines maintenant que je n’ai plus de wifi, j’ai appelé minimum 15 fois, on m’a envoyé 2 techniciens qui ont réglé le problème puis le lendemain ça recommence 🤡",negatif,0.95,Pannes / Coupures téléphone,0.95,2,0.9,0.9324,1929913817653272923
"Ditesdonc quel terme ne comprenezvous pas dans Service Client Je suis harcelé par la CFR pour des factures impayées alors que l’abonnement est résilié confirmé Et quand je contacte votre « service client », on me répond que c’est à moi d’effectuer les démarches🤡",negatif,0.95,Facturation / Paiement,0.95,2,0.95,0.9491,1929914724012974271
J’EN AI RAS LE BOL DE J’ai changé de numéro dimanche et depuis je me fais harceler par les contacts de l’ancien prioritaire du numéro Je demande à l’assistance si c’est normal d’avoir un numéro qui vient d’être désactiver Et on me dit que le seul moyen c’est de repayer,negatif,0.95,Facturation / Paiement,0.9,2,0.9,0.9158,1929977897521164736
ça commence à bien faire ça fait 3 mois que ma voisine a plus internet elle a 75 piges j’ai du lui apprendre le partage de connexion pour qu’elle regarde son tennis sur son ordinateur ça fait 3 MOIS que vous la faites balader on est censées faire quoi en fait,positif,0.9,processus_sav,0.9,1,0.8,0.8658,1929980561361183183
ça navance pason nous prêtera une clé 4G le 10 juin mais aucune nouvelle dune solution fiable et pérennemerci,positif,0.85,Livraison,0.9,1,0.7,0.8159,1929988181174431965
"Bon depuis un mois jai à la fois le réseau fibre ET mobile qui plantent pendant une heure chaque semaine en périphérie dAnnemasse, ça commence à devenir fatigant, vous voulez pas faire quelque chose",negatif,0.95,Pannes / Coupures téléphone,0.9,2,0.9,0.9158,1930053176666812602
"Cela fait 2 mois et demi que je n’ai aucun accès à Internet Je fais du télétravail, et je paie chaque mois pour un service inexistant Le backup est inutilisable, et vos équipes ne donnent aucune réponse concrète C’est catastrophique #Freebox #Free #ServiceClient",negatif,0.95,Facturation / Paiement,0.95,2,0.95,0.9491,1930166870906187918
Free est entrain de me perdre avec plusieurs abonnements box et mobile à la clé ⚠️ Comment peuton facturer des frais de résiliation dans le cas d’une rétractation,negatif,0.95,Facturation / Paiement,0.9,2,0.9,0.9158,1930189191234666853
Panne free sur mon secteur depuis 1 mois et demi La panne étant générale peutêtre bouygues et orange sont aussi impactés Seule communication de aujourdhui je reçois par mail ma facture,negatif,0.95,Pannes / Coupures téléphone,0.95,2,0.95,0.9491,1930228261373550595
Vraiment depuis que j’ai ma box je suis obligé de la redémarrer en éteignant et rallumant ma multiprise… Pour rien ça va me donner envie de me désabonner 🤬 En plus Netflix 20€ c’est normal,negatif,0.95,processus_sav,0.9,1,0.8,0.8824,1930232797068660893
"est en maintenance chez moi, ce qui signifie pas d’Internet, pas de TV, pas de Téléphone Je suis dans une zone oú on ne capte rien J’appelle Free pour qu’ils m’aident Réponse « Achetez un forfait Free à 10€ tout illimité » alors que je capte PAS",negatif,0.95,Pannes / Coupures téléphone,0.95,2,0.95,0.9491,1930234866144006384
"je vous dérange pas à vouloir facturer 116€ au lieu de 49,99€",negatif,0.95,Facturation / Paiement,0.95,2,0.95,0.9491,1930240974237696217
panne de fibre depuis ce matin dans la Sarthe Hier déjà Vous en êtes où de la résolution,negatif,0.95,Pannes / Coupures Fibre,0.95,2,0.9,0.9324,1930277124574773711
"plus d’internet depuis ce matin dans la Sarthe , ça va être rétabli dans quelques heures … vous dites ça depuis ce matin sérieusement",neutre,0.5,Pannes / Coupures téléphone,0.9,1,0.7,0.6993,1930291426987823377
"installation du fibre free, fonctionne pas Je dois attendre 2 jours Qui va payer 2 jours des 3 trav Independent s",negatif,0.95,Fibre,0.9,2,0.9,0.9158,1930302363337687520
"Hello SAV injoignable depuis ce matin, plus de fibre, silence radio… #serviceclient c’est plus votre problème",negatif,0.95,processus_sav,0.9,2,0.95,0.9324,1930305812540391907
il faut faire quoi pour vous avoir au téléhone Free Proxi de Massy qui ne répond pas par message et nous en attendant la box ne marche plus et c’est la seconde fois en 1 mois,negatif,0.95,Pannes / Coupures téléphone,0.95,2,0.95,0.9491,1930308828374962629
Freebox bloquée à létape 2 que faire Jai déjà débranché et rebranché,negatif,0.95,processus_sav,0.9,1,0.8,0.8824,1930323768976519232
"bonjour Impossible de vous joindre sur le numéro dédié aux anciens clients Et maintenant, vous voulez me prélever 50€ sans raison valable On fait comment là 🤨",negatif,0.95,Facturation / Paiement,0.95,2,0.95,0.9491,1930548385502617691
Plusieurs jours de coupure Fibre ☹️ bloqué à l’étape 2 #freebox Et impossible de joindre un conseiller,negatif,0.95,Pannes / Coupures,0.95,2,0.9,0.9324,1930572881546621061
SVP ÇA FAIT UN MOIS QU’ON APPELLE FREE QQN À DÉTRUIT LES FIBRES OPTIQUES DE L’IMMEUBLE ON EN PEUX PLUS ILS NOUS ONT DIT PAS AVANT LE 31 MAI ON EST LE 5 JUIN SVPPPP VENEZZZZ😭😭😭,negatif,0.95,Fibre optique,0.95,2,0.95,0.9491,1930576088863760710
On peut savoir pourquoi vous prélevez 180€ sur mon compte alors que je vous ai renvoyer la box et fourni la preuve de dépôt chez votre partenaire,negatif,0.95,Facturation / Paiement,0.95,2,0.95,0.9491,1930608588839371089
"Bonjour , je dois faire quoi pour être appeler par un de vos conseillers Ça fait 2 jours que je laisse des messages sur votre messagerie et je n’ai pas de retour alors que c’est assez urgent",negatif,0.95,processus_sav,0.95,2,0.9,0.9324,1930614432628916657
"Ma qui marche plus depuis midi, bloquée à létape 2 🥳 Donc pas dinternet Autant vous dire que le stream sannonce compromis",negatif,0.95,Pannes / Coupures téléphone,0.9,1,0.8,0.8824,1930621389578387597
"je ne comprends pas, depuis que je suis sur je suis régulièrement en panne Et beaucoup de temps à chaque fois pour être dépanné et récupérer ma box fonctionnel",negatif,0.95,Pannes / Coupures téléphone,0.9,2,0.9,0.9158,1930645767527547177
"entrant dans un 3e mois de suite sans service mais les prélèvements sont toujours réalisés L’assistance ne fait que remettre « habilement » la responsabilité sur l’abonné et c’est saoulant Faites quelques chose, monsieur le CM",negatif,0.95,Facturation / Paiement,0.9,2,0.9,0.9158,1930704333705978062
Message de au démarrage de la box #TNT #Télévision #NouvelleNumerotation,neutre,0.5,information,0.9,0,0.0,0.4662,1930861468141904285
"pas internet depuis 24h due très probablement a une cassure fibre externe, aucun conseillé ou technicien ne m’a contacté depuis, malgres plusieurs tentatives de contact dont un ticket ouvert, c’est plaisant de payer un service qui ne fonctionne pas",negatif,0.95,Pannes / Coupures Fibre,0.95,2,0.95,0.9491,1930960436679123116
"Hello Cela fait de 5 jours Plus de Box sur #Aubagne Pas de suivi, pas dinfos précises Inadmissible Impossible de travailler correctement Merci dintervenir au plus vite",negatif,0.95,processus_sav,0.95,2,0.95,0.9491,1930971996260532361
Ça fait une semaine que je n’ai pas de service et vous ne répondez pas au téléphone,negatif,0.95,Pannes / Coupures téléphone,0.9,2,0.95,0.9324,1930993407511466325
"Votre incompétence est intolérable Panne signalée le 2705, câble détérioré photo envoyée, 10 jours de réponses bidon centre de supervision et maintenant un RDV fixé hier pour aujourdhui, mais le technicien ne vient pas Vous me prenez pour un pigeon Je résilie Freebox mobile 100€mois des maintenant même si c’est pas gros chose pour vous fbx33943378 Pathétique",negatif,0.95,Pannes / Coupures téléphone,0.95,2,0.95,0.9491,1931016330247114961
"Pas dinternet depuis hier 16h freebox bloqué etape 2 Ticket ouvert, vous me demandez de prendre un rdv, mais je ne peux rien sélectionner On fait comment",negatif,0.95,Pannes / Coupures téléphone,0.9,2,0.95,0.9324,1931033802958110894
"comme tous les ans à partir de juin, la connexion disparaît à partir de 20H30 Ras le bol En septembre je change d’opérateur",negatif,0.95,Pannes / Coupures téléphone,0.9,1,0.7,0.8491,1931056699240304790
"jai redemarrer le player et la freebox je ne sais combien de fois, et elle seteint au bout de cinq minutes top, le changement merci lArcomfr",negatif,0.9,Pannes / Coupures téléphone,0.9,2,0.95,0.9158,1931061035945074746
"⚠#PANNE FREE MOBILE EN COURS⚠ 📡20 freenautes ont remonté des problèmes sur le réseau #mobile de #Free depuis 10h39 🌍Villes concernées Bonneville 74130, SaintPierreenFaucigny 74800 ⬇️⬇️⬇️",negatif,0.95,Pannes / Coupures téléphone,0.95,2,0.9,0.9324,1931666401523061170
vous attendez quoi pour régler le problème,neutre,0.5,processus_sav,0.9,1,0.7,0.6993,1931676653748429071
"Si vous avez une #freebox et que vous vivez en #HauteSavoie , ca va etre chaud pour regarder #RolandGarros2025 cet aprèsmidi… Plus de 3500 signalements 🚨🚨🚨 à date Bon courage à tous et aussi à",neutre,0.5,information,0.9,1,0.7,0.6993,1931678641689108493
eh les bg vous pouvez remettre internet chez moi svp,neutre,0.7,Facturation / Paiement,0.9,1,0.8,0.7992,1931687480769540196
"Le tweet qui a mal vieilli Depuis 10h ce matin, panne dans le pays de Gex, 0 informations sur la résolution",negatif,0.9,Pannes / Coupures téléphone,0.95,1,0.7,0.8491,1931692414768382340
96 jours sans fibre Merci oula attention intervention prévu le 10 à 8h00 suspens de malade Merci Road to 100 days,negatif,0.95,Pannes / Coupures,0.95,2,0.95,0.9491,1931694646876319946
Il se passe pas une semaine sans que j’appelle l’assistante pour des problèmes de connexion,negatif,0.9,processus_sav,0.9,1,0.7,0.8325,1931697453541007522
"En tant que client jai des coupures intempestives dInternet TOUTES LES SEMAINES Ça va de 2 à 12 jours pour la plus longue, sans AUCUN geste commercial Xavier Niel, casser les prix cest bien, quand cest au dépend de la qualité cest non",negatif,0.95,Pannes / Coupures,0.95,2,0.9,0.9324,1931702735176376602
"Depuis le 24 mai dans le Val d’Oise soit disant du vandalisme aussi… aucune réponse, aucun service depuis Par contre ils ont bien prélevé… 🙄🙄🙄",negatif,0.95,Facturation / Paiement,0.9,1,0.7,0.8491,1931703366704410855
Pas de Freebox fibre ni réseau carte SIM depuis ce matin 11h C’est une blague C’est revenu qu’à 18h #hautesavoie #cranvessales #vetraz #annemasse,negatif,0.95,Pannes / Coupures téléphone,0.95,1,0.7,0.8658,1931743732988030998
Bon va falloir me contacter la Une panne générale réseau tel et internet une journée JE NE SUIS PAS DACCORD JE SOUHAITE UN DÉDOMMAGEMENT sil vous plaît 🙏,negatif,0.95,Pannes / Coupures téléphone,0.95,2,0.95,0.9491,1931748476263575722
Ça viens de couper à l’instant en Bretagne je vais serrer,neutre,0.6,Pannes / Coupures téléphone,0.95,2,0.9,0.8158,1931758242788671508
Désolé mais Sinner Alcaraz ce soir c’est ça hein #RolandGarros #F1,negatif,0.95,autre,0.0,0,0.0,0.3164,1931765723967410272
J’aimerais bien regarder si et n’avait pas décidé de couper mon réseau 🤬,negatif,0.95,Pannes / Coupures téléphone,0.9,1,0.7,0.8491,1931765913969103241
c’est possible d’ajouter la sauvegarde en arrière plan dans #freefiles merci,neutre,0.5,information,0.9,1,0.7,0.6993,1932005295338754110
"Bonjour, est ce que loffre pops inclut les appels vers le Maroc comme les autres offres",neutre,0.5,information,0.8,1,0.8,0.6993,1932146022135848979
jattends toujours un dédommagement suite à lincident dhier en fait,negatif,0.95,Facturation / Paiement,0.9,2,0.95,0.9324,1932149638855090379
"S’il vous plaît, suisje la seule commence à déconner, j’ai l’impression, il devienne comme SFR, j’ai plus de wifi ça fait exactement deux jours et ce n’est pas la première fois Ditesmoi en commentaire si vous êtes pareil que moi",negatif,0.95,Fibre optique,0.9,2,0.9,0.9158,1932183223637000297
"bonjour, j’ai résilié y’a maintenant 3 mois, j’ai renvoyé mes appareils j’ai la preuve d’envoi du colis, cependant j’ai été prélevé ce mois de juin de 100 euros raison non renvoi du dit appareil et bien sûr impossible de vous contacter n’étant plus adhérent free",negatif,0.95,Facturation / Paiement,0.9,2,0.9,0.9158,1932335608229183530
"Hey amp cest normal quen plein Lyon, dans un immeuble avec la fibre, un appartement avec un boitier fibre on me balade depuis plusieurs mois sans me raccorder en me donnant une excuse différente a chaque appel du 3244",negatif,0.95,Fibre optique,0.9,1,0.8,0.8824,1932368139502948846
On a pas de reseau depuis hier 23h on fait comment,negatif,0.95,Pannes / Coupures téléphone,0.9,2,0.95,0.9324,1932377893780201970
"Bonjour, estce normal que je ne puisse pas activer les notifications push sur votre application espace client Je suis sur Realme GT7 Android 15 Merci",negatif,0.95,processus_sav,0.9,1,0.8,0.8824,1932389569510457531
"Je ne pensais pas dire ça mais je veux le retour de l’ancienne centrale d’appel de Le nouveau Free Proxi est vraiment nul 24h sans internet, 12h sans réponse, prise de rendez vous impossible et d’avoir quelqu’un au téléphone, je ne peux même plus travailler",negatif,0.95,processus_sav,0.95,2,0.95,0.9491,1932434238122406279
vous me faites peter un durite 2 semaines sans internet pour la deuxième fois en 2 mois Et la seule assistante sur des heures de bureau MDR Prochaine étape je résilie,negatif,0.95,Pannes / Coupures téléphone,0.95,2,0.95,0.9491,1932443568511299837
#Problème depuis la dernière #miseàjour les #chaînes #TV narrêtent pas de couper #micro #coupure,negatif,0.85,Pannes / Coupures téléphone,0.9,1,0.8,0.8492,1932493838276571345
Quand est ce que les anciens abonnés mini4k auront la possibilité et les modalités pour migrer vers la Freebox pop S,neutre,0.5,information,0.7,1,0.7,0.6327,1932718465493676273
jai besoin de votre aide durgence jai plus rien qui fonctionne,negatif,0.95,processus_sav,0.9,2,0.95,0.9324,1932793399205089588
C’est possible d’avoir free en suisse La mif,neutre,0.5,information,0.9,1,0.8,0.7326,1932805078148153609
Ah Du coup c’est ici pour demander pour le passage d’un abo Delta S à Pop S 🥲,neutre,0.6,Facturation / Paiement,0.9,1,0.7,0.7326,1932817777598791856
"Par pitié ça fais 3 semaines j’ai plus de connexion, on appelle et à chaque fois on nous dis quelques choses de différent Remettez nous de la co 🙏🏼🙏🏼🙏🏼😭",negatif,0.95,Pannes / Coupures téléphone,0.9,1,0.8,0.8824,1932829793235652621
faut faire quelque chose avec cette appli qui ne fonctionne pas vraiment c’est pénible,negatif,0.95,processus_sav,0.9,1,0.7,0.8491,1932879757219348634
Pourquoi on ne peut pas passer d’un abonnement Freebox Ultra à un abonnement Pop S sans avoir à résilier frais et faire une nouvelle souscription,neutre,0.6,Facturation / Paiement,0.9,1,0.8,0.7659,1932891829629837715
#free SVP faites venir un technicien en urgence ou régler le problème À peine 1 mois que jai la fibre freebox et elle est déjà en panne Ma 4g ne me permet pas de tout faire et jai des streams à faire je vous en prie je peut payer lintervention si il faut,negatif,0.95,Pannes / Coupures téléphone,0.95,2,0.95,0.9491,1933204796682473805
"13 Impossible de contacter lagence free Angoulême pour une Cb de 107,09€ pour ma mère de 84 ans Alors quil ny a aucune facture ou service associé Bien au contraire, victime de phishing sur son mobile et sa box free facture 290€ 126,94€ 97,13€",negatif,0.95,Facturation / Paiement,0.95,2,0.95,0.9491,1933265833481933103
"Bonjour cela fait maintenant 3 jours que je n’ai plus aucun service J’ai déjà appelé votre assistance, j’ai 0 retour Ça commence à faire beaucoup là",negatif,0.95,processus_sav,0.95,2,0.95,0.9491,1933281841944953272
"je suis assez agacé Je viens dêtre débité de 190€ pour non renvoi de la box que jai déposée il y a 4 mois dans un point relais Jai essayé de contacter la ligne ces dernières semaines sans succès, dans le labyrinthe de boîtes vocales et autres codes Que faire",negatif,0.95,Facturation / Paiement,0.95,2,0.9,0.9324,1933497330717565431
🚨FREE VOLEUR 🚨 20 ans qu’on est client Cela fais maintenant plus d’un mois et demi que je n’ai plus internet Free ne fait rien pour résoudre le problème je ne peux pas prendre de RDV ni réclamer de remboursement concernant les factures des mois passés,negatif,0.95,Facturation / Paiement,0.9,2,0.9,0.9158,1933505550089924888
"Cher Romain, cest une catastrophe Après avoir récupéré internet, nous sommes totalement coupés de nouveau depuis le 306 Télétravail très difficile, difficulté daccès aux devoirs en ligne Bienvenue en enfer",negatif,0.95,Pannes / Coupures téléphone,0.95,2,0.95,0.9491,1933523258441134588
"Bonjour, comment récupérer les identifiants plus de papier de la souscription pour ma mère âgée afin de gérer une panne de sa freebox Merci",neutre,0.6,Pannes / Coupures téléphone,0.9,2,0.9,0.7992,1933540051259998454
possible d’avoir l’intervention d’un technicien sur Paris compétent contrairement à aujourd’hui ou le gars ne fait rien et en plus est très désagréable 🤮 Plus d’internet et c’est très gênant,negatif,0.95,Pannes / Coupures téléphone,0.9,2,0.9,0.9158,1933560642033840227
Salut ça te dirait de justifier le prix que je paie pour mon abonnement s’il te plaît en résolvant mon problème,neutre,0.6,Facturation / Paiement,0.9,1,0.8,0.7659,1933584645628510565
Je tiens à denoncer limmondice service client mon ancien fournisseur daccès que jai resilié après près de deux mois dinterruption de mes services suite a une panne collective dans mon immeuble parisien,negatif,0.95,Pannes / Coupures téléphone,0.9,2,0.95,0.9324,1933756161343271162
javais également demandé une résiliation sans frais de mon abonnement ils ont acquiescé et surprise en début de ce mois 59€ mont été prélevé,negatif,0.9,Facturation / Paiement,0.95,1,0.8,0.8824,1933764328525558179
"Ma ligne ADSL à Vibraye est HS Jai tenté de joindre le 3244 mais nai pas trouvé comment vous signaler avec vos tapez 1, 2, 4512, etc",negatif,0.95,Pannes / Coupures téléphone,0.9,1,0.8,0.8824,1933783938658676942
"Bonjour, le technicien a percé un trou en trop dans mon mur parce qu’il s’est trompé, puis m’annonce que c’est à moi de reboucher et de voir avec le proprio Le tout en salissant un mur rénové Ah yes, super service 🤡 Merci de faire quelque chose 🫠",negatif,0.95,Pannes / Coupures,0.95,2,0.95,0.9491,1933854371931918682
"quels recours Je suis cliente depuis février, Jattends toujours et encore dautre raccordée à la fibre La hotline mexpliques que le problème est connu et ne me propose pas de solution 3 visites de technicien et, aucun raccordement fait",negatif,0.95,Fibre optique,0.95,2,0.95,0.9491,1933934839280947655
"Faudra m’expliquer le concept vous me harcelez pour passer à la fibre, me bloquez 12 journée, me menacez de 49 € de pénalité si je suis pas là, et vous apercevez en arrivant qu’il n’y a pas de place dans les boîtiers de rue Ça pouvait pas être vérifié avant",negatif,0.95,Facturation / Paiement,0.9,2,0.95,0.9324,1934133360168718757
Heuuuu c’est normal que depuis 4h j’ai plus de réseau ni de wifi,negatif,0.95,Pannes / Coupures téléphone,0.9,1,0.8,0.8824,1934385347099807983
"ma box oscille entre létape 2 et létape 3 depuis Vendredi soir jai déjà essayé de vous joindre au 3244 mais tapez 1, tapez 2 etc conduit à une impasse",negatif,0.95,processus_sav,0.9,2,0.9,0.9158,1934528843706200250
Salut sous combien de temps vous installez une freebox pop S dans un logement déjà équipé de la fibre 😇 marre de bouygues qui ne propose aucune fonction un peu poussée,neutre,0.6,Fibre optique,0.95,1,0.7,0.7492,1934537288282788250
"Donc la va fait 2j que jai plus dinternet et ne fait rien cest formidable Aucune solution de secours alors que je dois teletravailler Formidable , faites moi penser à quitter cet opérateur le plus vite possible",negatif,0.95,processus_sav,0.9,2,0.95,0.9324,1934598254941061170
"Bonjour, je suis cliente Free J’ai laissé un message au 3244 ce matin à 11h pour changer de Freebox, toujours aucune réponse à 18h35 Le 1044 m’a redirigée Merci de me rappeler rapidement",negatif,0.95,processus_sav,0.95,2,0.9,0.9324,1934651354146062690
on nous a dit 45 minutes de réponses Appel au 3244 qui renvoie vers free proxy qui ne répondent pas,negatif,0.95,processus_sav,0.9,2,0.9,0.9158,1934672743829786919
#freebox cest quoi ce truc,neutre,0.6,information,1.0,1,0.7,0.7659,1934689855667097623
"Bonjour , cest bien long pour trouver un créneau, ça fait 2 ans bientôt que vous mavez promis la fibre, visiblement les actes ne suivent pas les promesses De plus les deux derniers rdv, nont pas été honoré, le technicien nest pas venu jusquà chez moi",negatif,0.95,processus_sav,0.9,2,0.9,0.9158,1934890606209196214
