index,id,screen_name,categorie,issues,extrait
1,1393158240083587075,Freebox,RT/Partage,Retweet (pas une demande directe),"RT @free: Retrouvez désormais @ToonamiFR, la chaîne pour tous les fans de super-héros sur le canal 8..."
2,1403337211475546112,Freebox,RT/Partage,Retweet (pas une demande directe),"RT @free: A suivre ce soir, le 1er match de l’UEFA EURO 2020™ en #4K sur votre Freebox avec TF1 4K !..."
3,1403337257571004417,Freebox,RT/Partage,Retweet (pas une demande directe),"RT @free: Disponible sur le canal 101 avec les Freebox compatibles, Pop, Delta Devialet &amp; Mini4k..."
4,1418550491034882052,Freebox,Spam/Promotion,Spam ou promotion non pertinente,"« Faites vos premiers pas avec nous ! Découvrez votre nouveau site d'assistance Freebox et Mobile, s..."
5,1424635437834981377,Freebox,RT/Partage,Retweet (pas une demande directe),RT @free: ⚠️ Des personnes malveillantes se font passer pour le service client de Free dans le but d...
6,1436312920124760064,Freebox,RT/Partage,Retweet (pas une demande directe),"RT @free: [NOUVEAU]\nAbonnés Freebox Pop, pour bien commencer la rentrée, CANAL+SÉRIES vous est offe..."
7,1437793652827463680,Freebox,RT/Partage,Retweet (pas une demande directe),"RT @BusyspiderFr: Astuce 💡Chez @Free les Emails sont à vie, mais suite à résiliation @Freebox, ils d..."
9,1446153856849743873,Freebox,RT/Partage,Retweet (pas une demande directe),RT @free: Vous allez commencer le match avec 15 min de retard ?  Pas de soucis avec la fonction Star...
10,1450733388390965251,Freebox,RT/Partage,Retweet (pas une demande directe),RT @free: L'application Freebox Home est maintenant disponible en version officielle pour Android &a...
11,1466056554667548691,Freebox,RT/Partage,Retweet (pas une demande directe),"RT @Free_1337: Une coupure de fibres ""multi opérateurs"" engendre depuis ce matin des perturbations d..."
12,1468535102808416264,Freebox,RT/Partage,Retweet (pas une demande directe),RT @Free_1337: Nous avons un incident qui engendre une perte de service de certains abonnés sur les ...
13,1468923610521870340,Freebox,RT/Partage,Retweet (pas une demande directe),RT @Free_1337: Une rupture de fibre entraîne des perturbations de service dans la région de Cernay L...
14,1469294236440969226,Freebox,RT/Partage,Retweet (pas une demande directe),RT @Free_1337: Une rupture de fibre entraîne des perturbations de service depuis 14h30 sur une parti...
16,1471133735865098240,Freebox,RT/Partage,Retweet (pas une demande directe),RT @Free_1337: Un incident sur nos fibres engendre des perturbations de service sur une partie des d...
21,1481569489741352965,Freebox,RT/Partage,Retweet (pas une demande directe),"RT @free: Découvrez Imearth, la nouvelle chaîne d’immersion dont vous êtes le héros et projetez vous..."
25,1485595787144966144,Freebox,RT/Partage,Retweet (pas une demande directe),RT @Free_1337: Un coupure de fibre entraîne une interruption de service pour une partie des abonnés ...
27,1495762847825272834,Freebox,RT/Partage,Retweet (pas une demande directe),"RT @Free_1337: Bonjour, une rupture de fibre engendre depuis ce matin une interruption de service su..."
67,1813977091500802109,jacquesnote,Spam/Promotion,Spam ou promotion non pertinente,@Freebox je ne comprend pas une amie abonnée chez vous avec la delta depuis 2 ans on lui a offert le...
189,1814935159948398606,d2risto,Spam/Promotion,Spam ou promotion non pertinente,rebonjour @free \nnouveau message du serveur SMTP via Thunderbird https://t.co/kNRCp3f6kL
205,1815355541381591248,Freebox,Message automatique Freebox,Réponse automatique répétitive,"@_Kirikou_ La messagerie privée X n’est plus disponible, et nous en sommes désolés. \n\nRetrouvez-mo..."
206,1815355701813760128,Freebox,Message automatique Freebox,Réponse automatique répétitive,"@fannnoche La messagerie privée X n’est plus disponible, et nous en sommes désolés. \n\nRetrouvez-mo..."
207,1815355808768553394,Freebox,Message automatique Freebox,Réponse automatique répétitive,"@tud0z La messagerie privée X n’est plus disponible, et nous en sommes désolés. \n\nRetrouvez-moi dè..."
208,1815355980672106943,Freebox,Message automatique Freebox,Réponse automatique répétitive,"@mglp__ La messagerie privée X n’est plus disponible, et nous en sommes désolés. \n\nRetrouvez-moi d..."
209,1815356305512505425,Freebox,Message automatique Freebox,Réponse automatique répétitive,"@Lorkydey La messagerie privée X n’est plus disponible, et nous en sommes désolés. \n\nRetrouvez-moi..."
210,1815356862159528076,Freebox,Message automatique Freebox,Réponse automatique répétitive,"@Marc_Vador La messagerie privée X n’est plus disponible, et nous en sommes désolés. \n\nRetrouvez-m..."
211,1815357051461079491,Freebox,Message automatique Freebox,Réponse automatique répétitive,"@gurbain69 La messagerie privée X n’est plus disponible, et nous en sommes désolés. \n\nRetrouvez-mo..."
212,1815357254679306434,Freebox,Message automatique Freebox,Réponse automatique répétitive,"@Motsen78 La messagerie privée X n’est plus disponible, et nous en sommes désolés. \n\nRetrouvez-moi..."
213,1815357724210737426,Freebox,Message automatique Freebox,Réponse automatique répétitive,"@ddrdv La messagerie privée X n’est plus disponible, et nous en sommes désolés. \n\nRetrouvez-moi dè..."
214,1815357848152395948,Freebox,Message automatique Freebox,Réponse automatique répétitive,"@soulakhey La messagerie privée X n’est plus disponible, et nous en sommes désolés. \n\nRetrouvez-mo..."
215,1815358105829454219,Freebox,Message automatique Freebox,Réponse automatique répétitive,"@coWiqx La messagerie privée X n’est plus disponible, et nous en sommes désolés. \n\nRetrouvez-moi d..."
250,1815710705573634199,Freebox,Message automatique Freebox,Réponse automatique répétitive,"@Darknig78166491 La messagerie privée X n’est plus disponible, et nous en sommes désolés. \n\nVous n..."
251,1815711015482318861,Freebox,Message automatique Freebox,Réponse automatique répétitive,"@HugoRLT__ La messagerie privée X n’est plus disponible, et nous en sommes désolés. \n\nVous n'avez ..."
252,1815713762973827411,Freebox,Message automatique Freebox,Réponse automatique répétitive,"@Coach_Euphoria La messagerie privée X n’est plus disponible, et nous en sommes désolés. \n\nVous n'..."
253,1815714025671422348,Freebox,Message automatique Freebox,Réponse automatique répétitive,"@tontonyoy La messagerie privée X n’est plus disponible, et nous en sommes désolés. \n\nVous n'avez ..."
254,1815714520779665409,Freebox,Message automatique Freebox,Réponse automatique répétitive,"@hnchck La messagerie privée X n’est plus disponible, et nous en sommes désolés. \n\nVous n'avez pas..."
255,1815715540712698060,Freebox,Message automatique Freebox,Réponse automatique répétitive,"@AnthonyPiresG La messagerie privée X n’est plus disponible, et nous en sommes désolés. \n\nVous n'a..."
264,1816368248306245944,Freebox,Message automatique Freebox,Réponse automatique répétitive,"@jacquesnote La messagerie privée X n’est plus disponible, et nous en sommes désolés.\n\nVous n'avez..."
265,1816368497682706542,Freebox,Message automatique Freebox,Réponse automatique répétitive,"@Y__htz La messagerie privée X n’est plus disponible, et nous en sommes désolés.\n\nPouvez-vous nous..."
266,1816369862593175815,Freebox,Message automatique Freebox,Réponse automatique répétitive,"@ariii_miss La messagerie privée X n’est plus disponible, et nous en sommes désolés.\nVous n'avez pa..."
267,1816370203648790812,Freebox,Message automatique Freebox,Réponse automatique répétitive,"@bavrooo La messagerie privée X n’est plus disponible, et nous en sommes désolés.\nVous n'avez pas e..."
268,1816370319571013826,Freebox,Message automatique Freebox,Réponse automatique répétitive,"@GTrotereau La messagerie privée X n’est plus disponible, et nous en sommes désolés.\n\nPouvez-vous ..."
269,1816371126160732162,Freebox,Message automatique Freebox,Réponse automatique répétitive,"@liloun67 La messagerie privée X n’est plus disponible, et nous en sommes désolés. \n\nRetrouvez-moi..."
270,1816372351765725272,Freebox,Message automatique Freebox,Réponse automatique répétitive,"@bngxchnx La messagerie privée X n’est plus disponible, et nous en sommes désolés. \n\nRetrouvez-moi..."
271,1816372420485300687,Freebox,Message automatique Freebox,Réponse automatique répétitive,"@QVolant La messagerie privée X n’est plus disponible, et nous en sommes désolés.\n\nVous n'avez pas..."
272,1816372462398984516,Freebox,Message automatique Freebox,Réponse automatique répétitive,"@Ben29072013 La messagerie privée X n’est plus disponible, et nous en sommes désolés.\nVous n'avez p..."
273,1816372691076513808,Freebox,Message automatique Freebox,Réponse automatique répétitive,"@MasimSaid La messagerie privée X n’est plus disponible, et nous en sommes désolés.\n\nVous n'avez p..."
274,1816372968043282485,Freebox,Message automatique Freebox,Réponse automatique répétitive,"@Dorban La messagerie privée X n’est plus disponible, et nous en sommes désolés.\n\nPouvez-vous nous..."
275,1816373182879711348,Freebox,Message automatique Freebox,Réponse automatique répétitive,"@MichaelPincebo1 La messagerie privée X n’est plus disponible, et nous en sommes désolés.\nVous n'av..."
276,1816373450518266109,Freebox,Message automatique Freebox,Réponse automatique répétitive,"@cavasesavoir2 La messagerie privée X n’est plus disponible, et nous en sommes désolés.\n\nPouvez-vo..."
277,1816373460018303293,Freebox,Message automatique Freebox,Réponse automatique répétitive,"@TabaryErwin La messagerie privée X n’est plus disponible, et nous en sommes désolés.\nVous n'avez p..."
278,1816373978530746777,Freebox,Message automatique Freebox,Réponse automatique répétitive,"@reisen67 La messagerie privée X n’est plus disponible, et nous en sommes désolés reisen67. \n\nRetr..."
279,1816374747011104900,Freebox,Message automatique Freebox,Réponse automatique répétitive,"@Francedz213 La messagerie privée X n’est plus disponible, et nous en sommes désolés.\nVous n'avez p..."
280,1816375061835661495,Freebox,Message automatique Freebox,Réponse automatique répétitive,"@microlinux_eu La messagerie privée X n’est plus disponible, et nous en sommes désolés microlinux_eu..."
281,1816375418997330421,Freebox,Message automatique Freebox,Réponse automatique répétitive,"@enzonaute La messagerie privée X n’est plus disponible, et nous en sommes désolés enzonaute. \n\nRe..."
282,1816375715693989953,Freebox,Message automatique Freebox,Réponse automatique répétitive,"@relooking7500 La messagerie privée X n’est plus disponible, et nous en sommes désolés relooking7500..."
283,1816375971009745343,Freebox,Message automatique Freebox,Réponse automatique répétitive,"@MissWlad La messagerie privée X n’est plus disponible, et nous en sommes désolés MissWlad. \n\nRetr..."
284,1816376221569085442,Freebox,Message automatique Freebox,Réponse automatique répétitive,"@chatainsim La messagerie privée X n’est plus disponible, et nous en sommes désolés chatainsim. \n\n..."
285,1816376511152165361,Freebox,Message automatique Freebox,Réponse automatique répétitive,"@mrkilkenny91 La messagerie privée X n’est plus disponible, et nous en sommes désolés mrkilkenny91. ..."
286,1816376708510925203,Freebox,Message automatique Freebox,Réponse automatique répétitive,"@raynald62 La messagerie privée X n’est plus disponible, et nous en sommes désolés.\n\nVous n'avez p..."
287,1816376722964558281,Freebox,Message automatique Freebox,Réponse automatique répétitive,"@Pirlouise La messagerie privée X n’est plus disponible, et nous en sommes désolés Pirlouise. \n\nRe..."
288,1816377524500279737,Freebox,Message automatique Freebox,Réponse automatique répétitive,"@CalieeeFourchon La messagerie privée X n’est plus disponible, et nous en sommes désolés.\nVous n'av..."
289,1816377592561217750,Freebox,Message automatique Freebox,Réponse automatique répétitive,"@ADianeadam La messagerie privée X n’est plus disponible, et nous en sommes désolés ADianeadam. \n\n..."
290,1816377733766680901,Freebox,Message automatique Freebox,Réponse automatique répétitive,"@JosDuklein La messagerie privée X n’est plus disponible, et nous en sommes désolés.\nVous n'avez pa..."
291,1816377915442864297,Freebox,Message automatique Freebox,Réponse automatique répétitive,"@DebyZknd La messagerie privée X n’est plus disponible, et nous en sommes désolés DebyZknd. \n\nRetr..."
292,1816378182666223786,Freebox,Message automatique Freebox,Réponse automatique répétitive,"@AnaisSeref La messagerie privée X n’est plus disponible, et nous en sommes désolés.\nVous n'avez pa..."
293,1816378452620038587,Freebox,Message automatique Freebox,Réponse automatique répétitive,"@Lecteur_Du_Soir La messagerie privée X n’est plus disponible, et nous en sommes désolés.\nVous n'av..."
294,1816378736263979119,Freebox,Message automatique Freebox,Réponse automatique répétitive,"@frigotier59 La messagerie privée X n’est plus disponible, et nous en sommes désolés.\nVous n'avez p..."
295,1816379277786354028,Freebox,Message automatique Freebox,Réponse automatique répétitive,"@Michaela31700 La messagerie privée X n’est plus disponible, et nous en sommes désolés Michaela31700..."
296,1816379936912937281,Freebox,Message automatique Freebox,Réponse automatique répétitive,"@kaelinou La messagerie privée X n’est plus disponible, et nous en sommes désolés.\nVous n'avez pas ..."
297,1816380108636041278,Freebox,Message automatique Freebox,Réponse automatique répétitive,"@Azyakitte La messagerie privée X n’est plus disponible, et nous en sommes désolés Azyakitte. \n\nRe..."
298,1816380455169441934,Freebox,Message automatique Freebox,Réponse automatique répétitive,"@Heddicmi La messagerie privée X n’est plus disponible, et nous en sommes désolés Heddicmi. \n\nRetr..."
299,1816380518658662547,Freebox,Message automatique Freebox,Réponse automatique répétitive,"@GrienerA La messagerie privée X n’est plus disponible, et nous en sommes désolés.\nVous n'avez pas ..."
300,1816380712934593013,Freebox,Message automatique Freebox,Réponse automatique répétitive,"@BadjudaTella La messagerie privée X n’est plus disponible, et nous en sommes désolés BadjudaTella. ..."
301,1816380780500664763,Freebox,Message automatique Freebox,Réponse automatique répétitive,"@blavier86 La messagerie privée X n’est plus disponible, et nous en sommes désolés.\nVous n'avez pas..."
302,1816381024504369575,Freebox,Message automatique Freebox,Réponse automatique répétitive,"@Pisse__Partout La messagerie privée X n’est plus disponible, et nous en sommes désolés.\nVous n'ave..."
303,1816381196273582369,Freebox,Message automatique Freebox,Réponse automatique répétitive,"@fredupdate La messagerie privée X n’est plus disponible, et nous en sommes désolés fredupdate. \n\n..."
304,1816381288254709826,Freebox,Message automatique Freebox,Réponse automatique répétitive,"@Fab_LCL La messagerie privée X n’est plus disponible, et nous en sommes désolés.\nVous n'avez pas e..."
305,1816381504210993344,Freebox,Message automatique Freebox,Réponse automatique répétitive,"@Ytzaka_ La messagerie privée X n’est plus disponible, et nous en sommes désolés.\nVous n'avez pas e..."
306,1816381516278005972,Freebox,Message automatique Freebox,Réponse automatique répétitive,"@KB79748687 La messagerie privée X n’est plus disponible, et nous en sommes désolés KB79748687. \n\n..."
307,1816381736600715352,Freebox,Message automatique Freebox,Réponse automatique répétitive,"@ODILEderaies La messagerie privée X n’est plus disponible, et nous en sommes désolés.\nVous n'avez ..."
308,1816382073298444617,Freebox,Message automatique Freebox,Réponse automatique répétitive,"@daika_comores La messagerie privée X n’est plus disponible, et nous en sommes désolés.\nVous n'avez..."
309,1816382189015044242,Freebox,Message automatique Freebox,Réponse automatique répétitive,"@VigneDe La messagerie privée X n’est plus disponible, et nous en sommes désolés VigneDe. \n\nRetrou..."
310,1816383202635747399,Freebox,Message automatique Freebox,Réponse automatique répétitive,"@Boyer71Fanzine La messagerie privée X n’est plus disponible, et nous en sommes désolés.\nVous n'ave..."
311,1816383521608319356,Freebox,Message automatique Freebox,Réponse automatique répétitive,"@tadupokpok La messagerie privée X n’est plus disponible, et nous en sommes désolés tadupokpok. \n\n..."
312,1816383665988862309,Freebox,Message automatique Freebox,Réponse automatique répétitive,"@_Franck_Paris La messagerie privée X n’est plus disponible, et nous en sommes désolés.\nVous n'avez..."
313,1816383938870366407,Freebox,Message automatique Freebox,Réponse automatique répétitive,"@nach_mum La messagerie privée X n’est plus disponible, et nous en sommes désolés nach_mum. \n\nRetr..."
314,1816384110073421953,Freebox,Message automatique Freebox,Réponse automatique répétitive,"@mathieukeny75 La messagerie privée X n’est plus disponible, et nous en sommes désolés mathieukeny75..."
315,1816384809825956065,Freebox,Message automatique Freebox,Réponse automatique répétitive,"@uytgdblljgf La messagerie privée X n’est plus disponible, et nous en sommes désolés uytgdblljgf. \n..."
316,1816385357836874222,Freebox,Message automatique Freebox,Réponse automatique répétitive,"@Team_nJOY La messagerie privée X n’est plus disponible, et nous en sommes désolés Team_nJOY. \n\nRe..."
317,1816385463059382505,Freebox,Message automatique Freebox,Réponse automatique répétitive,"@m_marchionni La messagerie privée X n’est plus disponible, et nous en sommes désolés.\nVous n'avez ..."
318,1816385729389273253,Freebox,Message automatique Freebox,Réponse automatique répétitive,"@Dhebby1973 La messagerie privée X n’est plus disponible, et nous en sommes désolés.\nVous n'avez pa..."
319,1816386758117859741,Freebox,Message automatique Freebox,Réponse automatique répétitive,@MonsieurOff Nous avons rencontré des perturbations sur notre réseau en fin de journée du 19/07.\n\n...
320,1816387545460081027,Freebox,Message automatique Freebox,Réponse automatique répétitive,@PaperBloute Nous avons rencontré des perturbations sur notre réseau en fin de journée du 19/07.\n\n...
321,1816388085099176172,Freebox,Message automatique Freebox,Réponse automatique répétitive,@Alinolord Nous avons rencontré des perturbations sur notre réseau en fin de journée du 19/07.\n\nNo...
322,1816388434992193654,Freebox,Message automatique Freebox,Réponse automatique répétitive,"@Tubbydev La messagerie privée X n’est plus disponible, et nous en sommes désolés.\n\nRetrouvez-moi ..."
323,1816388787674460289,Freebox,Message automatique Freebox,Réponse automatique répétitive,@Megiland Nous avons rencontré des perturbations sur notre réseau en fin de journée du 19/07.\n\nNou...
324,1816389715521675638,Freebox,Message automatique Freebox,Réponse automatique répétitive,@5atuurn_ Nous avons rencontré des perturbations sur notre réseau en fin de journée du 19/07.\n\nNou...
325,1816390133488259104,Freebox,Message automatique Freebox,Réponse automatique répétitive,@Nan0uu77 Nous avons rencontré des perturbations sur notre réseau en fin de journée du 19/07.\n\nNou...
326,1816390396806656413,Freebox,Message automatique Freebox,Réponse automatique répétitive,@Clank_gk Nous avons rencontré des perturbations sur notre réseau en fin de journée du 19/07.\n\nNou...
327,1816390615233343977,Freebox,Message automatique Freebox,Réponse automatique répétitive,@Stephanux40 Nous avons rencontré des perturbations sur notre réseau en fin de journée du 19/07.\n\n...
328,1816390829671346581,Freebox,Message automatique Freebox,Réponse automatique répétitive,@michaeltartar Nous avons rencontré des perturbations sur notre réseau en fin de journée du 19/07.\n...
329,1816391001860157656,Freebox,Message automatique Freebox,Réponse automatique répétitive,@KingKamui16 Nous avons rencontré des perturbations sur notre réseau en fin de journée du 19/07.\nL'...
330,1816391098983465278,Freebox,Message automatique Freebox,Réponse automatique répétitive,@StefDark Nous avons rencontré des perturbations sur notre réseau en fin de journée du 19/07.\n\nNou...
331,1816391336825614359,Freebox,Message automatique Freebox,Réponse automatique répétitive,@MambaWolf_ Nous avons rencontré des perturbations sur notre réseau en fin de journée du 19/07.\n\nN...
332,1816391703432921391,Freebox,Message automatique Freebox,Réponse automatique répétitive,@ROLOONS Nous avons rencontré des perturbations sur notre réseau en fin de journée du 19/07.\n\nNous...
333,1816392430977007644,Freebox,Message automatique Freebox,Réponse automatique répétitive,@Jejeninho91 Nous avons rencontré des perturbations sur notre réseau en fin de journée du 19/07.\n\n...
334,1816392640952205390,Freebox,Message automatique Freebox,Réponse automatique répétitive,@GaelBresson Nous avons rencontré des perturbations sur notre réseau en fin de journée du 19/07.\n\n...
335,1816392989108781213,Freebox,Message automatique Freebox,Réponse automatique répétitive,@Vortex_Photo Nous avons rencontré des perturbations sur notre réseau en fin de journée du 19/07.\n\...
336,1816393325764624856,Freebox,Message automatique Freebox,Réponse automatique répétitive,@LePatis799 Nous avons rencontré des perturbations sur notre réseau en fin de journée du 19/07.\n\nN...
337,1816393570716168415,Freebox,Message automatique Freebox,Réponse automatique répétitive,@sebravoisier Nous avons rencontré des perturbations sur notre réseau en fin de journée du 19/07.\n\...
338,1816393727633473578,Freebox,Message automatique Freebox,Réponse automatique répétitive,@oOSpaceCakeOo Nous avons rencontré des perturbations sur notre réseau en fin de journée du 19/07.\n...
339,1816394106341331034,Freebox,Message automatique Freebox,Réponse automatique répétitive,@mickeul16 Nous avons rencontré des perturbations sur notre réseau en fin de journée du 19/07.\n\nNo...
340,1816394329679593738,Freebox,Message automatique Freebox,Réponse automatique répétitive,@FuckedUpMinded_ Nous avons rencontré des perturbations sur notre réseau en fin de journée du 19/07....
341,1816394521736880200,Freebox,Message automatique Freebox,Réponse automatique répétitive,@VictorPivertOff Nous avons rencontré des perturbations sur notre réseau en fin de journée du 19/07....
342,1816394684761018586,Freebox,Message automatique Freebox,Réponse automatique répétitive,@EmmanuelLazard Nous avons rencontré des perturbations sur notre réseau en fin de journée du 19/07.\...
343,1816395269124010027,Freebox,Message automatique Freebox,Réponse automatique répétitive,@HellN_rocks Nous avons rencontré des perturbations sur notre réseau en fin de journée du 19/07.\n\n...
344,1816395434387996880,Freebox,Message automatique Freebox,Réponse automatique répétitive,@EricKoeberle Nous avons rencontré des perturbations sur notre réseau en fin de journée du 19/07.\n\...
345,1816395624683553032,Freebox,Message automatique Freebox,Réponse automatique répétitive,@atchworks Nous avons rencontré des perturbations sur notre réseau en fin de journée du 19/07.\n\nNo...
346,1816395965453963467,Freebox,Message automatique Freebox,Réponse automatique répétitive,@SuperAlexKidd Nous avons rencontré des perturbations sur notre réseau en fin de journée du 19/07.\n...
347,1816398830968946844,Freebox,Message automatique Freebox,Réponse automatique répétitive,@yohann_t33 Nous avons rencontré des perturbations sur notre réseau en fin de journée du 19/07.\n\nN...
348,1816399642222874774,Freebox,Message automatique Freebox,Réponse automatique répétitive,@philinterdit Nous avons rencontré des perturbations sur notre réseau en fin de journée du 19/07.\n\...
350,1816402883111186718,Freebox,Message automatique Freebox,Réponse automatique répétitive,@JayDeforges Nous avons rencontré des perturbations sur notre réseau en fin de journée du 19/07.\n\n...
351,1816404183144136752,Freebox,Message automatique Freebox,Réponse automatique répétitive,@herv964 Nous avons rencontré des perturbations sur notre réseau en fin de journée du 19/07.\n\nNous...
352,1816405422133100626,Freebox,Message automatique Freebox,Réponse automatique répétitive,@ponyoacho Nous avons rencontré des perturbations sur notre réseau en fin de journée du 19/07.\n\nNo...
353,1816405688320450806,Freebox,Message automatique Freebox,Réponse automatique répétitive,@WillmenDk Nous avons rencontré des perturbations sur notre réseau en fin de journée du 19/07.\n\nNo...
354,1816406480402170222,Freebox,Message automatique Freebox,Réponse automatique répétitive,@didi69220159758 Nous avons rencontré des perturbations sur notre réseau en fin de journée du 19/07....
355,1816406703165833491,Freebox,Message automatique Freebox,Réponse automatique répétitive,@liyes_had Nous avons rencontré des perturbations sur notre réseau en fin de journée du 19/07.\n\nNo...
356,1816407275289936318,Freebox,Message automatique Freebox,Réponse automatique répétitive,@paslamoindrid Nous avons rencontré des perturbations sur notre réseau en fin de journée du 19/07.\n...
357,1816407591632670929,Freebox,Message automatique Freebox,Réponse automatique répétitive,"@pik971 La messagerie privée X n’est plus disponible, et nous en sommes désolés.\n\nRetrouvez-moi dè..."
358,1816407832272449841,Freebox,Message automatique Freebox,Réponse automatique répétitive,@Petite_Tulipe_ Nous avons rencontré des perturbations sur notre réseau en fin de journée du 19/07.\...
359,1816408212482003436,Freebox,Message automatique Freebox,Réponse automatique répétitive,@Vlegallic Nous avons rencontré des perturbations sur notre réseau en fin de journée du 19/07.\n\nNo...
360,1816408570092507592,Freebox,Message automatique Freebox,Réponse automatique répétitive,@Talucinha Nous avons rencontré des perturbations sur notre réseau en fin de journée du 19/07.\n\nNo...
361,1816409900961952141,Freebox,Message automatique Freebox,Réponse automatique répétitive,@naya5413 Nous avons rencontré des perturbations sur notre réseau en fin de journée du 19/07.\n\nNou...
362,1816410456740807039,Freebox,Message automatique Freebox,Réponse automatique répétitive,"@3arrbi216 La messagerie privée X n’est plus disponible, et nous en sommes désolés 🇹🇳عماد🇵🇸. \n\nRet..."
363,1816410799667085552,Freebox,Message automatique Freebox,Réponse automatique répétitive,@cedrictw Nous avons rencontré des perturbations sur notre réseau en fin de journée du 19/07.\n\nNou...
364,1816411055469269325,Freebox,Message automatique Freebox,Réponse automatique répétitive,@LaurentLecomte8 Nous avons rencontré des perturbations sur notre réseau en fin de journée du 19/07....
365,1816411204639666528,Freebox,Message automatique Freebox,Réponse automatique répétitive,@CIohannC Nous avons rencontré des perturbations sur notre réseau en fin de journée du 19/07.\n\nNou...
366,1816411472571846973,Freebox,Message automatique Freebox,Réponse automatique répétitive,@Aymeric978520 @sebravoisier @UniversFreebox Nous avons rencontré des perturbations sur notre réseau...
367,1816411878827921738,Freebox,Message automatique Freebox,Réponse automatique répétitive,@iF_batidoux_34 Nous avons rencontré des perturbations sur notre réseau en fin de journée du 19/07.\...
368,1816412092288606461,Freebox,Message automatique Freebox,Réponse automatique répétitive,@DeQuiSeMokeTon Nous avons rencontré des perturbations sur notre réseau en fin de journée du 19/07.\...
369,1816412368840138825,Freebox,Message automatique Freebox,Réponse automatique répétitive,@whatizdiss Nous avons rencontré des perturbations sur notre réseau en fin de journée du 19/07.\n\nN...
370,1816412553402036282,Freebox,Message automatique Freebox,Réponse automatique répétitive,@Pierrik2 Nous avons rencontré des perturbations sur notre réseau en fin de journée du 19/07.\n\nNou...
371,1816412852275560750,Freebox,Message automatique Freebox,Réponse automatique répétitive,@Brig__21 Nous avons rencontré des perturbations sur notre réseau en fin de journée du 19/07.\n\nNou...
372,1816413296095813710,Freebox,Message automatique Freebox,Réponse automatique répétitive,@Fredaprilia Nous avons rencontré des perturbations sur notre réseau en fin de journée du 19/07.\n\n...
373,1816414956562071559,Freebox,Message automatique Freebox,Réponse automatique répétitive,@__lucinda___ Nous avons rencontré des perturbations sur notre réseau en fin de journée du 19/07.\n\...
374,1816415214675411165,Freebox,Message automatique Freebox,Réponse automatique répétitive,@c_csensei Nous avons rencontré des perturbations sur notre réseau en fin de journée du 19/07.\n\nNo...
375,1816415795393466712,Freebox,Message automatique Freebox,Réponse automatique répétitive,@Acedu34 Nous avons rencontré des perturbations sur notre réseau en fin de journée du 19/07.\n\nNous...
376,1816416619322572941,Freebox,Message automatique Freebox,Réponse automatique répétitive,@Tracksweb Nous avons rencontré des perturbations sur notre réseau en fin de journée du 19/07.\n\nNo...
377,1816418138608529784,Freebox,Message automatique Freebox,Réponse automatique répétitive,@Jack_Arnaud94 Nous avons rencontré des perturbations sur notre réseau en fin de journée du 19/07.\n...
378,1816418604969083186,Freebox,Message automatique Freebox,Réponse automatique répétitive,@So0609930698002 Nous avons rencontré des perturbations sur notre réseau en fin de journée du 19/07....
379,1816418947421335998,Freebox,Message automatique Freebox,Réponse automatique répétitive,@fleurdesiles272 Nous avons rencontré des perturbations sur notre réseau en fin de journée du 19/07....
380,1816419157170151802,Freebox,Message automatique Freebox,Réponse automatique répétitive,@Il_YOUS Nous avons rencontré des perturbations sur notre réseau en fin de journée du 19/07.\n\nNous...
381,1816419388649599051,Freebox,Message automatique Freebox,Réponse automatique répétitive,@LovFrenchFries Nous avons rencontré des perturbations sur notre réseau en fin de journée du 19/07.\...
382,1816419936136269906,Freebox,Message automatique Freebox,Réponse automatique répétitive,"@lesud65 La messagerie privée X n’est plus disponible, et nous en sommes désolés.\nVous n'avez pas e..."
383,1816420136451994100,Freebox,Message automatique Freebox,Réponse automatique répétitive,@OLPLAY_Officiel Nous avons rencontré des perturbations sur notre réseau en fin de journée du 19/07....
384,1816420525142417757,Freebox,Message automatique Freebox,Réponse automatique répétitive,"@yoshispower La messagerie privée X n’est plus disponible, et nous en sommes désolés.\nVous n'avez p..."
385,1816420542167081168,Freebox,Message automatique Freebox,Réponse automatique répétitive,@BarakaSohaan Nous avons rencontré des perturbations sur notre réseau en fin de journée du 19/07.\n\...
386,1816420721469366371,Freebox,Message automatique Freebox,Réponse automatique répétitive,@TendanceRap1 Nous avons rencontré des perturbations sur notre réseau en fin de journée du 19/07.\n\...
387,1816421071848976596,Freebox,Message automatique Freebox,Réponse automatique répétitive,@DenisAynie Nous avons rencontré des perturbations sur notre réseau en fin de journée du 19/07.\n\nN...
388,1816421270444970218,Freebox,Message automatique Freebox,Réponse automatique répétitive,@JonP26 Nous avons rencontré des perturbations sur notre réseau en fin de journée du 19/07.\n\nNous ...
389,1816424007106797633,Freebox,Message automatique Freebox,Réponse automatique répétitive,"@AlexiaMarmont La messagerie privée X n’est plus disponible, et nous en sommes désolés.\n\nRetrouvez..."
390,1816424234719011189,Freebox,Message automatique Freebox,Réponse automatique répétitive,@Skyphal21 Nous avons rencontré des perturbations sur notre réseau en fin de journée du 19/07.\n\nNo...
391,1816424467192488170,Freebox,Message automatique Freebox,Réponse automatique répétitive,@Kxnzyyy Nous avons rencontré des perturbations sur notre réseau en fin de journée du 19/07.\n\nNous...
431,1817817842902774254,Trak_Tv,Message automatique Freebox,Réponse automatique répétitive,"@free Bonjour, pourquoi je n'ai aucune réponse de votre assistance via messenger? Sur Twitter cela f..."
441,1817882475865026607,Freebox,Message automatique Freebox,Réponse automatique répétitive,@Cocktail30 La messagerie X n’est plus disponible. Mais je vous propose de nous contacter via Messen...
444,1817895481390825643,Freebox,Message automatique Freebox,Réponse automatique répétitive,"@Ness92izi La messagerie privée X n’est plus disponible, et nous en sommes désolés Ness92izi. \n\nRe..."
445,1817897204754825553,Freebox,Message automatique Freebox,Réponse automatique répétitive,@vv35sissitwitte Nous avons rencontré des perturbations sur notre réseau en fin de journée du 19/07....
475,1818180084496257079,Freebox,Message automatique Freebox,Réponse automatique répétitive,"@anthony0774 La messagerie privée X n’est plus disponible, et nous en sommes désolés. \n\nRetrouvez-..."
481,1818195311673684307,Freebox,Message automatique Freebox,Réponse automatique répétitive,"@oxyn_ La messagerie privée X n’est plus disponible, et nous en sommes désolés. \n\nRetrouvez-moi dè..."
485,1818217776089084081,Eric_Rung,Spam/Promotion,Spam ou promotion non pertinente,Lamentable de se faire balader chez @Freebox pour ma demande d’une freebox Pop ADSL by @free. RDV pr...
488,1818229572753601006,Freebox,Message automatique Freebox,Réponse automatique répétitive,"@Sebcbien3813 La messagerie privée X n’est plus disponible, et nous en sommes désolés. \n\nRetrouvez..."
511,1818540553560109056,ze_portenawak,Spam/Promotion,Spam ou promotion non pertinente,Et 3 mois après ma #freebox #delta de @free affiche étape 2.... Plus d'internet à nouveau. \nVraimen...
517,1818612616308179044,Freebox,Message automatique Freebox,Réponse automatique répétitive,"@erwan9452 La messagerie privée X n’est plus disponible, et nous en sommes désolés. \n\nRetrouvez-mo..."
538,1819026398473785809,Europe57,Message automatique Freebox,Réponse automatique répétitive,Vous êtes tous en vacances @free @Freebox ? Y a-t-il encore un signe de vie chez Free ? 😢 3h que j'a...
570,1820428016733806915,Freebox,Message automatique Freebox,Réponse automatique répétitive,"@yoda66666 La messagerie privée X n’est plus disponible, et nous en sommes désolés. \n\nSi c'est tou..."
573,1820443185954304137,Freebox,Message automatique Freebox,Réponse automatique répétitive,@Captn3m01 La messagerie X n’est plus disponible.\nJe vous propose de nous contacter en priorité via...
574,1820443482076422441,Freebox,Message automatique Freebox,Réponse automatique répétitive,@3euros_vincent La messagerie X n’est plus disponible. Mais je vous propose de nous contacter via Me...
575,1820444043186172250,Freebox,Message automatique Freebox,Réponse automatique répétitive,@LANAERYAN1 La messagerie X n’est plus disponible. Mais je vous propose de nous contacter via Messen...
576,1820444104720810106,Freebox,Message automatique Freebox,Réponse automatique répétitive,@SoJanuel La messagerie X n’est plus disponible.\nJe vous propose de nous contacter en priorité via ...
577,1820444916440347124,Freebox,Message automatique Freebox,Réponse automatique répétitive,@FanchonF La messagerie X n’est plus disponible. Mais je vous propose de nous contacter via Messenge...
578,1820445441042817209,Freebox,Message automatique Freebox,Réponse automatique répétitive,@HeraKoukla La messagerie X n’est plus disponible.\nJe vous propose de nous contacter en priorité vi...
579,1820445597972713876,Freebox,Message automatique Freebox,Réponse automatique répétitive,"@SherazDbaa Désolé pour notre temps de réponse 🙏\n\nLa messagerie privée X n’est plus disponible, et..."
580,1820445742135165091,Freebox,Message automatique Freebox,Réponse automatique répétitive,@d2risto La messagerie X n’est plus disponible. Mais je vous propose de nous contacter via Messenger...
581,1820451062962090059,Freebox,Message automatique Freebox,Réponse automatique répétitive,"@mysiats La messagerie privée X n’est plus disponible, et nous en sommes désolés Mysiats. \n\nRetrou..."
652,1821456738983289312,Freebox,Message automatique Freebox,Réponse automatique répétitive,"@gregsavoisien La messagerie privée X n’est plus disponible, et nous en sommes désolés. \n\nRetrouve..."
653,1821466590224785759,Freebox,Message automatique Freebox,Réponse automatique répétitive,"@jonito59 La messagerie privée X n’est plus disponible, et nous en sommes désolés. \n\nRetrouvez-moi..."
654,1821468141307703670,Freebox,Message automatique Freebox,Réponse automatique répétitive,"@Eltoukitoss La messagerie privée X n’est plus disponible, et nous en sommes désolés. \n\nRetrouvez-..."
655,1821468725750427917,Freebox,Message automatique Freebox,Réponse automatique répétitive,"@CHARRONVALERIE La messagerie privée X n’est plus disponible, et nous en sommes désolés. \n\nRetrouv..."
656,1821469595187761458,Freebox,Message automatique Freebox,Réponse automatique répétitive,"@lauxksk La messagerie privée X n’est plus disponible, et nous en sommes désolés. \n\nRetrouvez-moi ..."
657,1821469778491404654,Freebox,Message automatique Freebox,Réponse automatique répétitive,"@shiiinsen La messagerie privée X n’est plus disponible, et nous en sommes désolés. \n\nRetrouvez-mo..."
658,1821470174974767520,Freebox,Message automatique Freebox,Réponse automatique répétitive,"@sousoubarbara La messagerie privée X n’est plus disponible, et nous en sommes désolés. \n\nRetrouve..."
659,1821470533210243244,Freebox,Message automatique Freebox,Réponse automatique répétitive,"@t_5502m La messagerie privée X n’est plus disponible, et nous en sommes désolés. \n\nRetrouvez-moi ..."
660,1821470897879863726,Freebox,Message automatique Freebox,Réponse automatique répétitive,"@coeuramy La messagerie privée X n’est plus disponible, et nous en sommes désolés. \n\nSi vous avez ..."
661,1821471223164928354,Freebox,Message automatique Freebox,Réponse automatique répétitive,"@zole_la La messagerie privée X n’est plus disponible, et nous en sommes désolés. \n\nRetrouvez-moi ..."
662,1821472276346224804,Freebox,Message automatique Freebox,Réponse automatique répétitive,"@lu6ol92 La messagerie privée X n’est plus disponible, et nous en sommes désolés. \n\nRetrouvez-moi ..."
663,1821472409683173459,Freebox,Message automatique Freebox,Réponse automatique répétitive,"@SebkurtC La messagerie privée X n’est plus disponible, et nous en sommes désolés. \n\nRetrouvez-moi..."
664,1821472886533632072,Freebox,Message automatique Freebox,Réponse automatique répétitive,"@codutilityfr La messagerie privée X n’est plus disponible, et nous en sommes désolés. \n\nRetrouvez..."
665,1821473394321170490,Freebox,Message automatique Freebox,Réponse automatique répétitive,"@Cassalerecit La messagerie privée X n’est plus disponible, et nous en sommes désolés. \n\nSi vous a..."
666,1821473736400195805,Freebox,Message automatique Freebox,Réponse automatique répétitive,"@DanchesiJ La messagerie privée X n’est plus disponible, et nous en sommes désolés. \n\nRetrouvez-mo..."
668,1821474253645988339,Freebox,Message automatique Freebox,Réponse automatique répétitive,"@cedric_cuny_ La messagerie privée X n’est plus disponible, et nous en sommes désolés. \n\nSi vous a..."
669,1821474398559141922,Freebox,Message automatique Freebox,Réponse automatique répétitive,"@albondu La messagerie privée X n’est plus disponible, et nous en sommes désolés. \n\nRetrouvez-moi ..."
670,1821474586463973641,Freebox,Message automatique Freebox,Réponse automatique répétitive,"@DiocanP83415 La messagerie privée X n’est plus disponible, et nous en sommes désolés. \n\nRetrouvez..."
671,1821474801107570888,Freebox,Message automatique Freebox,Réponse automatique répétitive,"@roll6465 La messagerie privée X n’est plus disponible, et nous en sommes désolés. \n\nRetrouvez-moi..."
672,1821475681265393786,Freebox,Message automatique Freebox,Réponse automatique répétitive,"@JackMLantern La messagerie privée X n’est plus disponible, et nous en sommes désolés. \n\nRetrouvez..."
673,1821476242538832282,Freebox,Message automatique Freebox,Réponse automatique répétitive,"@oceanside73XIX La messagerie privée X n’est plus disponible, et nous en sommes désolés. \n\nSi c'es..."
674,1821476569962905699,Freebox,Message automatique Freebox,Réponse automatique répétitive,"@Meteor35000 La messagerie privée X n’est plus disponible, et nous en sommes désolés. \n\nSi c'est t..."
675,1821476729648496793,Freebox,Message automatique Freebox,Réponse automatique répétitive,"@smkganja88 La messagerie privée X n’est plus disponible, et nous en sommes désolés. \n\nSi vous ave..."
676,1821477666991595595,Freebox,Message automatique Freebox,Réponse automatique répétitive,"@axyliss La messagerie privée X n’est plus disponible, et nous en sommes désolés. \n\nSi vous avez t..."
677,1821477997024624837,Freebox,Message automatique Freebox,Réponse automatique répétitive,"@Sac_a_PV La messagerie privée X n’est plus disponible, et nous en sommes désolés. \n\nSi vous avez ..."
678,1821478213584839082,Freebox,Message automatique Freebox,Réponse automatique répétitive,"@cloudyxiv_ La messagerie privée X n’est plus disponible, et nous en sommes désolés. \n\nRetrouvez-m..."
679,1821478957415358605,Freebox,Message automatique Freebox,Réponse automatique répétitive,"@ElrixJJBA La messagerie privée X n’est plus disponible, et nous en sommes désolés. \n\nSi vous avez..."
680,1821479028882018656,Freebox,Message automatique Freebox,Réponse automatique répétitive,"@Maxou_Brd La messagerie privée X n’est plus disponible, et nous en sommes désolés. \n\nSi vous avez..."
681,1821479327076176211,Freebox,Message automatique Freebox,Réponse automatique répétitive,"@Goumoutch La messagerie privée X n’est plus disponible, et nous en sommes désolés. \n\nSi vous avez..."
682,1821479462040424848,Freebox,Message automatique Freebox,Réponse automatique répétitive,"@zoub_x La messagerie privée X n’est plus disponible, et nous en sommes désolés. \n\nRetrouvez-moi d..."
683,1821479504642007252,Goumoutch,Autre,Tweet trop court (<20 caractères),@Freebox Fb stp
686,1821480168789045348,Freebox,Message automatique Freebox,Réponse automatique répétitive,"@FlixFlexxx La messagerie privée X n’est plus disponible, et nous en sommes désolés. \n\nRetrouvez-m..."
687,1821480471970119793,Freebox,Message automatique Freebox,Réponse automatique répétitive,"@B_MEHADDI La messagerie privée X n’est plus disponible, et nous en sommes désolés. \n\nRetrouvez-mo..."
688,1821480507760152756,Freebox,Message automatique Freebox,Réponse automatique répétitive,"@Pyokolla La messagerie privée X n’est plus disponible, et nous en sommes désolés. \n\nRetrouvez-moi..."
689,1821480784470970732,Freebox,Message automatique Freebox,Réponse automatique répétitive,"@Goumoutch La messagerie privée X n’est plus disponible, et nous en sommes désolés. \n\nRetrouvez-mo..."
690,1821480809586372734,Freebox,Message automatique Freebox,Réponse automatique répétitive,"@Dp2fast4u La messagerie privée X n’est plus disponible, et nous en sommes désolés. \n\nRetrouvez-mo..."
691,1821481384852017653,Freebox,Message automatique Freebox,Réponse automatique répétitive,"@NedxMacBethx La messagerie privée X n’est plus disponible, et nous en sommes désolés. \n\nRetrouvez..."
692,1821481532248166774,Freebox,Message automatique Freebox,Réponse automatique répétitive,"@carmelasopraano La messagerie privée X n’est plus disponible, et nous en sommes désolés. \n\nRetrou..."
693,1821481714276761756,Freebox,Message automatique Freebox,Réponse automatique répétitive,"@Flavie__wg La messagerie privée X n’est plus disponible, et nous en sommes désolés. \n\nRetrouvez-m..."
694,1821483119712539019,Freebox,Message automatique Freebox,Réponse automatique répétitive,"@rudy_infos La messagerie privée X n’est plus disponible, et nous en sommes désolés. \n\nSi vous ave..."
695,1821483259496116454,Freebox,Message automatique Freebox,Réponse automatique répétitive,"@lejugeducanap La messagerie privée X n’est plus disponible, et nous en sommes désolés. \n\nSi vous ..."
696,1821483534625726808,Freebox,Message automatique Freebox,Réponse automatique répétitive,"@V1TKENT La messagerie privée X n’est plus disponible, et nous en sommes désolés. \n\nRetrouvez-moi ..."
697,1821483683150176454,Freebox,Message automatique Freebox,Réponse automatique répétitive,"@DKN42 La messagerie privée X n’est plus disponible, et nous en sommes désolés. \n\nRetrouvez-moi dè..."
698,1821484087065903368,Freebox,Message automatique Freebox,Réponse automatique répétitive,"@robert_aristide La messagerie privée X n’est plus disponible, et nous en sommes désolés. \n\nRetrou..."
699,1821484456579837962,Freebox,Message automatique Freebox,Réponse automatique répétitive,"@Xerak92 La messagerie privée X n’est plus disponible, et nous en sommes désolés. \n\nRetrouvez-moi ..."
700,1821484839851192643,Freebox,Message automatique Freebox,Réponse automatique répétitive,"@Juliendu75 La messagerie privée X n’est plus disponible, et nous en sommes désolés. \n\nSi vous ave..."
701,1821485194060173495,Freebox,Message automatique Freebox,Réponse automatique répétitive,"@Pol_Tergheist La messagerie privée X n’est plus disponible, et nous en sommes désolés. \n\nSi vous ..."
702,1821485510981779686,Freebox,Message automatique Freebox,Réponse automatique répétitive,"@thogau78 La messagerie privée X n’est plus disponible, et nous en sommes désolés. \n\nSi vous avez ..."
704,1821485954378445098,Freebox,Message automatique Freebox,Réponse automatique répétitive,"@marcodu17 La messagerie privée X n’est plus disponible, et nous en sommes désolés. \n\nRetrouvez-mo..."
705,1821485978868953496,Freebox,Message automatique Freebox,Réponse automatique répétitive,"@_guyevans La messagerie privée X n’est plus disponible, et nous en sommes désolés. \n\nSi c'est tou..."
706,1821486280179323221,Freebox,Message automatique Freebox,Réponse automatique répétitive,"@JesuisLudgui La messagerie privée X n’est plus disponible, et nous en sommes désolés. \n\nRetrouvez..."
707,1821486442402508930,Freebox,Message automatique Freebox,Réponse automatique répétitive,"@Alkewox La messagerie privée X n’est plus disponible, et nous en sommes désolés. \n\nSi vous avez b..."
708,1821486507992949184,Freebox,Message automatique Freebox,Réponse automatique répétitive,"@GScoyk La messagerie privée X n’est plus disponible, et nous en sommes désolés. \n\nSi c'est toujou..."
710,1821486983949996432,Freebox,Message automatique Freebox,Réponse automatique répétitive,"@Kakashi99666 La messagerie privée X n’est plus disponible, et nous en sommes désolés. \n\nRetrouvez..."
711,1821487182957191318,Freebox,Message automatique Freebox,Réponse automatique répétitive,"@Kuroko_OF La messagerie privée X n’est plus disponible, et nous en sommes désolés. \n\nSi vous avez..."
712,1821487491360121043,Freebox,Message automatique Freebox,Réponse automatique répétitive,"@CdbMaxime La messagerie privée X n’est plus disponible, et nous en sommes désolés. \n\nRetrouvez-mo..."
713,1821487535186489752,Freebox,Message automatique Freebox,Réponse automatique répétitive,"@izzetkara29 La messagerie privée X n’est plus disponible, et nous en sommes désolés. \n\nRetrouvez-..."
714,1821488002561966179,Freebox,Message automatique Freebox,Réponse automatique répétitive,"@allaire_axel La messagerie privée X n’est plus disponible, et nous en sommes désolés. \n\nSi vous a..."
715,1821488092462674079,Freebox,Message automatique Freebox,Réponse automatique répétitive,"@JacquesGar72423 La messagerie privée X n’est plus disponible, et nous en sommes désolés.\nPour tout..."
716,1821488191204892686,Freebox,Message automatique Freebox,Réponse automatique répétitive,"@lionel_trouve La messagerie privée X n’est plus disponible, et nous en sommes désolés. \n\nSi vous ..."
717,1821488403516477710,Freebox,Message automatique Freebox,Réponse automatique répétitive,"@canabalmaria La messagerie privée X n’est plus disponible, et nous en sommes désolés. \n\nRetrouvez..."
718,1821488548622508160,Freebox,Message automatique Freebox,Réponse automatique répétitive,"@LInspecteurG La messagerie privée X n’est plus disponible, et nous en sommes désolés.\nRetrouvez-mo..."
719,1821488940739666182,Freebox,Message automatique Freebox,Réponse automatique répétitive,"@darkaatv La messagerie privée X n’est plus disponible, et nous en sommes désolés. \n\nSi vous avez ..."
720,1821489254674894960,Freebox,Message automatique Freebox,Réponse automatique répétitive,"@RZN_FN La messagerie privée X n’est plus disponible, et nous en sommes désolés.\nPour toute demande..."
721,1821489413886464406,Freebox,Message automatique Freebox,Réponse automatique répétitive,"@francepierre La messagerie privée X n’est plus disponible, et nous en sommes désolés. \n\nRetrouvez..."
722,1821489564206113119,Freebox,Message automatique Freebox,Réponse automatique répétitive,"@IsaCalId La messagerie privée X n’est plus disponible, et nous en sommes désolés. \n\nRetrouvez-moi..."
723,1821489633881944085,Freebox,Message automatique Freebox,Réponse automatique répétitive,"@lachape_one La messagerie privée X n’est plus disponible, et nous en sommes désolés. \n\nSi vous av..."
724,1821489756103930088,Freebox,Message automatique Freebox,Réponse automatique répétitive,"@NeyaYann La messagerie privée X n’est plus disponible, et nous en sommes désolés. \n\nSi c'est touj..."
725,1821489921435062537,Freebox,Message automatique Freebox,Réponse automatique répétitive,"@engue_p La messagerie privée X n’est plus disponible, et nous en sommes désolés. \n\nRetrouvez-moi ..."
726,1821490288457584656,Freebox,Message automatique Freebox,Réponse automatique répétitive,"@13Meteo La messagerie privée X n’est plus disponible, et nous en sommes désolés. \n\nSi vous avez t..."
727,1821490419324063935,Freebox,Message automatique Freebox,Réponse automatique répétitive,"@Pol_Tergheist La messagerie privée X n’est plus disponible, et nous en sommes désolés. \n\nRetrouve..."
728,1821490437846163495,Freebox,Message automatique Freebox,Réponse automatique répétitive,"@d2risto La messagerie privée X n’est plus disponible, et nous en sommes désolés.\nPour toute demand..."
729,1821491304787759364,Freebox,Message automatique Freebox,Réponse automatique répétitive,"@mattspears83 La messagerie privée X n’est plus disponible, et nous en sommes désolés.\nPour toute d..."
730,1821492325601718354,Freebox,Message automatique Freebox,Réponse automatique répétitive,"@SuperCyprien La messagerie privée X n’est plus disponible, et nous en sommes désolés.\nPour toute d..."
731,1821493832204116333,Freebox,Message automatique Freebox,Réponse automatique répétitive,"@laleloulelo La messagerie privée X n’est plus disponible, et nous en sommes désolés.\nPour toute de..."
732,1821494860106367056,Freebox,Message automatique Freebox,Réponse automatique répétitive,"@BrandonPer34331 La messagerie privée X n’est plus disponible, et nous en sommes désolés.\nPour tout..."
733,1821496173795921995,Freebox,Message automatique Freebox,Réponse automatique répétitive,"@guerin_morel La messagerie privée X n’est plus disponible, et nous en sommes désolés.\nPour toute d..."
734,1821498769776513108,Freebox,Message automatique Freebox,Réponse automatique répétitive,"@480kj La messagerie privée X n’est plus disponible, et nous en sommes désolés.\nPour toute demande ..."
735,1821499345444729211,Freebox,Message automatique Freebox,Réponse automatique répétitive,"@PhMarechal La messagerie privée X n’est plus disponible, et nous en sommes désolés.\nPour toute dem..."
736,1821499691680313428,Freebox,Message automatique Freebox,Réponse automatique répétitive,"@cruziflore La messagerie privée X n’est plus disponible, et nous en sommes désolés.\nPour toute dem..."
737,1821501143966429318,Freebox,Message automatique Freebox,Réponse automatique répétitive,"@Arkanoiiid La messagerie privée X n’est plus disponible, et nous en sommes désolés.\nPour toute dem..."
738,1821501546510618887,Freebox,Message automatique Freebox,Réponse automatique répétitive,"@Leperefuetar La messagerie privée X n’est plus disponible, et nous en sommes désolés.\nPour toute d..."
739,1821501828858527752,Freebox,Message automatique Freebox,Réponse automatique répétitive,"@sksksksksidii La messagerie privée X n’est plus disponible, et nous en sommes désolés.\nPour toute ..."
740,1821504407705399493,Freebox,Message automatique Freebox,Réponse automatique répétitive,"@BPioupiou La messagerie privée X n’est plus disponible, et nous en sommes désolés.\nPour toute dema..."
741,1821507581585526980,Freebox,Message automatique Freebox,Réponse automatique répétitive,"@tutosfaciles48 La messagerie privée X n’est plus disponible, et nous en sommes désolés.\nPour toute..."
742,1821508346270142927,Freebox,Message automatique Freebox,Réponse automatique répétitive,"@XILOTHOR_ La messagerie privée X n’est plus disponible, et nous en sommes désolés.\nPour toute dema..."
743,1821510672322101738,Freebox,Message automatique Freebox,Réponse automatique répétitive,"@chofrode La messagerie privée X n’est plus disponible, et nous en sommes désolés.\nPour toute deman..."
745,1821511796731036072,Freebox,Message automatique Freebox,Réponse automatique répétitive,"@TeamSplog La messagerie privée X n’est plus disponible, et nous en sommes désolés.\nPour toute dema..."
746,1821512240882692153,Freebox,Message automatique Freebox,Réponse automatique répétitive,"@StifflerJeremih La messagerie privée X n’est plus disponible, et nous en sommes désolés.\nPour tout..."
747,1821512517627093035,Freebox,Message automatique Freebox,Réponse automatique répétitive,"@Im_Eezy La messagerie privée X n’est plus disponible, et nous en sommes désolés.\nPour toute demand..."
749,1821523807632327014,Freebox,Message automatique Freebox,Réponse automatique répétitive,"@LArideEtVide La messagerie privée X n’est plus disponible, et nous en sommes désolés.\nPour toute d..."
750,1821524140672581865,Freebox,Message automatique Freebox,Réponse automatique répétitive,"@P5Lawrence La messagerie privée X n’est plus disponible, et nous en sommes désolés.\nPour toute dem..."
752,1821524853045788818,Freebox,Message automatique Freebox,Réponse automatique répétitive,"@pyrams71108 La messagerie privée X n’est plus disponible, et nous en sommes désolés.\nPour toute de..."
753,1821526730298843352,Freebox,Message automatique Freebox,Réponse automatique répétitive,"@LaurenceLolo9 La messagerie privée X n’est plus disponible, et nous en sommes désolés.\nPour toute ..."
754,1821527570241683863,Freebox,Message automatique Freebox,Réponse automatique répétitive,"@GwadyZohan La messagerie privée X n’est plus disponible, et nous en sommes désolés.\nPour toute dem..."
755,1821527713879822841,Freebox,Message automatique Freebox,Réponse automatique répétitive,"@HeRz____ La messagerie privée X n’est plus disponible, et nous en sommes désolés.\nPour toute deman..."
770,1821804360159904169,Freebox,Message automatique Freebox,Réponse automatique répétitive,"@Diablomi9 La messagerie privée X n’est plus disponible, et nous en sommes désolés.\nVous n'avez pas..."
771,1821817301471019145,Freebox,Message automatique Freebox,Réponse automatique répétitive,"@Nico88919191 La messagerie privée X n’est plus disponible, et nous en sommes désolés.\n\nPouvez-vou..."
772,1821820323165004117,Freebox,Message automatique Freebox,Réponse automatique répétitive,"@yanisck_ La messagerie privée X n’est plus disponible, et nous en sommes désolés.\nVous n'avez pas ..."
773,1821820478547222890,Freebox,Message automatique Freebox,Réponse automatique répétitive,"@aymeric_ren La messagerie privée X n’est plus disponible, et nous en sommes désolés.\nVous n'avez p..."
774,1821820684441375078,Freebox,Message automatique Freebox,Réponse automatique répétitive,"@FrancoisMassart La messagerie privée X n’est plus disponible, et nous en sommes désolés.\nVous n'av..."
775,1821821090416443830,Freebox,Message automatique Freebox,Réponse automatique répétitive,"@TelmarBzh La messagerie privée X n’est plus disponible, et nous en sommes désolés.\nVous n'avez pas..."
776,1821821722523230526,Freebox,Message automatique Freebox,Réponse automatique répétitive,"@perso_dep La messagerie privée X n’est plus disponible, et nous en sommes désolés.\nVous n'avez pas..."
777,1821821851519098978,Freebox,Message automatique Freebox,Réponse automatique répétitive,"@musiqueapapa La messagerie privée X n’est plus disponible, et nous en sommes désolés.\nVous n'avez ..."
778,1821822047636406780,Freebox,Message automatique Freebox,Réponse automatique répétitive,"@Greg314565 La messagerie privée X n’est plus disponible, et nous en sommes désolés.\nVous n'avez pa..."
779,1821822085355692419,Freebox,Message automatique Freebox,Réponse automatique répétitive,"@YouxiLeboss La messagerie privée X n’est plus disponible, et nous en sommes désolés.\nRetrouvez-moi..."
780,1821822266486702550,Freebox,Message automatique Freebox,Réponse automatique répétitive,"@johnny_guitare La messagerie privée X n’est plus disponible, et nous en sommes désolés.\nVous n'ave..."
781,1821822582338826318,Freebox,Message automatique Freebox,Réponse automatique répétitive,"@raskodub La messagerie privée X n’est plus disponible, et nous en sommes désolés.\nVous n'avez pas ..."
782,1821822711993094396,Freebox,Message automatique Freebox,Réponse automatique répétitive,"@belloc_deborah La messagerie privée X n’est plus disponible, et nous en sommes désolés.\nVous n'ave..."
783,1821822952356106356,Freebox,Message automatique Freebox,Réponse automatique répétitive,"@Fabrice_pa_fafa La messagerie privée X n’est plus disponible, et nous en sommes désolés.\nVous n'av..."
784,1821824039893008543,Freebox,Message automatique Freebox,Réponse automatique répétitive,"@ImHeartBtz La messagerie privée X n’est plus disponible, et nous en sommes désolés.\nVous n'avez pa..."
785,1821824140640141445,Freebox,Message automatique Freebox,Réponse automatique répétitive,"@nuazleynd1 La messagerie privée X n’est plus disponible, et nous en sommes désolés.\nRetrouvez-moi ..."
786,1821824290725011690,Freebox,Message automatique Freebox,Réponse automatique répétitive,"@the_kurosan La messagerie privée X n’est plus disponible, et nous en sommes désolés.\n\nPouvez-vous..."
787,1821824930985505236,Freebox,Message automatique Freebox,Réponse automatique répétitive,@ProfessorZmiT L'envoi de DM est malheureusement impossible pour le moment. N'hésitez pas à me conta...
788,1821824934198333501,Freebox,Message automatique Freebox,Réponse automatique répétitive,"@brebilb La messagerie privée X n’est plus disponible, et nous en sommes désolés.\nVous n'avez pas e..."
789,1821825373375517165,Freebox,Message automatique Freebox,Réponse automatique répétitive,"@2d441980 La messagerie privée X n’est plus disponible, et nous en sommes désolés.\nVous n'avez pas ..."
790,1821825981369213301,Freebox,Message automatique Freebox,Réponse automatique répétitive,"@sayanbrk La messagerie privée X n’est plus disponible, et nous en sommes désolés.\n\nPouvez-vous no..."
791,1821826399889465498,Freebox,Message automatique Freebox,Réponse automatique répétitive,"@BS7473 La messagerie privée X n’est plus disponible, et nous en sommes désolés.\nVous n'avez pas en..."
792,1821827952603979943,Freebox,Message automatique Freebox,Réponse automatique répétitive,"@ludovic14860 La messagerie privée X n’est plus disponible, et nous en sommes désolés.\n\nVous n'ave..."
793,1821828453177385443,Freebox,Message automatique Freebox,Réponse automatique répétitive,"@artworkatwork La messagerie privée X n’est plus disponible, et nous en sommes désolés.\nVous n'avez..."
794,1821828702780493867,Freebox,Message automatique Freebox,Réponse automatique répétitive,"@exylsan La messagerie privée X n’est plus disponible, et nous en sommes désolés.\nVous n'avez pas e..."
795,1821828843348333049,Freebox,Message automatique Freebox,Réponse automatique répétitive,"@Chimene59500 La messagerie privée X n’est plus disponible, et nous en sommes désolés.\nVous n'avez ..."
796,1821829067684884618,Freebox,Message automatique Freebox,Réponse automatique répétitive,"@sarkasme76 La messagerie privée X n’est plus disponible, et nous en sommes désolés.\nVous n'avez pa..."
797,1821829370639425916,Freebox,Message automatique Freebox,Réponse automatique répétitive,"@an_conda Désolé pour notre temps de réponse 🙏\n\nLa messagerie privée X n’est plus disponible, et n..."
798,1821830595875369079,Freebox,Message automatique Freebox,Réponse automatique répétitive,"@GoriTigerlol La messagerie privée X n’est plus disponible, et nous en sommes désolés.\n\nVous n'ave..."
799,1821831289864949794,Freebox,Message automatique Freebox,Réponse automatique répétitive,@SamCenation90 L'envoi de DM est malheureusement impossible pour le moment. N'hésitez pas à me conta...
800,1821831755956888009,Freebox,Message automatique Freebox,Réponse automatique répétitive,"@Thouralith4 La messagerie privée X n’est plus disponible, et nous en sommes désolés.\n\nPouvez-vous..."
801,1821832190537159051,Freebox,Message automatique Freebox,Réponse automatique répétitive,"@the_kurosan La messagerie privée X n’est plus disponible, et nous en sommes désolés.\n\nPouvez-vous..."
802,1821833025836990666,Freebox,Message automatique Freebox,Réponse automatique répétitive,@totinium77 L'envoi de DM est malheureusement impossible pour le moment. N'hésitez pas à me contacte...
803,1821833066844746231,Freebox,Message automatique Freebox,Réponse automatique répétitive,"@titux_390 La messagerie privée X n’est plus disponible, et nous en sommes désolés.\n\nVous n'avez p..."
821,1822242366536704063,Freebox,Message automatique Freebox,Réponse automatique répétitive,"@FlorianBchl La messagerie privée X n’est plus disponible, et nous en sommes désolés. \n\nRetrouvez-..."
837,1822934077189537949,Freebox,Message automatique Freebox,Réponse automatique répétitive,"@JeSuisAidant La messagerie privée X n’est plus disponible, et nous en sommes désolés. \n\nRetrouvez..."
848,1823021784678953380,Freebox,Message automatique Freebox,Réponse automatique répétitive,"@kevin29roy La messagerie privée X n’est plus disponible, et nous en sommes désolés. \n\nSi c'est to..."
850,1823025991465189424,Freebox,Message automatique Freebox,Réponse automatique répétitive,"@madridista38000 La messagerie privée X n’est plus disponible, et nous en sommes désolés. \n\nRetrou..."
858,1823302765533184162,free,Autre,Tweet trop court (<20 caractères),Bah bénef.
859,1823314839017508986,Freebox,Message automatique Freebox,Réponse automatique répétitive,"@dam_mtd La messagerie privée X n’est plus disponible, et nous en sommes désolés.\n\nRetrouvez-moi d..."
860,1823315335656693967,Freebox,Message automatique Freebox,Réponse automatique répétitive,"@warzouz38 La messagerie privée X n’est plus disponible, et nous en sommes désolés.\n\nRetrouvez-moi..."
862,1823335126907888020,Freebox,Message automatique Freebox,Réponse automatique répétitive,"@_RedFrog La messagerie privée X n’est plus disponible, et nous en sommes désolés. \n\nRetrouvez-moi..."
864,1823349728110637391,daniel36363636,Spam/Promotion,Spam ou promotion non pertinente,"@Freebox bonjour, j'ai fait du ménage dans ma boîte aux lettres Zimbra Free, elle ne charge toujours..."
868,1823418693977559403,Freebox,Message automatique Freebox,Réponse automatique répétitive,"@tcorrege La messagerie privée X n’est plus disponible, et nous en sommes désolés.\n\nPouvez-vous no..."
882,1823715877239578797,botenebreuse,Spam/Promotion,Spam ou promotion non pertinente,"@free \nTrès déçue de vous. Plus de 10 ans en étant cliente chez vous, je suis bien contente de part..."
900,1824518636335153397,7melca,Autre,Tweet trop court (<20 caractères),VOILÀ MON FRÈRE
912,1824793290593407169,Freebox,Message automatique Freebox,Réponse automatique répétitive,"@queIamiff La messagerie privée X n’est plus disponible, et nous en sommes désolés.\n\nPouvez-vous n..."
931,1825517093673893946,Freebox,Message automatique Freebox,Réponse automatique répétitive,"@KingJulian_Z La messagerie privée X n’est plus disponible, et nous en sommes désolés. \n\nRetrouvez..."
932,1825517619274801258,Freebox,Message automatique Freebox,Réponse automatique répétitive,"@Cloxywkkkkk La messagerie privée X n’est plus disponible, et nous en sommes désolés. \n\nVous n'ave..."
933,1825517970698666039,Freebox,Message automatique Freebox,Réponse automatique répétitive,"@blogforluv La messagerie privée X n’est plus disponible, et nous en sommes désolés. \n\nVous n'avez..."
934,1825517980349776317,Freebox,Message automatique Freebox,Réponse automatique répétitive,"@FaucetFailureUh La messagerie privée X n’est plus disponible, et nous en sommes désolés. \n\nRetrou..."
935,1825520441894568159,Marieki6611,Spam/Promotion,Spam ou promotion non pertinente,@free @Freebox a cause de techniciens irrespectueux qui débranchent les abonnés depuis des années po...
936,1825521603884535900,Freebox,Message automatique Freebox,Réponse automatique répétitive,"@Sheets_1997 La messagerie privée X n’est plus disponible, et nous en sommes désolés. \n\nVous n'ave..."
937,1825521969086734757,Freebox,Message automatique Freebox,Réponse automatique répétitive,"@K_Ermite La messagerie privée X n’est plus disponible, et nous en sommes désolés. \n\nRetrouvez-moi..."
938,1825522116332065135,Freebox,Message automatique Freebox,Réponse automatique répétitive,"@VinceGir La messagerie privée X n’est plus disponible, et nous en sommes désolés. \n\nRetrouvez-moi..."
939,1825523229886120345,Freebox,Message automatique Freebox,Réponse automatique répétitive,"@sdraperi La messagerie privée X n’est plus disponible, et nous en sommes désolés. \n\nRetrouvez-moi..."
940,1825523610527695095,Freebox,Message automatique Freebox,Réponse automatique répétitive,"@CyrilRichon La messagerie privée X n’est plus disponible, et nous en sommes désolés. \n\nRetrouvez-..."
941,1825523758234259489,Freebox,Message automatique Freebox,Réponse automatique répétitive,"@Mu_riel42 La messagerie privée X n’est plus disponible, et nous en sommes désolés. \n\nRetrouvez-mo..."
942,1825523938954301440,Freebox,Message automatique Freebox,Réponse automatique répétitive,"@RLY_M0nsTeR La messagerie privée X n’est plus disponible, et nous en sommes désolés. \n\nRetrouvez-..."
943,1825523942993412352,Freebox,Message automatique Freebox,Réponse automatique répétitive,"@JR_Miel La messagerie privée X n’est plus disponible, et nous en sommes désolés.\nEn cas de besoin,..."
944,1825524010538467350,Freebox,Message automatique Freebox,Réponse automatique répétitive,"@MaUnScOt La messagerie privée X n’est plus disponible, et nous en sommes désolés. \n\nRetrouvez-moi..."
945,1825524079123661202,Freebox,Message automatique Freebox,Réponse automatique répétitive,"@JennyPeachTV La messagerie privée X n’est plus disponible, et nous en sommes désolés. \n\nRetrouvez..."
946,1825524201748389978,Freebox,Message automatique Freebox,Réponse automatique répétitive,"@lefevre2121 La messagerie privée X n’est plus disponible, et nous en sommes désolés. \n\nRetrouvez-..."
947,1825524348242755658,Freebox,Message automatique Freebox,Réponse automatique répétitive,"@GaranceAmarante La messagerie privée X n’est plus disponible, et nous en sommes désolés.\nEn cas de..."
948,1825524611577958800,Freebox,Message automatique Freebox,Réponse automatique répétitive,"@Lutverse La messagerie privée X n’est plus disponible, et nous en sommes désolés.\nEn cas de besoin..."
949,1825524866864329045,Freebox,Message automatique Freebox,Réponse automatique répétitive,"@1973claudiakate La messagerie privée X n’est plus disponible, et nous en sommes désolés. \n\nRetrou..."
950,1825524966521020734,Freebox,Message automatique Freebox,Réponse automatique répétitive,"@NamNounou La messagerie privée X n’est plus disponible, et nous en sommes désolés.\nEn cas de besoi..."
951,1825525022187807199,Freebox,Message automatique Freebox,Réponse automatique répétitive,"@gdpe La messagerie privée X n’est plus disponible, et nous en sommes désolés. \n\nRetrouvez-moi dès..."
952,1825525156929753107,Freebox,Message automatique Freebox,Réponse automatique répétitive,"@Damien27T La messagerie privée X n’est plus disponible, et nous en sommes désolés.\nEn cas de besoi..."
953,1825525226358112355,Freebox,Message automatique Freebox,Réponse automatique répétitive,"@PatGoj La messagerie privée X n’est plus disponible, et nous en sommes désolés. \n\nRetrouvez-moi d..."
954,1825525274609385902,Freebox,Message automatique Freebox,Réponse automatique répétitive,"@AnthoOL34 La messagerie privée X n’est plus disponible, et nous en sommes désolés.\nEn cas de besoi..."
955,1825525433854480712,Freebox,Message automatique Freebox,Réponse automatique répétitive,"@fw_6416 La messagerie privée X n’est plus disponible, et nous en sommes désolés.\nEn cas de besoin,..."
956,1825525486195208381,Freebox,Message automatique Freebox,Réponse automatique répétitive,"@Delph69004 La messagerie privée X n’est plus disponible, et nous en sommes désolés. \n\nRetrouvez-m..."
958,1825525749912121498,Freebox,Message automatique Freebox,Réponse automatique répétitive,"@pochotcom La messagerie privée X n’est plus disponible, et nous en sommes désolés. \n\nRetrouvez-mo..."
959,1825525921383596519,Freebox,Message automatique Freebox,Réponse automatique répétitive,"@Maelo51593 La messagerie privée X n’est plus disponible, et nous en sommes désolés.\nEn cas de beso..."
960,1825525961900593470,Freebox,Message automatique Freebox,Réponse automatique répétitive,"@_nauplie La messagerie privée X n’est plus disponible, et nous en sommes désolés. \n\nRetrouvez-moi..."
961,1825526218587783284,Freebox,Message automatique Freebox,Réponse automatique répétitive,"@UPasanius97954 La messagerie privée X n’est plus disponible, et nous en sommes désolés.\nEn cas de ..."
962,1825526284211925423,Freebox,Message automatique Freebox,Réponse automatique répétitive,"@yggdrasoli La messagerie privée X n’est plus disponible, et nous en sommes désolés. \n\nRetrouvez-m..."
963,1825526341703180621,Freebox,Message automatique Freebox,Réponse automatique répétitive,"@Stan_034 La messagerie privée X n’est plus disponible, et nous en sommes désolés.\nEn cas de besoin..."
964,1825526662445871350,Freebox,Message automatique Freebox,Réponse automatique répétitive,"@norfair00 La messagerie privée X n’est plus disponible, et nous en sommes désolés. \n\nRetrouvez-mo..."
965,1825526727344361633,Freebox,Message automatique Freebox,Réponse automatique répétitive,"@Philipin La messagerie privée X n’est plus disponible, et nous en sommes désolés. \n\nRetrouvez-moi..."
966,1825526949659181167,Freebox,Message automatique Freebox,Réponse automatique répétitive,"@7XembX7 La messagerie privée X n’est plus disponible, et nous en sommes désolés. \n\nRetrouvez-moi ..."
967,1825527023336411324,Freebox,Message automatique Freebox,Réponse automatique répétitive,"@WCherifi30 La messagerie privée X n’est plus disponible, et nous en sommes désolés. \n\nRetrouvez-m..."
968,1825527377188807006,Freebox,Message automatique Freebox,Réponse automatique répétitive,"@manavaeva La messagerie privée X n’est plus disponible, et nous en sommes désolés.\nEn cas de besoi..."
969,1825527424269820295,Freebox,Message automatique Freebox,Réponse automatique répétitive,"@clxymox La messagerie privée X n’est plus disponible, et nous en sommes désolés. \n\nRetrouvez-moi ..."
970,1825527449670533512,Freebox,Message automatique Freebox,Réponse automatique répétitive,"@Trak_Tv La messagerie privée X n’est plus disponible, et nous en sommes désolés. \n\nRetrouvez-moi ..."
971,1825527554083561547,Freebox,Message automatique Freebox,Réponse automatique répétitive,"@PETERASSE La messagerie privée X n’est plus disponible, et nous en sommes désolés.\nEn cas de besoi..."
972,1825527604780138675,Freebox,Message automatique Freebox,Réponse automatique répétitive,"@973Gatsu973 La messagerie privée X n’est plus disponible, et nous en sommes désolés. \n\nRetrouvez-..."
973,1825527893675446283,Freebox,Message automatique Freebox,Réponse automatique répétitive,"@dvlplu La messagerie privée X n’est plus disponible, et nous en sommes désolés. \n\nRetrouvez-moi d..."
974,1825528503309136149,Freebox,Message automatique Freebox,Réponse automatique répétitive,"@ServalMtp La messagerie privée X n’est plus disponible, et nous en sommes désolés.\nEn cas de besoi..."
975,1825529032206594398,Freebox,Message automatique Freebox,Réponse automatique répétitive,"@vbaticle La messagerie privée X n’est plus disponible, et nous en sommes désolés.\nEn cas de besoin..."
976,1825529441558171668,Freebox,Autre,Tweet trop court (<20 caractères),@MarcHillman2024 🙏
977,1825529574911852813,Freebox,Message automatique Freebox,Réponse automatique répétitive,"@nininet37 La messagerie privée X n’est plus disponible, et nous en sommes désolés. \n\nRetrouvez-mo..."
978,1825529871478444444,Freebox,Message automatique Freebox,Réponse automatique répétitive,"@zyvddd La messagerie privée X n’est plus disponible, et nous en sommes désolés.\nEn cas de besoin, ..."
979,1825529905301320068,Freebox,Message automatique Freebox,Réponse automatique répétitive,"@Tiffstouch La messagerie privée X n’est plus disponible, et nous en sommes désolés. \n\nRetrouvez-m..."
980,1825530041045831891,Freebox,Message automatique Freebox,Réponse automatique répétitive,"@Przybylski67923 La messagerie privée X n’est plus disponible, et nous en sommes désolés.\nEn cas de..."
981,1825530966816817280,Freebox,Message automatique Freebox,Réponse automatique répétitive,"@kermitt2023 La messagerie privée X n’est plus disponible, et nous en sommes désolés. \n\nRetrouvez-..."
982,1825531302520471961,Freebox,Message automatique Freebox,Réponse automatique répétitive,"@PaperBloute La messagerie privée X n’est plus disponible, et nous en sommes désolés.\nEn cas de bes..."
983,1825531329234051373,Freebox,Message automatique Freebox,Réponse automatique répétitive,"@JrKengy La messagerie privée X n’est plus disponible, et nous en sommes désolés. \n\nRetrouvez-moi ..."
984,1825531599015829557,Freebox,Message automatique Freebox,Réponse automatique répétitive,"@letwitdedieu La messagerie privée X n’est plus disponible, et nous en sommes désolés. \n\nRetrouvez..."
985,1825531600358051861,Freebox,Message automatique Freebox,Réponse automatique répétitive,"@letwitdedieu La messagerie privée X n’est plus disponible, et nous en sommes désolés.\nEn cas de be..."
986,1825531693480001918,Freebox,Message automatique Freebox,Réponse automatique répétitive,"@Lou__y La messagerie privée X n’est plus disponible, et nous en sommes désolés. \n\nRetrouvez-moi d..."
987,1825531737918554141,Freebox,Message automatique Freebox,Réponse automatique répétitive,"@R1RT_35 La messagerie privée X n’est plus disponible, et nous en sommes désolés. \n\nRetrouvez-moi ..."
988,1825531851328360565,Freebox,Message automatique Freebox,Réponse automatique répétitive,"@StephFrTweet La messagerie privée X n’est plus disponible, et nous en sommes désolés.\nEn cas de be..."
989,1825531857481396249,Freebox,Message automatique Freebox,Réponse automatique répétitive,"@YanAmarre3 La messagerie privée X n’est plus disponible, et nous en sommes désolés. \n\nRetrouvez-m..."
990,1825532062436118721,Freebox,Message automatique Freebox,Réponse automatique répétitive,"@Satan95995092 La messagerie privée X n’est plus disponible, et nous en sommes désolés. \n\nRetrouve..."
991,1825532062528339969,Freebox,Message automatique Freebox,Réponse automatique répétitive,"@ploupette La messagerie privée X n’est plus disponible, et nous en sommes désolés.\nEn cas de besoi..."
992,1825532374274154662,Freebox,Message automatique Freebox,Réponse automatique répétitive,"@BeatsBewilder La messagerie privée X n’est plus disponible, et nous en sommes désolés.\nEn cas de b..."
994,1825532616927269000,Freebox,Message automatique Freebox,Réponse automatique répétitive,"@Lau1Logo La messagerie privée X n’est plus disponible, et nous en sommes désolés.\nEn cas de besoin..."
996,1825532942644330893,Freebox,Message automatique Freebox,Réponse automatique répétitive,"@DeGallifrey La messagerie privée X n’est plus disponible, et nous en sommes désolés.\nEn cas de bes..."
997,1825533653151006770,Freebox,Message automatique Freebox,Réponse automatique répétitive,"@MisterT93100 La messagerie privée X n’est plus disponible, et nous en sommes désolés.\nEn cas de be..."
998,1825533786592813316,Freebox,Message automatique Freebox,Réponse automatique répétitive,"@Virdroxx La messagerie privée X n’est plus disponible, et nous en sommes désolés.\nEn cas de besoin..."
999,1825534198486114785,Freebox,Message automatique Freebox,Réponse automatique répétitive,"@kronnikeTV La messagerie privée X n’est plus disponible, et nous en sommes désolés.\nEn cas de beso..."
1000,1825534325946814890,Freebox,Message automatique Freebox,Réponse automatique répétitive,"@sqaurrtex La messagerie privée X n’est plus disponible, et nous en sommes désolés.\nEn cas de besoi..."
1001,1825534564602675307,Freebox,Message automatique Freebox,Réponse automatique répétitive,"@Aky0__ La messagerie privée X n’est plus disponible, et nous en sommes désolés.\nEn cas de besoin, ..."
1002,1825534705191510511,Freebox,Message automatique Freebox,Réponse automatique répétitive,"@iaamblessed La messagerie privée X n’est plus disponible, et nous en sommes désolés.\nEn cas de bes..."
1003,1825534841669947689,Freebox,Message automatique Freebox,Réponse automatique répétitive,"@Kael1812 La messagerie privée X n’est plus disponible, et nous en sommes désolés.\nEn cas de besoin..."
1004,1825535013418389840,Freebox,Message automatique Freebox,Réponse automatique répétitive,"@SkyLucki La messagerie privée X n’est plus disponible, et nous en sommes désolés. \n\nRetrouvez-moi..."
1005,1825535355069591875,Freebox,Message automatique Freebox,Réponse automatique répétitive,"@Gonrak La messagerie privée X n’est plus disponible, et nous en sommes désolés.\nEn cas de besoin, ..."
1006,1825535363718197559,Freebox,Message automatique Freebox,Réponse automatique répétitive,"@bertrandvoisin1 La messagerie privée X n’est plus disponible, et nous en sommes désolés. \n\nRetrou..."
1007,1825535546812186989,Freebox,Message automatique Freebox,Réponse automatique répétitive,"@Kibishi48 La messagerie privée X n’est plus disponible, et nous en sommes désolés. \n\nRetrouvez-mo..."
1008,1825535629406478369,Freebox,Message automatique Freebox,Réponse automatique répétitive,"@AlexiaMarmont La messagerie privée X n’est plus disponible, et nous en sommes désolés.\nEn cas de b..."
1009,1825535867231842356,Freebox,Message automatique Freebox,Réponse automatique répétitive,"@VouziM La messagerie privée X n’est plus disponible, et nous en sommes désolés. \n\nRetrouvez-moi d..."
1010,1825535899381146061,Freebox,Message automatique Freebox,Réponse automatique répétitive,"@JeuDecide La messagerie privée X n’est plus disponible, et nous en sommes désolés. \n\nRetrouvez-mo..."
1011,1825536126427234426,Freebox,Message automatique Freebox,Réponse automatique répétitive,"@valerie3323 La messagerie privée X n’est plus disponible, et nous en sommes désolés. \n\nRetrouvez-..."
1012,1825536364147798283,Freebox,Message automatique Freebox,Réponse automatique répétitive,"@marsgirl013 La messagerie privée X n’est plus disponible, et nous en sommes désolés. \n\nRetrouvez-..."
1013,1825536366014276088,Freebox,Message automatique Freebox,Réponse automatique répétitive,"@webphil59 La messagerie privée X n’est plus disponible, et nous en sommes désolés. \n\nRetrouvez-mo..."
1014,1825536682113859611,Freebox,Message automatique Freebox,Réponse automatique répétitive,"@ARoger44 La messagerie privée X n’est plus disponible, et nous en sommes désolés. \n\nRetrouvez-moi..."
1015,1825536757649002703,Freebox,Message automatique Freebox,Réponse automatique répétitive,"@Jolyne07 La messagerie privée X n’est plus disponible, et nous en sommes désolés. \n\nRetrouvez-moi..."
1016,1825536896333742460,Freebox,Message automatique Freebox,Réponse automatique répétitive,"@emelyinej La messagerie privée X n’est plus disponible, et nous en sommes désolés. \n\nRetrouvez-mo..."
1017,1825537028672418193,Freebox,Message automatique Freebox,Réponse automatique répétitive,"@Okamiwolf3 La messagerie privée X n’est plus disponible, et nous en sommes désolés. \n\nRetrouvez-m..."
1018,1825537101594546248,Freebox,Message automatique Freebox,Réponse automatique répétitive,"@AnneLau14298386 La messagerie privée X n’est plus disponible, et nous en sommes désolés. \n\nRetrou..."
1019,1825537130757558701,Freebox,Message automatique Freebox,Réponse automatique répétitive,"@Pu_Pin_Kcor La messagerie privée X n’est plus disponible, et nous en sommes désolés. \n\nRetrouvez-..."
1020,1825537235011219544,Freebox,Message automatique Freebox,Réponse automatique répétitive,"@pierre_pigeat La messagerie privée X n’est plus disponible, et nous en sommes désolés. \n\nRetrouve..."
1021,1825537446857036089,Freebox,Message automatique Freebox,Réponse automatique répétitive,"@AlexHolzhammer Bonjour AlexHolzhammer,\n\nJe vois une prise en charge par nos équipes WhatsApp depu..."
1022,1825537573390889042,Freebox,Message automatique Freebox,Réponse automatique répétitive,"@lia_rzg La messagerie privée X n’est plus disponible, et nous en sommes désolés.\nEn cas de besoin,..."
1023,1825537709802242122,Freebox,Message automatique Freebox,Réponse automatique répétitive,"@Eric_Rung La messagerie privée X n’est plus disponible, et nous en sommes désolés. \n\nRetrouvez-mo..."
1024,1825537724960448738,Freebox,Message automatique Freebox,Réponse automatique répétitive,"@TonyBrondel La messagerie privée X n’est plus disponible, et nous en sommes désolés.\nEn cas de bes..."
1025,1825538406375403672,Freebox,Message automatique Freebox,Réponse automatique répétitive,"@Bekayedecross La messagerie privée X n’est plus disponible, et nous en sommes désolés. \n\nVous n'a..."
1026,1825538582083178828,Freebox,Message automatique Freebox,Réponse automatique répétitive,"@Hagnard La messagerie privée X n’est plus disponible, et nous en sommes désolés. \n\nRetrouvez-moi ..."
1027,1825538896425361538,Freebox,Message automatique Freebox,Réponse automatique répétitive,"@Philou_9 La messagerie privée X n’est plus disponible, et nous en sommes désolés. \n\nRetrouvez-moi..."
1028,1825539351368839468,Freebox,Message automatique Freebox,Réponse automatique répétitive,"@ntmxbienfort La messagerie privée X n’est plus disponible, et nous en sommes désolés. \n\nRetrouvez..."
1029,1825539361712070759,Freebox,Message automatique Freebox,Réponse automatique répétitive,"@ARomain2 La messagerie privée X n’est plus disponible, et nous en sommes désolés. \n\nRetrouvez-moi..."
1030,1825539947152957467,Freebox,Message automatique Freebox,Réponse automatique répétitive,"@LVKRTL La messagerie privée X n’est plus disponible, et nous en sommes désolés. \n\nRetrouvez-moi d..."
1031,1825540316994084898,Freebox,Message automatique Freebox,Réponse automatique répétitive,"@Lionelcemoi La messagerie privée X n’est plus disponible, et nous en sommes désolés. \n\nRetrouvez-..."
1032,1825540999222812838,Freebox,Message automatique Freebox,Réponse automatique répétitive,"@NumeralDakim Bonjour,\n\nNous sommes sincèrement navrés de la gêne occasionnée par ces appels.\n\nL..."
1033,1825541684853146081,Freebox,Message automatique Freebox,Réponse automatique répétitive,"@StyrosCyclisme La messagerie privée X n’est plus disponible, et nous en sommes désolés. \n\nRetrouv..."
1034,1825541979876323501,Freebox,Message automatique Freebox,Réponse automatique répétitive,"@DamienPLT73 La messagerie privée X n’est plus disponible, et nous en sommes désolés. \n\nRetrouvez-..."
1035,1825542013468512484,Freebox,Message automatique Freebox,Réponse automatique répétitive,"@NotBadMatt La messagerie privée X n’est plus disponible, et nous en sommes désolés. \n\nVous n'avez..."
1036,1825543530325955009,Freebox,Message automatique Freebox,Réponse automatique répétitive,"@Breizhonig La messagerie privée X n’est plus disponible, et nous en sommes désolés. \n\nRetrouvez-m..."
1037,1825543712056741895,Freebox,Message automatique Freebox,Réponse automatique répétitive,"@b7hrj47hqj La messagerie privée X n’est plus disponible, et nous en sommes désolés. \n\nRetrouvez-m..."
1038,1825544063266722286,Freebox,Message automatique Freebox,Réponse automatique répétitive,"@SebCycO La messagerie privée X n’est plus disponible, et nous en sommes désolés. \n\nRetrouvez-moi ..."
1039,1825544285208367381,Freebox,Message automatique Freebox,Réponse automatique répétitive,"@loicji91 La messagerie privée X n’est plus disponible, et nous en sommes désolés. \n\nRetrouvez-moi..."
1040,1825545690941981001,Freebox,Message automatique Freebox,Réponse automatique répétitive,"@Axoss_ La messagerie privée X n’est plus disponible, et nous en sommes désolés.\nEn cas de besoin, ..."
1042,1825545881707258136,Freebox,Message automatique Freebox,Réponse automatique répétitive,"@no1likehong_ La messagerie privée X n’est plus disponible, et nous en sommes désolés. \n\nRetrouvez..."
1043,1825546153099710925,Freebox,Message automatique Freebox,Réponse automatique répétitive,"@mechas920_ La messagerie privée X n’est plus disponible, et nous en sommes désolés.\nEn cas de beso..."
1044,1825546591131873560,Freebox,Message automatique Freebox,Réponse automatique répétitive,"@cTecca_2 La messagerie privée X n’est plus disponible, et nous en sommes désolés.\nEn cas de besoin..."
1045,1825547083304022200,Freebox,Message automatique Freebox,Réponse automatique répétitive,"@FrenchTea13 La messagerie privée X n’est plus disponible, et nous en sommes désolés. \n\nRetrouvez-..."
1046,1825547343732547956,Freebox,Message automatique Freebox,Réponse automatique répétitive,"@ze_portenawak La messagerie privée X n’est plus disponible, et nous en sommes désolés.\nEn cas de b..."
1047,1825547585127391697,Freebox,Message automatique Freebox,Réponse automatique répétitive,"@BloatedBumbleB La messagerie privée X n’est plus disponible, et nous en sommes désolés. \n\nVous n'..."
1048,1825547816774619489,Freebox,Message automatique Freebox,Réponse automatique répétitive,"@MarcEmmanuelS La messagerie privée X n’est plus disponible, et nous en sommes désolés. \n\nRetrouve..."
1049,1825547864950350263,Freebox,Message automatique Freebox,Réponse automatique répétitive,"@KNouvel La messagerie privée X n’est plus disponible, et nous en sommes désolés.\nEn cas de besoin,..."
1050,1825548035692073195,Freebox,Message automatique Freebox,Réponse automatique répétitive,"@SPhilou98 La messagerie privée X n’est plus disponible, et nous en sommes désolés.\nEn cas de besoi..."
1051,1825548587419283758,Freebox,Message automatique Freebox,Réponse automatique répétitive,"@Monier_Ju La messagerie privée X n’est plus disponible, et nous en sommes désolés. \n\nRetrouvez-mo..."
1052,1825548803409129575,Freebox,Message automatique Freebox,Réponse automatique répétitive,"@Monier_Ju La messagerie privée X n’est plus disponible, et nous en sommes désolés.\nEn cas de besoi..."
1054,1825550150594367541,Freebox,Message automatique Freebox,Réponse automatique répétitive,"@djamal_qamar La messagerie privée X n’est plus disponible, et nous en sommes désolés.\nEn cas de be..."
1056,1825550377124573424,Freebox,Message automatique Freebox,Réponse automatique répétitive,"@Deftron La messagerie privée X n’est plus disponible, et nous en sommes désolés.\nEn cas de besoin,..."
1057,1825550650140225901,Freebox,Message automatique Freebox,Réponse automatique répétitive,"@madeirense_7 La messagerie privée X n’est plus disponible, et nous en sommes désolés.\nEn cas de be..."
1058,1825550776661324053,Freebox,Message automatique Freebox,Réponse automatique répétitive,"@WillbrushD La messagerie privée X n’est plus disponible, et nous en sommes désolés.\nEn cas de beso..."
1059,1825551165469155723,Freebox,Message automatique Freebox,Réponse automatique répétitive,"@MHeuripeau La messagerie privée X n’est plus disponible, et nous en sommes désolés. \n\nRetrouvez-m..."
1060,1825551593061679180,Freebox,Message automatique Freebox,Réponse automatique répétitive,"@saiedsrth La messagerie privée X n’est plus disponible, et nous en sommes désolés. \n\nRetrouvez-mo..."
1061,1825552075557642265,Freebox,Message automatique Freebox,Réponse automatique répétitive,"@Lionel_Girbas La messagerie privée X n’est plus disponible, et nous en sommes désolés.\nEn cas de b..."
1062,1825552278977134960,Freebox,Message automatique Freebox,Réponse automatique répétitive,"@Guyom_P La messagerie privée X n’est plus disponible, et nous en sommes désolés. \n\nRetrouvez-moi ..."
1063,1825552320022593841,Freebox,Message automatique Freebox,Réponse automatique répétitive,"@nantutu87 La messagerie privée X n’est plus disponible, et nous en sommes désolés.\nEn cas de besoi..."
1064,1825552469578879348,Freebox,Message automatique Freebox,Réponse automatique répétitive,"@So_chou_ette La messagerie privée X n’est plus disponible, et nous en sommes désolés. \n\nRetrouvez..."
1065,1825552604094460301,Freebox,Message automatique Freebox,Réponse automatique répétitive,"@leabtvls La messagerie privée X n’est plus disponible, et nous en sommes désolés.\nEn cas de besoin..."
1066,1825552753915015353,Freebox,Message automatique Freebox,Réponse automatique répétitive,"@calinox La messagerie privée X n’est plus disponible, et nous en sommes désolés.\nEn cas de besoin,..."
1067,1825552822135394645,Freebox,Message automatique Freebox,Réponse automatique répétitive,"@Fanny6029 La messagerie privée X n’est plus disponible, et nous en sommes désolés. \n\nRetrouvez-mo..."
1068,1825552982420664557,Freebox,Message automatique Freebox,Réponse automatique répétitive,"@Mourakami La messagerie privée X n’est plus disponible, et nous en sommes désolés. \n\nRetrouvez-mo..."
1069,1825553930048147472,Freebox,Message automatique Freebox,Réponse automatique répétitive,"@dc_57 La messagerie privée X n’est plus disponible, et nous en sommes désolés. \n\nRetrouvez-moi dè..."
1070,1825554070926430447,Freebox,Message automatique Freebox,Réponse automatique répétitive,"@NoxCS2 La messagerie privée X n’est plus disponible, et nous en sommes désolés. \n\nRetrouvez-moi d..."
1071,1825554382319927411,Freebox,Message automatique Freebox,Réponse automatique répétitive,"@JumpmanFR La messagerie privée X n’est plus disponible, et nous en sommes désolés.\nEn cas de besoi..."
1072,1825554481368498244,Freebox,Message automatique Freebox,Réponse automatique répétitive,"@Johanenko La messagerie privée X n’est plus disponible, et nous en sommes désolés. \n\nVous n'avez ..."
1073,1825554539455344688,Freebox,Message automatique Freebox,Réponse automatique répétitive,"@TheCarrera900 La messagerie privée X n’est plus disponible, et nous en sommes désolés. \n\nRetrouve..."
1074,1825554544777978100,Freebox,Message automatique Freebox,Réponse automatique répétitive,"@TheCarrera900 La messagerie privée X n’est plus disponible, et nous en sommes désolés.\nEn cas de b..."
1075,1825554730254225659,Freebox,Message automatique Freebox,Réponse automatique répétitive,"@AlawyOnSecurity La messagerie privée X n’est plus disponible, et nous en sommes désolés. \n\nRetrou..."
1076,1825554799917502587,Freebox,Message automatique Freebox,Réponse automatique répétitive,"@naia_chvn La messagerie privée X n’est plus disponible, et nous en sommes désolés.\nEn cas de besoi..."
1077,1825554855437480028,Freebox,Message automatique Freebox,Réponse automatique répétitive,"@Europe57 La messagerie privée X n’est plus disponible, et nous en sommes désolés. \n\nVous n'avez p..."
1078,1825555375761850527,Freebox,Message automatique Freebox,Réponse automatique répétitive,"@gxlmo La messagerie privée X n’est plus disponible, et nous en sommes désolés. \n\nRetrouvez-moi dè..."
1079,1825556452666221033,Freebox,Message automatique Freebox,Réponse automatique répétitive,"@doyouseeacar La messagerie privée X n’est plus disponible, et nous en sommes désolés.\nEn cas de be..."
1080,1825556844070215734,Freebox,Message automatique Freebox,Réponse automatique répétitive,"@hou1919 La messagerie privée X n’est plus disponible, et nous en sommes désolés. \n\nRetrouvez-moi ..."
1081,1825557056322974187,Freebox,Message automatique Freebox,Réponse automatique répétitive,"@nanabreizh1 La messagerie privée X n’est plus disponible, et nous en sommes désolés. \n\nRetrouvez-..."
1082,1825557504731803973,Freebox,Message automatique Freebox,Réponse automatique répétitive,"@Fell_Apart La messagerie privée X n’est plus disponible, et nous en sommes désolés. \n\nRetrouvez-m..."
1083,1825558818450792818,Freebox,Message automatique Freebox,Réponse automatique répétitive,"@ilannman La messagerie privée X n’est plus disponible, et nous en sommes désolés. \n\nRetrouvez-moi..."
1084,1825559275395014834,Freebox,Message automatique Freebox,Réponse automatique répétitive,"@MamyMerry La messagerie privée X n’est plus disponible, et nous en sommes désolés. \n\nRetrouvez-mo..."
1085,1825559701699936437,Freebox,Message automatique Freebox,Réponse automatique répétitive,"@piviou La messagerie privée X n’est plus disponible, et nous en sommes désolés.\nEn cas de besoin, ..."
1086,1825560000002965693,Freebox,Message automatique Freebox,Réponse automatique répétitive,"@Prof2phys La messagerie privée X n’est plus disponible, et nous en sommes désolés.\nEn cas de besoi..."
1087,1825560065136279789,Freebox,Message automatique Freebox,Réponse automatique répétitive,"@nomorewishing La messagerie privée X n’est plus disponible, et nous en sommes désolés. \n\nRetrouve..."
1088,1825560148351295671,Freebox,Message automatique Freebox,Réponse automatique répétitive,"@Ayle_Vermillion La messagerie privée X n’est plus disponible, et nous en sommes désolés.\nEn cas de..."
1089,1825560398184997128,Freebox,Message automatique Freebox,Réponse automatique répétitive,"@ItsNarow La messagerie privée X n’est plus disponible, et nous en sommes désolés. \n\nRetrouvez-moi..."
1090,1825560403071344661,Freebox,Message automatique Freebox,Réponse automatique répétitive,"@DaFirenze93 La messagerie privée X n’est plus disponible, et nous en sommes désolés.\nEn cas de bes..."
1091,1825560641202971121,Freebox,Message automatique Freebox,Réponse automatique répétitive,"@aztral_qlf La messagerie privée X n’est plus disponible, et nous en sommes désolés.\nEn cas de beso..."
1092,1825560842449953060,Freebox,Message automatique Freebox,Réponse automatique répétitive,"@Jakadi15 La messagerie privée X n’est plus disponible, et nous en sommes désolés.\nEn cas de besoin..."
1093,1825561339919585318,Freebox,Message automatique Freebox,Réponse automatique répétitive,"@erikastaff La messagerie privée X n’est plus disponible, et nous en sommes désolés. \n\nVous n'avez..."
1095,1825563353915199716,Freebox,Message automatique Freebox,Réponse automatique répétitive,"@RemiEnEnerver La messagerie privée X n’est plus disponible, et nous en sommes désolés.\nEn cas de b..."
1119,1825856299457732734,Freebox,Message automatique Freebox,Réponse automatique répétitive,"@lasticot59 La messagerie privée X n’est plus disponible, et nous en sommes désolés. \n\nJe vous pro..."
1120,1825856463341756768,Freebox,Message automatique Freebox,Réponse automatique répétitive,@Anthony76710 La messagerie X n’est plus disponible. Mais je vous propose de nous contacter via Mess...
1122,1825857793171009934,Freebox,Message automatique Freebox,Réponse automatique répétitive,@KuroKawo7 La messagerie X n’est plus disponible. Mais je vous propose de nous contacter via Messeng...
1123,1825858973527839040,Freebox,Message automatique Freebox,Réponse automatique répétitive,@FredoProKill La messagerie X n’est plus disponible. Mais je vous propose de nous contacter via Mess...
1124,1825859069984288879,Freebox,Message automatique Freebox,Réponse automatique répétitive,"@pilita178 La messagerie privée X n’est plus disponible, et nous en sommes désolés. \n\nJe vous prop..."
1125,1825859251954127209,Freebox,Message automatique Freebox,Réponse automatique répétitive,@OverVT_ La messagerie X n’est plus disponible. Mais je vous propose de nous contacter via Messenger...
1126,1825859494947008649,Freebox,Message automatique Freebox,Réponse automatique répétitive,@fabiodonato13 La messagerie X n’est plus disponible. Mais je vous propose de nous contacter via Mes...
1127,1825860374807138740,Freebox,Message automatique Freebox,Réponse automatique répétitive,"@T4chiB La messagerie privée X n’est plus disponible, et nous en sommes désolés. \n\nJe vous propose..."
1128,1825860978891780414,Freebox,Message automatique Freebox,Réponse automatique répétitive,@Onelyman La messagerie X n’est plus disponible. Mais je vous propose de nous contacter via Messenge...
1129,1825861318328332427,Freebox,Message automatique Freebox,Réponse automatique répétitive,@Wolfalco825 La messagerie X n’est plus disponible. Mais je vous propose de nous contacter via Messe...
1130,1825861960019189820,Freebox,Message automatique Freebox,Réponse automatique répétitive,@NedxMacBethx La messagerie X n’est plus disponible. Mais je vous propose de nous contacter via Mess...
1131,1825862091913273736,Freebox,Message automatique Freebox,Réponse automatique répétitive,"@kate31400560 La messagerie privée X n’est plus disponible, et nous en sommes désolés. \n\nJe vous p..."
1132,1825862125148848336,Freebox,Message automatique Freebox,Réponse automatique répétitive,@yazh0g_ La messagerie X n’est plus disponible. Mais je vous propose de nous contacter via Messenger...
1133,1825862454280118602,Freebox,Message automatique Freebox,Réponse automatique répétitive,@Fuuumbleee La messagerie X n’est plus disponible. Mais je vous propose de nous contacter via Messen...
1134,1825862580939673871,Freebox,Message automatique Freebox,Réponse automatique répétitive,"@lorierangers La messagerie privée X n’est plus disponible, et nous en sommes désolés. \n\nJe vous p..."
1135,1825864147377979866,Freebox,Message automatique Freebox,Réponse automatique répétitive,@IamNess1104 La messagerie X n’est plus disponible. Mais je vous propose de nous contacter via Messe...
1136,1825864226277097729,Freebox,Message automatique Freebox,Réponse automatique répétitive,"@s6ep10 La messagerie privée X n’est plus disponible, et nous en sommes désolés. \n\nJe vous propose..."
1137,1825864606641799342,Freebox,Message automatique Freebox,Réponse automatique répétitive,@furneth La messagerie X n’est plus disponible. Mais je vous propose de nous contacter via Messenger...
1138,1825866037541191984,Freebox,Message automatique Freebox,Réponse automatique répétitive,@MickGuti La messagerie X n’est plus disponible. Mais je vous propose de nous contacter via Messenge...
1145,1825991205026410689,Frenchy_Mars,Autre,Tweet trop court (<20 caractères),#freebox @Freebox
1150,1826171082992218140,Freebox,Message automatique Freebox,Réponse automatique répétitive,"@girod_s La messagerie privée X n’est plus disponible, et nous en sommes désolés.\n\nPouvez-vous nou..."
1151,1826173592091951257,Freebox,Message automatique Freebox,Réponse automatique répétitive,"@SamP1977 La messagerie privée X n’est plus disponible, et nous en sommes désolés.\n\nVous n'avez pa..."
1152,1826173767464165537,Freebox,Message automatique Freebox,Réponse automatique répétitive,"@__Valie__ La messagerie privée X n’est plus disponible, et nous en sommes désolés.\n\nVous n'avez p..."
1153,1826174251239432213,Freebox,Message automatique Freebox,Réponse automatique répétitive,"@salman66000 La messagerie privée X n’est plus disponible, et nous en sommes désolés.\n\nPouvez-vous..."
1155,1826178429810618712,Freebox,Message automatique Freebox,Réponse automatique répétitive,"@VinceCosa_ La messagerie privée X n’est plus disponible, et nous en sommes désolés.\n\nRetrouvez-mo..."
1156,1826179405456060825,Freebox,Message automatique Freebox,Réponse automatique répétitive,"@Juste_Yanis La messagerie privée X n’est plus disponible, et nous en sommes désolés.\n\nPouvez-vous..."
1157,1826179773371916630,Freebox,Message automatique Freebox,Réponse automatique répétitive,"@lorys_trolliet La messagerie privée X n’est plus disponible, et nous en sommes désolés.\n\nRetrouve..."
1158,1826181708858671188,Freebox,Message automatique Freebox,Réponse automatique répétitive,"@Liquidus00 La messagerie privée X n’est plus disponible, et nous en sommes désolés.\n\nRetrouvez-mo..."
1159,1826181837607039338,Freebox,Message automatique Freebox,Réponse automatique répétitive,"@Laetitbulle La messagerie privée X n’est plus disponible, et nous en sommes désolés.\n\nPouvez-vous..."
1160,1826181868317802854,Freebox,Message automatique Freebox,Réponse automatique répétitive,"@Flomniscient La messagerie privée X n’est plus disponible, et nous en sommes désolés.\n\nRetrouvez-..."
1161,1826182041915822499,Freebox,Message automatique Freebox,Réponse automatique répétitive,"@collinsimmer La messagerie privée X n’est plus disponible, et nous en sommes désolés.\n\nRetrouvez-..."
1162,1826183120493634035,Freebox,Message automatique Freebox,Réponse automatique répétitive,"@MxlleMacrelle La messagerie privée X n’est plus disponible, et nous en sommes désolés.\n\nPouvez-vo..."
1163,1826184723166613935,Freebox,Message automatique Freebox,Réponse automatique répétitive,"@jpaullest La messagerie privée X n’est plus disponible, et nous en sommes désolés jpaullest\n\nRetr..."
1165,1826185025760440421,Freebox,Message automatique Freebox,Réponse automatique répétitive,"@Anaaconda13 La messagerie privée X n’est plus disponible, et nous en sommes désolés.\n\nPouvez-vous..."
1166,1826185221978407248,Freebox,Message automatique Freebox,Réponse automatique répétitive,"@reputationboy La messagerie privée X n’est plus disponible, et nous en sommes désolés reputationboy..."
1167,1826185602418528297,Freebox,Message automatique Freebox,Réponse automatique répétitive,"@JustRomaiiin La messagerie privée X n’est plus disponible, et nous en sommes désolés.\n\nPouvez-vou..."
1168,1826186716681515482,Freebox,Message automatique Freebox,Réponse automatique répétitive,"@oleanbu La messagerie privée X n’est plus disponible, et nous en sommes désolés.\n\nPouvez-vous nou..."
1169,1826187100649083373,Freebox,Message automatique Freebox,Réponse automatique répétitive,"@avatarjg La messagerie privée X n’est plus disponible, et nous en sommes désolés.\n\nVous n'avez pa..."
1170,1826187843821068719,Freebox,Message automatique Freebox,Réponse automatique répétitive,"@Matveey2 La messagerie privée X n’est plus disponible, et nous en sommes désolés.\n\nPouvez-vous no..."
1171,1826187946673725818,Freebox,Message automatique Freebox,Réponse automatique répétitive,"@fouinybenji_ La messagerie privée X n’est plus disponible, et nous en sommes désolés fouinybenji_\n..."
1172,1826189050606190955,Freebox,Message automatique Freebox,Réponse automatique répétitive,"@eoghanfeignass2 La messagerie privée X n’est plus disponible, et nous en sommes désolés.\n\nPouvez-..."
1173,1826189231020011958,Freebox,Message automatique Freebox,Réponse automatique répétitive,"@Rem_LB La messagerie privée X n’est plus disponible, et nous en sommes désolés.\n\nPouvez-vous nous..."
1174,1826190012079051103,Freebox,Message automatique Freebox,Réponse automatique répétitive,"@spirionweb La messagerie privée X n’est plus disponible, et nous en sommes désolés spirionweb\n\nRe..."
1175,1826190210238951860,Freebox,Message automatique Freebox,Réponse automatique répétitive,"@didi69220159758 La messagerie privée X n’est plus disponible, et nous en sommes désolés.\n\nPouvez-..."
1176,1826191391883403762,Freebox,Message automatique Freebox,Réponse automatique répétitive,"@brachior La messagerie privée X n’est plus disponible, et nous en sommes désolés.\n\nPouvez-vous no..."
1177,1826192094777458987,Freebox,Message automatique Freebox,Réponse automatique répétitive,"@nelisiane La messagerie privée X n’est plus disponible, et nous en sommes désolés.\n\nPouvez-vous n..."
1178,1826192454220968246,Freebox,Message automatique Freebox,Réponse automatique répétitive,"@davilha_ La messagerie privée X n’est plus disponible, et nous en sommes désolés.\n\nPouvez-vous no..."
1179,1826194779748651389,Freebox,Message automatique Freebox,Réponse automatique répétitive,"@LesdeuxF La messagerie privée X n’est plus disponible, et nous en sommes désolés.\n\nPouvez-vous no..."
1180,1826194943880110253,Freebox,Message automatique Freebox,Réponse automatique répétitive,"@Bob3404 La messagerie privée X n’est plus disponible, et nous en sommes désolés.\n\nPouvez-vous nou..."
1181,1826195168145326457,Freebox,Message automatique Freebox,Réponse automatique répétitive,"@CharlneP6 La messagerie privée X n’est plus disponible, et nous en sommes désolés CharlneP6\n\nRetr..."
1182,1826196121934323968,Freebox,Message automatique Freebox,Réponse automatique répétitive,"@romain_lmrc La messagerie privée X n’est plus disponible, et nous en sommes désolés.\n\nPouvez-vous..."
1183,1826197185815298229,Freebox,Message automatique Freebox,Réponse automatique répétitive,"@Rgbag16 La messagerie privée X n’est plus disponible, et nous en sommes désolés Rgbag16\n\nRetrouve..."
1184,1826197746191143334,Freebox,Message automatique Freebox,Réponse automatique répétitive,"@LucideOdile La messagerie privée X n’est plus disponible, et nous en sommes désolés.\n\nPouvez-vous..."
1185,1826199169431699894,Freebox,Message automatique Freebox,Réponse automatique répétitive,"@EslinePierre La messagerie privée X n’est plus disponible, et nous en sommes désolés.\n\nPouvez-vou..."
1186,1826203092812980666,Freebox,Message automatique Freebox,Réponse automatique répétitive,"@soraya_khadir La messagerie privée X n’est plus disponible, et nous en sommes désolés. \n\nRetrouve..."
1187,1826203565133562133,Freebox,Message automatique Freebox,Réponse automatique répétitive,"@KatsukiSet La messagerie privée X n’est plus disponible, et nous en sommes désolés. \n\nRetrouvez-m..."
1193,1826272409592246576,Freebox,Message automatique Freebox,Réponse automatique répétitive,"@AlxTNF La messagerie privée X n’est plus disponible, et nous en sommes désolés.\n\nPouvez-vous nous..."
1203,1826515239464001922,Freebox,Message automatique Freebox,Réponse automatique répétitive,"@FRAziat La messagerie privée X n’est plus disponible, et nous en sommes désolés.\n\nPouvez-vous nou..."
1204,1826515711008661833,Freebox,Message automatique Freebox,Réponse automatique répétitive,"@stunty999 La messagerie privée X n’est plus disponible, et nous en sommes désolés.\n\nPouvez-vous n..."
1205,1826516309875515778,Freebox,Message automatique Freebox,Réponse automatique répétitive,"@meufgenante La messagerie privée X n’est plus disponible, et nous en sommes désolés meufgenante\n\n..."
1206,1826518078798086432,Freebox,Message automatique Freebox,Réponse automatique répétitive,"@clafoutiquirie La messagerie privée X n’est plus disponible, et nous en sommes désolés clafoutiquir..."
1207,1826518556600582488,Freebox,Message automatique Freebox,Réponse automatique répétitive,"@Bber73 La messagerie privée X n’est plus disponible, et nous en sommes désolés.\n\nPouvez-vous nous..."
1208,1826518753187615039,Freebox,Message automatique Freebox,Réponse automatique répétitive,"@JIARui979476 La messagerie privée X n’est plus disponible, et nous en sommes désolés.\n\nPouvez-vou..."
1209,1826519211604111719,Freebox,Message automatique Freebox,Réponse automatique répétitive,"@corenbar La messagerie privée X n’est plus disponible, et nous en sommes désolés.\n\nPouvez-vous no..."
1210,1826520355621486712,Freebox,Message automatique Freebox,Réponse automatique répétitive,"@plmzoo La messagerie privée X n’est plus disponible, et nous en sommes désolés.\n\nPouvez-vous nous..."
1211,1826520784975577214,Freebox,Message automatique Freebox,Réponse automatique répétitive,"@Juliendu75 La messagerie privée X n’est plus disponible, et nous en sommes désolés.\n\nVous n'avez ..."
1212,1826521269392617750,Freebox,Message automatique Freebox,Réponse automatique répétitive,"@Path80s La messagerie privée X n’est plus disponible, et nous en sommes désolés.\n\nVous n'avez pas..."
1213,1826521371049934860,Freebox,Message automatique Freebox,Réponse automatique répétitive,"@XaM0u La messagerie privée X n’est plus disponible, et nous en sommes désolés.\n\nPouvez-vous nous ..."
1214,1826521522040651977,Freebox,Message automatique Freebox,Réponse automatique répétitive,"@Maxoouuuu91 La messagerie privée X n’est plus disponible, et nous en sommes désolés.\n\nPouvez-vous..."
1215,1826521613619073152,Freebox,Message automatique Freebox,Réponse automatique répétitive,"@makinero31 La messagerie privée X n’est plus disponible, et nous en sommes désolés makinero31\n\nRe..."
1216,1826521995216851261,Freebox,Message automatique Freebox,Réponse automatique répétitive,"@Racheltrt28 La messagerie privée X n’est plus disponible, et nous en sommes désolés.\n\nVous n'avez..."
1217,1826522029719241139,Freebox,Message automatique Freebox,Réponse automatique répétitive,"@dowa_shan23446 La messagerie privée X n’est plus disponible, et nous en sommes désolés.\n\nPouvez-v..."
1218,1826522224838283325,Freebox,Message automatique Freebox,Réponse automatique répétitive,"@bernardroy53615 La messagerie privée X n’est plus disponible, et nous en sommes désolés.\n\nPouvez-..."
1219,1826522363262902731,Freebox,Message automatique Freebox,Réponse automatique répétitive,"@NeyteMZ La messagerie privée X n’est plus disponible, et nous en sommes désolés.\n\nVous n'avez pas..."
1221,1826522516824658425,Freebox,Message automatique Freebox,Réponse automatique répétitive,"@elo_lpz La messagerie privée X n’est plus disponible, et nous en sommes désolés.\n\nPouvez-vous nou..."
1222,1826523422072918287,Freebox,Message automatique Freebox,Réponse automatique répétitive,"@Dbaviiiiiie La messagerie privée X n’est plus disponible, et nous en sommes désolés.\n\nPouvez-vous..."
1223,1826523896490623313,Freebox,Message automatique Freebox,Réponse automatique répétitive,"@dege_42 La messagerie privée X n’est plus disponible, et nous en sommes désolés.\n\nVous n'avez pas..."
1224,1826523965570928732,Freebox,Message automatique Freebox,Réponse automatique répétitive,"@Appolo_T La messagerie privée X n’est plus disponible, et nous en sommes désolés.\n\nPouvez-vous no..."
1225,1826524869288149453,Freebox,Message automatique Freebox,Réponse automatique répétitive,"@M4APE La messagerie privée X n’est plus disponible, et nous en sommes désolés.\n\nPouvez-vous nous ..."
1226,1826525496202379322,Freebox,Message automatique Freebox,Réponse automatique répétitive,"@FatoumataNiak27 La messagerie privée X n’est plus disponible, et nous en sommes désolés.\n\nPouvez-..."
1227,1826526471940128791,Freebox,Message automatique Freebox,Réponse automatique répétitive,"@Aptarus La messagerie privée X n’est plus disponible, et nous en sommes désolés.\n\nVous n'avez pas..."
1228,1826526662827102311,Freebox,Message automatique Freebox,Réponse automatique répétitive,"@mathieupassenau La messagerie privée X n’est plus disponible, et nous en sommes désolés.\n\nPouvez-..."
1229,1826526768951415028,Freebox,Message automatique Freebox,Réponse automatique répétitive,"@kenny____61____ La messagerie privée X n’est plus disponible, et nous en sommes désolés kenny____61..."
1230,1826527172095349108,Freebox,Message automatique Freebox,Réponse automatique répétitive,"@MHW2007 La messagerie privée X n’est plus disponible, et nous en sommes désolés.\n\nPouvez-vous nou..."
1231,1826528563010351280,Freebox,Message automatique Freebox,Réponse automatique répétitive,"@DurasMicheline La messagerie privée X n’est plus disponible, et nous en sommes désolés.\n\nPouvez-v..."
1232,1826528678492115025,Freebox,Message automatique Freebox,Réponse automatique répétitive,"@botenebreuse La messagerie privée X n’est plus disponible, et nous en sommes désolés.\n\nPouvez-vou..."
1233,1826529330010153081,Freebox,Message automatique Freebox,Réponse automatique répétitive,"@olivier_dbr La messagerie privée X n’est plus disponible, et nous en sommes désolés.\n\nPouvez-vous..."
1234,1826529666854773017,Freebox,Message automatique Freebox,Réponse automatique répétitive,"@Seb4Ko La messagerie privée X n’est plus disponible, et nous en sommes désolés.\n\nPouvez-vous nous..."
1235,1826529756558377282,Freebox,Message automatique Freebox,Réponse automatique répétitive,"@daniel36363636 La messagerie privée X n’est plus disponible, et nous en sommes désolés.\n\nPouvez-v..."
1236,1826530555900387661,Freebox,Message automatique Freebox,Réponse automatique répétitive,"@carlboehm32 La messagerie privée X n’est plus disponible, et nous en sommes désolés carlboehm32\n\n..."
1237,1826530609893622213,Freebox,Message automatique Freebox,Réponse automatique répétitive,@Mat_in_Auvergne Je suis navré de la gêne occasionnée par ces appels.\n\nAfin de pouvoir faire le né...
1238,1826530677166051735,Freebox,Message automatique Freebox,Réponse automatique répétitive,"@mochizerose La messagerie privée X n’est plus disponible, et nous en sommes désolés.\n\nPouvez-vous..."
1239,1826530885581070549,Freebox,Message automatique Freebox,Réponse automatique répétitive,"@_zxlda La messagerie privée X n’est plus disponible, et nous en sommes désolés _zxlda\n\nRetrouvez-..."
1240,1826531039746855004,Freebox,Message automatique Freebox,Réponse automatique répétitive,"@acursedpumpkin La messagerie privée X n’est plus disponible, et nous en sommes désolés acursedpumpk..."
1241,1826531841160966328,Freebox,Message automatique Freebox,Réponse automatique répétitive,"@Mab_Nod La messagerie privée X n’est plus disponible, et nous en sommes désolés Mab_Nod\n\nRetrouve..."
1242,1826532026003976381,Freebox,Message automatique Freebox,Réponse automatique répétitive,@lsakurayuki Je suis navré de la gêne occasionnée par ces appels.\n\nAfin de pouvoir faire le nécess...
1243,1826532345798607270,Freebox,Message automatique Freebox,Réponse automatique répétitive,"@chicoleziz La messagerie privée X n’est plus disponible, et nous en sommes désolés.\n\nPouvez-vous ..."
1244,1826532824771436920,Freebox,Message automatique Freebox,Réponse automatique répétitive,"@JesusForain La messagerie privée X n’est plus disponible, et nous en sommes désolés.\n\nPouvez-vous..."
1245,1826533144452866329,Freebox,Message automatique Freebox,Réponse automatique répétitive,"@BRUNOVLOGSTUDIO La messagerie privée X n’est plus disponible, et nous en sommes désolés.\n\nPouvez-..."
1246,1826533392936038472,Freebox,Message automatique Freebox,Réponse automatique répétitive,"@kepele313 La messagerie privée X n’est plus disponible, et nous en sommes désolés kepele313\n\nRetr..."
1247,1826533570015265135,Freebox,Message automatique Freebox,Réponse automatique répétitive,"@dadalbator La messagerie privée X n’est plus disponible, et nous en sommes désolés dadalbator\n\nRe..."
1248,1826534023251853634,Freebox,Message automatique Freebox,Réponse automatique répétitive,"@Alfonso_Cabaret La messagerie privée X n’est plus disponible, et nous en sommes désolés.\n\nPouvez-..."
1249,1826535433787855251,Freebox,Message automatique Freebox,Réponse automatique répétitive,"@IssouNonyme @InfoAbonneCanal La messagerie privée X n’est plus disponible, et nous en sommes désolé..."
1250,1826535615040569753,Freebox,Message automatique Freebox,Réponse automatique répétitive,"@pitaparka La messagerie privée X n’est plus disponible, et nous en sommes désolés.\n\nPouvez-vous n..."
1251,1826539793263550952,Freebox,Message automatique Freebox,Réponse automatique répétitive,"@msieurari La messagerie privée X n’est plus disponible, et nous en sommes désolés.\n\nPouvez-vous n..."
1253,1826547267530076420,Freebox,Message automatique Freebox,Réponse automatique répétitive,"@graphfxd62 La messagerie privée X n’est plus disponible, et nous en sommes désolés.\n\nPouvez-vous ..."
1254,1826556687316074894,seblavie94,Spam/Promotion,Spam ou promotion non pertinente,Je suis mecontent de @free @Freebox  depuis ce matin j ai plus internet .. peu apres 11h j ai a nouv...
1255,1826557666308558943,Freebox,Message automatique Freebox,Réponse automatique répétitive,"@ninikowal @Free_1337 La messagerie privée X n’est plus disponible, et nous en sommes désolés.\n\nPo..."
1256,1826561053573943457,Freebox,Message automatique Freebox,Réponse automatique répétitive,"@sthienard La messagerie privée X n’est plus disponible, et nous en sommes désolés.\n\nPour toute de..."
1257,1826561279940571547,Freebox,Message automatique Freebox,Réponse automatique répétitive,"@yannickg1975 La messagerie privée X n’est plus disponible, et nous en sommes désolés.\n\nPouvez-vou..."
1271,1826878059548451035,Freebox,Message automatique Freebox,Réponse automatique répétitive,"@Alananas___ La messagerie privée X n’est plus disponible, et nous en sommes désolés.\nPour toute de..."
1272,1826878537162162519,Freebox,Message automatique Freebox,Réponse automatique répétitive,"@DeadofDragon_80 La messagerie privée X n’est plus disponible, et nous en sommes désolés.\nPour tout..."
1273,1826879215397896522,Freebox,Message automatique Freebox,Réponse automatique répétitive,"@pasteque70 La messagerie privée X n’est plus disponible, et nous en sommes désolés.\nPour toute dem..."
1274,1826879955105443929,Freebox,Message automatique Freebox,Réponse automatique répétitive,"@RealJonas La messagerie privée X n’est plus disponible, et nous en sommes désolés.\nPour toute dema..."
1275,1826881066537246788,Freebox,Message automatique Freebox,Réponse automatique répétitive,"@sthienard La messagerie privée X n’est plus disponible, et nous en sommes désolés.\nPour toute dema..."
1276,1826881225170055357,Freebox,Message automatique Freebox,Réponse automatique répétitive,"@nicolas_thinot La messagerie privée X n’est plus disponible, et nous en sommes désolés.\nPour toute..."
1277,1826882313470288181,Freebox,Message automatique Freebox,Réponse automatique répétitive,"@zwalidez La messagerie privée X n’est plus disponible, et nous en sommes désolés.\nPour toute deman..."
1278,1826883987115049286,Freebox,Message automatique Freebox,Réponse automatique répétitive,"@kiruaZ_7 La messagerie privée X n’est plus disponible, et nous en sommes désolés.\nPour toute deman..."
1280,1826884593330348463,Freebox,Message automatique Freebox,Réponse automatique répétitive,"@lightyvlr La messagerie privée X n’est plus disponible, et nous en sommes désolés.\nPour toute dema..."
1281,1826885828213088583,Freebox,Message automatique Freebox,Réponse automatique répétitive,"@abuhurayraturki La messagerie privée X n’est plus disponible, et nous en sommes désolés.\nPour tout..."
1282,1826886909081067873,Freebox,Message automatique Freebox,Réponse automatique répétitive,"@lafeinteee13 La messagerie privée X n’est plus disponible, et nous en sommes désolés.\nPour toute d..."
1283,1826887918691971303,Freebox,Message automatique Freebox,Réponse automatique répétitive,"@vid78 La messagerie privée X n’est plus disponible, et nous en sommes désolés.\nPour toute demande ..."
1284,1826888161412182189,Freebox,Message automatique Freebox,Réponse automatique répétitive,"@magali0875 La messagerie privée X n’est plus disponible, et nous en sommes désolés.\nPour toute dem..."
1285,1826888530590588991,Freebox,Message automatique Freebox,Réponse automatique répétitive,"@julien_delarue_ La messagerie privée X n’est plus disponible, et nous en sommes désolés.\nPour tout..."
1286,1826888856555110881,Freebox,Message automatique Freebox,Réponse automatique répétitive,"@Eagleone98 La messagerie privée X n’est plus disponible, et nous en sommes désolés.\nPour toute dem..."
1287,1826889446072951075,Freebox,Message automatique Freebox,Réponse automatique répétitive,"@Wrm_Strm La messagerie privée X n’est plus disponible, et nous en sommes désolés.\nPour toute deman..."
1288,1826890375237120119,Freebox,Message automatique Freebox,Réponse automatique répétitive,"@7melca La messagerie privée X n’est plus disponible, et nous en sommes désolés.\nPour toute demande..."
1289,1826890648294678847,Freebox,Message automatique Freebox,Réponse automatique répétitive,"@easyit La messagerie privée X n’est plus disponible, et nous en sommes désolés.\nPour toute demande..."
1290,1826891036943073788,Freebox,Message automatique Freebox,Réponse automatique répétitive,"@LmstMlle La messagerie privée X n’est plus disponible, et nous en sommes désolés.\nPour toute deman..."
1291,1826891424257675322,Freebox,Message automatique Freebox,Réponse automatique répétitive,"@Maths78jl La messagerie privée X n’est plus disponible, et nous en sommes désolés.\nPour toute dema..."
1292,1826893083629224315,Freebox,Message automatique Freebox,Réponse automatique répétitive,"@duo_fiery La messagerie privée X n’est plus disponible, et nous en sommes désolés.\nPour toute dema..."
1293,1826893818366443767,Freebox,Message automatique Freebox,Réponse automatique répétitive,"@NookIncAcnh La messagerie privée X n’est plus disponible, et nous en sommes désolés.\nPour toute de..."
1294,1826895757753913459,Freebox,Message automatique Freebox,Réponse automatique répétitive,"@ThaliaGey La messagerie privée X n’est plus disponible, et nous en sommes désolés.\nPour toute dema..."
1295,1826896138626039897,Freebox,Message automatique Freebox,Réponse automatique répétitive,"@benchristophe La messagerie privée X n’est plus disponible, et nous en sommes désolés.\nPour toute ..."
1296,1826896280020242848,Freebox,Message automatique Freebox,Réponse automatique répétitive,"@twyzou La messagerie privée X n’est plus disponible, et nous en sommes désolés.\nPour toute demande..."
1297,1826897078347321757,Freebox,Message automatique Freebox,Réponse automatique répétitive,"@RatDegoutMaudit La messagerie privée X n’est plus disponible, et nous en sommes désolés.\nPour tout..."
1298,1826898486677197191,Freebox,Message automatique Freebox,Réponse automatique répétitive,"@BVoeckler La messagerie privée X n’est plus disponible, et nous en sommes désolés.\nPour toute dema..."
1300,1826899398728561083,Freebox,Message automatique Freebox,Réponse automatique répétitive,"@Loloscrt La messagerie privée X n’est plus disponible, et nous en sommes désolés.\nPour toute deman..."
1301,1826902883830317093,Freebox,Message automatique Freebox,Réponse automatique répétitive,"@Liammgnr La messagerie privée X n’est plus disponible, et nous en sommes désolés.\nPour toute deman..."
1302,1826904932802306249,Freebox,Message automatique Freebox,Réponse automatique répétitive,"@Helishiak La messagerie privée X n’est plus disponible, et nous en sommes désolés.\nPour toute dema..."
1303,1826905690788495398,Freebox,Message automatique Freebox,Réponse automatique répétitive,"@Julien2542 La messagerie privée X n’est plus disponible, et nous en sommes désolés.\nRetrouvez-moi ..."
1304,1826906361516400938,Freebox,Message automatique Freebox,Réponse automatique répétitive,"@alice_dcnk La messagerie privée X n’est plus disponible, et nous en sommes désolés.\nPour toute dem..."
1305,1826922574225268892,Freebox,Message automatique Freebox,Réponse automatique répétitive,"@MouhamadouTal14 La messagerie privée X n’est plus disponible, et nous en sommes désolés. \n\nRetrou..."
1308,1826976374738780524,Salomerainbow,Autre,Tweet trop court (<20 caractères),Poke @Freebox
1309,1826978075717914865,Freebox,Message automatique Freebox,Réponse automatique répétitive,"@Salomerainbow La messagerie privée X n’est plus disponible, et nous en sommes désolés. \n\nRetrouve..."
1310,1826984519636803584,Freebox,Message automatique Freebox,Réponse automatique répétitive,"@mrbalourd La messagerie X n’est plus disponible, mais je vous propose de nous contacter via Messeng..."
1326,1827322415858237448,jaad_soo,Autre,Tweet trop court (<20 caractères),@free ?
1363,1828059249286496580,Freebox,Message automatique Freebox,Réponse automatique répétitive,"@stefmhb38 La messagerie privée X n’est plus disponible, et nous en sommes désolés.\n\nPouvez-vous n..."
1364,1828059924586193089,Freebox,Message automatique Freebox,Réponse automatique répétitive,"@iseeyou2003 La messagerie privée X n’est plus disponible, et nous en sommes désolés.\n\nPouvez-vous..."
1365,1828060312798453773,Freebox,Message automatique Freebox,Réponse automatique répétitive,"@eliotl007 La messagerie privée X n’est plus disponible, et nous en sommes désolés.\n\nPouvez-vous n..."
1366,1828060578423709815,Freebox,Message automatique Freebox,Réponse automatique répétitive,"@moewmoooew La messagerie privée X n’est plus disponible, et nous en sommes désolés.\n\nPouvez-vous ..."
1367,1828061678853836874,Freebox,Message automatique Freebox,Réponse automatique répétitive,"@ArnaudJouzac La messagerie privée X n’est plus disponible, et nous en sommes désolés.\n\nPour toute..."
1368,1828062363813126336,Freebox,Message automatique Freebox,Réponse automatique répétitive,"@tolissotom La messagerie privée X n’est plus disponible, et nous en sommes désolés.\n\nPouvez-vous ..."
1369,1828062596609544444,Freebox,Message automatique Freebox,Réponse automatique répétitive,"@Rossoneroo7 La messagerie privée X n’est plus disponible, et nous en sommes désolés.\n\nPouvez-vous..."
1370,1828062911677202469,Freebox,Message automatique Freebox,Réponse automatique répétitive,"@Zodiac_73 La messagerie privée X n’est plus disponible, et nous en sommes désolés.\n\nPouvez-vous n..."
1371,1828063222391251358,Freebox,Message automatique Freebox,Réponse automatique répétitive,"@PROSPeRFUN La messagerie privée X n’est plus disponible, et nous en sommes désolés.\n\nPouvez-vous ..."
1372,1828064274364703076,Freebox,Message automatique Freebox,Réponse automatique répétitive,"@IllIIIllIllIIIl La messagerie privée X n’est plus disponible, et nous en sommes désolés IllIIIllIll..."
1373,1828064689986650137,Freebox,Message automatique Freebox,Réponse automatique répétitive,"@Anx6 La messagerie privée X n’est plus disponible, et nous en sommes désolés.\n\nPour toute demande..."
1374,1828065640663396429,Freebox,Message automatique Freebox,Réponse automatique répétitive,"@Marieki6611 La messagerie privée X n’est plus disponible, et nous en sommes désolés Marieki6611\n\n..."
1375,1828066139332559169,Freebox,Message automatique Freebox,Réponse automatique répétitive,"@Guizlly La messagerie privée X n’est plus disponible, et nous en sommes désolés Guizlly\n\nRetrouve..."
1376,1828066422875918605,Freebox,Message automatique Freebox,Réponse automatique répétitive,"@_Ellexa La messagerie privée X n’est plus disponible, et nous en sommes désolés.\n\nPour toute dema..."
1377,1828066845439426739,Freebox,Message automatique Freebox,Réponse automatique répétitive,"@MarieCatin La messagerie privée X n’est plus disponible, et nous en sommes désolés.\n\nPour toute d..."
1378,1828066944844537925,Freebox,Message automatique Freebox,Réponse automatique répétitive,"@SLb_74 La messagerie privée X n’est plus disponible, et nous en sommes désolés SLb_74\n\nRetrouvez-..."
1379,1828067831264493661,Freebox,Message automatique Freebox,Réponse automatique répétitive,"@buissonboi La messagerie privée X n’est plus disponible, et nous en sommes désolés buissonboi\n\nRe..."
1380,1828068077012926589,Freebox,Message automatique Freebox,Réponse automatique répétitive,"@BenoitFrimon La messagerie privée X n’est plus disponible, et nous en sommes désolés.\n\nPouvez-vou..."
1382,1828070148617503035,Freebox,Message automatique Freebox,Réponse automatique répétitive,"@kronnikeTV La messagerie privée X n’est plus disponible, et nous en sommes désolés kronnikeTV\n\nRe..."
1383,1828075047736476007,Freebox,Message automatique Freebox,Réponse automatique répétitive,"@Trafyanis La messagerie privée X n’est plus disponible, et nous en sommes désolés.\n\nPouvez-vous n..."
1384,1828075842217349128,Freebox,Message automatique Freebox,Réponse automatique répétitive,"@Willow_127 La messagerie privée X n’est plus disponible, et nous en sommes désolés.\n\nPouvez-vous ..."
1385,1828075977068449881,Freebox,Message automatique Freebox,Réponse automatique répétitive,"@mattmatt73000 La messagerie privée X n’est plus disponible, et nous en sommes désolés.\n\nPour tout..."
1386,1828077218846634418,Freebox,Message automatique Freebox,Réponse automatique répétitive,"@MizunaraGie La messagerie privée X n’est plus disponible, et nous en sommes désolés.\n\nPouvez-vous..."
1387,1828077238480175130,Freebox,Message automatique Freebox,Réponse automatique répétitive,"@CocoDjodjo7 La messagerie privée X n’est plus disponible, et nous en sommes désolés.\n\nPour toute ..."
1388,1828077527127982233,Freebox,Message automatique Freebox,Réponse automatique répétitive,"@Laetitia_Sn La messagerie privée X n’est plus disponible, et nous en sommes désolés.\n\nVous n'avez..."
1389,1828078183024848969,Freebox,Message automatique Freebox,Réponse automatique répétitive,"@Kitsupied_ La messagerie privée X n’est plus disponible, et nous en sommes désolés.\n\nPour toute d..."
1390,1828078496385552468,Freebox,Message automatique Freebox,Réponse automatique répétitive,"@NoCom2enTQLF La messagerie privée X n’est plus disponible, et nous en sommes désolés.\n\nPour toute..."
1391,1828078624349524035,Freebox,Message automatique Freebox,Réponse automatique répétitive,"@begronurger La messagerie privée X n’est plus disponible, et nous en sommes désolés.\n\nPouvez-vous..."
1392,1828078963693891773,Freebox,Message automatique Freebox,Réponse automatique répétitive,"@mrv8_valentin La messagerie privée X n’est plus disponible, et nous en sommes désolés.\n\nPouvez-vo..."
1393,1828079500422242560,Freebox,Message automatique Freebox,Réponse automatique répétitive,"@chersmokes La messagerie privée X n’est plus disponible, et nous en sommes désolés.\n\nPouvez-vous ..."
1394,1828079622019268982,Freebox,Message automatique Freebox,Réponse automatique répétitive,"@kbr68_ La messagerie privée X n’est plus disponible, et nous en sommes désolés.\n\nPour toute deman..."
1395,1828079884981199065,Freebox,Message automatique Freebox,Réponse automatique répétitive,"@WarTrooZfn La messagerie privée X n’est plus disponible, et nous en sommes désolés.\n\nPour toute d..."
1396,1828080908659761507,Freebox,Message automatique Freebox,Réponse automatique répétitive,"@ilax35z La messagerie privée X n’est plus disponible, et nous en sommes désolés.\n\nPour toute dema..."
1397,1828081241972670560,Freebox,Message automatique Freebox,Réponse automatique répétitive,"@rBrillet La messagerie privée X n’est plus disponible, et nous en sommes désolés.\n\nPour toute dem..."
1398,1828081438052253972,Freebox,Message automatique Freebox,Réponse automatique répétitive,"@gonulkevioglu La messagerie privée X n’est plus disponible, et nous en sommes désolés.\n\nPouvez-vo..."
1400,1828081903397711900,Freebox,Message automatique Freebox,Réponse automatique répétitive,"@Kevin_Angama La messagerie privée X n’est plus disponible, et nous en sommes désolés.\n\nPouvez-vou..."
1401,1828082195384176690,Freebox,Message automatique Freebox,Réponse automatique répétitive,"@FabienBouns La messagerie privée X n’est plus disponible, et nous en sommes désolés.\n\nPouvez-vous..."
1402,1828082965076738245,Freebox,Message automatique Freebox,Réponse automatique répétitive,"@iHassanCann La messagerie privée X n’est plus disponible, et nous en sommes désolés.\n\nPouvez-vous..."
1403,1828083241321943103,Freebox,Message automatique Freebox,Réponse automatique répétitive,"@Haabzeinberg La messagerie privée X n’est plus disponible, et nous en sommes désolés.\n\nPour toute..."
1404,1828083539734114496,Freebox,Message automatique Freebox,Réponse automatique répétitive,"@Alex_Lansky La messagerie privée X n’est plus disponible, et nous en sommes désolés.\n\nPour toute ..."
1405,1828083925295497477,Freebox,Message automatique Freebox,Réponse automatique répétitive,"@b_mtnd La messagerie privée X n’est plus disponible, et nous en sommes désolés.\n\nPour toute deman..."
1406,1828084220863951109,Freebox,Message automatique Freebox,Réponse automatique répétitive,"@autocarParisien La messagerie privée X n’est plus disponible, et nous en sommes désolés.\n\nPour to..."
1407,1828088264525242498,Freebox,Message automatique Freebox,Réponse automatique répétitive,"@LeJohJoh La messagerie privée X n’est plus disponible, et nous en sommes désolés.\n\nPour toute dem..."
1408,1828088670638817641,Freebox,Message automatique Freebox,Réponse automatique répétitive,"@nouzretteu La messagerie privée X n’est plus disponible, et nous en sommes désolés.\n\nPouvez-vous ..."
1409,1828088726829854935,Freebox,Message automatique Freebox,Réponse automatique répétitive,"@ke_drzz La messagerie privée X n’est plus disponible, et nous en sommes désolés.\n\nPour toute dema..."
1410,1828089350761934999,Freebox,Message automatique Freebox,Réponse automatique répétitive,"@david_ducrocq62 La messagerie privée X n’est plus disponible, et nous en sommes désolés.\n\nPouvez-..."
1421,1828409023428735181,Freebox,Message automatique Freebox,Réponse automatique répétitive,"@LaurentCREPET La messagerie privée X n’est plus disponible, et nous en sommes désolés.\nRetrouvez-m..."
1424,1828426921182384466,Freebox,Message automatique Freebox,Réponse automatique répétitive,"@Frenchy_Mars La messagerie privée X n’est plus disponible, et nous en sommes désolés.\nPour toute d..."
1425,1828427316172652725,Freebox,Message automatique Freebox,Réponse automatique répétitive,"@FranckScuotto La messagerie privée X n’est plus disponible, et nous en sommes désolés.\nPour toute ..."
1426,1828429396639617230,Freebox,Message automatique Freebox,Réponse automatique répétitive,"@BerettaOfficiel La messagerie privée X n’est plus disponible, et nous en sommes désolés.\nPour tout..."
1427,1828431127528235313,Freebox,Message automatique Freebox,Réponse automatique répétitive,"@_Cizik_ La messagerie privée X n’est plus disponible, et nous en sommes désolés.\nPour toute demand..."
1428,1828431973695496593,Freebox,Message automatique Freebox,Réponse automatique répétitive,"@RequenaRenaud La messagerie privée X n’est plus disponible, et nous en sommes désolés.\nPour toute ..."
1429,1828432527465332827,Freebox,Message automatique Freebox,Réponse automatique répétitive,"@Aria7Eyes La messagerie privée X n’est plus disponible, et nous en sommes désolés.\nPour toute dema..."
1430,1828432649033076805,Freebox,Message automatique Freebox,Réponse automatique répétitive,"@zzenei La messagerie privée X n’est plus disponible, et nous en sommes désolés.\nPour toute demande..."
1446,1828738620481581305,Freebox,Message automatique Freebox,Réponse automatique répétitive,"@QMeriaux La messagerie privée X n’est plus disponible, et nous en sommes désolés. \n\nRetrouvez-moi..."
1447,1828750447235989584,Freebox,Message automatique Freebox,Réponse automatique répétitive,"@Ceddup La messagerie privée X n’est plus disponible, et nous en sommes désolés Ceddup\n\nRetrouvez-..."
1468,1829052131917054298,Freebox,Message automatique Freebox,Réponse automatique répétitive,@_aurorem La messagerie X n’est plus disponible. Mais je vous propose de nous contacter via Messenge...
1469,1829053020182577243,Freebox,Message automatique Freebox,Réponse automatique répétitive,@acasado_chan La messagerie X n’est plus disponible. Mais je vous propose de nous contacter via Mess...
1470,1829053042211057983,Freebox,Message automatique Freebox,Réponse automatique répétitive,@tad_ar_vro La messagerie X n’est plus disponible.\nJe vous propose de nous contacter en priorité vi...
1471,1829053422085026100,Freebox,Message automatique Freebox,Réponse automatique répétitive,@SaulGoodBetter La messagerie X n’est plus disponible.\nJe vous propose de nous contacter en priorit...
1472,1829053858061967380,Freebox,Message automatique Freebox,Réponse automatique répétitive,@AD_Mlt_ La messagerie X n’est plus disponible.\nJe vous propose de nous contacter en priorité via M...
1473,1829054208512872876,Freebox,Message automatique Freebox,Réponse automatique répétitive,@HRT4TTCK La messagerie X n’est plus disponible.\nJe vous propose de nous contacter en priorité via ...
1474,1829054694695620675,Freebox,Message automatique Freebox,Réponse automatique répétitive,@ArkaneFr La messagerie X n’est plus disponible.\nJe vous propose de nous contacter en priorité via ...
1475,1829054898870026401,Freebox,Message automatique Freebox,Réponse automatique répétitive,@YSamarati La messagerie X n’est plus disponible. Mais je vous propose de nous contacter via Messeng...
1476,1829055101467599262,Freebox,Message automatique Freebox,Réponse automatique répétitive,@__si_mon La messagerie X n’est plus disponible. Mais je vous propose de nous contacter via Messenge...
1477,1829055998943789086,Freebox,Message automatique Freebox,Réponse automatique répétitive,@incognitoo273 La messagerie X n’est plus disponible. Mais je vous propose de nous contacter via Mes...
1478,1829056076756529613,Freebox,Message automatique Freebox,Réponse automatique répétitive,@thunder5962 La messagerie X n’est plus disponible.\nJe vous propose de nous contacter en priorité v...
1479,1829056728031166606,Freebox,Message automatique Freebox,Réponse automatique répétitive,@rohel65 La messagerie X n’est plus disponible. Mais je vous propose de nous contacter via Messenger...
1480,1829057856148050349,Freebox,Message automatique Freebox,Réponse automatique répétitive,@DaveForgis La messagerie X n’est plus disponible.\nJe vous propose de nous contacter en priorité vi...
1481,1829058096867541253,Freebox,Message automatique Freebox,Réponse automatique répétitive,@HipiasPSYfr La messagerie X n’est plus disponible. Mais je vous propose de nous contacter via Messe...
1482,1829058561978048754,Freebox,Message automatique Freebox,Réponse automatique répétitive,@leane_202 La messagerie X n’est plus disponible. Mais je vous propose de nous contacter via Messeng...
1483,1829059412209635425,Freebox,Message automatique Freebox,Réponse automatique répétitive,@Ryou00212 La messagerie X n’est plus disponible. Mais je vous propose de nous contacter via Messeng...
1484,1829060345027031452,Freebox,Message automatique Freebox,Réponse automatique répétitive,@jesappellevoldy La messagerie X n’est plus disponible. Mais je vous propose de nous contacter via M...
1486,1829060671440408972,Freebox,Message automatique Freebox,Réponse automatique répétitive,@Shye_TF La messagerie X n’est plus disponible.\nJe vous propose de nous contacter en priorité via M...
1487,1829061462297321536,Freebox,Message automatique Freebox,Réponse automatique répétitive,@seblavie94 La messagerie X n’est plus disponible.\nJe vous propose de nous contacter en priorité vi...
1488,1829063747450642871,Freebox,Message automatique Freebox,Réponse automatique répétitive,@Brkwst94 La messagerie X n’est plus disponible.\nJe vous propose de nous contacter en priorité via ...
1489,1829064549774864395,Freebox,Message automatique Freebox,Réponse automatique répétitive,@FleyoTv La messagerie X n’est plus disponible. Mais je vous propose de nous contacter via Messenger...
1490,1829064896668901676,Freebox,Message automatique Freebox,Réponse automatique répétitive,@RFswiss La messagerie X n’est plus disponible.\nJe vous propose de nous contacter en priorité via M...
1491,1829065490179690617,Freebox,Message automatique Freebox,Réponse automatique répétitive,@THeimano La messagerie X n’est plus disponible. Mais je vous propose de nous contacter via Messenge...
1492,1829065910394527879,Freebox,Message automatique Freebox,Réponse automatique répétitive,@Nalalana13 La messagerie X n’est plus disponible. Mais je vous propose de nous contacter via Messen...
1493,1829066606305059050,Freebox,Message automatique Freebox,Réponse automatique répétitive,@lexxodj La messagerie X n’est plus disponible. Mais je vous propose de nous contacter via Messenger...
1495,1829067820065317129,Freebox,Message automatique Freebox,Réponse automatique répétitive,@Martinjj62 Je suis navré de la gêne occasionnée par ces appels Martinjj62.\nAfin de pouvoir faire l...
1496,1829068037338669175,Freebox,Message automatique Freebox,Réponse automatique répétitive,@MrCapitano1 La messagerie X n’est plus disponible.\nJe vous propose de nous contacter en priorité v...
1497,1829069347840463028,Freebox,Message automatique Freebox,Réponse automatique répétitive,@user_xYzz La messagerie X n’est plus disponible. Mais je vous propose de nous contacter via Messeng...
1498,1829070368662806639,Freebox,Message automatique Freebox,Réponse automatique répétitive,@Grecipon1 La messagerie X n’est plus disponible. Mais je vous propose de nous contacter via Messeng...
1499,1829072517136257134,Freebox,Message automatique Freebox,Réponse automatique répétitive,@elo_lpz La messagerie X n’est plus disponible.\nJe vous propose de nous contacter en priorité via M...
1500,1829073667268988987,Freebox,Message automatique Freebox,Réponse automatique répétitive,@karitex75 La messagerie X n’est plus disponible.\nJe vous propose de nous contacter en priorité via...
1501,1829073743655645583,Freebox,Message automatique Freebox,Réponse automatique répétitive,@EmiliaMala47827 La messagerie X n’est plus disponible. Mais je vous propose de nous contacter via M...
1502,1829076099692667359,Freebox,Message automatique Freebox,Réponse automatique répétitive,@durant6901 La messagerie X n’est plus disponible.\nJe vous propose de nous contacter en priorité vi...
1503,1829077772502704306,Freebox,Message automatique Freebox,Réponse automatique répétitive,@Kisuuuuuuuuke La messagerie X n’est plus disponible.\nJe vous propose de nous contacter en priorité...
1504,1829077822733738385,Freebox,Message automatique Freebox,Réponse automatique répétitive,@Twibault La messagerie X n’est plus disponible. Mais je vous propose de nous contacter via Messenge...
1505,1829078705886404999,Freebox,Message automatique Freebox,Réponse automatique répétitive,@LeD0ck_ La messagerie X n’est plus disponible.\nJe vous propose de nous contacter en priorité via M...
1506,1829079524719337495,Freebox,Message automatique Freebox,Réponse automatique répétitive,@MiniSuzyQ64 La messagerie X n’est plus disponible.\nJe vous propose de nous contacter en priorité v...
1507,1829079818522021909,Freebox,Message automatique Freebox,Réponse automatique répétitive,@anthonybertiaux La messagerie X n’est plus disponible. Mais je vous propose de nous contacter via M...
1508,1829080460086984805,Freebox,Message automatique Freebox,Réponse automatique répétitive,@yohann_sah La messagerie X n’est plus disponible. Mais je vous propose de nous contacter via Messen...
1509,1829081047457239500,Freebox,Message automatique Freebox,Réponse automatique répétitive,@mickaigle La messagerie X n’est plus disponible. Mais je vous propose de nous contacter via Messeng...
1510,1829081468691165551,Freebox,Message automatique Freebox,Réponse automatique répétitive,@Janelassia La messagerie X n’est plus disponible. Mais je vous propose de nous contacter via Messen...
1511,1829081607187181822,Freebox,Message automatique Freebox,Réponse automatique répétitive,@Neeneliyah La messagerie X n’est plus disponible. Mais je vous propose de nous contacter via Messen...
1524,1829414504867733782,Freebox,Message automatique Freebox,Réponse automatique répétitive,"@rebeca_nsuka La messagerie privée X n’est plus disponible, et nous en sommes désolés.\nEn cas de be..."
1525,1829414941872255083,Freebox,Message automatique Freebox,Réponse automatique répétitive,"@perso_nono La messagerie privée X n’est plus disponible, et nous en sommes désolés.\nEn cas de beso..."
1526,1829415277278212108,Freebox,Message automatique Freebox,Réponse automatique répétitive,"@KatsukiSet La messagerie privée X n’est plus disponible, et nous en sommes désolés.\nEn cas de beso..."
1527,1829415750987047358,Freebox,Message automatique Freebox,Réponse automatique répétitive,"@floflo530 La messagerie privée X n’est plus disponible, et nous en sommes désolés.\nEn cas de besoi..."
1528,1829415983028519356,Freebox,Message automatique Freebox,Réponse automatique répétitive,"@Benilebarge La messagerie privée X n’est plus disponible, et nous en sommes désolés.\nEn cas de bes..."
1529,1829416369374339450,Freebox,Message automatique Freebox,Réponse automatique répétitive,"@Laury_bro971 La messagerie privée X n’est plus disponible, et nous en sommes désolés.\nEn cas de be..."
1530,1829416966810910723,Freebox,Message automatique Freebox,Réponse automatique répétitive,"@ptnjaimelavie La messagerie privée X n’est plus disponible, et nous en sommes désolés.\nEn cas de b..."
1531,1829417084217933908,Freebox,Message automatique Freebox,Réponse automatique répétitive,"@Juliek77531286 La messagerie privée X n’est plus disponible, et nous en sommes désolés.\nEn cas de ..."
1532,1829417354058428470,Freebox,Message automatique Freebox,Réponse automatique répétitive,"@jaad_soo La messagerie privée X n’est plus disponible, et nous en sommes désolés.\nEn cas de besoin..."
1533,1829417858780066183,Freebox,Message automatique Freebox,Réponse automatique répétitive,"@AlbanStramare La messagerie privée X n’est plus disponible, et nous en sommes désolés.\nEn cas de b..."
1534,1829418069711561178,Freebox,Message automatique Freebox,Réponse automatique répétitive,"@nico_poir La messagerie privée X n’est plus disponible, et nous en sommes désolés.\nEn cas de besoi..."
1535,1829418406069637581,Freebox,Message automatique Freebox,Réponse automatique répétitive,"@Michel2laude La messagerie privée X n’est plus disponible, et nous en sommes désolés.\nEn cas de be..."
1536,1829419182804320518,Freebox,Message automatique Freebox,Réponse automatique répétitive,"@79snce La messagerie privée X n’est plus disponible, et nous en sommes désolés.\nEn cas de besoin, ..."
1537,1829420484288467022,Freebox,Message automatique Freebox,Réponse automatique répétitive,"@_Zepioz La messagerie privée X n’est plus disponible, et nous en sommes désolés.\nEn cas de besoin,..."
1538,1829422644850049212,Freebox,Message automatique Freebox,Réponse automatique répétitive,"@HugoStg10 La messagerie privée X n’est plus disponible, et nous en sommes désolés.\nEn cas de besoi..."
1539,1829423209457778800,Freebox,Message automatique Freebox,Réponse automatique répétitive,"@iscoshow La messagerie privée X n’est plus disponible, et nous en sommes désolés.\nEn cas de besoin..."
1540,1829423626094788691,Freebox,Message automatique Freebox,Réponse automatique répétitive,"@TflgPete La messagerie privée X n’est plus disponible, et nous en sommes désolés.\nEn cas de besoin..."
1541,1829424510304444779,Freebox,Message automatique Freebox,Réponse automatique répétitive,"@TflgPete La messagerie privée X n’est plus disponible, et nous en sommes désolés.\nEn cas de besoin..."
1542,1829425136996348400,Freebox,Message automatique Freebox,Réponse automatique répétitive,"@KhaledNooraully La messagerie privée X n’est plus disponible, et nous en sommes désolés.\nEn cas de..."
1543,1829426721591841007,Freebox,Message automatique Freebox,Réponse automatique répétitive,"@Fabdesrosiers La messagerie privée X n’est plus disponible, et nous en sommes désolés.\nEn cas de b..."
1544,1829427127717961905,Freebox,Message automatique Freebox,Réponse automatique répétitive,"@inspecteurcrou1 La messagerie privée X n’est plus disponible, et nous en sommes désolés.\nEn cas de..."
1545,1829427371541135498,Freebox,Message automatique Freebox,Réponse automatique répétitive,"@Antoine_Oxi La messagerie privée X n’est plus disponible, et nous en sommes désolés.\nEn cas de bes..."
1546,1829427961994350931,Freebox,Message automatique Freebox,Réponse automatique répétitive,"@natation78 La messagerie privée X n’est plus disponible, et nous en sommes désolés.\nEn cas de beso..."
1547,1829428804084740521,Freebox,Message automatique Freebox,Réponse automatique répétitive,"@humain_canin La messagerie privée X n’est plus disponible, et nous en sommes désolés.\nEn cas de be..."
1548,1829430030545338510,Freebox,Message automatique Freebox,Réponse automatique répétitive,"@HHhannibaLL La messagerie privée X n’est plus disponible, et nous en sommes désolés.\nEn cas de bes..."
1549,1829431722322137250,Freebox,Message automatique Freebox,Réponse automatique répétitive,"@ptnjaimelavie La messagerie privée X n’est plus disponible, et nous en sommes désolés.\nEn cas de b..."
1550,1829432722898530305,Freebox,Message automatique Freebox,Réponse automatique répétitive,"@Cmti_ La messagerie privée X n’est plus disponible, et nous en sommes désolés.\nEn cas de besoin, j..."
1551,1829433016118079761,Freebox,Message automatique Freebox,Réponse automatique répétitive,"@hervedecampos La messagerie privée X n’est plus disponible, et nous en sommes désolés.\nEn cas de b..."
1552,1829433308159037633,Freebox,Message automatique Freebox,Réponse automatique répétitive,"@Baptiste_RLC95 La messagerie privée X n’est plus disponible, et nous en sommes désolés.\nEn cas de ..."
1553,1829433516750196938,Freebox,Message automatique Freebox,Réponse automatique répétitive,"@welofn La messagerie privée X n’est plus disponible, et nous en sommes désolés.\nEn cas de besoin, ..."
1554,1829433699860955473,Freebox,Message automatique Freebox,Réponse automatique répétitive,"@_BellatorDei_ La messagerie privée X n’est plus disponible, et nous en sommes désolés.\nEn cas de b..."
1556,1829435098409611575,Freebox,Message automatique Freebox,Réponse automatique répétitive,"@socallthemlarry La messagerie privée X n’est plus disponible, et nous en sommes désolés.\nEn cas de..."
1557,1829436094082932743,Freebox,Message automatique Freebox,Réponse automatique répétitive,"@Johanalyse La messagerie privée X n’est plus disponible, et nous en sommes désolés.\nEn cas de beso..."
1558,1829436797421502510,Freebox,Message automatique Freebox,Réponse automatique répétitive,"@mickyrouen La messagerie privée X n’est plus disponible, et nous en sommes désolés.\nEn cas de beso..."
1583,1830474345170268294,BusyspiderFr,Spam/Promotion,Spam ou promotion non pertinente,MAJ avec refonte total du tuto🕷️ Rattachement Player Devialet. Migration depuis le nouvel abonnement...
1591,1830592037495652500,Freebox,Message automatique Freebox,Réponse automatique répétitive,"@dogue_allemand La messagerie privée X n’est plus disponible, et nous en sommes désolés. \n\nJe vous..."
1592,1830593058838065337,Freebox,Message automatique Freebox,Réponse automatique répétitive,"@thirty4seventy5 La messagerie privée X n’est plus disponible, et nous en sommes désolés. \n\nJe vou..."
1593,1830593494215246035,Freebox,Message automatique Freebox,Réponse automatique répétitive,@BruceWayne055 La messagerie X n’est plus disponible. Mais je vous propose de nous contacter via Mes...
1594,1830593819424776525,Freebox,Message automatique Freebox,Réponse automatique répétitive,@_akihirox_ La messagerie X n’est plus disponible. Mais je vous propose de nous contacter via Messen...
1595,1830594377573380591,Freebox,Message automatique Freebox,Réponse automatique répétitive,@TOOooORIST La messagerie X n’est plus disponible.\nJe vous propose de nous contacter en priorité vi...
1596,1830595221689635310,Freebox,Message automatique Freebox,Réponse automatique répétitive,@ArenaFNN La messagerie X n’est plus disponible. Mais je vous propose de nous contacter via Messenge...
1597,1830596503276073077,Freebox,Message automatique Freebox,Réponse automatique répétitive,@___brainz___ La messagerie X n’est plus disponible. Mais je vous propose de nous contacter via Mess...
1599,1830596771061301531,Freebox,Message automatique Freebox,Réponse automatique répétitive,@Caroline_Cts Je suis navré de la gêne occasionnée par ces appels Caroline_Cts.\nAfin de pouvoir fai...
1600,1830597100180042056,Freebox,Message automatique Freebox,Réponse automatique répétitive,@YCasting9494 La messagerie X n’est plus disponible.\nJe vous propose de nous contacter en priorité ...
1601,1830597144517947572,Freebox,Message automatique Freebox,Réponse automatique répétitive,@Tiffanylecadie1 La messagerie X n’est plus disponible. Mais je vous propose de nous contacter via M...
1602,1830601169766428909,Freebox,Message automatique Freebox,Réponse automatique répétitive,@DamienGt2 La messagerie X n’est plus disponible.\nJe vous propose de nous contacter en priorité via...
1603,1830601467037642961,Freebox,Message automatique Freebox,Réponse automatique répétitive,@nymph3aa_ La messagerie X n’est plus disponible. Mais je vous propose de nous contacter via Messeng...
1604,1830605412145545491,Freebox,Message automatique Freebox,Réponse automatique répétitive,@Jean_Aiplinle La messagerie X n’est plus disponible.\nJe vous propose de nous contacter en priorité...
1605,1830608230445203926,Freebox,Message automatique Freebox,Réponse automatique répétitive,@EllaVerite La messagerie X n’est plus disponible.\nJe vous propose de nous contacter en priorité vi...
1606,1830608410795983346,Freebox,Message automatique Freebox,Réponse automatique répétitive,@priscil28921554 @free La messagerie X n’est plus disponible.\nJe vous propose de nous contacter en ...
1607,1830608989278650713,Freebox,Message automatique Freebox,Réponse automatique répétitive,@rbdx45 La messagerie X n’est plus disponible.\nJe vous propose de nous contacter en priorité via Me...
1608,1830611195520253965,Freebox,Message automatique Freebox,Réponse automatique répétitive,@julian_m83 La messagerie X n’est plus disponible.\nJe vous propose de nous contacter en priorité vi...
1609,1830611556192637266,Freebox,Message automatique Freebox,Réponse automatique répétitive,@safhoa La messagerie X n’est plus disponible.\nJe vous propose de nous contacter en priorité via Me...
1610,1830612277159977447,Freebox,Message automatique Freebox,Réponse automatique répétitive,@loutox__ La messagerie X n’est plus disponible.\nJe vous propose de nous contacter en priorité via ...
1611,1830613775398924289,Freebox,Message automatique Freebox,Réponse automatique répétitive,@mangiprint La messagerie X n’est plus disponible.\nJe vous propose de nous contacter en priorité vi...
1612,1830615023439220857,Freebox,Message automatique Freebox,Réponse automatique répétitive,@69_sben La messagerie X n’est plus disponible.\nJe vous propose de nous contacter en priorité via M...
1613,1830616307022053720,Freebox,Message automatique Freebox,Réponse automatique répétitive,@Vallily09 La messagerie X n’est plus disponible.\nJe vous propose de nous contacter en priorité via...
1614,1830617546048856098,Freebox,Message automatique Freebox,Réponse automatique répétitive,@Lasdepik_ La messagerie X n’est plus disponible.\nJe vous propose de nous contacter en priorité via...
1615,1830618007950741880,Freebox,Message automatique Freebox,Réponse automatique répétitive,@lapinouu66 La messagerie X n’est plus disponible.\nJe vous propose de nous contacter en priorité vi...
1616,1830618344338157618,Freebox,Message automatique Freebox,Réponse automatique répétitive,@_Sukeshi La messagerie X n’est plus disponible.\nJe vous propose de nous contacter en priorité via ...
1646,1830931554853392626,Freebox,Message automatique Freebox,Réponse automatique répétitive,"@i_m_ella La messagerie privée X n’est plus disponible, et nous en sommes désolés.\nEn cas de besoin..."
1647,1830931832981926265,Freebox,Message automatique Freebox,Réponse automatique répétitive,"@RiriBestWaifu La messagerie privée X n’est plus disponible, et nous en sommes désolés.\nEn cas de b..."
1648,1830932785286017368,Freebox,Message automatique Freebox,Réponse automatique répétitive,"@VizcaDom La messagerie privée X n’est plus disponible, et nous en sommes désolés.\nEn cas de besoin..."
1649,1830933029813907654,Freebox,Message automatique Freebox,Réponse automatique répétitive,"@i_m_ella La messagerie privée X n’est plus disponible, et nous en sommes désolés.\nEn cas de besoin..."
1650,1830933694321733899,Freebox,Message automatique Freebox,Réponse automatique répétitive,"@CouscousHybride La messagerie privée X n’est plus disponible, et nous en sommes désolés.\nEn cas de..."
1651,1830934287324942638,Freebox,Message automatique Freebox,Réponse automatique répétitive,"@claara_lgr La messagerie privée X n’est plus disponible, et nous en sommes désolés.\nEn cas de beso..."
1652,1830934920128065763,Freebox,Message automatique Freebox,Réponse automatique répétitive,"@aloco_poulet La messagerie privée X n’est plus disponible, et nous en sommes désolés.\nEn cas de be..."
1653,1830935776084848823,Freebox,Message automatique Freebox,Réponse automatique répétitive,"@vanessa_leroy La messagerie privée X n’est plus disponible, et nous en sommes désolés.\nEn cas de b..."
1654,1830935952870502908,Freebox,Message automatique Freebox,Réponse automatique répétitive,"@Onesso_off La messagerie privée X n’est plus disponible, et nous en sommes désolés.\nEn cas de beso..."
1655,1830936885675373050,Freebox,Message automatique Freebox,Réponse automatique répétitive,"@CecileSain5269 La messagerie privée X n’est plus disponible, et nous en sommes désolés.\nEn cas de ..."
1657,1830938178980577573,Freebox,Message automatique Freebox,Réponse automatique répétitive,"@Leyila_2 La messagerie privée X n’est plus disponible, et nous en sommes désolés.\nEn cas de besoin..."
1658,1830938533323812913,Freebox,Message automatique Freebox,Réponse automatique répétitive,"@moonakaas La messagerie privée X n’est plus disponible, et nous en sommes désolés.\nEn cas de besoi..."
1659,1830938862702534909,Freebox,Message automatique Freebox,Réponse automatique répétitive,"@HForaux La messagerie privée X n’est plus disponible, et nous en sommes désolés.\nEn cas de besoin,..."
1660,1830939044353622232,Freebox,Message automatique Freebox,Réponse automatique répétitive,"@_MarieAn La messagerie privée X n’est plus disponible, et nous en sommes désolés.\nEn cas de besoin..."
1661,1830939257214480424,Freebox,Message automatique Freebox,Réponse automatique répétitive,"@oussdzzz La messagerie privée X n’est plus disponible, et nous en sommes désolés.\nEn cas de besoin..."
1662,1830939473707671917,Freebox,Message automatique Freebox,Réponse automatique répétitive,"@MMazingue La messagerie privée X n’est plus disponible, et nous en sommes désolés.\nEn cas de besoi..."
1663,1830939666020704687,Freebox,Message automatique Freebox,Réponse automatique répétitive,"@raulfos1 La messagerie privée X n’est plus disponible, et nous en sommes désolés.\nEn cas de besoin..."
1664,1830940554869313932,Freebox,Message automatique Freebox,Réponse automatique répétitive,"@flotraveller La messagerie privée X n’est plus disponible, et nous en sommes désolés.\nEn cas de be..."
1665,1830940826647527592,Freebox,Message automatique Freebox,Réponse automatique répétitive,"@KROKKERZ La messagerie privée X n’est plus disponible, et nous en sommes désolés.\nEn cas de besoin..."
1666,1830941577637687586,Freebox,Message automatique Freebox,Réponse automatique répétitive,"@Neph_city_girl La messagerie privée X n’est plus disponible, et nous en sommes désolés.\nEn cas de ..."
1667,1830941780272902536,Freebox,Message automatique Freebox,Réponse automatique répétitive,"@Benjamin2BR La messagerie privée X n’est plus disponible, et nous en sommes désolés.\nEn cas de bes..."
1668,1830941956697997648,Freebox,Message automatique Freebox,Réponse automatique répétitive,"@lazhonguoren La messagerie privée X n’est plus disponible, et nous en sommes désolés.\nEn cas de be..."
1669,1830942133911531566,Freebox,Message automatique Freebox,Réponse automatique répétitive,"@MillieBarwen2 La messagerie privée X n’est plus disponible, et nous en sommes désolés.\nEn cas de b..."
1670,1830945860361883759,Freebox,Message automatique Freebox,Réponse automatique répétitive,"@citation127 La messagerie privée X n’est plus disponible, et nous en sommes désolés.\nEn cas de bes..."
1671,1830946221596225901,Freebox,Message automatique Freebox,Réponse automatique répétitive,"@recnoa_ La messagerie privée X n’est plus disponible, et nous en sommes désolés.\nEn cas de besoin,..."
1672,1830946660257530120,Freebox,Message automatique Freebox,Réponse automatique répétitive,"@ledestindequi La messagerie privée X n’est plus disponible, et nous en sommes désolés.\nEn cas de b..."
1673,1830946903518806293,Freebox,Message automatique Freebox,Réponse automatique répétitive,"@twik_twok La messagerie privée X n’est plus disponible, et nous en sommes désolés.\nEn cas de besoi..."
1674,1830947245492949185,Freebox,Message automatique Freebox,Réponse automatique répétitive,"@mademoizelle81 La messagerie privée X n’est plus disponible, et nous en sommes désolés.\nEn cas de ..."
1675,1830947452888715697,Freebox,Message automatique Freebox,Réponse automatique répétitive,"@FRAziat La messagerie privée X n’est plus disponible, et nous en sommes désolés.\nEn cas de besoin,..."
1676,1830948117920837743,Freebox,Message automatique Freebox,Réponse automatique répétitive,"@dabonbon2 La messagerie privée X n’est plus disponible, et nous en sommes désolés.\nEn cas de besoi..."
1677,1830948561992770035,Freebox,Message automatique Freebox,Réponse automatique répétitive,"@PierrOM26 La messagerie privée X n’est plus disponible, et nous en sommes désolés.\nEn cas de besoi..."
1680,1830961749572366777,Freebox,Message automatique Freebox,Réponse automatique répétitive,"@92ZoZo La messagerie privée X n’est plus disponible, et nous en sommes désolés.\nPour toute demande..."
1690,1831021751389573350,Freebox,Message automatique Freebox,Réponse automatique répétitive,"@__lissahong La messagerie privée X n’est plus disponible, et nous en sommes désolés. \n\nRetrouvez-..."
1729,1831588801497514227,Freebox,Message automatique Freebox,Réponse automatique répétitive,"@KLMN12228 La messagerie privée X n’est plus disponible, et nous en sommes désolés.\nPour toute dema..."
1730,1831590012212654472,Freebox,Message automatique Freebox,Réponse automatique répétitive,"@flotraveller La messagerie privée X n’est plus disponible, et nous en sommes désolés. \n\nRetrouvez..."
1731,1831591259019911439,Freebox,Message automatique Freebox,Réponse automatique répétitive,"@srk2492 La messagerie privée X n’est plus disponible, et nous en sommes désolés. \n\nRetrouvez-moi ..."
1732,1831591446215872979,Freebox,Message automatique Freebox,Réponse automatique répétitive,"@Gogtamaru La messagerie privée X n’est plus disponible, et nous en sommes désolés. \n\nRetrouvez-mo..."
1733,1831591718904381704,Freebox,Message automatique Freebox,Réponse automatique répétitive,"@al_betino La messagerie privée X n’est plus disponible, et nous en sommes désolés.\nPour toute dema..."
1734,1831592145335034090,Freebox,Message automatique Freebox,Réponse automatique répétitive,"@TProds La messagerie privée X n’est plus disponible, et nous en sommes désolés.\nPour toute demande..."
1735,1831592402110267708,Freebox,Message automatique Freebox,Réponse automatique répétitive,"@redskins21sl88 La messagerie privée X n’est plus disponible, et nous en sommes désolés.\nRetrouvez-..."
1736,1831592549682663849,Freebox,Message automatique Freebox,Réponse automatique répétitive,"@ben_aub La messagerie privée X n’est plus disponible, et nous en sommes désolés. \n\nRetrouvez-moi ..."
1737,1831593749224341608,Freebox,Message automatique Freebox,Réponse automatique répétitive,"@chrischampy La messagerie privée X n’est plus disponible, et nous en sommes désolés.\nPour toute de..."
1738,1831594753256837477,Freebox,Message automatique Freebox,Réponse automatique répétitive,"@chatainsim La messagerie privée X n’est plus disponible, et nous en sommes désolés.\nPour toute dem..."
1739,1831595345979040123,Freebox,Message automatique Freebox,Réponse automatique répétitive,"@JulienChaput1 La messagerie privée X n’est plus disponible, et nous en sommes désolés.\nPour toute ..."
1740,1831596457935159730,Freebox,Message automatique Freebox,Réponse automatique répétitive,"@ElrixJJBA La messagerie privée X n’est plus disponible, et nous en sommes désolés.\nPour toute dema..."
1741,1831597336696389689,Freebox,Message automatique Freebox,Réponse automatique répétitive,"@prototype2222 La messagerie privée X n’est plus disponible, et nous en sommes désolés.\nRetrouvez n..."
1742,1831597789911904369,Freebox,Message automatique Freebox,Réponse automatique répétitive,"@rezboser La messagerie privée X n’est plus disponible, et nous en sommes désolés.\nPour toute deman..."
1743,1831600218367828275,Freebox,Message automatique Freebox,Réponse automatique répétitive,"@GUEHASEIMMARIE La messagerie privée X n’est plus disponible, et nous en sommes désolés.\nPour toute..."
1744,1831604821209542862,Freebox,Message automatique Freebox,Réponse automatique répétitive,"@MashiahChrist La messagerie privée X n’est plus disponible, et nous en sommes désolés. \n\nRetrouve..."
1745,1831605762382025033,Freebox,Message automatique Freebox,Réponse automatique répétitive,"@joshiinho La messagerie privée X n’est plus disponible, et nous en sommes désolés.\nPour toute dema..."
1746,1831605875363938747,Freebox,Message automatique Freebox,Réponse automatique répétitive,"@RLamorliere La messagerie privée X n’est plus disponible, et nous en sommes désolés.\nPour toute de..."
1747,1831606086157103515,Freebox,Message automatique Freebox,Réponse automatique répétitive,"@patochmix La messagerie privée X n’est plus disponible, et nous en sommes désolés.\nPour toute dema..."
1748,1831606386960081110,Freebox,Message automatique Freebox,Réponse automatique répétitive,"@SAIDIMo58958822 La messagerie privée X n’est plus disponible, et nous en sommes désolés.\nPour tout..."
1749,1831606585669431682,Freebox,Message automatique Freebox,Réponse automatique répétitive,"@matthieuC37 La messagerie privée X n’est plus disponible, et nous en sommes désolés.\nPour toute de..."
1750,1831606685720351158,Freebox,Message automatique Freebox,Réponse automatique répétitive,"@bizcom La messagerie privée X n’est plus disponible, et nous en sommes désolés. \n\nRetrouvez-moi d..."
1751,1831607272721531329,Freebox,Message automatique Freebox,Réponse automatique répétitive,"@oxman La messagerie privée X n’est plus disponible, et nous en sommes désolés.\nPour toute demande ..."
1753,1831609059075584280,Freebox,Message automatique Freebox,Réponse automatique répétitive,"@Hikkary_ La messagerie privée X n’est plus disponible, et nous en sommes désolés. \n\nRetrouvez-moi..."
1754,1831609838498931034,Freebox,Message automatique Freebox,Réponse automatique répétitive,"@jfapotre190076 La messagerie privée X n’est plus disponible, et nous en sommes désolés.\nPour toute..."
1755,1831611536730689548,Freebox,Message automatique Freebox,Réponse automatique répétitive,"@Leiidz La messagerie privée X n’est plus disponible, et nous en sommes désolés. \n\nRetrouvez-moi d..."
1756,1831611943070650661,Freebox,Message automatique Freebox,Réponse automatique répétitive,"@ADU_king7 La messagerie privée X n’est plus disponible, et nous en sommes désolés. \n\nRetrouvez-mo..."
1757,1831612796712169903,Freebox,Message automatique Freebox,Réponse automatique répétitive,"@Sasskeh La messagerie privée X n’est plus disponible, et nous en sommes désolés. \n\nRetrouvez-moi ..."
1758,1831612845793911162,Freebox,Message automatique Freebox,Réponse automatique répétitive,"@Nyjjjk La messagerie privée X n’est plus disponible, et nous en sommes désolés.\nPour toute demande..."
1759,1831614051140428197,Freebox,Message automatique Freebox,Réponse automatique répétitive,"@FurilaxFatal La messagerie privée X n’est plus disponible, et nous en sommes désolés.\nPour toute d..."
1760,1831614662640652421,Freebox,Message automatique Freebox,Réponse automatique répétitive,"@Awrc55949 La messagerie privée X n’est plus disponible, et nous en sommes désolés. \n\nRetrouvez-mo..."
1763,1831616397010419888,Freebox,Message automatique Freebox,Réponse automatique répétitive,"@kg63000 La messagerie privée X n’est plus disponible, et nous en sommes désolés.\nPour toute demand..."
1764,1831617093894131977,Freebox,Message automatique Freebox,Réponse automatique répétitive,"@modnarel La messagerie privée X n’est plus disponible, et nous en sommes désolés.\nPour toute deman..."
1765,1831619646761418997,Freebox,Message automatique Freebox,Réponse automatique répétitive,"@sylvain8783 La messagerie privée X n’est plus disponible, et nous en sommes désolés.\nPour toute de..."
1766,1831620541385482647,Freebox,Message automatique Freebox,Réponse automatique répétitive,"@SuRVoLT69 La messagerie privée X n’est plus disponible, et nous en sommes désolés.\nPour toute dema..."
1767,1831621612174532982,Freebox,Message automatique Freebox,Réponse automatique répétitive,"@NkCasaDeRoazhon La messagerie privée X n’est plus disponible, et nous en sommes désolés.\nPour tout..."
1768,1831622427563966505,Freebox,Message automatique Freebox,Réponse automatique répétitive,"@aolcedric La messagerie privée X n’est plus disponible, et nous en sommes désolés.\nPour toute dema..."
1769,1831623868080935160,Freebox,Message automatique Freebox,Réponse automatique répétitive,"@EddieERARD La messagerie privée X n’est plus disponible, et nous en sommes désolés.\nPour toute dem..."
1770,1831626922284982775,Freebox,Message automatique Freebox,Réponse automatique répétitive,"@wtchd0g La messagerie privée X n’est plus disponible, et nous en sommes désolés.\nPour toute demand..."
1771,1831630505642504612,Freebox,Message automatique Freebox,Réponse automatique répétitive,"@RareProject La messagerie privée X n’est plus disponible, et nous en sommes désolés.\nPour toute de..."
1772,1831633934997758152,Freebox,Message automatique Freebox,Réponse automatique répétitive,"@MikomiToyunda La messagerie privée X n’est plus disponible, et nous en sommes désolés.\nPour toute ..."
1799,1831951213719363805,Freebox,Message automatique Freebox,Réponse automatique répétitive,"@remydarry La messagerie privée X n’est plus disponible, et nous en sommes désolés remydarry\n\nRetr..."
1800,1831951467722240162,Freebox,Message automatique Freebox,Réponse automatique répétitive,"@Abeudel76 La messagerie privée X n’est plus disponible, et nous en sommes désolés Abeudel76\n\nRetr..."
1801,1831953704510972014,Freebox,Message automatique Freebox,Réponse automatique répétitive,"@electroplaymo La messagerie privée X n’est plus disponible, et nous en sommes désolés.\n\nPouvez-vo..."
1802,1831954349754384614,Freebox,Message automatique Freebox,Réponse automatique répétitive,"@GuiF007 La messagerie privée X n’est plus disponible, et nous en sommes désolés.\n\nPouvez-vous nou..."
1803,1831955000869658795,Freebox,Message automatique Freebox,Réponse automatique répétitive,"@JonaCascadeur La messagerie privée X n’est plus disponible, et nous en sommes désolés JonaCascadeur..."
1804,1831956237807689946,Freebox,Message automatique Freebox,Réponse automatique répétitive,"@Xers_spl La messagerie privée X n’est plus disponible, et nous en sommes désolés Xers_spl\n\nRetrou..."
1805,1831956393567338753,Freebox,Message automatique Freebox,Réponse automatique répétitive,"@1mixndofmine La messagerie privée X n’est plus disponible, et nous en sommes désolés.\n\nPouvez-vou..."
1806,1831956521720111306,Freebox,Message automatique Freebox,Réponse automatique répétitive,"@LaureBBW La messagerie privée X n’est plus disponible, et nous en sommes désolés LaureBBW\n\nRetrou..."
1807,1831956881918534040,Freebox,Message automatique Freebox,Réponse automatique répétitive,"@BtvLloyd La messagerie privée X n’est plus disponible, et nous en sommes désolés.\n\nPouvez-vous no..."
1808,1831956887698354483,Freebox,Message automatique Freebox,Réponse automatique répétitive,"@draktaria La messagerie privée X n’est plus disponible, et nous en sommes désolés.\n\nPouvez-vous n..."
1809,1831957072402866312,Freebox,Message automatique Freebox,Réponse automatique répétitive,"@JesseRiaska La messagerie privée X n’est plus disponible, et nous en sommes désolés JesseRiaska\n\n..."
1810,1831957667625017799,Freebox,Message automatique Freebox,Réponse automatique répétitive,"@KuroKetsuekiTan La messagerie privée X n’est plus disponible, et nous en sommes désolés.\nVous n'av..."
1811,1831957830657593743,Freebox,Message automatique Freebox,Réponse automatique répétitive,"@samstell61 La messagerie privée X n’est plus disponible, et nous en sommes désolés.\n\nPouvez-vous ..."
1812,1831957996672352423,Freebox,Message automatique Freebox,Réponse automatique répétitive,"@tomydorfr La messagerie privée X n’est plus disponible, et nous en sommes désolés.\nVous n'avez pas..."
1813,1831958290848182457,Freebox,Message automatique Freebox,Réponse automatique répétitive,"@tomydorfr La messagerie privée X n’est plus disponible, et nous en sommes désolés.\nVous n'avez pas..."
1814,1831958428882800682,Freebox,Message automatique Freebox,Réponse automatique répétitive,"@NicolasCoyot La messagerie privée X n’est plus disponible, et nous en sommes désolés.\nVous n'avez ..."
1815,1831959036696109537,Freebox,Message automatique Freebox,Réponse automatique répétitive,"@DylanpuyL La messagerie privée X n’est plus disponible, et nous en sommes désolés.\n\nPouvez-vous n..."
1816,1831959200747974680,Freebox,Message automatique Freebox,Réponse automatique répétitive,"@d_jy La messagerie privée X n’est plus disponible, et nous en sommes désolés.\n\nPouvez-vous nous r..."
1817,1831959391643291651,Freebox,Message automatique Freebox,Réponse automatique répétitive,"@Ik3bukur0 La messagerie privée X n’est plus disponible, et nous en sommes désolés.\n\nPouvez-vous n..."
1818,1831959720887771302,Freebox,Message automatique Freebox,Réponse automatique répétitive,"@SurferVert La messagerie privée X n’est plus disponible, et nous en sommes désolés.\n\nPouvez-vous ..."
1819,1831960016472981527,Freebox,Message automatique Freebox,Réponse automatique répétitive,"@Odnilag64Bolty La messagerie privée X n’est plus disponible, et nous en sommes désolés.\nVous n'ave..."
1820,1831960089021874567,Freebox,Message automatique Freebox,Réponse automatique répétitive,"@Keria26358 La messagerie privée X n’est plus disponible, et nous en sommes désolés.\n\nPouvez-vous ..."
1821,1831960275496362235,Freebox,Message automatique Freebox,Réponse automatique répétitive,"@Dimech75018 La messagerie privée X n’est plus disponible, et nous en sommes désolés.\nVous n'avez p..."
1822,1831960605915320358,Freebox,Message automatique Freebox,Réponse automatique répétitive,"@an0nym21 La messagerie privée X n’est plus disponible, et nous en sommes désolés.\n\nPouvez-vous no..."
1823,1831960709787189377,Freebox,Message automatique Freebox,Réponse automatique répétitive,"@gtyrtrredddd La messagerie privée X n’est plus disponible, et nous en sommes désolés.\nVous n'avez ..."
1824,1831961130526228615,Freebox,Message automatique Freebox,Réponse automatique répétitive,"@SukunaGojox La messagerie privée X n’est plus disponible, et nous en sommes désolés.\n\nPouvez-vous..."
1825,1831962185263694276,Freebox,Message automatique Freebox,Réponse automatique répétitive,"@mysa_v5 La messagerie privée X n’est plus disponible, et nous en sommes désolés.\nVous n'avez pas e..."
1826,1831962306483216736,Freebox,Message automatique Freebox,Réponse automatique répétitive,"@Finestrat09 La messagerie privée X n’est plus disponible, et nous en sommes désolés.\n\nPour toute ..."
1827,1831962383293550771,Freebox,Message automatique Freebox,Réponse automatique répétitive,"@Evann_bl La messagerie privée X n’est plus disponible, et nous en sommes désolés.\nVous n'avez pas ..."
1828,1831962726614118512,Freebox,Message automatique Freebox,Réponse automatique répétitive,"@Maaaximeee8 La messagerie privée X n’est plus disponible, et nous en sommes désolés.\nVous n'avez p..."
1829,1831962963617394973,Freebox,Message automatique Freebox,Réponse automatique répétitive,"@gembz444 La messagerie privée X n’est plus disponible, et nous en sommes désolés.\n\nPour toute dem..."
1830,1831963038452220071,Freebox,Message automatique Freebox,Réponse automatique répétitive,"@nbkh10 La messagerie privée X n’est plus disponible, et nous en sommes désolés.\nVous n'avez pas en..."
1831,1831963628079112447,Freebox,Message automatique Freebox,Réponse automatique répétitive,"@Petite_Tulipe_ La messagerie privée X n’est plus disponible, et nous en sommes désolés.\nVous n'ave..."
1832,1831963630918615501,Freebox,Message automatique Freebox,Réponse automatique répétitive,"@durantin_adrien La messagerie privée X n’est plus disponible, et nous en sommes désolés.\n\nPouvez-..."
1833,1831963935320211731,Freebox,Message automatique Freebox,Réponse automatique répétitive,"@BeBoXoS La messagerie privée X n’est plus disponible, et nous en sommes désolés.\nVous n'avez pas e..."
1834,1831964249075204142,Freebox,Message automatique Freebox,Réponse automatique répétitive,"@Kc_Vatihumble La messagerie privée X n’est plus disponible, et nous en sommes désolés.\nVous n'avez..."
1835,1831964341735702699,Freebox,Message automatique Freebox,Réponse automatique répétitive,"@sk4zz__ La messagerie privée X n’est plus disponible, et nous en sommes désolés.\n\nPouvez-vous nou..."
1836,1831964695504265280,Freebox,Message automatique Freebox,Réponse automatique répétitive,"@rasko33rz La messagerie privée X n’est plus disponible, et nous en sommes désolés.\n\nPouvez-vous n..."
1837,1831965621954793844,Freebox,Message automatique Freebox,Réponse automatique répétitive,"@TheBrandon970 La messagerie privée X n’est plus disponible, et nous en sommes désolés.\n\nPouvez-vo..."
1838,1831965887328317930,Freebox,Message automatique Freebox,Réponse automatique répétitive,"@Mewtchu La messagerie privée X n’est plus disponible, et nous en sommes désolés.\n\nPouvez-vous nou..."
1839,1831966264966652265,Freebox,Message automatique Freebox,Réponse automatique répétitive,"@RicMartins8 La messagerie privée X n’est plus disponible, et nous en sommes désolés.\n\nPour toute ..."
1840,1831966584622940536,Freebox,Message automatique Freebox,Réponse automatique répétitive,"@somfolder_ La messagerie privée X n’est plus disponible, et nous en sommes désolés.\n\nPouvez-vous ..."
1841,1831966598866821403,Freebox,Message automatique Freebox,Réponse automatique répétitive,"@gentilbarbouze La messagerie privée X n’est plus disponible, et nous en sommes désolés.\nVous n'ave..."
1842,1831966730660241535,Freebox,Message automatique Freebox,Réponse automatique répétitive,"@bdmb2_ La messagerie privée X n’est plus disponible, et nous en sommes désolés.\n\nPour toute deman..."
1843,1831966762927112529,Freebox,Message automatique Freebox,Réponse automatique répétitive,"@DavidBalanza5 La messagerie privée X n’est plus disponible, et nous en sommes désolés.\n\nPouvez-vo..."
1844,1831967338272367059,Freebox,Message automatique Freebox,Réponse automatique répétitive,"@GuillaumeDGNS La messagerie privée X n’est plus disponible, et nous en sommes désolés.\n\nPour tout..."
1845,1831970572089045198,Freebox,Message automatique Freebox,Réponse automatique répétitive,"@zbug La messagerie privée X n’est plus disponible, et nous en sommes désolés.\n\nPour toute demande..."
1846,1831970977208500528,Freebox,Message automatique Freebox,Réponse automatique répétitive,"@SuppaTwitta La messagerie privée X n’est plus disponible, et nous en sommes désolés.\n\nPouvez-vous..."
1847,1831971293408686141,Freebox,Message automatique Freebox,Réponse automatique répétitive,"@EnzoMilose6187 La messagerie privée X n’est plus disponible, et nous en sommes désolés.\n\nPour tou..."
1848,1831971835723890844,Freebox,Message automatique Freebox,Réponse automatique répétitive,"@WalidNEHAL La messagerie privée X n’est plus disponible, et nous en sommes désolés.\n\nPour toute d..."
1849,1831972625268060500,Freebox,Message automatique Freebox,Réponse automatique répétitive,"@crazystreet26 La messagerie privée X n’est plus disponible, et nous en sommes désolés.\nVous n'avez..."
1850,1831973155302212049,Freebox,Message automatique Freebox,Réponse automatique répétitive,"@1drunken_robot La messagerie privée X n’est plus disponible, et nous en sommes désolés.\nVous n'ave..."
1852,1831973768559771977,Freebox,Message automatique Freebox,Réponse automatique répétitive,"@Spylo_ La messagerie privée X n’est plus disponible, et nous en sommes désolés.\n\nPouvez-vous nous..."
1853,1831973963318128879,Freebox,Message automatique Freebox,Réponse automatique répétitive,"@michfrapp La messagerie privée X n’est plus disponible, et nous en sommes désolés.\nVous n'avez pas..."
1854,1831974435970007549,Freebox,Message automatique Freebox,Réponse automatique répétitive,"@TarTiine__ La messagerie privée X n’est plus disponible, et nous en sommes désolés.\n\nPouvez-vous ..."
1856,1831974829546738173,Freebox,Message automatique Freebox,Réponse automatique répétitive,"@Gone_fr La messagerie privée X n’est plus disponible, et nous en sommes désolés.\nVous n'avez pas e..."
1857,1831974831664824499,Freebox,Message automatique Freebox,Réponse automatique répétitive,"@jokerjim90 La messagerie privée X n’est plus disponible, et nous en sommes désolés.\n\nPouvez-vous ..."
1858,1831975001886531920,Freebox,Message automatique Freebox,Réponse automatique répétitive,"@Sombrecerise La messagerie privée X n’est plus disponible, et nous en sommes désolés.\nVous n'avez ..."
1859,1831975191645175861,Freebox,Message automatique Freebox,Réponse automatique répétitive,"@Skitnash_RL La messagerie privée X n’est plus disponible, et nous en sommes désolés.\n\nPouvez-vous..."
1860,1831975284175778287,Freebox,Message automatique Freebox,Réponse automatique répétitive,"@laetyvanbraekel La messagerie privée X n’est plus disponible, et nous en sommes désolés.\nVous n'av..."
1861,1831975580561990105,Freebox,Message automatique Freebox,Réponse automatique répétitive,"@jeanvincentfoss La messagerie privée X n’est plus disponible, et nous en sommes désolés.\nVous n'av..."
1862,1831977828285354157,Freebox,Message automatique Freebox,Réponse automatique répétitive,"@RiShinHiShi La messagerie privée X n’est plus disponible, et nous en sommes désolés.\n\nPouvez-vous..."
1863,1831977950071136606,Freebox,Message automatique Freebox,Réponse automatique répétitive,"@Arthur_Valverde La messagerie privée X n’est plus disponible, et nous en sommes désolés.\n\nPour to..."
1864,1831978052504498597,Freebox,Message automatique Freebox,Réponse automatique répétitive,"@fox1j La messagerie privée X n’est plus disponible, et nous en sommes désolés.\nVous n'avez pas enc..."
1865,1831979568304988264,Freebox,Message automatique Freebox,Réponse automatique répétitive,"@magic_oasis La messagerie privée X n’est plus disponible, et nous en sommes désolés.\n\nPour toute ..."
1866,1831979842310389843,Freebox,Message automatique Freebox,Réponse automatique répétitive,"@Fuuumbleee La messagerie privée X n’est plus disponible, et nous en sommes désolés.\n\nPouvez-vous ..."
1867,1831980548052463861,Freebox,Message automatique Freebox,Réponse automatique répétitive,"@_aurorem La messagerie privée X n’est plus disponible, et nous en sommes désolés.\n\nPouvez-vous no..."
1868,1831980749710323762,Freebox,Message automatique Freebox,Réponse automatique répétitive,"@kevmanner La messagerie privée X n’est plus disponible, et nous en sommes désolés.\n\nPouvez-vous n..."
1922,1833080421938012313,Freebox,Message automatique Freebox,Réponse automatique répétitive,"@Mme_Reyna Bonjour,\n\nLa messagerie privée X n’est plus disponible, et nous en sommes désolés. \n\n..."
1942,1833401366997356726,Freebox,Message automatique Freebox,Réponse automatique répétitive,"@socrate142 La messagerie privée X n’est plus disponible, et nous en sommes désolés socrate142. \n\n..."
1943,1833402115890233677,Freebox,Message automatique Freebox,Réponse automatique répétitive,"@YvO_35 La messagerie privée X n’est plus disponible, et nous en sommes désolés YvO_35. \n\nRetrouve..."
1944,1833403885051928630,Freebox,Message automatique Freebox,Réponse automatique répétitive,"@Seb4Ko La messagerie privée X n’est plus disponible, et nous en sommes désolés Seb4Ko. \n\nRetrouve..."
1945,1833404203831623760,Freebox,Message automatique Freebox,Réponse automatique répétitive,"@bonesguru La messagerie privée X n’est plus disponible, et nous en sommes désolés bonesguru. \n\nRe..."
1946,1833405217578050007,Freebox,Message automatique Freebox,Réponse automatique répétitive,"@Teyko281 La messagerie privée X n’est plus disponible, et nous en sommes désolés Teyko281. \n\nRetr..."
1947,1833405671850537253,Freebox,Message automatique Freebox,Réponse automatique répétitive,"@SuperCyprien La messagerie privée X n’est plus disponible, et nous en sommes désolés SuperCyprien. ..."
1948,1833407774849372307,Freebox,Message automatique Freebox,Réponse automatique répétitive,"@sogekiin La messagerie privée X n’est plus disponible, et nous en sommes désolés sogekiin. \n\nRetr..."
1949,1833409481318842619,Freebox,Message automatique Freebox,Réponse automatique répétitive,"@SpaceSherif La messagerie privée X n’est plus disponible, et nous en sommes désolés SpaceSherif. \n..."
1950,1833409758956552476,Freebox,Message automatique Freebox,Réponse automatique répétitive,"@znayko La messagerie privée X n’est plus disponible, et nous en sommes désolés AlozyNhayko. \n\nRet..."
1952,1833410451129991198,Freebox,Message automatique Freebox,Réponse automatique répétitive,"@Mehdi2a La messagerie privée X n’est plus disponible, et nous en sommes désolés Mehdi2a. \n\nRetrou..."
1953,1833410952617681382,Freebox,Message automatique Freebox,Réponse automatique répétitive,"@Aslyneh2 La messagerie privée X n’est plus disponible, et nous en sommes désolés Aslyneh2. \n\nRetr..."
1954,1833411211582480646,Freebox,Message automatique Freebox,Réponse automatique répétitive,"@cab1408 La messagerie privée X n’est plus disponible, et nous en sommes désolés cab1408. \n\nRetrou..."
1955,1833412252482888079,Freebox,Message automatique Freebox,Réponse automatique répétitive,"@KowlzzFN La messagerie privée X n’est plus disponible, et nous en sommes désolés KowlzzFN. \n\nRetr..."
1956,1833413692806877403,Freebox,Message automatique Freebox,Réponse automatique répétitive,"@confifoot1 La messagerie privée X n’est plus disponible, et nous en sommes désolés confifoot1. \n\n..."
1957,1833415138034016468,Freebox,Message automatique Freebox,Réponse automatique répétitive,"@caca_chanel La messagerie privée X n’est plus disponible, et nous en sommes désolés caca_chanel. \n..."
1958,1833415985715417206,Freebox,Message automatique Freebox,Réponse automatique répétitive,"@RiShinHiShi La messagerie privée X n’est plus disponible, et nous en sommes désolés.\nVous n'avez p..."
1959,1833416208789410303,Freebox,Message automatique Freebox,Réponse automatique répétitive,"@HolloFTN La messagerie privée X n’est plus disponible, et nous en sommes désolés.\nVous n'avez pas ..."
1960,1833416782612246548,Freebox,Message automatique Freebox,Réponse automatique répétitive,"@Jahlailama La messagerie privée X n’est plus disponible, et nous en sommes désolés.\nVous n'avez pa..."
1961,1833417015018586605,Freebox,Message automatique Freebox,Réponse automatique répétitive,"@kermitt2023 La messagerie privée X n’est plus disponible, et nous en sommes désolés.\nVous n'avez p..."
1962,1833417864386080866,Freebox,Message automatique Freebox,Réponse automatique répétitive,"@vulodex La messagerie privée X n’est plus disponible, et nous en sommes désolés vulodex. \n\nRetrou..."
1963,1833417968211907049,Freebox,Message automatique Freebox,Réponse automatique répétitive,"@yazb1tch Désolé pour notre temps de réponse 🙏\n\nLa messagerie privée X n’est plus disponible, et n..."
1964,1833418039909392568,Freebox,Message automatique Freebox,Réponse automatique répétitive,"@mickyrouen La messagerie privée X n’est plus disponible, et nous en sommes désolés.\nVous n'avez pa..."
1965,1833418694317252711,Freebox,Message automatique Freebox,Réponse automatique répétitive,"@Lacazitoo La messagerie privée X n’est plus disponible, et nous en sommes désolés.\nVous n'avez pas..."
1966,1833418732439257293,Freebox,Message automatique Freebox,Réponse automatique répétitive,"@jeromehuet La messagerie privée X n’est plus disponible, et nous en sommes désolés jeromehuet. \n\n..."
1967,1833418808872026170,Freebox,Message automatique Freebox,Réponse automatique répétitive,"@xiaofengpinku La messagerie privée X n’est plus disponible, et nous en sommes désolés.\nVous n'avez..."
1968,1833418958407401706,Freebox,Message automatique Freebox,Réponse automatique répétitive,"@CocoJean26800 La messagerie privée X n’est plus disponible, et nous en sommes désolés.\nVous n'avez..."
1969,1833419033669947839,Freebox,Message automatique Freebox,Réponse automatique répétitive,"@Eyrinia Désolé pour notre temps de réponse 🙏\n\nLa messagerie privée X n’est plus disponible, et no..."
1970,1833419258958680266,Freebox,Message automatique Freebox,Réponse automatique répétitive,"@ptnjaimelavie La messagerie privée X n’est plus disponible, et nous en sommes désolés ptnjaimelavie..."
1971,1833419555000979563,Freebox,Message automatique Freebox,Réponse automatique répétitive,"@hicksail La messagerie privée X n’est plus disponible, et nous en sommes désolés.\nVous n'avez pas ..."
1972,1833419829136548031,Freebox,Message automatique Freebox,Réponse automatique répétitive,"@NaskaH7 La messagerie privée X n’est plus disponible, et nous en sommes désolés NaskaH7. \n\nRetrou..."
1973,1833420421984584177,Freebox,Message automatique Freebox,Réponse automatique répétitive,"@_DYWD_ La messagerie privée X n’est plus disponible, et nous en sommes désolés.\nVous n'avez pas en..."
1974,1833420678944428422,Freebox,Message automatique Freebox,Réponse automatique répétitive,"@mllejoulie La messagerie privée X n’est plus disponible, et nous en sommes désolés.\nVous n'avez pa..."
1975,1833420862189379774,Freebox,Message automatique Freebox,Réponse automatique répétitive,@lothprincelatin Désolé pour notre temps de réponse 🙏\n\nLa messagerie privée X n’est plus disponibl...
1976,1833420955810427177,Freebox,Message automatique Freebox,Réponse automatique répétitive,"@bnwit La messagerie privée X n’est plus disponible, et nous en sommes désolés bnwit. \n\nRetrouvez-..."
1977,1833423827927228562,Freebox,Message automatique Freebox,Réponse automatique répétitive,"@Kenma_kugel La messagerie privée X n’est plus disponible, et nous en sommes désolés.\nVous n'avez p..."
1978,1833424040796574186,Freebox,Message automatique Freebox,Réponse automatique répétitive,"@modnarel La messagerie privée X n’est plus disponible, et nous en sommes désolés.\nVous n'avez pas ..."
1979,1833424095234416850,Freebox,Message automatique Freebox,Réponse automatique répétitive,"@Kenma_kugel La messagerie privée X n’est plus disponible, et nous en sommes désolés Kenma_kugel. \n..."
1980,1833424552086430169,Freebox,Message automatique Freebox,Réponse automatique répétitive,"@jytjyt3 La messagerie privée X n’est plus disponible, et nous en sommes désolés.\nVous n'avez pas e..."
1981,1833425662113104135,Freebox,Message automatique Freebox,Réponse automatique répétitive,"@Issamenide La messagerie privée X n’est plus disponible, et nous en sommes désolés Issamenide. \n\n..."
1982,1833426201018347813,Freebox,Message automatique Freebox,Réponse automatique répétitive,"@Yadzfn_ La messagerie privée X n’est plus disponible, et nous en sommes désolés Yadzfn_. \n\nRetrou..."
1983,1833426906688975045,Freebox,Message automatique Freebox,Réponse automatique répétitive,"@Khloe96009175 La messagerie privée X n’est plus disponible, et nous en sommes désolés Khloe96009175..."
1984,1833427656710246714,Freebox,Message automatique Freebox,Réponse automatique répétitive,"@SurferVert La messagerie privée X n’est plus disponible, et nous en sommes désolés SurferVert. \n\n..."
1985,1833428673875026070,Freebox,Message automatique Freebox,Réponse automatique répétitive,"@faycalCM La messagerie privée X n’est plus disponible, et nous en sommes désolés.\nVous n'avez pas ..."
1986,1833429247416844663,Freebox,Message automatique Freebox,Réponse automatique répétitive,"@meltingmywings La messagerie privée X n’est plus disponible, et nous en sommes désolés.\nVous n'ave..."
1987,1833430106938773591,Freebox,Message automatique Freebox,Réponse automatique répétitive,"@Gogtamaru La messagerie privée X n’est plus disponible, et nous en sommes désolés.\nVous n'avez pas..."
1988,1833430930700009900,Freebox,Message automatique Freebox,Réponse automatique répétitive,"@JMA38620 La messagerie privée X n’est plus disponible, et nous en sommes désolés.\nVous n'avez pas ..."
1989,1833433468673343586,Freebox,Message automatique Freebox,Réponse automatique répétitive,"@Leiidz La messagerie privée X n’est plus disponible, et nous en sommes désolés.\nVous n'avez pas en..."
1990,1833434241603928381,Freebox,Message automatique Freebox,Réponse automatique répétitive,"@nAKAZZ_ La messagerie privée X n’est plus disponible, et nous en sommes désolés.\nVous n'avez pas e..."
1991,1833435649921130640,Freebox,Message automatique Freebox,Réponse automatique répétitive,"@elo_lpz La messagerie privée X n’est plus disponible, et nous en sommes désolés.\nVous n'avez pas e..."
1992,1833447383402745866,Freebox,Message automatique Freebox,Réponse automatique répétitive,"@Numidiian La messagerie privée X n’est plus disponible, et nous en sommes désolés Numidiian\n\nRetr..."
1993,1833448112263668015,Freebox,Message automatique Freebox,Réponse automatique répétitive,"@srk2492 La messagerie privée X n’est plus disponible, et nous en sommes désolés srk2492\n\nRetrouve..."
1994,1833449443946860656,Freebox,Message automatique Freebox,Réponse automatique répétitive,"@jah_jahjah La messagerie privée X n’est plus disponible, et nous en sommes désolés jah_jahjah\n\nRe..."
1995,1833454370207178960,Freebox,Message automatique Freebox,Réponse automatique répétitive,"@Laawnik La messagerie privée X n’est plus disponible, et nous en sommes désolés. \n\nVous n'avez pa..."
1996,1833480209695215874,Freebox,Message automatique Freebox,Réponse automatique répétitive,"@twiX764243 La messagerie privée X n’est plus disponible, et nous en sommes désolés.\n\nPour toute d..."
2030,1834125689001328761,Freebox,Message automatique Freebox,Réponse automatique répétitive,"@Thibauuultt La messagerie privée X n’est plus disponible, et nous en sommes désolés. \n\nVous n'ave..."
2031,1834125885911261380,Freebox,Message automatique Freebox,Réponse automatique répétitive,"@lucxs_hx La messagerie privée X n’est plus disponible, et nous en sommes désolés. \n\nVous n'avez p..."
2032,1834126146314575977,Freebox,Message automatique Freebox,Réponse automatique répétitive,"@Moussdjebloune La messagerie privée X n’est plus disponible, et nous en sommes désolés.\nEn cas de ..."
2033,1834126257644015658,Freebox,Message automatique Freebox,Réponse automatique répétitive,"@curtisuke La messagerie privée X n’est plus disponible, et nous en sommes désolés. \n\nVous n'avez ..."
2034,1834126513186222274,Freebox,Message automatique Freebox,Réponse automatique répétitive,"@Kohulavarman La messagerie privée X n’est plus disponible, et nous en sommes désolés. \n\nVous n'av..."
2035,1834126774512365781,Freebox,Message automatique Freebox,Réponse automatique répétitive,"@playerremytwitt La messagerie privée X n’est plus disponible, et nous en sommes désolés. \n\nVous n..."
2036,1834126797375451152,Freebox,Message automatique Freebox,Réponse automatique répétitive,"@toniozik La messagerie privée X n’est plus disponible, et nous en sommes désolés.\nEn cas de besoin..."
2037,1834126983128555542,Freebox,Message automatique Freebox,Réponse automatique répétitive,"@SynaOne La messagerie privée X n’est plus disponible, et nous en sommes désolés. \n\nVous n'avez pa..."
2038,1834127345071821070,Freebox,Message automatique Freebox,Réponse automatique répétitive,"@fabien_verhulst La messagerie privée X n’est plus disponible, et nous en sommes désolés. \n\nVous n..."
2039,1834127412826648867,Freebox,Message automatique Freebox,Réponse automatique répétitive,"@fahdlamboo La messagerie privée X n’est plus disponible, et nous en sommes désolés.\nEn cas de beso..."
2040,1834127737113509920,Freebox,Message automatique Freebox,Réponse automatique répétitive,"@lsakurayuki La messagerie privée X n’est plus disponible, et nous en sommes désolés.\nEn cas de bes..."
2041,1834128217944338483,Freebox,Message automatique Freebox,Réponse automatique répétitive,"@Caraawastaken La messagerie privée X n’est plus disponible, et nous en sommes désolés.\nEn cas de b..."
2042,1834128961447633200,Freebox,Message automatique Freebox,Réponse automatique répétitive,"@RicMartins8 La messagerie privée X n’est plus disponible, et nous en sommes désolés.\nEn cas de bes..."
2043,1834130065421939007,Freebox,Message automatique Freebox,Réponse automatique répétitive,"@enileme__ La messagerie privée X n’est plus disponible, et nous en sommes désolés. \n\nVous n'avez ..."
2044,1834130205595586905,Freebox,Message automatique Freebox,Réponse automatique répétitive,"@gwadakevdarksid La messagerie privée X n’est plus disponible, et nous en sommes désolés. \n\nVous n..."
2045,1834130771738567069,Freebox,Message automatique Freebox,Réponse automatique répétitive,"@kiimblefn La messagerie privée X n’est plus disponible, et nous en sommes désolés.\nEn cas de besoi..."
2046,1834131150517776609,Freebox,Message automatique Freebox,Réponse automatique répétitive,"@t_5502m La messagerie privée X n’est plus disponible, et nous en sommes désolés.\nEn cas de besoin,..."
2047,1834131424703627597,Freebox,Message automatique Freebox,Réponse automatique répétitive,"@TotoKvil La messagerie privée X n’est plus disponible, et nous en sommes désolés.\nEn cas de besoin..."
2048,1834131620778922045,Freebox,Message automatique Freebox,Réponse automatique répétitive,"@quinnmadclown La messagerie privée X n’est plus disponible, et nous en sommes désolés.\nEn cas de b..."
2050,1834131767340466372,Freebox,Message automatique Freebox,Réponse automatique répétitive,"@icaunais La messagerie privée X n’est plus disponible, et nous en sommes désolés.\nEn cas de besoin..."
2051,1834132512257228893,Freebox,Message automatique Freebox,Réponse automatique répétitive,"@kasy_r La messagerie privée X n’est plus disponible, et nous en sommes désolés.\nEn cas de besoin, ..."
2052,1834132833238990991,Freebox,Message automatique Freebox,Réponse automatique répétitive,"@LechapardeurS La messagerie privée X n’est plus disponible, et nous en sommes désolés.\nEn cas de b..."
2054,1834133489874075771,Freebox,Message automatique Freebox,Réponse automatique répétitive,"@Jolindi32506932 La messagerie privée X n’est plus disponible, et nous en sommes désolés.\nEn cas de..."
2055,1834133833198789010,Freebox,Message automatique Freebox,Réponse automatique répétitive,"@Mme_Reyna La messagerie privée X n’est plus disponible, et nous en sommes désolés.\nEn cas de besoi..."
2056,1834134138535677996,lsakurayuki,Message automatique Freebox,Réponse automatique répétitive,@Freebox Je créerai pas un compte Messenger juste pour votre figure 🙄\nVous arrêtez simplement de me...
2057,1834134401782853907,Freebox,Message automatique Freebox,Réponse automatique répétitive,"@pepere83 La messagerie privée X n’est plus disponible, et nous en sommes désolés.\nEn cas de besoin..."
2058,1834134526836019391,Freebox,Message automatique Freebox,Réponse automatique répétitive,"@Funsmash2 La messagerie privée X n’est plus disponible, et nous en sommes désolés.\nEn cas de besoi..."
2059,1834136807472066999,Freebox,Message automatique Freebox,Réponse automatique répétitive,"@Charpal_Prod La messagerie privée X n’est plus disponible, et nous en sommes désolés.\nEn cas de be..."
2060,1834137210242642278,Freebox,Message automatique Freebox,Réponse automatique répétitive,"@nissrcm La messagerie privée X n’est plus disponible, et nous en sommes désolés.\nEn cas de besoin,..."
2061,1834138413877940242,Freebox,Message automatique Freebox,Réponse automatique répétitive,"@matt_nnz La messagerie privée X n’est plus disponible, et nous en sommes désolés.\nEn cas de besoin..."
2062,1834138585542373736,Freebox,Message automatique Freebox,Réponse automatique répétitive,"@Reformedsumpy La messagerie privée X n’est plus disponible, et nous en sommes désolés.\nEn cas de b..."
2063,1834138767113761172,Freebox,Message automatique Freebox,Réponse automatique répétitive,"@himselfprod La messagerie privée X n’est plus disponible, et nous en sommes désolés.\nEn cas de bes..."
2064,1834138919736119344,Freebox,Message automatique Freebox,Réponse automatique répétitive,"@Rzcooh140 La messagerie privée X n’est plus disponible, et nous en sommes désolés.\nEn cas de besoi..."
2065,1834139179170623745,Freebox,Message automatique Freebox,Réponse automatique répétitive,"@Beldecadix La messagerie privée X n’est plus disponible, et nous en sommes désolés.\nEn cas de beso..."
2066,1834139288381882834,Freebox,Message automatique Freebox,Réponse automatique répétitive,"@totolegaucho La messagerie privée X n’est plus disponible, et nous en sommes désolés.\nEn cas de be..."
2067,1834140198965309712,Freebox,Message automatique Freebox,Réponse automatique répétitive,"@ThibautLasserre La messagerie privée X n’est plus disponible, et nous en sommes désolés.\nEn cas de..."
2068,1834140369681887542,Freebox,Message automatique Freebox,Réponse automatique répétitive,"@david10bc La messagerie privée X n’est plus disponible, et nous en sommes désolés.\nEn cas de besoi..."
2069,1834140536871006316,Freebox,Message automatique Freebox,Réponse automatique répétitive,"@Blutch29 La messagerie privée X n’est plus disponible, et nous en sommes désolés.\nEn cas de besoin..."
2070,1834140756803559682,Freebox,Message automatique Freebox,Réponse automatique répétitive,"@elrachid69 La messagerie privée X n’est plus disponible, et nous en sommes désolés.\nEn cas de beso..."
2071,1834141978549788702,Freebox,Message automatique Freebox,Réponse automatique répétitive,"@orpheno_ La messagerie privée X n’est plus disponible, et nous en sommes désolés.\nEn cas de besoin..."
2072,1834142413163524283,Freebox,Message automatique Freebox,Réponse automatique répétitive,"@mesli76450 La messagerie privée X n’est plus disponible, et nous en sommes désolés.\nEn cas de beso..."
2073,1834143139956764867,Freebox,Message automatique Freebox,Réponse automatique répétitive,"@YatoYaboku12 La messagerie privée X n’est plus disponible, et nous en sommes désolés.\nEn cas de be..."
2074,1834143306013450701,Freebox,Message automatique Freebox,Réponse automatique répétitive,"@cwoox La messagerie privée X n’est plus disponible, et nous en sommes désolés.\nEn cas de besoin, j..."
2075,1834145483851198495,Freebox,Message automatique Freebox,Réponse automatique répétitive,"@Gears4Gamers La messagerie privée X n’est plus disponible, et nous en sommes désolés.\nEn cas de be..."
2076,1834145625891344762,Freebox,Message automatique Freebox,Réponse automatique répétitive,"@MimounaSb La messagerie privée X n’est plus disponible, et nous en sommes désolés.\nEn cas de besoi..."
2077,1834146068704932039,Freebox,Message automatique Freebox,Réponse automatique répétitive,"@Lilox36359786 La messagerie privée X n’est plus disponible, et nous en sommes désolés.\nEn cas de b..."
2078,1834146197512048986,Freebox,Message automatique Freebox,Réponse automatique répétitive,"@GDelapampa La messagerie privée X n’est plus disponible, et nous en sommes désolés.\nEn cas de beso..."
2079,1834147529320989155,Freebox,Message automatique Freebox,Réponse automatique répétitive,"@AkitoHyuuga La messagerie privée X n’est plus disponible, et nous en sommes désolés.\nEn cas de bes..."
2080,1834148715583447423,Freebox,Message automatique Freebox,Réponse automatique répétitive,"@RigiMic La messagerie privée X n’est plus disponible, et nous en sommes désolés.\nEn cas de besoin,..."
2081,1834149930060947743,Freebox,Message automatique Freebox,Réponse automatique répétitive,"@VerpCh La messagerie privée X n’est plus disponible, et nous en sommes désolés.\nEn cas de besoin, ..."
2082,1834150558355103751,Freebox,Message automatique Freebox,Réponse automatique répétitive,"@Red_82370 La messagerie privée X n’est plus disponible, et nous en sommes désolés.\nEn cas de besoi..."
2083,1834150990905217358,Freebox,Message automatique Freebox,Réponse automatique répétitive,"@lousticator La messagerie privée X n’est plus disponible, et nous en sommes désolés.\nEn cas de bes..."
2084,1834151322842431789,Freebox,Message automatique Freebox,Réponse automatique répétitive,"@Patrice5962 La messagerie privée X n’est plus disponible, et nous en sommes désolés.\nEn cas de bes..."
2085,1834151973421035629,Freebox,Message automatique Freebox,Réponse automatique répétitive,"@Souuki_ La messagerie privée X n’est plus disponible, et nous en sommes désolés.\nEn cas de besoin,..."
2086,1834153172165701809,Freebox,Message automatique Freebox,Réponse automatique répétitive,"@nicodemusw La messagerie privée X n’est plus disponible, et nous en sommes désolés.\nEn cas de beso..."
2087,1834153430140469649,Freebox,Message automatique Freebox,Réponse automatique répétitive,"@whysooosvd La messagerie privée X n’est plus disponible, et nous en sommes désolés.\nEn cas de beso..."
2088,1834153656502915277,Freebox,Message automatique Freebox,Réponse automatique répétitive,"@psgsetifien La messagerie privée X n’est plus disponible, et nous en sommes désolés.\nEn cas de bes..."
2089,1834153761268273504,Freebox,Message automatique Freebox,Réponse automatique répétitive,"@Aetheer_ La messagerie privée X n’est plus disponible, et nous en sommes désolés.\nEn cas de besoin..."
2090,1834153889270047141,Freebox,Message automatique Freebox,Réponse automatique répétitive,"@Thaye60 La messagerie privée X n’est plus disponible, et nous en sommes désolés.\nEn cas de besoin,..."
2091,1834154165389418947,Freebox,Message automatique Freebox,Réponse automatique répétitive,"@psgsetifien La messagerie privée X n’est plus disponible, et nous en sommes désolés.\nEn cas de bes..."
2092,1834154554897625177,Freebox,Message automatique Freebox,Réponse automatique répétitive,"@Sombrecerise La messagerie privée X n’est plus disponible, et nous en sommes désolés.\nEn cas de be..."
2093,1834154841930666155,Freebox,Message automatique Freebox,Réponse automatique répétitive,"@Aretha4677 La messagerie privée X n’est plus disponible, et nous en sommes désolés.\nEn cas de beso..."
2094,1834155080137801754,Freebox,Message automatique Freebox,Réponse automatique répétitive,"@jpdardayrol La messagerie privée X n’est plus disponible, et nous en sommes désolés.\nEn cas de bes..."
2095,1834155204649820364,Freebox,Message automatique Freebox,Réponse automatique répétitive,"@benguezthewiz La messagerie privée X n’est plus disponible, et nous en sommes désolés.\nEn cas de b..."
2096,1834155450675220737,Freebox,Message automatique Freebox,Réponse automatique répétitive,"@c_romain La messagerie privée X n’est plus disponible, et nous en sommes désolés.\nEn cas de besoin..."
2097,1834159039074214263,Freebox,Message automatique Freebox,Réponse automatique répétitive,"@8Maykiwo La messagerie privée X n’est plus disponible, et nous en sommes désolés.\nEn cas de besoin..."
2098,1834159233220104317,Freebox,Message automatique Freebox,Réponse automatique répétitive,"@mymy_mat La messagerie privée X n’est plus disponible, et nous en sommes désolés.\nEn cas de besoin..."
2099,1834159472605868449,Freebox,Message automatique Freebox,Réponse automatique répétitive,"@oxman La messagerie privée X n’est plus disponible, et nous en sommes désolés.\nEn cas de besoin, j..."
2100,1834159808800288977,Freebox,Message automatique Freebox,Réponse automatique répétitive,"@Mariep1983 La messagerie privée X n’est plus disponible, et nous en sommes désolés.\nEn cas de beso..."
2101,1834160275089502491,Freebox,Message automatique Freebox,Réponse automatique répétitive,"@infogere La messagerie privée X n’est plus disponible, et nous en sommes désolés.\nEn cas de besoin..."
2102,1834162115675824130,Freebox,Message automatique Freebox,Réponse automatique répétitive,"@Blutch29 La messagerie privée X n’est plus disponible, et nous en sommes désolés.\nEn cas de besoin..."
2103,1834162238497632498,Freebox,Message automatique Freebox,Réponse automatique répétitive,"@PeterVeg1 La messagerie privée X n’est plus disponible, et nous en sommes désolés.\nEn cas de besoi..."
2104,1834162323830784267,Freebox,Message automatique Freebox,Réponse automatique répétitive,"@Faudratyfaire La messagerie privée X n’est plus disponible, et nous en sommes désolés.\nEn cas de b..."
2105,1834162424552792292,Freebox,Message automatique Freebox,Réponse automatique répétitive,"@Vladcik La messagerie privée X n’est plus disponible, et nous en sommes désolés.\nEn cas de besoin,..."
2106,1834162497638601212,Freebox,Message automatique Freebox,Réponse automatique répétitive,"@w_i_e_d La messagerie privée X n’est plus disponible, et nous en sommes désolés.\nEn cas de besoin,..."
2107,1834162858512236634,Freebox,Message automatique Freebox,Réponse automatique répétitive,"@Hishamtaro La messagerie privée X n’est plus disponible, et nous en sommes désolés.\nEn cas de beso..."
2108,1834163391406961070,Freebox,Message automatique Freebox,Réponse automatique répétitive,"@Lildems888 La messagerie privée X n’est plus disponible, et nous en sommes désolés.\nEn cas de beso..."
2109,1834164146209697990,Freebox,Message automatique Freebox,Réponse automatique répétitive,"@EntycaOfficiel La messagerie privée X n’est plus disponible, et nous en sommes désolés.\nEn cas de ..."
2110,1834164350979825925,Freebox,Message automatique Freebox,Réponse automatique répétitive,"@at_luth La messagerie privée X n’est plus disponible, et nous en sommes désolés.\nEn cas de besoin,..."
2111,1834164896080052639,Freebox,Message automatique Freebox,Réponse automatique répétitive,"@gregambroisine La messagerie privée X n’est plus disponible, et nous en sommes désolés.\nEn cas de ..."
2112,1834165028678783402,Freebox,Message automatique Freebox,Réponse automatique répétitive,"@SPsLiivaii La messagerie privée X n’est plus disponible, et nous en sommes désolés.\nEn cas de beso..."
2113,1834165463997161876,Freebox,Message automatique Freebox,Réponse automatique répétitive,"@perso_nono La messagerie privée X n’est plus disponible, et nous en sommes désolés.\nEn cas de beso..."
2114,1834165926041723122,Freebox,Message automatique Freebox,Réponse automatique répétitive,"@madeinphoto La messagerie privée X n’est plus disponible, et nous en sommes désolés.\nEn cas de bes..."
2115,1834166689530888289,Freebox,Message automatique Freebox,Réponse automatique répétitive,"@Casimirian La messagerie privée X n’est plus disponible, et nous en sommes désolés.\nEn cas de beso..."
2116,1834168979348201762,Freebox,Message automatique Freebox,Réponse automatique répétitive,"@onytsuu La messagerie privée X n’est plus disponible, et nous en sommes désolés.\nEn cas de besoin,..."
2117,1834169325210542385,Freebox,Message automatique Freebox,Réponse automatique répétitive,"@vicochips93 La messagerie privée X n’est plus disponible, et nous en sommes désolés.\nEn cas de bes..."
2118,1834169497499881655,Freebox,Message automatique Freebox,Réponse automatique répétitive,"@ScoH__ La messagerie privée X n’est plus disponible, et nous en sommes désolés.\nEn cas de besoin, ..."
2119,1834169692446982321,Freebox,Message automatique Freebox,Réponse automatique répétitive,"@estellep2303 La messagerie privée X n’est plus disponible, et nous en sommes désolés.\nEn cas de be..."
2120,1834169978452361376,Freebox,Message automatique Freebox,Réponse automatique répétitive,"@nico_du_var83 La messagerie privée X n’est plus disponible, et nous en sommes désolés.\nEn cas de b..."
2121,1834170145285046742,Freebox,Message automatique Freebox,Réponse automatique répétitive,"@Marie_Nette7810 La messagerie privée X n’est plus disponible, et nous en sommes désolés.\nEn cas de..."
2122,1834170611632935268,Freebox,Message automatique Freebox,Réponse automatique répétitive,"@Zarkos85 La messagerie privée X n’est plus disponible, et nous en sommes désolés.\nEn cas de besoin..."
2123,1834171766958088360,Freebox,Message automatique Freebox,Réponse automatique répétitive,"@wello007 La messagerie privée X n’est plus disponible, et nous en sommes désolés.\nEn cas de besoin..."
2124,1834171931139998167,Freebox,Message automatique Freebox,Réponse automatique répétitive,"@emelle_pe La messagerie privée X n’est plus disponible, et nous en sommes désolés.\nEn cas de besoi..."
2125,1834172220098154640,Freebox,Message automatique Freebox,Réponse automatique répétitive,"@christinetaffo1 La messagerie privée X n’est plus disponible, et nous en sommes désolés.\nEn cas de..."
2126,1834172426260799829,Freebox,Message automatique Freebox,Réponse automatique répétitive,"@GasparddeBowery La messagerie privée X n’est plus disponible, et nous en sommes désolés.\nEn cas de..."
2127,1834172530304663705,Freebox,Message automatique Freebox,Réponse automatique répétitive,"@Tiboq23 La messagerie privée X n’est plus disponible, et nous en sommes désolés.\nEn cas de besoin,..."
2128,1834172783275692250,Freebox,Message automatique Freebox,Réponse automatique répétitive,"@Palpatine000 La messagerie privée X n’est plus disponible, et nous en sommes désolés.\nEn cas de be..."
2129,1834172987500568893,Freebox,Message automatique Freebox,Réponse automatique répétitive,"@paulosn La messagerie privée X n’est plus disponible, et nous en sommes désolés.\nEn cas de besoin,..."
2130,1834173502657552384,Freebox,Message automatique Freebox,Réponse automatique répétitive,"@bbool_ La messagerie privée X n’est plus disponible, et nous en sommes désolés.\nEn cas de besoin, ..."
2131,1834173884582498378,Freebox,Message automatique Freebox,Réponse automatique répétitive,"@tristann38 La messagerie privée X n’est plus disponible, et nous en sommes désolés.\nEn cas de beso..."
2136,1834281097884303647,UniversFreebox,Spam/Promotion,Spam ou promotion non pertinente,Clin d’oeil : Free avait déjà annoncé par erreur la grosse nouveauté de cette semaine https://t.co/H...
2152,1834601079444480202,Freebox,Message automatique Freebox,Réponse automatique répétitive,"@cpasadrideux La messagerie privée X n’est plus disponible, et nous en sommes désolés.\n\nPouvez-vou..."
2153,1834601748394057844,Freebox,Message automatique Freebox,Réponse automatique répétitive,"@CODLuan La messagerie privée X n’est plus disponible, et nous en sommes désolés.\n\nPouvez-vous nou..."
2154,1834601955471085879,Freebox,Message automatique Freebox,Réponse automatique répétitive,"@EliotAFC La messagerie privée X n’est plus disponible, et nous en sommes désolés.\n\nPouvez-vous no..."
2155,1834602938787856620,Freebox,Message automatique Freebox,Réponse automatique répétitive,"@therussiancrow La messagerie privée X n’est plus disponible, et nous en sommes désolés.\n\nPouvez-v..."
2157,1834606085035974715,Freebox,Message automatique Freebox,Réponse automatique répétitive,"@_ocevne_ La messagerie privée X n’est plus disponible, et nous en sommes désolés.\n\nPouvez-vous no..."
2158,1834606306709184588,Freebox,Message automatique Freebox,Réponse automatique répétitive,"@gronoff La messagerie privée X n’est plus disponible, et nous en sommes désolés.\n\nPouvez-vous nou..."
2159,1834606595839299828,Freebox,Message automatique Freebox,Réponse automatique répétitive,"@cody93372027 La messagerie privée X n’est plus disponible, et nous en sommes désolés.\n\nPouvez-vou..."
2160,1834612259378663543,Freebox,Message automatique Freebox,Réponse automatique répétitive,"@Erzebet44227838 La messagerie privée X n’est plus disponible, et nous en sommes désolés Erzebet4422..."
2161,1834613379857547586,Freebox,Message automatique Freebox,Réponse automatique répétitive,"@bdauvissat La messagerie privée X n’est plus disponible, et nous en sommes désolés.\n\nPouvez-vous ..."
2162,1834613671865028866,Freebox,Message automatique Freebox,Réponse automatique répétitive,"@Dan__Jor La messagerie privée X n’est plus disponible, et nous en sommes désolés.\n\nPouvez-vous no..."
2163,1834613950236749836,Freebox,Message automatique Freebox,Réponse automatique répétitive,"@mezelrif La messagerie privée X n’est plus disponible, et nous en sommes désolés mezelrif\n\nRetrou..."
2164,1834614147041939877,Freebox,Message automatique Freebox,Réponse automatique répétitive,"@MossieurSage La messagerie privée X n’est plus disponible, et nous en sommes désolés.\n\nPouvez-vou..."
2165,1834614813890105375,Freebox,Message automatique Freebox,Réponse automatique répétitive,"@Maxime_RG05 La messagerie privée X n’est plus disponible, et nous en sommes désolés Maxime_RG05\n\n..."
2166,1834614956983029996,Freebox,Message automatique Freebox,Réponse automatique répétitive,"@Ceticah La messagerie privée X n’est plus disponible, et nous en sommes désolés Ceticah\n\nRetrouve..."
2167,1834615037329093019,Freebox,Message automatique Freebox,Réponse automatique répétitive,"@yasmandaaaw La messagerie privée X n’est plus disponible, et nous en sommes désolés.\n\nPouvez-vous..."
2168,1834615174029877467,Freebox,Message automatique Freebox,Réponse automatique répétitive,"@vecu2poissard La messagerie privée X n’est plus disponible, et nous en sommes désolés vecu2poissard..."
2169,1834615397271613660,Freebox,Message automatique Freebox,Réponse automatique répétitive,"@EspDomOnagrine La messagerie privée X n’est plus disponible, et nous en sommes désolés.\n\nPouvez-v..."
2170,1834615576670482842,Freebox,Message automatique Freebox,Réponse automatique répétitive,"@qwulleput La messagerie privée X n’est plus disponible, et nous en sommes désolés qwulleput\n\nRetr..."
2171,1834615948256379167,Freebox,Message automatique Freebox,Réponse automatique répétitive,"@f4tug La messagerie privée X n’est plus disponible, et nous en sommes désolés f4tug\n\nRetrouvez-no..."
2172,1834615972424008030,Freebox,Message automatique Freebox,Réponse automatique répétitive,"@t_5502m La messagerie privée X n’est plus disponible, et nous en sommes désolés.\n\nPouvez-vous nou..."
2173,1834616148656034283,Freebox,Message automatique Freebox,Réponse automatique répétitive,"@lsakurayuki La messagerie privée X n’est plus disponible, et nous en sommes désolés.\n\nPouvez-vous..."
2174,1834616317598478554,Freebox,Message automatique Freebox,Réponse automatique répétitive,"@zaza0726 La messagerie privée X n’est plus disponible, et nous en sommes désolés zaza0726\n\nRetrou..."
2175,1834618573781684371,Freebox,Message automatique Freebox,Réponse automatique répétitive,"@madeinphoto La messagerie privée X n’est plus disponible, et nous en sommes désolés madeinphoto\n\n..."
2176,1834620064038855053,Freebox,Message automatique Freebox,Réponse automatique répétitive,"@Me_Granturco La messagerie privée X n’est plus disponible, et nous en sommes désolés Me_Granturco\n..."
2177,1834620231622291797,Freebox,Message automatique Freebox,Réponse automatique répétitive,"@benitoo75018 La messagerie privée X n’est plus disponible, et nous en sommes désolés benitoo75018\n..."
2179,1834620987834306885,Freebox,Message automatique Freebox,Réponse automatique répétitive,"@FrancoisSNF La messagerie privée X n’est plus disponible, et nous en sommes désolés.\n\nPouvez-vous..."
2180,1834621169380589914,Freebox,Message automatique Freebox,Réponse automatique répétitive,"@kaiitoootv La messagerie privée X n’est plus disponible, et nous en sommes désolés kaiitoootv\n\nRe..."
2181,1834621506560704917,Freebox,Message automatique Freebox,Réponse automatique répétitive,"@Sch_Gaetan La messagerie privée X n’est plus disponible, et nous en sommes désolés Sch_Gaetan\n\nRe..."
2183,1834622136012452180,Freebox,Message automatique Freebox,Réponse automatique répétitive,"@Sasskeh La messagerie privée X n’est plus disponible, et nous en sommes désolés.\n\nPouvez-vous nou..."
2184,1834622150977765597,Freebox,Message automatique Freebox,Réponse automatique répétitive,"@hxdemcod La messagerie privée X n’est plus disponible, et nous en sommes désolés hxdemcod\n\nRetrou..."
2186,1834622869294268841,Freebox,Message automatique Freebox,Réponse automatique répétitive,"@iBooBooK La messagerie privée X n’est plus disponible, et nous en sommes désolés.\n\nPouvez-vous no..."
2222,1835669685620167163,Freebox,Message automatique Freebox,Réponse automatique répétitive,"@lsakurayuki La messagerie privée X n’est plus disponible, et nous en sommes désolés. \n\nVous n'ave..."
2223,1835669862795907469,Freebox,Message automatique Freebox,Réponse automatique répétitive,"@arcandyss La messagerie privée X n’est plus disponible, et nous en sommes désolés. \n\nVous n'avez ..."
2224,1835669987668713475,Freebox,Message automatique Freebox,Réponse automatique répétitive,"@fafix15000 La messagerie privée X n’est plus disponible, et nous en sommes désolés. \n\nVous n'avez..."
2225,1835670362161349056,Freebox,Message automatique Freebox,Réponse automatique répétitive,"@Jahlailama La messagerie privée X n’est plus disponible, et nous en sommes désolés. \n\nVous n'avez..."
2226,1835670513445716309,Freebox,Message automatique Freebox,Réponse automatique répétitive,"@RomainPinho La messagerie privée X n’est plus disponible, et nous en sommes désolés. \n\nVous n'ave..."
2227,1835670562057715719,Freebox,Message automatique Freebox,Réponse automatique répétitive,"@rifia699 La messagerie privée X n’est plus disponible, et nous en sommes désolés.\nEn cas de besoin..."
2228,1835670920419049653,Freebox,Message automatique Freebox,Réponse automatique répétitive,"@Zulgrib La messagerie privée X n’est plus disponible, et nous en sommes désolés.\nEn cas de besoin,..."
2229,1835671166477877548,Freebox,Message automatique Freebox,Réponse automatique répétitive,"@TimOA37 La messagerie privée X n’est plus disponible, et nous en sommes désolés.\nEn cas de besoin,..."
2230,1835671484074762587,Freebox,Message automatique Freebox,Réponse automatique répétitive,"@bambaxdotcom La messagerie privée X n’est plus disponible, et nous en sommes désolés. \n\nVous n'av..."
2231,1835671787733999861,Freebox,Message automatique Freebox,Réponse automatique répétitive,"@Amael_Mrn La messagerie privée X n’est plus disponible, et nous en sommes désolés.\nEn cas de besoi..."
2232,1835672155872194655,Freebox,Message automatique Freebox,Réponse automatique répétitive,"@Julie_Trincat La messagerie privée X n’est plus disponible, et nous en sommes désolés. \n\nVous n'a..."
2233,1835672370188521826,Freebox,Message automatique Freebox,Réponse automatique répétitive,"@iwagakure__ La messagerie privée X n’est plus disponible, et nous en sommes désolés.\nEn cas de bes..."
2234,1835672474995793959,Freebox,Message automatique Freebox,Réponse automatique répétitive,"@cyohnnst La messagerie privée X n’est plus disponible, et nous en sommes désolés.\nEn cas de besoin..."
2235,1835672647994081451,Freebox,Message automatique Freebox,Réponse automatique répétitive,"@gregdarfouf La messagerie privée X n’est plus disponible, et nous en sommes désolés.\nEn cas de bes..."
2236,1835672748598628450,Freebox,Message automatique Freebox,Réponse automatique répétitive,"@jean_fabrice La messagerie privée X n’est plus disponible, et nous en sommes désolés. \n\nVous n'av..."
2237,1835672829049618870,Freebox,Message automatique Freebox,Réponse automatique répétitive,"@mymyl_com La messagerie privée X n’est plus disponible, et nous en sommes désolés.\nEn cas de besoi..."
2238,1835672942388105616,Freebox,Message automatique Freebox,Réponse automatique répétitive,"@axelpailhes La messagerie privée X n’est plus disponible, et nous en sommes désolés. \n\nVous n'ave..."
2239,1835673042816500034,Freebox,Message automatique Freebox,Réponse automatique répétitive,"@JacqueminLucie La messagerie privée X n’est plus disponible, et nous en sommes désolés. \n\nVous n'..."
2240,1835673349596360929,Freebox,Message automatique Freebox,Réponse automatique répétitive,"@viper82 La messagerie privée X n’est plus disponible, et nous en sommes désolés.\nEn cas de besoin,..."
2241,1835673640060195300,Freebox,Message automatique Freebox,Réponse automatique répétitive,"@AinaHarinarivo La messagerie privée X n’est plus disponible, et nous en sommes désolés.\nEn cas de ..."
2242,1835674033754395001,Freebox,Message automatique Freebox,Réponse automatique répétitive,"@FilleBizarreexe La messagerie privée X n’est plus disponible, et nous en sommes désolés.\nEn cas de..."
2243,1835674313640313087,Freebox,Message automatique Freebox,Réponse automatique répétitive,"@ZeLapinGarou La messagerie privée X n’est plus disponible, et nous en sommes désolés.\nEn cas de be..."
2244,1835674559275524393,Freebox,Message automatique Freebox,Réponse automatique répétitive,"@virtualmab La messagerie privée X n’est plus disponible, et nous en sommes désolés.\nEn cas de beso..."
2245,1835675102467199187,Freebox,Message automatique Freebox,Réponse automatique répétitive,"@AinaHarinarivo La messagerie privée X n’est plus disponible, et nous en sommes désolés. \n\nVous n'..."
2246,1835675127494652306,Freebox,Message automatique Freebox,Réponse automatique répétitive,"@Pimpembe La messagerie privée X n’est plus disponible, et nous en sommes désolés.\nEn cas de besoin..."
2247,1835675578680127570,Freebox,Message automatique Freebox,Réponse automatique répétitive,"@GuillaumeLaurie La messagerie privée X n’est plus disponible, et nous en sommes désolés. \n\nVous n..."
2248,1835675762369724691,Freebox,Message automatique Freebox,Réponse automatique répétitive,"@_____TT_____ La messagerie privée X n’est plus disponible, et nous en sommes désolés. \n\nVous n'av..."
2249,1835675778287075529,Freebox,Message automatique Freebox,Réponse automatique répétitive,"@Hnry_69 La messagerie privée X n’est plus disponible, et nous en sommes désolés.\nEn cas de besoin,..."
2250,1835676020642390080,Freebox,Message automatique Freebox,Réponse automatique répétitive,"@MaillardPascal7 La messagerie privée X n’est plus disponible, et nous en sommes désolés.\nEn cas de..."
2251,1835676208576532775,Freebox,Message automatique Freebox,Réponse automatique répétitive,"@SimplyJulien La messagerie privée X n’est plus disponible, et nous en sommes désolés.\nEn cas de be..."
2252,1835676322661601536,Freebox,Message automatique Freebox,Réponse automatique répétitive,"@KC_Trashyy La messagerie privée X n’est plus disponible, et nous en sommes désolés.\nEn cas de beso..."
2253,1835676940411232293,Freebox,Message automatique Freebox,Réponse automatique répétitive,"@flimzyhack La messagerie privée X n’est plus disponible, et nous en sommes désolés.\nEn cas de beso..."
2254,1835677506705228081,Freebox,Message automatique Freebox,Réponse automatique répétitive,"@MachuPicchu25 La messagerie privée X n’est plus disponible, et nous en sommes désolés.\nEn cas de b..."
2255,1835678650475164141,Freebox,Message automatique Freebox,Réponse automatique répétitive,"@ErethaariO La messagerie privée X n’est plus disponible, et nous en sommes désolés.\nEn cas de beso..."
2256,1835678883179336142,Freebox,Message automatique Freebox,Réponse automatique répétitive,"@theunlimitator La messagerie privée X n’est plus disponible, et nous en sommes désolés.\nEn cas de ..."
2257,1835679509871231180,Freebox,Message automatique Freebox,Réponse automatique répétitive,"@Jerem_LAROCHE La messagerie privée X n’est plus disponible, et nous en sommes désolés.\nEn cas de b..."
2258,1835679967620845896,Freebox,Message automatique Freebox,Réponse automatique répétitive,"@Snake91Eyes La messagerie privée X n’est plus disponible, et nous en sommes désolés.\nEn cas de bes..."
2260,1835681635334770999,Freebox,Message automatique Freebox,Réponse automatique répétitive,"@ilova01 La messagerie privée X n’est plus disponible, et nous en sommes désolés.\nEn cas de besoin,..."
2261,1835681899718558030,Freebox,Message automatique Freebox,Réponse automatique répétitive,"@fredolo1313 La messagerie privée X n’est plus disponible, et nous en sommes désolés.\nEn cas de bes..."
2262,1835682744631709755,Freebox,Message automatique Freebox,Réponse automatique répétitive,"@fredolo1313 La messagerie privée X n’est plus disponible, et nous en sommes désolés. \n\nVous n'ave..."
2263,1835682907840516524,Freebox,Message automatique Freebox,Réponse automatique répétitive,"@FeeSur La messagerie privée X n’est plus disponible, et nous en sommes désolés. \n\nVous n'avez pas..."
2264,1835683016103882949,Freebox,Message automatique Freebox,Réponse automatique répétitive,"@ASL085829571937 La messagerie privée X n’est plus disponible, et nous en sommes désolés. \n\nVous n..."
2265,1835683191924879406,Freebox,Message automatique Freebox,Réponse automatique répétitive,"@cwoox La messagerie privée X n’est plus disponible, et nous en sommes désolés. \n\nVous n'avez pas ..."
2266,1835683371797594404,Freebox,Message automatique Freebox,Réponse automatique répétitive,"@IHATElectriCar La messagerie privée X n’est plus disponible, et nous en sommes désolés. \n\nVous n'..."
2267,1835683743614247317,Freebox,Message automatique Freebox,Réponse automatique répétitive,"@emma_audrey_fr La messagerie privée X n’est plus disponible, et nous en sommes désolés. \n\nVous n'..."
2268,1835688382585872807,Freebox,Message automatique Freebox,Réponse automatique répétitive,"@LeMokaccino La messagerie privée X n’est plus disponible, et nous en sommes désolés.\nEn cas de bes..."
2269,1835688575670587541,Freebox,Message automatique Freebox,Réponse automatique répétitive,"@AxelAssouline La messagerie privée X n’est plus disponible, et nous en sommes désolés.\nEn cas de b..."
2270,1835689030278615319,Freebox,Message automatique Freebox,Réponse automatique répétitive,"@jthulr La messagerie privée X n’est plus disponible, et nous en sommes désolés.\nEn cas de besoin, ..."
2271,1835690093056491885,Freebox,Message automatique Freebox,Réponse automatique répétitive,"@emma_audrey_fr La messagerie privée X n’est plus disponible, et nous en sommes désolés.\nEn cas de ..."
2272,1835690212485202354,Freebox,Message automatique Freebox,Réponse automatique répétitive,"@InkeiJager La messagerie privée X n’est plus disponible, et nous en sommes désolés. \n\nVous n'avez..."
2273,1835690412033417229,Freebox,Message automatique Freebox,Réponse automatique répétitive,"@mehdikamel29 La messagerie privée X n’est plus disponible, et nous en sommes désolés. \n\nVous n'av..."
2274,1835690440135266804,Freebox,Message automatique Freebox,Réponse automatique répétitive,"@Lyshit_ski La messagerie privée X n’est plus disponible, et nous en sommes désolés.\nEn cas de beso..."
2275,1835690590685573227,Freebox,Message automatique Freebox,Réponse automatique répétitive,"@lizzxblue La messagerie privée X n’est plus disponible, et nous en sommes désolés. \n\nVous n'avez ..."
2276,1835690753856532609,Freebox,Message automatique Freebox,Réponse automatique répétitive,"@BOJ4CK_ La messagerie privée X n’est plus disponible, et nous en sommes désolés. \n\nVous n'avez pa..."
2277,1835690932257071462,Freebox,Message automatique Freebox,Réponse automatique répétitive,"@JTOUET La messagerie privée X n’est plus disponible, et nous en sommes désolés. \n\nVous n'avez pas..."
2278,1835691005753880955,Freebox,Message automatique Freebox,Réponse automatique répétitive,"@kanzakiaim127 La messagerie privée X n’est plus disponible, et nous en sommes désolés.\nEn cas de b..."
2279,1835691383572640183,Freebox,Message automatique Freebox,Réponse automatique répétitive,"@AXLR9_ La messagerie privée X n’est plus disponible, et nous en sommes désolés.\nEn cas de besoin, ..."
2280,1835692326598988218,Freebox,Message automatique Freebox,Réponse automatique répétitive,"@xgouchet La messagerie privée X n’est plus disponible, et nous en sommes désolés.\nEn cas de besoin..."
2281,1835692416570949963,Freebox,Message automatique Freebox,Réponse automatique répétitive,"@Degard1Sandrine La messagerie privée X n’est plus disponible, et nous en sommes désolés.\nEn cas de..."
2282,1835692579255431518,Freebox,Message automatique Freebox,Réponse automatique répétitive,"@Deepspeaks_ La messagerie privée X n’est plus disponible, et nous en sommes désolés.\nEn cas de bes..."
2283,1835692680375947380,Freebox,Message automatique Freebox,Réponse automatique répétitive,"@poesieandpages La messagerie privée X n’est plus disponible, et nous en sommes désolés.\nEn cas de ..."
2284,1835692785862680977,Freebox,Message automatique Freebox,Réponse automatique répétitive,"@nuazleynd1 La messagerie privée X n’est plus disponible, et nous en sommes désolés.\nEn cas de beso..."
2285,1835692936941445548,Freebox,Message automatique Freebox,Réponse automatique répétitive,"@Shinichiil La messagerie privée X n’est plus disponible, et nous en sommes désolés.\nEn cas de beso..."
2286,1835693135768297497,Freebox,Message automatique Freebox,Réponse automatique répétitive,"@ShinTdi La messagerie privée X n’est plus disponible, et nous en sommes désolés.\nEn cas de besoin,..."
2287,1835693553390862531,Freebox,Message automatique Freebox,Réponse automatique répétitive,"@MOBO83619052325 La messagerie privée X n’est plus disponible, et nous en sommes désolés.\nEn cas de..."
2288,1835693694004969794,Freebox,Message automatique Freebox,Réponse automatique répétitive,"@AnaGainsbarre La messagerie privée X n’est plus disponible, et nous en sommes désolés.\nEn cas de b..."
2289,1835693992878461309,Freebox,Message automatique Freebox,Réponse automatique répétitive,"@ArnaudJouzac La messagerie privée X n’est plus disponible, et nous en sommes désolés.\nEn cas de be..."
2296,1835976629912236507,lizzxblue,Message automatique Freebox,Réponse automatique répétitive,@Freebox oui bah super l’assistance ne donne pas de réponse et sur messenger j’ai 0 conseiller qui p...
2298,1835998951410950260,Freebox,Message automatique Freebox,Réponse automatique répétitive,@IHATElectriCar Désolé pour notre temps de réponse 🙏\n\nLa messagerie privée X n’est plus disponible...
2299,1835999452487667931,Freebox,Message automatique Freebox,Réponse automatique répétitive,"@lthiry2 Désolé pour notre temps de réponse 🙏\n\nLa messagerie privée X n’est plus disponible, et no..."
2300,1836000757604032516,Freebox,Message automatique Freebox,Réponse automatique répétitive,@BruceWayne055 La messagerie X n’est plus disponible. Mais je vous propose de nous contacter via Mes...
2302,1836001183321759841,Freebox,Message automatique Freebox,Réponse automatique répétitive,"@zakio_59 Désolé pour notre temps de réponse 🙏\n\nLa messagerie privée X n’est plus disponible, et n..."
2303,1836002315095957834,Freebox,Message automatique Freebox,Réponse automatique répétitive,@tinydinosmusic La messagerie X n’est plus disponible. Mais je vous propose de nous contacter via Me...
2305,1836003671676485838,Freebox,Message automatique Freebox,Réponse automatique répétitive,@Ninasaurus__rex La messagerie X n’est plus disponible. Mais je vous propose de nous contacter via M...
2306,1836009740607836278,Freebox,Message automatique Freebox,Réponse automatique répétitive,@lizzxblue La messagerie X n’est plus disponible. Mais je vous propose de nous contacter via Messeng...
2307,1836009912377147658,Freebox,Message automatique Freebox,Réponse automatique répétitive,@KaTaNaCorleone La messagerie X n’est plus disponible. Mais je vous propose de nous contacter via Me...
2308,1836010096494539052,Freebox,Message automatique Freebox,Réponse automatique répétitive,@ripbozo2k La messagerie X n’est plus disponible. Mais je vous propose de nous contacter via Messeng...
2313,1836053607919005759,Caj_Damien,Message automatique Freebox,Réponse automatique répétitive,@free que quelqu'un s'occupe a répondre à mes messages sur Messenger s'il vous plaît ⬇️ https://t.co...
2345,1836436361009582456,Freebox,Message automatique Freebox,Réponse automatique répétitive,"@Reinevictorria Bonjour,\n\nLa messagerie privée X n’est plus disponible, et nous en sommes désolés...."
2347,1836456035327922289,phizzl_e,Spam/Promotion,Spam ou promotion non pertinente,Mon nouveau bébé est arrivé 🥹 @Xavier75 @free 🫶🫶❤️ https://t.co/UwgMjNXWvr
2357,1836661792027652415,Freebox,Message automatique Freebox,Réponse automatique répétitive,"@Florine_lz La messagerie privée X n’est plus disponible, et nous en sommes désolés Florine_lz\n\nRe..."
2358,1836661982818160848,Freebox,Message automatique Freebox,Réponse automatique répétitive,"@Tetsuhit0 La messagerie privée X n’est plus disponible, et nous en sommes désolés Tetsuhit0\n\nRetr..."
2359,1836662049595617653,Freebox,Message automatique Freebox,Réponse automatique répétitive,"@GBoisseuil La messagerie privée X n’est plus disponible, et nous en sommes désolés.\nVous n'avez pa..."
2360,1836662863613550912,Freebox,Message automatique Freebox,Réponse automatique répétitive,"@SavitarTrades La messagerie privée X n’est plus disponible, et nous en sommes désolés SavitarTrades..."
2361,1836663130845254120,Freebox,Message automatique Freebox,Réponse automatique répétitive,"@Psychaum La messagerie privée X n’est plus disponible, et nous en sommes désolés Psychaum\n\nRetrou..."
2362,1836663596547203103,Freebox,Message automatique Freebox,Réponse automatique répétitive,"@Laurine_OS La messagerie privée X n’est plus disponible, et nous en sommes désolés Laurine_OS\n\nRe..."
2363,1836663609671237952,Freebox,Message automatique Freebox,Réponse automatique répétitive,"@Caj_Damien Désolé pour notre temps de réponse 🙏\nLa messagerie privée X n’est plus disponible, et n..."
2364,1836663781440512337,Freebox,Message automatique Freebox,Réponse automatique répétitive,"@daniel_ma46584 La messagerie privée X n’est plus disponible, et nous en sommes désolés.\n\nPouvez-v..."
2365,1836664319003463713,Freebox,Message automatique Freebox,Réponse automatique répétitive,"@BGraussnoix La messagerie privée X n’est plus disponible, et nous en sommes désolés BGraussnoix\n\n..."
2366,1836664959452803489,Freebox,Message automatique Freebox,Réponse automatique répétitive,"@Antoine_msk La messagerie privée X n’est plus disponible, et nous en sommes désolés.\n\nPouvez-vous..."
2367,1836665134212657173,Freebox,Message automatique Freebox,Réponse automatique répétitive,"@JonathanLespect La messagerie privée X n’est plus disponible, et nous en sommes désolés. \nVous n'a..."
2368,1836666351869399472,Freebox,Message automatique Freebox,Réponse automatique répétitive,"@chimiedemerde La messagerie privée X n’est plus disponible, et nous en sommes désolés. \nVous n'ave..."
2369,1836666761292193826,Freebox,Message automatique Freebox,Réponse automatique répétitive,"@toque_mr La messagerie privée X n’est plus disponible, et nous en sommes désolés.\n\nPouvez-vous no..."
2370,1836667088447877315,Freebox,Message automatique Freebox,Réponse automatique répétitive,"@ECHASSERY Désolé pour notre temps de réponse 🙏\nLa messagerie privée X n’est plus disponible, et no..."
2371,1836667171587407963,Freebox,Message automatique Freebox,Réponse automatique répétitive,"@Supremaster9 La messagerie privée X n’est plus disponible, et nous en sommes désolés.\n\nPouvez-vou..."
2372,1836667429855936586,Freebox,Message automatique Freebox,Réponse automatique répétitive,"@UncleBerto7 La messagerie privée X n’est plus disponible, et nous en sommes désolés UncleBerto7\n\n..."
2373,1836667486197993789,Freebox,Message automatique Freebox,Réponse automatique répétitive,"@SeradowT La messagerie privée X n’est plus disponible, et nous en sommes désolés.\n\nPouvez-vous no..."
2374,1836667655018693108,Freebox,Message automatique Freebox,Réponse automatique répétitive,"@orlanemlt La messagerie privée X n’est plus disponible, et nous en sommes désolés orlanemlt\n\nRetr..."
2375,1836667734563721267,Freebox,Message automatique Freebox,Réponse automatique répétitive,"@Meydeuss La messagerie privée X n’est plus disponible, et nous en sommes désolés. \nVous n'avez pas..."
2376,1836667833230512242,Freebox,Message automatique Freebox,Réponse automatique répétitive,"@Elious_21 La messagerie privée X n’est plus disponible, et nous en sommes désolés Elious_21\n\nRetr..."
2377,1836667863026839979,Freebox,Message automatique Freebox,Réponse automatique répétitive,"@MehdiNI La messagerie privée X n’est plus disponible, et nous en sommes désolés.\n\nPouvez-vous nou..."
2378,1836667923848454586,Freebox,Message automatique Freebox,Réponse automatique répétitive,"@moneybaggtahir La messagerie privée X n’est plus disponible, et nous en sommes désolés. \nVous n'av..."
2379,1836668087904477443,Freebox,Message automatique Freebox,Réponse automatique répétitive,"@YougoSmith111 La messagerie privée X n’est plus disponible, et nous en sommes désolés. \nVous n'ave..."
2380,1836668536506167658,Freebox,Message automatique Freebox,Réponse automatique répétitive,"@AnthoSudiste La messagerie privée X n’est plus disponible, et nous en sommes désolés AnthoSudiste\n..."
2382,1836668826143818098,Freebox,Message automatique Freebox,Réponse automatique répétitive,"@VictorL03048343 La messagerie privée X n’est plus disponible, et nous en sommes désolés.\n\nPouvez-..."
2383,1836670977360408741,Freebox,Message automatique Freebox,Réponse automatique répétitive,"@edouard5900 La messagerie privée X n’est plus disponible, et nous en sommes désolés. \nVous n'avez ..."
2384,1836671564193874181,Freebox,Message automatique Freebox,Réponse automatique répétitive,"@cedric_cuny_ La messagerie privée X n’est plus disponible, et nous en sommes désolés.\n\nPouvez-vou..."
2385,1836673333665919256,Freebox,Message automatique Freebox,Réponse automatique répétitive,"@boinet78817154 La messagerie privée X n’est plus disponible, et nous en sommes désolés boinet788171..."
2386,1836675936227348728,Freebox,Message automatique Freebox,Réponse automatique répétitive,"@forummp3 La messagerie privée X n’est plus disponible, et nous en sommes désolés.\n\nPouvez-vous no..."
2387,1836676348749795360,Freebox,Message automatique Freebox,Réponse automatique répétitive,"@SUKO_JAYA La messagerie privée X n’est plus disponible, et nous en sommes désolés.\n\nPouvez-vous n..."
2388,1836688060185989594,Freebox,Message automatique Freebox,Réponse automatique répétitive,"@timoexe La messagerie privée X n’est plus disponible, et nous en sommes désolés.\nVous n'avez pas e..."
2390,1836697392424370191,Freebox,Message automatique Freebox,Réponse automatique répétitive,"@ImSkeetless La messagerie privée X n’est plus disponible, et nous en sommes désolés.\nVous n'avez p..."
2391,1836702354466394465,Freebox,Message automatique Freebox,Réponse automatique répétitive,"@oxman La messagerie privée X n’est plus disponible, et nous en sommes désolés.\nVous n'avez pas enc..."
2392,1836703479680606428,Freebox,Message automatique Freebox,Réponse automatique répétitive,"@krusty935_ La messagerie privée X n’est plus disponible, et nous en sommes désolés.\nVous n'avez pa..."
2396,1836711750219010167,Freebox,Message automatique Freebox,Réponse automatique répétitive,"@mini_bull_pasbo La messagerie privée X n’est plus disponible, et nous en sommes désolés mini_bull_p..."
2398,1836756500754133342,Freebox,Message automatique Freebox,Réponse automatique répétitive,"@CyrielleBuchin La messagerie privée X n’est plus disponible, et nous en sommes désolés. \n\nVous n'..."
2399,1836756765582545167,Freebox,Message automatique Freebox,Réponse automatique répétitive,"@Enzo_SAQUET La messagerie privée X n’est plus disponible, et nous en sommes désolés. \n\nVous n'ave..."
2400,1836756968486080638,Freebox,Message automatique Freebox,Réponse automatique répétitive,"@cochonvenere La messagerie privée X n’est plus disponible, et nous en sommes désolés. \n\nVous n'av..."
2401,1836757413455626669,Freebox,Message automatique Freebox,Réponse automatique répétitive,"@mondiag06 La messagerie privée X n’est plus disponible, et nous en sommes désolés. \n\nVous n'avez ..."
2402,1836759500977565903,Freebox,Message automatique Freebox,Réponse automatique répétitive,"@caloux77 La messagerie privée X n’est plus disponible, et nous en sommes désolés. \n\nRetrouvez-moi..."
2403,1836760246427042088,Freebox,Message automatique Freebox,Réponse automatique répétitive,"@Djidje La messagerie privée X n’est plus disponible, et nous en sommes désolés. \n\nRetrouvez-moi d..."
2404,1836762293889114180,Freebox,Message automatique Freebox,Réponse automatique répétitive,"@Warda10781464 La messagerie privée X n’est plus disponible, et nous en sommes désolés. \n\nVous n'a..."
2405,1836762804788810030,Freebox,Message automatique Freebox,Réponse automatique répétitive,"@Lucsky_Turf La messagerie privée X n’est plus disponible, et nous en sommes désolés. \n\nVous n'ave..."
2406,1836762901102633018,Freebox,Message automatique Freebox,Réponse automatique répétitive,"@RemeorLol La messagerie privée X n’est plus disponible, et nous en sommes désolés. \n\nVous n'avez ..."
2407,1836764304848142663,Freebox,Message automatique Freebox,Réponse automatique répétitive,"@Enzo__64 La messagerie privée X n’est plus disponible, et nous en sommes désolés. \n\nVous n'avez p..."
2408,1836764470002999765,Freebox,Message automatique Freebox,Réponse automatique répétitive,"@acdctabs La messagerie privée X n’est plus disponible, et nous en sommes désolés. \n\nRetrouvez-moi..."
2409,1836765232674341051,Freebox,Message automatique Freebox,Réponse automatique répétitive,"@laHeSsdinho La messagerie privée X n’est plus disponible, et nous en sommes désolés. \n\nVous n'ave..."
2410,1836765401868300784,Freebox,Message automatique Freebox,Réponse automatique répétitive,"@blank_blank_09 Bonjour,\n\nLa messagerie privée X n’est plus disponible, et nous en sommes désolés...."
2411,1836768529271415020,Freebox,Message automatique Freebox,Réponse automatique répétitive,"@BurningD0g La messagerie privée X n’est plus disponible, et nous en sommes désolés. \n\nVous n'avez..."
2412,1836769204264903040,Freebox,Message automatique Freebox,Réponse automatique répétitive,"@acdctabs La messagerie privée X n’est plus disponible, et nous en sommes désolés.\nEn cas de besoin..."
2413,1836769319016972456,Freebox,Message automatique Freebox,Réponse automatique répétitive,"@Tae_Yang93 La messagerie privée X n’est plus disponible, et nous en sommes désolés.\nEn cas de beso..."
2414,1836769354173600127,Freebox,Message automatique Freebox,Réponse automatique répétitive,"@Tae_Yang93 La messagerie privée X n’est plus disponible, et nous en sommes désolés. \n\nRetrouvez-m..."
2415,1836769860786827267,Freebox,Message automatique Freebox,Réponse automatique répétitive,"@jras_63 La messagerie privée X n’est plus disponible, et nous en sommes désolés. \n\nRetrouvez-moi ..."
2416,1836770197375455322,Freebox,Message automatique Freebox,Réponse automatique répétitive,"@jras_63 La messagerie privée X n’est plus disponible, et nous en sommes désolés. \n\nRetrouvez-moi ..."
2417,1836770339876942249,Freebox,Message automatique Freebox,Réponse automatique répétitive,"@SkylissFR La messagerie privée X n’est plus disponible, et nous en sommes désolés. \n\nRetrouvez-mo..."
2418,1836772007846814118,Freebox,Message automatique Freebox,Réponse automatique répétitive,"@naia_chvn La messagerie privée X n’est plus disponible, et nous en sommes désolés. \n\nVous n'avez ..."
2431,1837024211816083648,Freebox,Message automatique Freebox,Réponse automatique répétitive,"@aelyna_ La messagerie privée X n’est plus disponible, et nous en sommes désolés. \n\nSi c'est toujo..."
2433,1837033058735714342,Freebox,Message automatique Freebox,Réponse automatique répétitive,"@etio9 La messagerie privée X n’est plus disponible, et nous en sommes désolés. \n\nSi c'est toujour..."
2434,1837035041907491052,Freebox,Message automatique Freebox,Réponse automatique répétitive,"@CamilleL440766 La messagerie privée X n’est plus disponible, et nous en sommes désolés. \n\nSi c'es..."
2435,1837035344396435679,Freebox,Message automatique Freebox,Réponse automatique répétitive,"@Alexdbidet La messagerie privée X n’est plus disponible, et nous en sommes désolés. \n\nSi c'est to..."
2436,1837036014415589572,Freebox,Message automatique Freebox,Réponse automatique répétitive,"@LilRacsus La messagerie privée X n’est plus disponible, et nous en sommes désolés. \n\nSi c'est tou..."
2437,1837039830317908354,Freebox,Message automatique Freebox,Réponse automatique répétitive,"@EvansCikemane La messagerie privée X n’est plus disponible, et nous en sommes désolés. \n\nSi c'est..."
2438,1837042696206098704,Freebox,Message automatique Freebox,Réponse automatique répétitive,"@jsuis_marge La messagerie privée X n’est plus disponible, et nous en sommes désolés. \n\nSi c'est t..."
2439,1837044721916563780,lasource75006,Spam/Promotion,Spam ou promotion non pertinente,🚨Le Paris Saint Germain officialise un nouveau partenariat avec @free pour deux saisons. @Xavier75 🔴...
2440,1837044892226269219,Freebox,Message automatique Freebox,Réponse automatique répétitive,"@LeZdu86100 La messagerie privée X n’est plus disponible, et nous en sommes désolés. \n\nSi c'est to..."
2449,1837049076644200800,Freebox,Message automatique Freebox,Réponse automatique répétitive,"@Drosy31Z La messagerie privée X n’est plus disponible, et nous en sommes désolés. \n\nRetrouvez-moi..."
2450,1837049076942061574,Freebox,Message automatique Freebox,Réponse automatique répétitive,"@ShotoBG1 La messagerie privée X n’est plus disponible, et nous en sommes désolés. \n\nSi c'est touj..."
2451,1837050197869797540,Freebox,Message automatique Freebox,Réponse automatique répétitive,"@AkumaFr13 La messagerie privée X n’est plus disponible, et nous en sommes désolés. \n\nSi c'est tou..."
2452,1837051668363415795,Freebox,Message automatique Freebox,Réponse automatique répétitive,"@herveny69 La messagerie privée X n’est plus disponible, et nous en sommes désolés. \n\nRetrouvez-mo..."
2453,1837055226307641528,Freebox,Message automatique Freebox,Réponse automatique répétitive,"@XXXXXXX5555522 La messagerie privée X n’est plus disponible, et nous en sommes désolés. \n\nRetrouv..."
2485,1838199484171362629,Freebox,Message automatique Freebox,Réponse automatique répétitive,"@ZrbDamien La messagerie privée X n’est plus disponible, et nous en sommes désolés ZrbDamien. \n\nRe..."
2486,1838203820792271015,Freebox,Message automatique Freebox,Réponse automatique répétitive,"@The_Kepar La messagerie privée X n’est plus disponible, et nous en sommes désolés The_Kepar. \n\nRe..."
2487,1838205302564360415,Freebox,Message automatique Freebox,Réponse automatique répétitive,"@PixelPanini75 La messagerie privée X n’est plus disponible, et nous en sommes désolés PixelPanini75..."
2488,1838206638345371900,Freebox,Message automatique Freebox,Réponse automatique répétitive,"@salimrykiel La messagerie privée X n’est plus disponible, et nous en sommes désolés salimrykiel. \n..."
2489,1838207099228033392,Freebox,Message automatique Freebox,Réponse automatique répétitive,"@AstaOnX La messagerie privée X n’est plus disponible, et nous en sommes désolés AstaOnX. \n\nRetrou..."
2490,1838215773640183979,Freebox,Message automatique Freebox,Réponse automatique répétitive,"@tompsg91 La messagerie privée X n’est plus disponible, et nous en sommes désolés tompsg91. \n\nRetr..."
2491,1838215802350080199,Freebox,Message automatique Freebox,Réponse automatique répétitive,"@jokercitys La messagerie privée X n’est plus disponible, et nous en sommes désolés.\n\nPouvez-vous ..."
2492,1838219556818424012,Freebox,Message automatique Freebox,Réponse automatique répétitive,"@Spayerboy La messagerie privée X n’est plus disponible, et nous en sommes désolés Spayerboy. \n\nRe..."
2493,1838228116889612623,Freebox,Message automatique Freebox,Réponse automatique répétitive,"@Boris_Johnson79 La messagerie privée X n’est plus disponible, et nous en sommes désolés Boris_Johns..."
2495,1838240209567138041,Freebox,Message automatique Freebox,Réponse automatique répétitive,"@Bsaso06 La messagerie privée X n’est plus disponible, et nous en sommes désolés.\n\nPouvez-vous nou..."
2496,1838242201517633862,Freebox,Message automatique Freebox,Réponse automatique répétitive,"@stephanesql La messagerie privée X n’est plus disponible, et nous en sommes désolés.\n\nPouvez-vous..."
2497,1838246688076464310,Freebox,Message automatique Freebox,Réponse automatique répétitive,"@EvansCikemane La messagerie privée X n’est plus disponible, et nous en sommes désolés.\n\nPouvez-vo..."
2508,1838503960459534474,Free_1337,Spam/Promotion,Spam ou promotion non pertinente,1/5 La nouvelle gamme iPhone 16 est désormais proposée dans notre boutique @Free. Les nouveaux iPhon...
2557,1839210109907386523,Freebox,Message automatique Freebox,Réponse automatique répétitive,"@IsmiarTwitch La messagerie privée X n’est plus disponible, et nous en sommes désolés. \n\nRetrouvez..."
2569,1839294855819706855,Freebox,Message automatique Freebox,Réponse automatique répétitive,"@K0n1 La messagerie privée X n’est plus disponible, et nous en sommes désolés.\nVous n'avez pas enco..."
2570,1839296468814799108,Freebox,Message automatique Freebox,Réponse automatique répétitive,"@FlorianSharper La messagerie privée X n’est plus disponible, et nous en sommes désolés.\nVous n'ave..."
2571,1839297341850821034,Freebox,Message automatique Freebox,Réponse automatique répétitive,"@wesleeyetc Désolé pour notre temps de réponse 🙏\n\nLa messagerie privée X n’est plus disponible, et..."
2572,1839297501574140018,Freebox,Message automatique Freebox,Réponse automatique répétitive,"@librearbitre567 Désolé pour notre temps de réponse 🙏\nLa messagerie privée X n’est plus disponible,..."
2573,1839297937341362533,Freebox,Message automatique Freebox,Réponse automatique répétitive,@La_crampe_2023 Désolé pour notre temps de réponse 🙏\n\nLa messagerie privée X n’est plus disponible...
2574,1839298319345942844,Freebox,Message automatique Freebox,Réponse automatique répétitive,@Marie_Nette7810 Désolé pour notre temps de réponse 🙏\n\nLa messagerie privée X n’est plus disponibl...
2575,1839298493959004183,Freebox,Message automatique Freebox,Réponse automatique répétitive,@Audrey_Benzo_Eu Désolé pour notre temps de réponse 🙏\n\nLa messagerie privée X n’est plus disponibl...
2576,1839299048462836080,Freebox,Message automatique Freebox,Réponse automatique répétitive,"@BabaLothbrok Désolé pour notre temps de réponse 🙏\n\nLa messagerie privée X n’est plus disponible, ..."
2577,1839299136614551883,Freebox,Message automatique Freebox,Réponse automatique répétitive,"@ycFreddy La messagerie privée X n’est plus disponible, et nous en sommes désolés.\nVous n'avez pas ..."
2578,1839299630414123051,Freebox,Message automatique Freebox,Réponse automatique répétitive,@Audrey_Benzo_Eu Désolé pour notre temps de réponse 🙏\n\nLa messagerie privée X n’est plus disponibl...
2579,1839299719807328485,Freebox,Message automatique Freebox,Réponse automatique répétitive,"@mondiag06 Désolé pour notre temps de réponse 🙏\n\nLa messagerie privée X n’est plus disponible, et ..."
2580,1839300156975358359,Freebox,Message automatique Freebox,Réponse automatique répétitive,"@Fibo Désolé pour notre temps de réponse 🙏\nLa messagerie privée X n’est plus disponible, et nous en..."
2581,1839301081894916564,Freebox,Message automatique Freebox,Réponse automatique répétitive,"@_Slippery_59 La messagerie privée X n’est plus disponible, et nous en sommes désolés.\n\nPouvez-vou..."
2582,1839301943228854325,Freebox,Message automatique Freebox,Réponse automatique répétitive,"@nestor_RamJim_ La messagerie privée X n’est plus disponible, et nous en sommes désolés nestor_RamJi..."
2583,1839303986320396536,Freebox,Message automatique Freebox,Réponse automatique répétitive,"@theblaide Désolé pour notre temps de réponse 🙏\n\nLa messagerie privée X n’est plus disponible, et ..."
2584,1839305296088379439,Freebox,Message automatique Freebox,Réponse automatique répétitive,"@loutarnai Désolé pour notre temps de réponse 🙏\nLa messagerie privée X n’est plus disponible, et no..."
2585,1839305602079637625,Freebox,Message automatique Freebox,Réponse automatique répétitive,@picool83 L'envoi de DM est malheureusement impossible pour le moment. N'hésitez pas à me contacter ...
2586,1839306352067317912,Freebox,Message automatique Freebox,Réponse automatique répétitive,"@raissa_rmd La messagerie privée X n’est plus disponible, et nous en sommes désolés.\nVous n'avez pa..."
2587,1839307525667082725,Freebox,Message automatique Freebox,Réponse automatique répétitive,"@skirtcob La messagerie privée X n’est plus disponible, et nous en sommes désolés.\nVous n'avez pas ..."
2589,1839308823107932621,Freebox,Message automatique Freebox,Réponse automatique répétitive,"@AngelCyrusLive La messagerie privée X n’est plus disponible, et nous en sommes désolés AngelCyrusLi..."
2590,1839309820266008716,Freebox,Message automatique Freebox,Réponse automatique répétitive,"@anisou_ Désolé pour notre temps de réponse 🙏\nLa messagerie privée X n’est plus disponible, et nous..."
2591,1839310000067588243,Freebox,Message automatique Freebox,Réponse automatique répétitive,"@KLum49 Désolé pour notre temps de réponse 🙏\nLa messagerie privée X n’est plus disponible, et nous ..."
2592,1839310190216126962,Freebox,Message automatique Freebox,Réponse automatique répétitive,"@alex100dre_ La messagerie privée X n’est plus disponible, et nous en sommes désolés.\nVous n'avez p..."
2594,1839318233222127638,Freebox,Message automatique Freebox,Réponse automatique répétitive,"@CrowsBoyaa La messagerie privée X n’est plus disponible, et nous en sommes désolés.\n\nPouvez-vous ..."
2595,1839319470801863039,Freebox,Message automatique Freebox,Réponse automatique répétitive,@xstoregame L'envoi de DM est malheureusement impossible pour le moment. N'hésitez pas à me contacte...
2596,1839320460598603829,Freebox,Message automatique Freebox,Réponse automatique répétitive,@totolegaucho @Xavier75 L'envoi de DM est malheureusement impossible pour le moment. N'hésitez pas à...
2598,1839321098174804259,Freebox,Message automatique Freebox,Réponse automatique répétitive,"@NumeriqueGeek La messagerie privée X n’est plus disponible, et nous en sommes désolés.\n\nPouvez-vo..."
2599,1839321439989584270,Freebox,Message automatique Freebox,Réponse automatique répétitive,@Fabri_Lamouchi L'envoi de DM est malheureusement impossible pour le moment. N'hésitez pas à me cont...
2600,1839322029557780541,Freebox,Message automatique Freebox,Réponse automatique répétitive,@SbastienChauve1 L'envoi de DM est malheureusement impossible pour le moment. N'hésitez pas à me con...
2601,1839323547778625925,Freebox,Message automatique Freebox,Réponse automatique répétitive,"@GBoisseuil La messagerie privée X n’est plus disponible, et nous en sommes désolés.\n\nPouvez-vous ..."
2603,1839325066502553799,Freebox,Message automatique Freebox,Réponse automatique répétitive,"@onikaruka La messagerie privée X n’est plus disponible, et nous en sommes désolés.\n\nPouvez-vous n..."
2604,1839325268970021159,Freebox,Message automatique Freebox,Réponse automatique répétitive,@nommekop L'envoi de DM est malheureusement impossible pour le moment. N'hésitez pas à me contacter ...
2605,1839325423366271186,Freebox,Message automatique Freebox,Réponse automatique répétitive,"@Dimkos_91 La messagerie privée X n’est plus disponible, et nous en sommes désolés.\n\nPouvez-vous n..."
2606,1839325501477072976,Freebox,Message automatique Freebox,Réponse automatique répétitive,@tcmam51 L'envoi de DM est malheureusement impossible pour le moment. N'hésitez pas à me contacter v...
2607,1839325596276457650,Freebox,Message automatique Freebox,Réponse automatique répétitive,"@___Daghe____ La messagerie privée X n’est plus disponible, et nous en sommes désolés.\n\nPouvez-vou..."
2608,1839325736483647917,Freebox,Message automatique Freebox,Réponse automatique répétitive,@_richhrich L'envoi de DM est malheureusement impossible pour le moment. N'hésitez pas à me contacte...
2609,1839326753082204168,Freebox,Message automatique Freebox,Réponse automatique répétitive,@Cl3m3nt_93 L'envoi de DM est malheureusement impossible pour le moment. N'hésitez pas à me contacte...
2610,1839328952176746989,Freebox,Message automatique Freebox,Réponse automatique répétitive,"@PoteAlaConpote La messagerie privée X n’est plus disponible, et nous en sommes désolés PoteAlaConpo..."
2611,1839330470053441905,Freebox,Message automatique Freebox,Réponse automatique répétitive,"@sodermank2 La messagerie privée X n’est plus disponible, et nous en sommes désolés.\n\nPouvez-vous ..."
2612,1839330787872870660,Freebox,Message automatique Freebox,Réponse automatique répétitive,"@mzermarts La messagerie privée X n’est plus disponible, et nous en sommes désolés.\n\nPouvez-vous n..."
2613,1839331262336516461,Freebox,Message automatique Freebox,Réponse automatique répétitive,@Gears4Gamers L'envoi de DM est malheureusement impossible pour le moment. N'hésitez pas à me contac...
2614,1839331841280487595,Freebox,Message automatique Freebox,Réponse automatique répétitive,"@Thelma__Eleanor La messagerie privée X n’est plus disponible, et nous en sommes désolés Thelma__Ele..."
2615,1839333374307254623,Freebox,Message automatique Freebox,Réponse automatique répétitive,"@Florentpp La messagerie privée X n’est plus disponible, et nous en sommes désolés.\n\nPouvez-vous n..."
2624,1839561688128893382,Freebox,Message automatique Freebox,Réponse automatique répétitive,"@razlahan La messagerie privée X n’est plus disponible, et nous en sommes désolés.\nEn cas de besoin..."
2625,1839561837890695287,Freebox,Message automatique Freebox,Réponse automatique répétitive,"@shedounaar Bonjour,\n\nLa messagerie privée X n’est plus disponible, et nous en sommes désolés. \n\..."
2626,1839561894551527922,Freebox,Message automatique Freebox,Réponse automatique répétitive,"@louinas01 La messagerie privée X n’est plus disponible, et nous en sommes désolés.\nEn cas de besoi..."
2627,1839562036801359969,Freebox,Message automatique Freebox,Réponse automatique répétitive,"@louinas01 Bonjour,\n\nLa messagerie privée X n’est plus disponible, et nous en sommes désolés. \n\n..."
2628,1839562317865914549,Freebox,Message automatique Freebox,Réponse automatique répétitive,"@jeremXVIII La messagerie privée X n’est plus disponible, et nous en sommes désolés.\nEn cas de beso..."
2629,1839562404058767711,Freebox,Message automatique Freebox,Réponse automatique répétitive,"@Darladirladadaa Bonjour,\n\nLa messagerie privée X n’est plus disponible, et nous en sommes désolés..."
2630,1839562965944619400,Freebox,Message automatique Freebox,Réponse automatique répétitive,"@IamSoGentille La messagerie privée X n’est plus disponible, et nous en sommes désolés. \n\nRetrouve..."
2631,1839563062686150796,Freebox,Message automatique Freebox,Réponse automatique répétitive,"@SebIsDev Bonjour,\n\nLa messagerie privée X n’est plus disponible, et nous en sommes désolés. \n\nR..."
2632,1839564042664362220,Freebox,Message automatique Freebox,Réponse automatique répétitive,"@Cassand79744805 Bonjour,\n\nLa messagerie privée X n’est plus disponible, et nous en sommes désolés..."
2633,1839564225372410245,Freebox,Message automatique Freebox,Réponse automatique répétitive,"@Iros940149841 La messagerie privée X n’est plus disponible, et nous en sommes désolés.\nEn cas de b..."
2634,1839564408625705459,Freebox,Message automatique Freebox,Réponse automatique répétitive,"@sebdom31 Bonjour,\n\nLa messagerie privée X n’est plus disponible, et nous en sommes désolés. \n\nR..."
2635,1839564723190124872,Freebox,Message automatique Freebox,Réponse automatique répétitive,"@barqueola La messagerie privée X n’est plus disponible, et nous en sommes désolés. \n\nRetrouvez-mo..."
2636,1839564723647303950,Freebox,Message automatique Freebox,Réponse automatique répétitive,"@Carteman75 Bonjour,\n\nLa messagerie privée X n’est plus disponible, et nous en sommes désolés. \n\..."
2637,1839565180407054464,Freebox,Message automatique Freebox,Réponse automatique répétitive,"@x_miIie Bonjour,\n\nLa messagerie privée X n’est plus disponible, et nous en sommes désolés. \n\nRe..."
2638,1839565331771031892,Freebox,Message automatique Freebox,Réponse automatique répétitive,"@noemoee Bonjour,\n\nLa messagerie privée X n’est plus disponible, et nous en sommes désolés. \n\nRe..."
2639,1839565356324499629,Freebox,Message automatique Freebox,Réponse automatique répétitive,"@Reddoskid La messagerie privée X n’est plus disponible, et nous en sommes désolés.\nEn cas de besoi..."
2640,1839565653943963970,Freebox,Message automatique Freebox,Réponse automatique répétitive,"@Pedrobear74 La messagerie privée X n’est plus disponible, et nous en sommes désolés. \n\nRetrouvez-..."
2641,1839565959821938805,Freebox,Message automatique Freebox,Réponse automatique répétitive,"@olympe2022 La messagerie privée X n’est plus disponible, et nous en sommes désolés. \n\nRetrouvez-m..."
2642,1839566201061507550,Freebox,Message automatique Freebox,Réponse automatique répétitive,"@prv_224 La messagerie privée X n’est plus disponible, et nous en sommes désolés.\nEn cas de besoin,..."
2643,1839566325779243108,Freebox,Message automatique Freebox,Réponse automatique répétitive,"@JiJiDoublet La messagerie privée X n’est plus disponible, et nous en sommes désolés.\nEn cas de bes..."
2644,1839566715018981568,Freebox,Message automatique Freebox,Réponse automatique répétitive,"@Ceticah La messagerie privée X n’est plus disponible, et nous en sommes désolés. \n\nRetrouvez-moi ..."
2645,1839566741770285346,Freebox,Message automatique Freebox,Réponse automatique répétitive,"@cmespoulede La messagerie privée X n’est plus disponible, et nous en sommes désolés.\nEn cas de bes..."
2646,1839566893159477271,Freebox,Message automatique Freebox,Réponse automatique répétitive,"@theoneo12 La messagerie privée X n’est plus disponible, et nous en sommes désolés.\nEn cas de besoi..."
2647,1839567032636809672,Freebox,Message automatique Freebox,Réponse automatique répétitive,"@cha_emron La messagerie privée X n’est plus disponible, et nous en sommes désolés.\nEn cas de besoi..."
2648,1839567061174948025,Freebox,Message automatique Freebox,Réponse automatique répétitive,"@cha_emron La messagerie privée X n’est plus disponible, et nous en sommes désolés. \n\nRetrouvez-mo..."
2649,1839568617219739943,Freebox,Message automatique Freebox,Réponse automatique répétitive,"@vanoush_15 La messagerie privée X n’est plus disponible, et nous en sommes désolés.\nEn cas de beso..."
2650,1839568658722443520,Freebox,Message automatique Freebox,Réponse automatique répétitive,"@Thaye60 La messagerie privée X n’est plus disponible, et nous en sommes désolés. \n\nRetrouvez-moi ..."
2651,1839568790910083108,Freebox,Message automatique Freebox,Réponse automatique répétitive,"@Thaye60 La messagerie privée X n’est plus disponible, et nous en sommes désolés.\nEn cas de besoin,..."
2652,1839569000814022863,Freebox,Message automatique Freebox,Réponse automatique répétitive,"@haroldao_ La messagerie privée X n’est plus disponible, et nous en sommes désolés.\nEn cas de besoi..."
2653,1839569087711551604,Freebox,Message automatique Freebox,Réponse automatique répétitive,"@MinouchTran La messagerie privée X n’est plus disponible, et nous en sommes désolés. \n\nRetrouvez-..."
2654,1839569217059684363,Freebox,Message automatique Freebox,Réponse automatique répétitive,"@DijouxJrmy1 La messagerie privée X n’est plus disponible, et nous en sommes désolés.\nEn cas de bes..."
2655,1839569775686566028,Freebox,Message automatique Freebox,Réponse automatique répétitive,"@perso_nono La messagerie privée X n’est plus disponible, et nous en sommes désolés.\nEn cas de beso..."
2656,1839569952728101065,Freebox,Message automatique Freebox,Réponse automatique répétitive,"@pierolef La messagerie privée X n’est plus disponible, et nous en sommes désolés. \n\nRetrouvez-moi..."
2657,1839570364336161167,Freebox,Message automatique Freebox,Réponse automatique répétitive,"@ImIveooo La messagerie privée X n’est plus disponible, et nous en sommes désolés.\nEn cas de besoin..."
2658,1839570508276244732,Freebox,Message automatique Freebox,Réponse automatique répétitive,"@sev95140 La messagerie privée X n’est plus disponible, et nous en sommes désolés. \n\nRetrouvez-moi..."
2659,1839570596688003163,Freebox,Message automatique Freebox,Réponse automatique répétitive,"@LagentImmo1 La messagerie privée X n’est plus disponible, et nous en sommes désolés.\nEn cas de bes..."
2660,1839570680997614045,Freebox,Message automatique Freebox,Réponse automatique répétitive,"@dridriParis La messagerie privée X n’est plus disponible, et nous en sommes désolés. \n\nRetrouvez-..."
2661,1839571343181750738,Freebox,Message automatique Freebox,Réponse automatique répétitive,"@aicha89816485 La messagerie privée X n’est plus disponible, et nous en sommes désolés. \n\nRetrouve..."
2662,1839571711164813382,Freebox,Message automatique Freebox,Réponse automatique répétitive,"@typhlrs La messagerie privée X n’est plus disponible, et nous en sommes désolés. \n\nRetrouvez-moi ..."
2663,1839571727086452845,Freebox,Message automatique Freebox,Réponse automatique répétitive,"@Mouai_ok La messagerie privée X n’est plus disponible, et nous en sommes désolés.\nEn cas de besoin..."
2664,1839572014807351456,Freebox,Message automatique Freebox,Réponse automatique répétitive,"@guerin_morel La messagerie privée X n’est plus disponible, et nous en sommes désolés. \n\nRetrouvez..."
2665,1839572313768964511,Freebox,Message automatique Freebox,Réponse automatique répétitive,"@JeanFrancisMan1 La messagerie privée X n’est plus disponible, et nous en sommes désolés.\nEn cas de..."
2666,1839572476365316455,Freebox,Message automatique Freebox,Réponse automatique répétitive,"@Bastieninho La messagerie privée X n’est plus disponible, et nous en sommes désolés.\nEn cas de bes..."
2667,1839572782067200511,Freebox,Message automatique Freebox,Réponse automatique répétitive,"@MalherbeMoi La messagerie privée X n’est plus disponible, et nous en sommes désolés. \n\nRetrouvez-..."
2668,1839573025135411537,Freebox,Message automatique Freebox,Réponse automatique répétitive,"@overx La messagerie privée X n’est plus disponible, et nous en sommes désolés.\nEn cas de besoin, j..."
2669,1839573152797470778,Freebox,Message automatique Freebox,Réponse automatique répétitive,"@WholeLottaRayou La messagerie privée X n’est plus disponible, et nous en sommes désolés. \n\nRetrou..."
2670,1839573380707520984,Freebox,Message automatique Freebox,Réponse automatique répétitive,"@OtpTryndaGhost La messagerie privée X n’est plus disponible, et nous en sommes désolés. \n\nRetrouv..."
2671,1839573902164377633,Freebox,Message automatique Freebox,Réponse automatique répétitive,"@InsideABoyBrain La messagerie privée X n’est plus disponible, et nous en sommes désolés.\nEn cas de..."
2672,1839574017096798500,Freebox,Message automatique Freebox,Réponse automatique répétitive,"@GrosNigma La messagerie privée X n’est plus disponible, et nous en sommes désolés. \n\nRetrouvez-mo..."
2673,1839574944172142791,Freebox,Message automatique Freebox,Réponse automatique répétitive,"@JeanChr87691865 La messagerie privée X n’est plus disponible, et nous en sommes désolés.\nEn cas de..."
2674,1839575306832589184,Freebox,Message automatique Freebox,Réponse automatique répétitive,"@chaoticvibing La messagerie privée X n’est plus disponible, et nous en sommes désolés. \n\nRetrouve..."
2675,1839576206577930693,Freebox,Message automatique Freebox,Réponse automatique répétitive,"@hytche_ La messagerie privée X n’est plus disponible, et nous en sommes désolés. \n\nRetrouvez-moi ..."
2676,1839576530659217422,Freebox,Message automatique Freebox,Réponse automatique répétitive,"@Maxi76000 La messagerie privée X n’est plus disponible, et nous en sommes désolés. \n\nRetrouvez-mo..."
2677,1839576618668270017,Freebox,Message automatique Freebox,Réponse automatique répétitive,"@miasbymias La messagerie privée X n’est plus disponible, et nous en sommes désolés.\nEn cas de beso..."
2678,1839577400889246040,Freebox,Message automatique Freebox,Réponse automatique répétitive,"@humanfirst24 La messagerie privée X n’est plus disponible, et nous en sommes désolés. \n\nRetrouvez..."
2679,1839577822848811171,Freebox,Message automatique Freebox,Réponse automatique répétitive,"@PhBourlitio Bonjour,\n\nLa messagerie privée X n’est plus disponible, et nous en sommes désolés.\nE..."
2680,1839578033046306902,Freebox,Message automatique Freebox,Réponse automatique répétitive,"@8Maykiwo La messagerie privée X n’est plus disponible, et nous en sommes désolés.\nEn cas de besoin..."
2681,1839578487784452545,Freebox,Message automatique Freebox,Réponse automatique répétitive,"@pepito151173 La messagerie privée X n’est plus disponible, et nous en sommes désolés.\nEn cas de be..."
2682,1839578798339051878,Freebox,Message automatique Freebox,Réponse automatique répétitive,"@Mgnf_25 La messagerie privée X n’est plus disponible, et nous en sommes désolés.\nEn cas de besoin,..."
2683,1839578896183783867,Freebox,Message automatique Freebox,Réponse automatique répétitive,"@SugePeso La messagerie privée X n’est plus disponible, et nous en sommes désolés.\nEn cas de besoin..."
2684,1839579197401931867,Freebox,Message automatique Freebox,Réponse automatique répétitive,"@FDrouillet La messagerie privée X n’est plus disponible, et nous en sommes désolés.\nEn cas de beso..."
2685,1839579419163099409,Freebox,Message automatique Freebox,Réponse automatique répétitive,"@bob_moranne La messagerie privée X n’est plus disponible, et nous en sommes désolés.\nEn cas de bes..."
2686,1839579536364556627,Freebox,Message automatique Freebox,Réponse automatique répétitive,"@slayerskill La messagerie privée X n’est plus disponible, et nous en sommes désolés.\nEn cas de bes..."
2687,1839579868935131452,Freebox,Message automatique Freebox,Réponse automatique répétitive,"@T7NaSaSu La messagerie privée X n’est plus disponible, et nous en sommes désolés.\nEn cas de besoin..."
2688,1839581020904890545,Freebox,Message automatique Freebox,Réponse automatique répétitive,"@maxeamseace La messagerie privée X n’est plus disponible, et nous en sommes désolés.\nEn cas de bes..."
2690,1839581443392946393,Freebox,Message automatique Freebox,Réponse automatique répétitive,"@Laliace1 La messagerie privée X n’est plus disponible, et nous en sommes désolés.\nEn cas de besoin..."
2692,1839582237680922802,Freebox,Message automatique Freebox,Réponse automatique répétitive,"@Bbrsensei La messagerie privée X n’est plus disponible, et nous en sommes désolés.\nEn cas de besoi..."
2693,1839582449069617345,Freebox,Message automatique Freebox,Réponse automatique répétitive,"@totolegaucho La messagerie privée X n’est plus disponible, et nous en sommes désolés.\nEn cas de be..."
2694,1839582626685816948,Freebox,Message automatique Freebox,Réponse automatique répétitive,"@sesng_ La messagerie privée X n’est plus disponible, et nous en sommes désolés.\nEn cas de besoin, ..."
2695,1839582930361852053,Freebox,Message automatique Freebox,Réponse automatique répétitive,"@FlvNel La messagerie privée X n’est plus disponible, et nous en sommes désolés.\nEn cas de besoin, ..."
2696,1839583184649879813,Freebox,Message automatique Freebox,Réponse automatique répétitive,"@flofly1378 La messagerie privée X n’est plus disponible, et nous en sommes désolés.\nEn cas de beso..."
2698,1839586221489590745,Freebox,Message automatique Freebox,Réponse automatique répétitive,"@jwd_944 La messagerie privée X n’est plus disponible, et nous en sommes désolés.\nEn cas de besoin,..."
2702,1839587135390724271,Freebox,Message automatique Freebox,Réponse automatique répétitive,"@Szelerski La messagerie privée X n’est plus disponible, et nous en sommes désolés.\nEn cas de besoi..."
2703,1839587434587181066,Freebox,Message automatique Freebox,Réponse automatique répétitive,"@Maissoun_f La messagerie privée X n’est plus disponible, et nous en sommes désolés.\nEn cas de beso..."
2704,1839587749218726228,Freebox,Message automatique Freebox,Réponse automatique répétitive,"@puichette La messagerie privée X n’est plus disponible, et nous en sommes désolés.\nEn cas de besoi..."
2705,1839588153226608948,Freebox,Message automatique Freebox,Réponse automatique répétitive,"@ladiffx La messagerie privée X n’est plus disponible, et nous en sommes désolés.\nEn cas de besoin,..."
2706,1839588391588950356,Freebox,Message automatique Freebox,Réponse automatique répétitive,"@BakeAdan La messagerie privée X n’est plus disponible, et nous en sommes désolés.\nEn cas de besoin..."
2707,1839588513584386197,Freebox,Message automatique Freebox,Réponse automatique répétitive,"@Dixieland75 La messagerie privée X n’est plus disponible, et nous en sommes désolés.\nEn cas de bes..."
2716,1839667394731540821,Freebox,Message automatique Freebox,Réponse automatique répétitive,"@777evs La messagerie privée X n’est plus disponible, et nous en sommes désolés. \n\nSi c'est toujou..."
2717,1839669665099886596,Freebox,Message automatique Freebox,Réponse automatique répétitive,"@shain_pz La messagerie privée X n’est plus disponible, et nous en sommes désolés. \n\nSi c'est touj..."
2718,1839671062084112608,Freebox,Message automatique Freebox,Réponse automatique répétitive,"@turk94120 La messagerie privée X n’est plus disponible, et nous en sommes désolés. \n\nRetrouvez-mo..."
2719,1839671496194535705,Freebox,Message automatique Freebox,Réponse automatique répétitive,"@Philois83 La messagerie privée X n’est plus disponible, et nous en sommes désolés. \n\nSi vous avez..."
2720,1839671582723019233,Freebox,Message automatique Freebox,Réponse automatique répétitive,"@scrchglt La messagerie privée X n’est plus disponible, et nous en sommes désolés. \n\nRetrouvez-moi..."
2721,1839671649626395019,Freebox,Message automatique Freebox,Réponse automatique répétitive,"@AstralRTS La messagerie privée X n’est plus disponible, et nous en sommes désolés. \n\nRetrouvez-mo..."
2722,1839672320060764564,Freebox,Message automatique Freebox,Réponse automatique répétitive,"@BrKoumori La messagerie privée X n’est plus disponible, et nous en sommes désolés. \n\nRetrouvez-mo..."
2724,1839673191704269085,Freebox,Message automatique Freebox,Réponse automatique répétitive,"@beastydesign La messagerie privée X n’est plus disponible, et nous en sommes désolés.\n\nPouvez-vou..."
2725,1839673419010380051,Freebox,Message automatique Freebox,Réponse automatique répétitive,"@PhBourlitio La messagerie privée X n’est plus disponible, et nous en sommes désolés. \n\nRetrouvez-..."
2726,1839673633540600263,Freebox,Message automatique Freebox,Réponse automatique répétitive,"@kwattsfan La messagerie privée X n’est plus disponible, et nous en sommes désolés. \n\nRetrouvez-mo..."
2727,1839673825274868116,Freebox,Message automatique Freebox,Réponse automatique répétitive,"@juah_bach La messagerie privée X n’est plus disponible, et nous en sommes désolés. \n\nSi c'est tou..."
2728,1839674380588130495,Freebox,Message automatique Freebox,Réponse automatique répétitive,"@AntoAsse42 La messagerie privée X n’est plus disponible, et nous en sommes désolés. \n\nRetrouvez-m..."
2729,1839674407016398881,Freebox,Message automatique Freebox,Réponse automatique répétitive,"@ColonelFrakass La messagerie privée X n’est plus disponible, et nous en sommes désolés. \n\nRetrouv..."
2730,1839674520153522673,Freebox,Message automatique Freebox,Réponse automatique répétitive,"@MitchelMcPat La messagerie privée X n’est plus disponible, et nous en sommes désolés. \n\nRetrouvez..."
2731,1839675000883716474,Freebox,Message automatique Freebox,Réponse automatique répétitive,"@tobart38 La messagerie privée X n’est plus disponible, et nous en sommes désolés. \n\nRetrouvez-moi..."
2732,1839675477734121668,Freebox,Message automatique Freebox,Réponse automatique répétitive,"@marquise_madame La messagerie privée X n’est plus disponible, et nous en sommes désolés. \n\nRetrou..."
2735,1839689032592183786,juah_bach,Message automatique Freebox,Réponse automatique répétitive,@Freebox J’ai :\n- envoyé 2 lettres recommandées\n- discuté sur messenger/whatsap\n- téléphoné plusi...
2736,1839692523599540725,Freebox,Message automatique Freebox,Réponse automatique répétitive,"@Adribtl La messagerie privée X n’est plus disponible, et nous en sommes désolés.\n\nPouvez-vous nou..."
2737,1839692869528907883,Freebox,Message automatique Freebox,Réponse automatique répétitive,"@Flo_90 La messagerie privée X n’est plus disponible, et nous en sommes désolés.\n\nPouvez-vous nous..."
2797,1841066823325814795,BqrnedW3B,Autre,Tweet trop court (<20 caractères),@free
2798,1841071568971026824,Freebox,Message automatique Freebox,Réponse automatique répétitive,"@juah_bach La messagerie privée X n’est plus disponible, et nous en sommes désolés. \n\nRetrouvez-mo..."
2799,1841071941014208712,Freebox,Message automatique Freebox,Réponse automatique répétitive,"@JiJiDoublet La messagerie privée X n’est plus disponible, et nous en sommes désolés. \n\nRetrouvez-..."
2800,1841071986287456522,Freebox,Message automatique Freebox,Réponse automatique répétitive,"@TTV_UnluckyMan La messagerie privée X n’est plus disponible, et nous en sommes désolés.\nEn cas de ..."
2801,1841072366752780359,Freebox,Message automatique Freebox,Réponse automatique répétitive,"@Adribtl La messagerie privée X n’est plus disponible, et nous en sommes désolés. \n\nRetrouvez-moi ..."
2802,1841072434444673530,Freebox,Message automatique Freebox,Réponse automatique répétitive,@crackpampers_ La messagerie X n’est plus disponible. Mais je vous propose de nous contacter via Mes...
2803,1841072670030332123,Freebox,Message automatique Freebox,Réponse automatique répétitive,"@Stef_33 La messagerie privée X n’est plus disponible, et nous en sommes désolés. \n\nRetrouvez-moi ..."
2804,1841072718478762441,Freebox,Message automatique Freebox,Réponse automatique répétitive,@Stef_33 La messagerie X n’est plus disponible. Mais je vous propose de nous contacter via Messenger...
2805,1841072756827238435,Freebox,Message automatique Freebox,Réponse automatique répétitive,"@edward_newgaate La messagerie privée X n’est plus disponible, et nous en sommes désolés. \n\nVous n..."
2806,1841072803983806805,Freebox,Message automatique Freebox,Réponse automatique répétitive,"@jossie298 La messagerie privée X n’est plus disponible, et nous en sommes désolés.\nEn cas de besoi..."
2807,1841072870534844861,Freebox,Message automatique Freebox,Réponse automatique répétitive,"@xxxalfarsin La messagerie privée X n’est plus disponible, et nous en sommes désolés. \n\nVous n'ave..."
2808,1841073055784689730,Freebox,Message automatique Freebox,Réponse automatique répétitive,"@juke_jukie La messagerie privée X n’est plus disponible, et nous en sommes désolés. \n\nRetrouvez-m..."
2809,1841073242737410240,Freebox,Message automatique Freebox,Réponse automatique répétitive,"@CandasLeo1 La messagerie privée X n’est plus disponible, et nous en sommes désolés. \n\nRetrouvez-m..."
2810,1841073383938699664,Freebox,Message automatique Freebox,Réponse automatique répétitive,"@Loucura_anon13 La messagerie privée X n’est plus disponible, et nous en sommes désolés.\nEn cas de ..."
2811,1841073385863840172,Freebox,Message automatique Freebox,Réponse automatique répétitive,"@Bihanvag La messagerie privée X n’est plus disponible, et nous en sommes désolés. \n\nVous n'avez p..."
2812,1841073593892876748,Freebox,Message automatique Freebox,Réponse automatique répétitive,"@BqrnedW3B La messagerie privée X n’est plus disponible, et nous en sommes désolés. \n\nVous n'avez ..."
2813,1841073706098958796,Freebox,Message automatique Freebox,Réponse automatique répétitive,@jrkrkrkrjr La messagerie X n’est plus disponible. Mais je vous propose de nous contacter via Messen...
2814,1841073786927390768,Freebox,Message automatique Freebox,Réponse automatique répétitive,"@JinosLos La messagerie privée X n’est plus disponible, et nous en sommes désolés.\nEn cas de besoin..."
2815,1841073788286386223,Freebox,Message automatique Freebox,Réponse automatique répétitive,"@Morpiassoux La messagerie privée X n’est plus disponible, et nous en sommes désolés. \n\nRetrouvez-..."
2816,1841073819886273016,Freebox,Message automatique Freebox,Réponse automatique répétitive,"@stevebeauge La messagerie privée X n’est plus disponible, et nous en sommes désolés. \n\nVous n'ave..."
2817,1841073922659279045,Freebox,Message automatique Freebox,Réponse automatique répétitive,"@FlorianPasquet5 La messagerie privée X n’est plus disponible, et nous en sommes désolés.\nEn cas de..."
2818,1841074282417303682,Freebox,Message automatique Freebox,Réponse automatique répétitive,"@Mallau_fvt96 La messagerie privée X n’est plus disponible, et nous en sommes désolés. \n\nVous n'av..."
2819,1841074319209775521,Freebox,Message automatique Freebox,Réponse automatique répétitive,"@Cdrc_M_ La messagerie privée X n’est plus disponible, et nous en sommes désolés.\nEn cas de besoin,..."
2820,1841074476760408158,Freebox,Message automatique Freebox,Réponse automatique répétitive,"@Laurentmod La messagerie privée X n’est plus disponible, et nous en sommes désolés.\nEn cas de beso..."
2821,1841074485845278720,Freebox,Message automatique Freebox,Réponse automatique répétitive,"@Lillybrun La messagerie privée X n’est plus disponible, et nous en sommes désolés. \n\nVous n'avez ..."
2822,1841074507424895253,Freebox,Message automatique Freebox,Réponse automatique répétitive,@Herthes_ La messagerie X n’est plus disponible. Mais je vous propose de nous contacter via Messenge...
2823,1841074541071650991,Freebox,Message automatique Freebox,Réponse automatique répétitive,"@Hnry_69 La messagerie privée X n’est plus disponible, et nous en sommes désolés. \n\nRetrouvez-moi ..."
2824,1841074751814385868,Freebox,Message automatique Freebox,Réponse automatique répétitive,@babadouk_ La messagerie X n’est plus disponible. Mais je vous propose de nous contacter via Messeng...
2825,1841074760773415210,Freebox,Message automatique Freebox,Réponse automatique répétitive,"@babadouk_ La messagerie privée X n’est plus disponible, et nous en sommes désolés.\nEn cas de besoi..."
2826,1841074814041141627,Freebox,Message automatique Freebox,Réponse automatique répétitive,"@SayMeWhats La messagerie privée X n’est plus disponible, et nous en sommes désolés. \n\nRetrouvez-m..."
2827,1841075017418731915,Freebox,Message automatique Freebox,Réponse automatique répétitive,"@_BenJ_S La messagerie privée X n’est plus disponible, et nous en sommes désolés. \n\nRetrouvez-moi ..."
2828,1841075154509529456,Freebox,Message automatique Freebox,Réponse automatique répétitive,"@Sabs0o La messagerie privée X n’est plus disponible, et nous en sommes désolés. \n\nVous n'avez pas..."
2829,1841075369060814950,Freebox,Message automatique Freebox,Réponse automatique répétitive,"@BqrnedW3B La messagerie privée X n’est plus disponible, et nous en sommes désolés. \n\nVous n'avez ..."
2830,1841075433229500488,Freebox,Message automatique Freebox,Réponse automatique répétitive,"@zookysan La messagerie privée X n’est plus disponible, et nous en sommes désolés.\nEn cas de besoin..."
2831,1841075501265248274,Freebox,Message automatique Freebox,Réponse automatique répétitive,"@anti_infla La messagerie privée X n’est plus disponible, et nous en sommes désolés. \n\nVous n'avez..."
2832,1841075608291299407,Freebox,Message automatique Freebox,Réponse automatique répétitive,"@chms787 La messagerie privée X n’est plus disponible, et nous en sommes désolés. \n\nVous n'avez pa..."
2833,1841075746611073099,Freebox,Message automatique Freebox,Réponse automatique répétitive,"@chms787 La messagerie privée X n’est plus disponible, et nous en sommes désolés. \n\nVous n'avez pa..."
2834,1841075842970968106,Freebox,Message automatique Freebox,Réponse automatique répétitive,"@Wi2L__ La messagerie privée X n’est plus disponible, et nous en sommes désolés.\nEn cas de besoin, ..."
2835,1841076060949029005,Freebox,Message automatique Freebox,Réponse automatique répétitive,@PhBourlitio La messagerie X n’est plus disponible. Mais je vous propose de nous contacter via Messe...
2836,1841076753151766864,Freebox,Message automatique Freebox,Réponse automatique répétitive,"@MatCor129440 La messagerie privée X n’est plus disponible, et nous en sommes désolés.\nEn cas de be..."
2837,1841077279264330130,Freebox,Message automatique Freebox,Réponse automatique répétitive,"@NixTou_ La messagerie privée X n’est plus disponible, et nous en sommes désolés.\nEn cas de besoin,..."
2838,1841077678910194058,Freebox,Message automatique Freebox,Réponse automatique répétitive,"@tjrpasfarell La messagerie privée X n’est plus disponible, et nous en sommes désolés.\nEn cas de be..."
2839,1841077714972807579,Freebox,Message automatique Freebox,Réponse automatique répétitive,"@jiji_ji3en La messagerie privée X n’est plus disponible, et nous en sommes désolés. \n\nRetrouvez-m..."
2840,1841077793276183005,Freebox,Message automatique Freebox,Réponse automatique répétitive,"@ladaronnedu53 La messagerie privée X n’est plus disponible, et nous en sommes désolés.\nEn cas de b..."
2841,1841078459939881102,Freebox,Message automatique Freebox,Réponse automatique répétitive,"@BackToDjo La messagerie privée X n’est plus disponible, et nous en sommes désolés. \n\nRetrouvez-mo..."
2842,1841078615452082226,Freebox,Message automatique Freebox,Réponse automatique répétitive,"@Juliendu75 La messagerie privée X n’est plus disponible, et nous en sommes désolés.\nEn cas de beso..."
2843,1841078728379535780,Freebox,Message automatique Freebox,Réponse automatique répétitive,"@LThomaga La messagerie privée X n’est plus disponible, et nous en sommes désolés.\nEn cas de besoin..."
2844,1841078767415898421,Freebox,Message automatique Freebox,Réponse automatique répétitive,"@ax937jhgd837379 La messagerie privée X n’est plus disponible, et nous en sommes désolés. \n\nRetrou..."
2845,1841079055187140825,Freebox,Message automatique Freebox,Réponse automatique répétitive,"@YodaBZH La messagerie privée X n’est plus disponible, et nous en sommes désolés.\nEn cas de besoin,..."
2846,1841079068902482254,Freebox,Message automatique Freebox,Réponse automatique répétitive,"@jmreymond La messagerie privée X n’est plus disponible, et nous en sommes désolés. \n\nRetrouvez-mo..."
2847,1841079258531176895,Freebox,Message automatique Freebox,Réponse automatique répétitive,"@mphph16 La messagerie privée X n’est plus disponible, et nous en sommes désolés. \n\nRetrouvez-moi ..."
2848,1841079336260034920,Freebox,Message automatique Freebox,Réponse automatique répétitive,"@PlugNX La messagerie privée X n’est plus disponible, et nous en sommes désolés. \n\nVous n'avez pas..."
2849,1841079578145509663,Freebox,Message automatique Freebox,Réponse automatique répétitive,"@eleyaahh La messagerie privée X n’est plus disponible, et nous en sommes désolés. \n\nVous n'avez p..."
2850,1841079695116247353,Freebox,Message automatique Freebox,Réponse automatique répétitive,"@mehdi_benadel La messagerie privée X n’est plus disponible, et nous en sommes désolés. \n\nRetrouve..."
2851,1841079922980208746,Freebox,Message automatique Freebox,Réponse automatique répétitive,"@inspecteurcrou1 La messagerie privée X n’est plus disponible, et nous en sommes désolés. \n\nVous n..."
2852,1841079977338417309,Freebox,Message automatique Freebox,Réponse automatique répétitive,"@DamienMSN La messagerie privée X n’est plus disponible, et nous en sommes désolés.\nEn cas de besoi..."
2853,1841080025291817237,Freebox,Message automatique Freebox,Réponse automatique répétitive,@tobart38 La messagerie X n’est plus disponible. Mais je vous propose de nous contacter via Messenge...
2854,1841080037539279218,Freebox,Message automatique Freebox,Réponse automatique répétitive,"@Zulgrib La messagerie privée X n’est plus disponible, et nous en sommes désolés. \n\nRetrouvez-moi ..."
2855,1841080460585132032,Freebox,Message automatique Freebox,Réponse automatique répétitive,"@Sioegruob07 La messagerie privée X n’est plus disponible, et nous en sommes désolés. \n\nRetrouvez-..."
2856,1841080509180346442,Freebox,Message automatique Freebox,Réponse automatique répétitive,@Sioegruob07 La messagerie X n’est plus disponible. Mais je vous propose de nous contacter via Messe...
2857,1841080771215327337,Freebox,Message automatique Freebox,Réponse automatique répétitive,"@_redaks La messagerie privée X n’est plus disponible, et nous en sommes désolés. \n\nRetrouvez-moi ..."
2858,1841081278772162772,Freebox,Message automatique Freebox,Réponse automatique répétitive,"@cecildjx La messagerie privée X n’est plus disponible, et nous en sommes désolés.\nEn cas de besoin..."
2859,1841081415871439153,Freebox,Message automatique Freebox,Réponse automatique répétitive,"@SupRaa_TV La messagerie privée X n’est plus disponible, et nous en sommes désolés.\nEn cas de besoi..."
2860,1841081540471652711,Freebox,Message automatique Freebox,Réponse automatique répétitive,"@LaisneMathieu La messagerie privée X n’est plus disponible, et nous en sommes désolés. \n\nRetrouve..."
2861,1841082026197131715,Freebox,Message automatique Freebox,Réponse automatique répétitive,"@Aybakfn La messagerie privée X n’est plus disponible, et nous en sommes désolés.\nEn cas de besoin,..."
2862,1841082065736864121,Freebox,Message automatique Freebox,Réponse automatique répétitive,@GuillaumeLB13 La messagerie X n’est plus disponible. Mais je vous propose de nous contacter via Mes...
2863,1841082072145785071,Freebox,Message automatique Freebox,Réponse automatique répétitive,"@AlanPavoine La messagerie privée X n’est plus disponible, et nous en sommes désolés. \n\nRetrouvez-..."
2864,1841082404825444837,Freebox,Message automatique Freebox,Réponse automatique répétitive,@jos_brt9 La messagerie X n’est plus disponible. Mais je vous propose de nous contacter via Messenge...
2866,1841082844111683903,Freebox,Message automatique Freebox,Réponse automatique répétitive,@FenatikK La messagerie X n’est plus disponible. Mais je vous propose de nous contacter via Messenge...
2867,1841083381573890059,Freebox,Message automatique Freebox,Réponse automatique répétitive,@mic216 La messagerie X n’est plus disponible. Mais je vous propose de nous contacter via Messenger ...
2868,1841092083043504426,Katakuuuri,Message automatique Freebox,Réponse automatique répétitive,@Freebox Sur l'espace abonné vous nous dites de vous contactez via Whatsapp et la vous me dites via ...
2871,1841113010976313809,Freebox,Message automatique Freebox,Réponse automatique répétitive,"@ZONGO_SEGA La messagerie privée X n’est plus disponible, et nous en sommes désolés.\nEn cas de beso..."
2872,1841114194311086495,Freebox,Message automatique Freebox,Réponse automatique répétitive,"@hawkydoky La messagerie privée X n’est plus disponible, et nous en sommes désolés.\nEn cas de besoi..."
2898,1841449755366269228,Freebox,Message automatique Freebox,Réponse automatique répétitive,"@Jonathan_fmv Bonjour,\n\nLa messagerie privée X n’est plus disponible, et nous en sommes désolés. \..."
2905,1841490106307268778,jpbond13,Spam/Promotion,Spam ou promotion non pertinente,@Frandroid On privilégie les nouveaux abonnés aux anciens : de quoi vous donner envie de résilier po...
2909,1841530032877150716,bouyguestelecom,Spam/Promotion,Spam ou promotion non pertinente,#Nouveau 📢 Bouygues Telecom lance B.iG 💥 Le pack Bbox + Forfaits #mobiles qui permet à toute la fami...
2910,1841532349437091979,comptableee,Autre,Tweet trop court (<20 caractères),@free
2913,1841541902044102940,ArabeSympa,Autre,Tweet trop court (<20 caractères),@free va bien ntm
2929,1841573242991214999,Louaners_du13,Spam/Promotion,Spam ou promotion non pertinente,@theromainjf @bouyguestelecom @free Et en plus pour les nouveaux forfait free 5G avec Freebox c’est ...
2943,1841733960407097517,caumette_alexis,Spam/Promotion,Spam ou promotion non pertinente,@Xavier75 @Freebox @free par pitié aidez moi 🥹 Nos nouveaux voisins ont écrasé notre ligne… Je suis ...
2945,1841736560284201146,Freebox,Message automatique Freebox,Réponse automatique répétitive,"@vuparici La messagerie privée X n’est plus disponible, et nous en sommes désolés.\nVous n'avez pas ..."
2946,1841736577648574785,Freebox,Message automatique Freebox,Réponse automatique répétitive,"@vuparici La messagerie privée X n’est plus disponible, et nous en sommes désolés. \n\nRetrouvez-moi..."
2947,1841737003848675813,Freebox,Message automatique Freebox,Réponse automatique répétitive,"@LThomaga La messagerie privée X n’est plus disponible, et nous en sommes désolés. \n\nRetrouvez-moi..."
2948,1841737415683199329,Freebox,Message automatique Freebox,Réponse automatique répétitive,"@encoremounasse La messagerie privée X n’est plus disponible, et nous en sommes désolés.\nVous n'ave..."
2949,1841737448050536859,Freebox,Message automatique Freebox,Réponse automatique répétitive,"@vesper69005 La messagerie privée X n’est plus disponible, et nous en sommes désolés. \n\nRetrouvez-..."
2950,1841737863211167769,Freebox,Message automatique Freebox,Réponse automatique répétitive,"@Katakuuuri La messagerie privée X n’est plus disponible, et nous en sommes désolés. \n\nRetrouvez-m..."
2951,1841737910241960313,Freebox,Message automatique Freebox,Réponse automatique répétitive,"@manceau_leo La messagerie privée X n’est plus disponible, et nous en sommes désolés. \n\nRetrouvez-..."
2952,1841738624280277119,Freebox,Message automatique Freebox,Réponse automatique répétitive,"@mickaelg007 La messagerie privée X n’est plus disponible, et nous en sommes désolés.\nVous n'avez p..."
2953,1841739117308092895,Freebox,Message automatique Freebox,Réponse automatique répétitive,"@BERTHIERBruno La messagerie privée X n’est plus disponible, et nous en sommes désolés.\nVous n'avez..."
2954,1841740068718801286,Freebox,Message automatique Freebox,Réponse automatique répétitive,"@Optimusgenisis La messagerie privée X n’est plus disponible, et nous en sommes désolés. \n\nRetrouv..."
2955,1841740858363617280,Freebox,Message automatique Freebox,Réponse automatique répétitive,"@CabalYoshi94 La messagerie privée X n’est plus disponible, et nous en sommes désolés. \n\nRetrouvez..."
2956,1841741239424577752,Freebox,Message automatique Freebox,Réponse automatique répétitive,"@CabalYoshi94 La messagerie privée X n’est plus disponible, et nous en sommes désolés.\nVous n'avez ..."
2957,1841742538597605641,Freebox,Message automatique Freebox,Réponse automatique répétitive,"@BrunoBevil28146 La messagerie privée X n’est plus disponible, et nous en sommes désolés. \n\nRetrou..."
2958,1841744549267362048,Freebox,Message automatique Freebox,Réponse automatique répétitive,"@Bms936 La messagerie privée X n’est plus disponible, et nous en sommes désolés. \n\nRetrouvez-moi d..."
2959,1841745066122977643,Freebox,Message automatique Freebox,Réponse automatique répétitive,"@tobart38 La messagerie privée X n’est plus disponible, et nous en sommes désolés.\nVous n'avez pas ..."
2960,1841745586430603675,Freebox,Message automatique Freebox,Réponse automatique répétitive,"@DialloM18380152 La messagerie privée X n’est plus disponible, et nous en sommes désolés.\nVous n'av..."
2961,1841746545017835918,Freebox,Message automatique Freebox,Réponse automatique répétitive,"@ateezofsan La messagerie privée X n’est plus disponible, et nous en sommes désolés. \n\nRetrouvez-m..."
2962,1841747565726896566,Freebox,Message automatique Freebox,Réponse automatique répétitive,"@Vince451 La messagerie privée X n’est plus disponible, et nous en sommes désolés.\nVous n'avez pas ..."
2963,1841747706533831078,Freebox,Message automatique Freebox,Réponse automatique répétitive,"@doktor_flo La messagerie privée X n’est plus disponible, et nous en sommes désolés. \n\nRetrouvez-m..."
2964,1841749471094313231,Freebox,Message automatique Freebox,Réponse automatique répétitive,"@btreguier La messagerie privée X n’est plus disponible, et nous en sommes désolés. \n\nRetrouvez-mo..."
2965,1841751077965660393,Freebox,Message automatique Freebox,Réponse automatique répétitive,"@firstonegg La messagerie privée X n’est plus disponible, et nous en sommes désolés.\nVous n'avez pa..."
2966,1841753699451847126,Freebox,Message automatique Freebox,Réponse automatique répétitive,"@ponceto91 La messagerie privée X n’est plus disponible, et nous en sommes désolés. \n\nRetrouvez-mo..."
2967,1841753942469870037,Freebox,Message automatique Freebox,Réponse automatique répétitive,"@LindaMouti La messagerie privée X n’est plus disponible, et nous en sommes désolés.\nVous n'avez pa..."
2968,1841755219283100113,Freebox,Message automatique Freebox,Réponse automatique répétitive,"@LeeFu16 La messagerie privée X n’est plus disponible, et nous en sommes désolés.\nVous n'avez pas e..."
2969,1841758702648381597,Freebox,Message automatique Freebox,Réponse automatique répétitive,"@kn212am La messagerie privée X n’est plus disponible, et nous en sommes désolés.\nVous n'avez pas e..."
2970,1841759902525493488,Freebox,Message automatique Freebox,Réponse automatique répétitive,"@Castaka3 La messagerie privée X n’est plus disponible, et nous en sommes désolés.\nVous n'avez pas ..."
2971,1841761013286285798,Freebox,Message automatique Freebox,Réponse automatique répétitive,"@bloody_gus La messagerie privée X n’est plus disponible, et nous en sommes désolés.\nVous n'avez pa..."
2972,1841762124231553428,Freebox,Message automatique Freebox,Réponse automatique répétitive,"@nicolaspierot La messagerie privée X n’est plus disponible, et nous en sommes désolés.\nVous n'avez..."
2973,1841764480977416616,Freebox,Message automatique Freebox,Réponse automatique répétitive,"@jpbond13 La messagerie privée X n’est plus disponible, et nous en sommes désolés.\nVous n'avez pas ..."
2974,1841764745071763834,Freebox,Message automatique Freebox,Réponse automatique répétitive,"@VonBeubars La messagerie privée X n’est plus disponible, et nous en sommes désolés.\nVous n'avez pa..."
2975,1841766031049527624,Freebox,Message automatique Freebox,Réponse automatique répétitive,"@tbokh La messagerie privée X n’est plus disponible, et nous en sommes désolés.\nVous n'avez pas enc..."
2976,1841768684601176181,Freebox,Message automatique Freebox,Réponse automatique répétitive,"@_LaurentHelaine La messagerie privée X n’est plus disponible, et nous en sommes désolés.\nVous n'av..."
2977,1841768915971535058,Freebox,Message automatique Freebox,Réponse automatique répétitive,"@comptableee La messagerie privée X n’est plus disponible, et nous en sommes désolés.\nVous n'avez p..."
2978,1841769346516807772,Freebox,Message automatique Freebox,Réponse automatique répétitive,"@BrunetElo La messagerie privée X n’est plus disponible, et nous en sommes désolés.\nVous n'avez pas..."
2979,1841769680198914322,Freebox,Message automatique Freebox,Réponse automatique répétitive,"@BGoulotte La messagerie privée X n’est plus disponible, et nous en sommes désolés.\nVous n'avez pas..."
2980,1841770062891409470,Freebox,Message automatique Freebox,Réponse automatique répétitive,"@mehdi_benadel La messagerie privée X n’est plus disponible, et nous en sommes désolés.\nVous n'avez..."
2981,1841770468962943304,Freebox,Message automatique Freebox,Réponse automatique répétitive,"@ArabeSympa La messagerie privée X n’est plus disponible, et nous en sommes désolés.\nVous n'avez pa..."
2982,1841770875911053725,Freebox,Message automatique Freebox,Réponse automatique répétitive,"@Snayzyy La messagerie privée X n’est plus disponible, et nous en sommes désolés. \n\nRetrouvez-moi ..."
2983,1841771608483959166,Freebox,Message automatique Freebox,Réponse automatique répétitive,"@Titouan04152606 La messagerie privée X n’est plus disponible, et nous en sommes désolés.\nVous n'av..."
2984,1841772963948806300,Freebox,Message automatique Freebox,Réponse automatique répétitive,"@Coco_Pro132 La messagerie privée X n’est plus disponible, et nous en sommes désolés.\nVous n'avez p..."
2985,1841773370125258946,Freebox,Message automatique Freebox,Réponse automatique répétitive,"@hommedusables La messagerie privée X n’est plus disponible, et nous en sommes désolés.\nVous n'avez..."
2986,1841775913337254199,Freebox,Message automatique Freebox,Réponse automatique répétitive,"@Raziaa_ La messagerie privée X n’est plus disponible, et nous en sommes désolés.\nVous n'avez pas e..."
2987,1841776108150153535,Freebox,Message automatique Freebox,Réponse automatique répétitive,"@Jonathan021986 La messagerie privée X n’est plus disponible, et nous en sommes désolés.\nVous n'ave..."
2989,1841778808476614909,Freebox,Message automatique Freebox,Réponse automatique répétitive,"@MW_Sanemi La messagerie privée X n’est plus disponible, et nous en sommes désolés.\nVous n'avez pas..."
2990,1841779607894212922,Freebox,Message automatique Freebox,Réponse automatique répétitive,"@Lawgane17 La messagerie privée X n’est plus disponible, et nous en sommes désolés.\nVous n'avez pas..."
2991,1841782402567324131,Freebox,Message automatique Freebox,Réponse automatique répétitive,"@Ethanle12140610 La messagerie privée X n’est plus disponible, et nous en sommes désolés.\nVous n'av..."
2992,1841783052449493086,Freebox,Message automatique Freebox,Réponse automatique répétitive,"@lingzhefu La messagerie privée X n’est plus disponible, et nous en sommes désolés.\nVous n'avez pas..."
2993,1841783508076732435,Freebox,Message automatique Freebox,Réponse automatique répétitive,"@BlueLegend20 La messagerie privée X n’est plus disponible, et nous en sommes désolés.\nVous n'avez ..."
2994,1841783802135245005,Freebox,Message automatique Freebox,Réponse automatique répétitive,"@gelbote La messagerie privée X n’est plus disponible, et nous en sommes désolés.\nVous n'avez pas e..."
2995,1841784914787663907,Freebox,Message automatique Freebox,Réponse automatique répétitive,"@TheRocket_227 La messagerie privée X n’est plus disponible, et nous en sommes désolés.\nVous n'avez..."
2996,1841786416415543688,Freebox,Message automatique Freebox,Réponse automatique répétitive,"@t_5502m La messagerie privée X n’est plus disponible, et nous en sommes désolés.\nVous n'avez pas e..."
2997,1841787156307521975,Freebox,Message automatique Freebox,Réponse automatique répétitive,"@Louaners_du13 La messagerie privée X n’est plus disponible, et nous en sommes désolés.\nVous n'avez..."
2999,1841789568065921097,Freebox,Message automatique Freebox,Réponse automatique répétitive,"@sanakro La messagerie privée X n’est plus disponible, et nous en sommes désolés.\nVous n'avez pas e..."
3000,1841790555837120684,Freebox,Message automatique Freebox,Réponse automatique répétitive,"@adam_phior La messagerie privée X n’est plus disponible, et nous en sommes désolés.\nVous n'avez pa..."
3001,1841791234974589324,Freebox,Message automatique Freebox,Réponse automatique répétitive,"@boisdeoud La messagerie privée X n’est plus disponible, et nous en sommes désolés.\nVous n'avez pas..."
3002,1841791439178494380,Freebox,Message automatique Freebox,Réponse automatique répétitive,"@arkansio La messagerie privée X n’est plus disponible, et nous en sommes désolés.\nVous n'avez pas ..."
3003,1841791944319553679,Freebox,Message automatique Freebox,Réponse automatique répétitive,"@jinxed_zz La messagerie privée X n’est plus disponible, et nous en sommes désolés.\nVous n'avez pas..."
3004,1841792159894077618,Freebox,Message automatique Freebox,Réponse automatique répétitive,"@WalterManon La messagerie privée X n’est plus disponible, et nous en sommes désolés.\nVous n'avez p..."
3005,1841792469052121284,Freebox,Message automatique Freebox,Réponse automatique répétitive,"@LeRaptorWild La messagerie privée X n’est plus disponible, et nous en sommes désolés.\nVous n'avez ..."
3006,1841792961991835739,Freebox,Message automatique Freebox,Réponse automatique répétitive,"@eachuc La messagerie privée X n’est plus disponible, et nous en sommes désolés.\nVous n'avez pas en..."
3007,1841793614273224876,Freebox,Message automatique Freebox,Réponse automatique répétitive,"@bamamadousellou La messagerie privée X n’est plus disponible, et nous en sommes désolés.\nVous n'av..."
3008,1841794451854827886,Freebox,Message automatique Freebox,Réponse automatique répétitive,"@iSoowsn13 La messagerie privée X n’est plus disponible, et nous en sommes désolés.\nVous n'avez pas..."
3013,1841810807836876967,Freebox,Message automatique Freebox,Réponse automatique répétitive,@t_5502m La messagerie X n’est plus disponible. Mais je vous propose de nous contacter via Messenger...
3045,1842098061473948146,Freebox,Message automatique Freebox,Réponse automatique répétitive,"@lilickice La messagerie privée X n’est plus disponible, et nous en sommes désolés lilickice\n\nRetr..."
3046,1842098568372388345,Freebox,Message automatique Freebox,Réponse automatique répétitive,"@reomri La messagerie privée X n’est plus disponible, et nous en sommes désolés reomri\n\nRetrouvez-..."
3047,1842098687717073229,Freebox,Message automatique Freebox,Réponse automatique répétitive,"@Tivixfn La messagerie privée X n’est plus disponible, et nous en sommes désolés Tivixfn\n\nRetrouve..."
3048,1842099387436040637,Freebox,Message automatique Freebox,Réponse automatique répétitive,"@caumette_alexis La messagerie privée X n’est plus disponible, et nous en sommes désolés caumette_al..."
3049,1842099914253209654,Freebox,Message automatique Freebox,Réponse automatique répétitive,@starks_ L'envoi de DM est malheureusement impossible pour le moment. N'hésitez pas à me contacter v...
3050,1842100561568501946,Freebox,Message automatique Freebox,Réponse automatique répétitive,"@L0l0kidd La messagerie privée X n’est plus disponible, et nous en sommes désolés.\n\nPouvez-vous no..."
3051,1842100633471471829,Freebox,Message automatique Freebox,Réponse automatique répétitive,"@jajadddhn La messagerie privée X n’est plus disponible, et nous en sommes désolés.\n\nPour toute de..."
3052,1842100877336670239,Freebox,Message automatique Freebox,Réponse automatique répétitive,"@NNASS___ La messagerie privée X n’est plus disponible, et nous en sommes désolés.\n\nPouvez-vous no..."
3053,1842101554972676189,Freebox,Message automatique Freebox,Réponse automatique répétitive,"@Greg_tua La messagerie privée X n’est plus disponible, et nous en sommes désolés Greg_tua\n\nRetrou..."
3054,1842101654071492905,Freebox,Message automatique Freebox,Réponse automatique répétitive,"@t_5502m Pour toute demande d'assistance, retrouvez-moi dès à présent sur Messenger &gt; https://t.c..."
3056,1842101985912193156,Freebox,Message automatique Freebox,Réponse automatique répétitive,"@Lp5567795510533 La messagerie privée X n’est plus disponible, et nous en sommes désolés.\n\nPouvez-..."
3057,1842102060025544998,Freebox,Message automatique Freebox,Réponse automatique répétitive,"@Condescendant13 La messagerie privée X n’est plus disponible, et nous en sommes désolés.\n\nPouvez-..."
3058,1842103046756618445,Freebox,Message automatique Freebox,Réponse automatique répétitive,"@luca2601_ La messagerie privée X n’est plus disponible, et nous en sommes désolés. \n\nVous n'avez ..."
3059,1842103089026814229,Freebox,Message automatique Freebox,Réponse automatique répétitive,"@MiCetF La messagerie privée X n’est plus disponible, et nous en sommes désolés MiCetF\n\nRetrouvez-..."
3060,1842103215732437322,Freebox,Message automatique Freebox,Réponse automatique répétitive,@LilRacsus L'envoi de DM est malheureusement impossible pour le moment. N'hésitez pas à me contacter...
3061,1842103232467791953,Freebox,Message automatique Freebox,Réponse automatique répétitive,"@lepetitzerrr La messagerie privée X n’est plus disponible, et nous en sommes désolés.\n\nPour toute..."
3062,1842103530452111747,Freebox,Message automatique Freebox,Réponse automatique répétitive,"@abadinte La messagerie privée X n’est plus disponible, et nous en sommes désolés abadinte\n\nRetrou..."
3063,1842104234474414475,Freebox,Message automatique Freebox,Réponse automatique répétitive,"@cEdricvarnier67 La messagerie privée X n’est plus disponible, et nous en sommes désolés cEdricvarni..."
3064,1842104427387240607,Freebox,Message automatique Freebox,Réponse automatique répétitive,"@TheoLavabo9979 La messagerie privée X n’est plus disponible, et nous en sommes désolés.\n\nPouvez-v..."
3065,1842104621499658743,Freebox,Message automatique Freebox,Réponse automatique répétitive,"@DaruomD La messagerie privée X n’est plus disponible, et nous en sommes désolés DaruomD\n\nRetrouve..."
3066,1842104831059652916,Freebox,Message automatique Freebox,Réponse automatique répétitive,"@RedZer_off La messagerie privée X n’est plus disponible, et nous en sommes désolés.\n\nPouvez-vous ..."
3068,1842105249441460283,Freebox,Message automatique Freebox,Réponse automatique répétitive,"@lightshinono La messagerie privée X n’est plus disponible, et nous en sommes désolés.\n\nPouvez-vou..."
3069,1842105675020746922,Freebox,Message automatique Freebox,Réponse automatique répétitive,"@Barry_Guiler La messagerie privée X n’est plus disponible, et nous en sommes désolés.\n\nPouvez-vou..."
3071,1842106621545099433,Freebox,Message automatique Freebox,Réponse automatique répétitive,"@Pasmedmed1 La messagerie privée X n’est plus disponible, et nous en sommes désolés.\n\nPouvez-vous ..."
3072,1842107366784852008,Freebox,Message automatique Freebox,Réponse automatique répétitive,"@DyRize_ La messagerie privée X n’est plus disponible, et nous en sommes désolés.\n\nPouvez-vous nou..."
3073,1842107660973252814,Freebox,Message automatique Freebox,Réponse automatique répétitive,"@V3N0M_13 La messagerie privée X n’est plus disponible, et nous en sommes désolés.\n\nPouvez-vous no..."
3074,1842108455751954529,Freebox,Message automatique Freebox,Réponse automatique répétitive,@Ayz_0909 L'envoi de DM est malheureusement impossible pour le moment. N'hésitez pas à me contacter ...
3075,1842108683813060774,Freebox,Message automatique Freebox,Réponse automatique répétitive,"@Zanow2 La messagerie privée X n’est plus disponible, et nous en sommes désolés.\n\nPouvez-vous nous..."
3076,1842108757704094193,Freebox,Message automatique Freebox,Réponse automatique répétitive,@Aky0__ L'envoi de DM est malheureusement impossible pour le moment. N'hésitez pas à me contacter vi...
3077,1842109008116621724,Freebox,Message automatique Freebox,Réponse automatique répétitive,"@RamizLeCeleste La messagerie privée X n’est plus disponible, et nous en sommes désolés. \n\nVous n'..."
3078,1842109165646270692,Freebox,Message automatique Freebox,Réponse automatique répétitive,"@Fabio_T13 La messagerie privée X n’est plus disponible, et nous en sommes désolés.\n\nPour toute de..."
3079,1842109313021571380,Freebox,Message automatique Freebox,Réponse automatique répétitive,"@jarrivenbrrrrr La messagerie privée X n’est plus disponible, et nous en sommes désolés.\n\nPour tou..."
3080,1842109415505199218,Freebox,Message automatique Freebox,Réponse automatique répétitive,@Nissa_la_Bella L'envoi de DM est malheureusement impossible pour le moment. N'hésitez pas à me cont...
3081,1842109622108242243,Freebox,Message automatique Freebox,Réponse automatique répétitive,@Fredo384450 L'envoi de DM est malheureusement impossible pour le moment. N'hésitez pas à me contact...
3082,1842109874420818238,Freebox,Message automatique Freebox,Réponse automatique répétitive,"@Clka19 La messagerie privée X n’est plus disponible, et nous en sommes désolés. \n\nVous n'avez pas..."
3083,1842110043107320134,Freebox,Message automatique Freebox,Réponse automatique répétitive,"@blank_blank_09 La messagerie privée X n’est plus disponible, et nous en sommes désolés. \n\nVous n'..."
3084,1842110401820938361,Freebox,Message automatique Freebox,Réponse automatique répétitive,"@DDramos13 La messagerie privée X n’est plus disponible, et nous en sommes désolés.\n\nPour toute de..."
3085,1842111006891295075,Freebox,Message automatique Freebox,Réponse automatique répétitive,"@etio9 La messagerie privée X n’est plus disponible, et nous en sommes désolés.\n\nPouvez-vous nous ..."
3086,1842112092968468896,Freebox,Message automatique Freebox,Réponse automatique répétitive,"@law213entravers La messagerie privée X n’est plus disponible, et nous en sommes désolés. \n\nVous n..."
3087,1842112461681435084,Freebox,Message automatique Freebox,Réponse automatique répétitive,"@Killua6670 La messagerie privée X n’est plus disponible, et nous en sommes désolés.\n\nPouvez-vous ..."
3088,1842113334855774214,Freebox,Message automatique Freebox,Réponse automatique répétitive,"@287_ooo La messagerie privée X n’est plus disponible, et nous en sommes désolés.\n\nPouvez-vous nou..."
3089,1842113735323730361,Freebox,Message automatique Freebox,Réponse automatique répétitive,"@durandi45959235 La messagerie privée X n’est plus disponible, et nous en sommes désolés.\n\nPouvez-..."
3091,1842114626470740453,Freebox,Message automatique Freebox,Réponse automatique répétitive,"@GDabiSchwebel La messagerie privée X n’est plus disponible, et nous en sommes désolés. \n\nVous n'a..."
3092,1842114739519799702,Freebox,Message automatique Freebox,Réponse automatique répétitive,"@ingridappert La messagerie privée X n’est plus disponible, et nous en sommes désolés.\n\nPour toute..."
3093,1842114782930829682,Freebox,Message automatique Freebox,Réponse automatique répétitive,"@LocaDeAltar La messagerie privée X n’est plus disponible, et nous en sommes désolés. \n\nVous n'ave..."
3094,1842114969183117399,Freebox,Message automatique Freebox,Réponse automatique répétitive,"@t_5502m La messagerie privée X n’est plus disponible, et nous en sommes désolés. \n\nVous n'avez pa..."
3095,1842115094601142332,Freebox,Message automatique Freebox,Réponse automatique répétitive,"@luca2601_ La messagerie privée X n’est plus disponible, et nous en sommes désolés. \n\nVous n'avez ..."
3096,1842115318581182594,Freebox,Message automatique Freebox,Réponse automatique répétitive,"@SLfarh La messagerie privée X n’est plus disponible, et nous en sommes désolés. \n\nVous n'avez pas..."
3097,1842116417748885806,Freebox,Message automatique Freebox,Réponse automatique répétitive,"@Fredo384450 La messagerie privée X n’est plus disponible, et nous en sommes désolés.\n\nPouvez-vous..."
3133,1842948636969472094,seb_al,Spam/Promotion,Spam ou promotion non pertinente,@Xavier75 @GroupeIliad @free @Free_NvAquit @Freebox @Xavier75 @GroupeIliad @free @Free_NvAquit @Free...
3146,1843246126276759689,Freebox,Message automatique Freebox,Réponse automatique répétitive,"@fawazleila2 La messagerie privée X n’est plus disponible, et nous en sommes désolés. \n\nSi c'est t..."
3147,1843278343149330537,Freebox,Message automatique Freebox,Réponse automatique répétitive,"@ponceto91 La messagerie privée X n’est plus disponible, et nous en sommes désolés. \n\nRetrouvez-mo..."
3148,1843280634879390125,Freebox,Message automatique Freebox,Réponse automatique répétitive,"@pierwolff La messagerie privée X n’est plus disponible, et nous en sommes désolés. \n\nRetrouvez-mo..."
3149,1843284768823107831,Freebox,Message automatique Freebox,Réponse automatique répétitive,"@MNeilvyn La messagerie privée X n’est plus disponible, et nous en sommes désolés. \n\nRetrouvez-moi..."
3151,1843287135362650383,Freebox,Message automatique Freebox,Réponse automatique répétitive,"@ZreeXx5 La messagerie privée X n’est plus disponible, et nous en sommes désolés. \n\nRetrouvez-moi ..."
3167,1843564497228771424,Freebox,Message automatique Freebox,Réponse automatique répétitive,"@l_inculte Désolé pour notre temps de réponse.\n\nLa messagerie privée X n’est plus disponible, et n..."
3168,1843565024415006782,Freebox,Message automatique Freebox,Réponse automatique répétitive,"@YPHO_ Désolé pour notre temps de réponse\n\nLa messagerie privée X n’est plus disponible, et nous e..."
3169,1843565797475565644,Freebox,Message automatique Freebox,Réponse automatique répétitive,"@fares38210 La messagerie privée X n’est plus disponible, et nous en sommes désolés. \n\nVous n'avez..."
3170,1843566623094919363,Freebox,Message automatique Freebox,Réponse automatique répétitive,"@MargauxTano La messagerie privée X n’est plus disponible, et nous en sommes désolés. \n\nVous n'ave..."
3171,1843566981619786028,Freebox,Message automatique Freebox,Réponse automatique répétitive,"@Sabrinoush67200 La messagerie privée X n’est plus disponible, et nous en sommes désolés. \n\nVous n..."
3172,1843567505115136136,Freebox,Message automatique Freebox,Réponse automatique répétitive,"@arale_norimakii La messagerie privée X n’est plus disponible, et nous en sommes désolés. \n\nVous n..."
3173,1843568320919847197,Freebox,Message automatique Freebox,Réponse automatique répétitive,"@Reverend_Jo La messagerie privée X n’est plus disponible, et nous en sommes désolés. \n\nVous n'ave..."
3174,1843568702714753320,Freebox,Message automatique Freebox,Réponse automatique répétitive,"@SuperSkander_ La messagerie privée X n’est plus disponible, et nous en sommes désolés. \n\nVous n'a..."
3175,1843573848098120080,Freebox,Message automatique Freebox,Réponse automatique répétitive,"@CreatisJ24318 La messagerie privée X n’est plus disponible, et nous en sommes désolés. \nVous n'ave..."
3176,1843574237778354421,Freebox,Message automatique Freebox,Réponse automatique répétitive,"@__KSmash Désolé pour notre temps de réponse \n\nLa messagerie privée X n’est plus disponible, et no..."
3177,1843574510013804721,Freebox,Message automatique Freebox,Réponse automatique répétitive,"@sabibou2424 Désolé pour notre temps de réponse \n\nLa messagerie privée X n’est plus disponible, et..."
3178,1843575931555692621,Freebox,Message automatique Freebox,Réponse automatique répétitive,"@PetitKamel69 La messagerie privée X n’est plus disponible, et nous en sommes désolés. \nVous n'avez..."
3183,1843614603604869265,Freebox,Message automatique Freebox,Réponse automatique répétitive,"@Fredo384450 La messagerie privée X n’est plus disponible, et nous en sommes désolés Fredo384450\n\n..."
3184,1843614737927463006,Freebox,Message automatique Freebox,Réponse automatique répétitive,"@Flow0490 La messagerie privée X n’est plus disponible, et nous en sommes désolés.\n\nPour toute dem..."
3185,1843615134289174682,Freebox,Message automatique Freebox,Réponse automatique répétitive,"@HSzpielman94371 La messagerie privée X n’est plus disponible, et nous en sommes désolés HSzpielman9..."
3186,1843615603900182869,Freebox,Message automatique Freebox,Réponse automatique répétitive,"@Zaza_Styles5 La messagerie privée X n’est plus disponible, et nous en sommes désolés.\n\nPour toute..."
3187,1843616507042910684,Freebox,Message automatique Freebox,Réponse automatique répétitive,"@cedric_cuny_ La messagerie privée X n’est plus disponible, et nous en sommes désolés.\n\nPour toute..."
3188,1843616780524159004,Freebox,Message automatique Freebox,Réponse automatique répétitive,"@jras_63 La messagerie privée X n’est plus disponible, et nous en sommes désolés jras_63\n\nRetrouve..."
3189,1843616808177119405,Freebox,Message automatique Freebox,Réponse automatique répétitive,"@dorzyo La messagerie privée X n’est plus disponible, et nous en sommes désolés.\n\nPour toute deman..."
3190,1843617041162359236,Freebox,Message automatique Freebox,Réponse automatique répétitive,@Hunting_CIO L'envoi de DM est malheureusement impossible pour le moment. N'hésitez pas à me contact...
3191,1843618570212684084,Freebox,Message automatique Freebox,Réponse automatique répétitive,"@mayima_ La messagerie privée X n’est plus disponible, et nous en sommes désolés mayima_\n\nRetrouve..."
3192,1843619201073717541,Freebox,Message automatique Freebox,Réponse automatique répétitive,"@Elbanca La messagerie privée X n’est plus disponible, et nous en sommes désolés Elbanca\n\nRetrouve..."
3193,1843619516556730709,Freebox,Message automatique Freebox,Réponse automatique répétitive,"@joeprevel La messagerie privée X n’est plus disponible, et nous en sommes désolés joeprevel\n\nRetr..."
3194,1843619688288301395,Freebox,Message automatique Freebox,Réponse automatique répétitive,"@SO3HSbF5 La messagerie privée X n’est plus disponible, et nous en sommes désolés SO3HSbF5\n\nRetrou..."
3195,1843619904081023016,Freebox,Message automatique Freebox,Réponse automatique répétitive,@comptexrumi L'envoi de DM est malheureusement impossible pour le moment. N'hésitez pas à me contact...
3196,1843620187599196540,Freebox,Message automatique Freebox,Réponse automatique répétitive,"@RiadBenkouider La messagerie privée X n’est plus disponible, et nous en sommes désolés RiadBenkouid..."
3197,1843620259434992074,Freebox,Message automatique Freebox,Réponse automatique répétitive,@dmddyx78fx L'envoi de DM est malheureusement impossible pour le moment. N'hésitez pas à me contacte...
3198,1843620337239347624,Freebox,Message automatique Freebox,Réponse automatique répétitive,"@fo100blanc La messagerie privée X n’est plus disponible, et nous en sommes désolés fo100blanc\n\nRe..."
3199,1843620561106174010,Freebox,Message automatique Freebox,Réponse automatique répétitive,"@tom_tmp25 La messagerie privée X n’est plus disponible, et nous en sommes désolés tom_tmp25\n\nRetr..."
3200,1843621412013019432,Freebox,Message automatique Freebox,Réponse automatique répétitive,"@Daaav__ La messagerie privée X n’est plus disponible, et nous en sommes désolés Daaav__\n\nRetrouve..."
3201,1843623680116474249,Freebox,Message automatique Freebox,Réponse automatique répétitive,"@GuyRegiste La messagerie privée X n’est plus disponible, et nous en sommes désolés GuyRegiste\n\nRe..."
3203,1843625640475402272,Freebox,Message automatique Freebox,Réponse automatique répétitive,"@CharlieMP_Blue La messagerie privée X n’est plus disponible, et nous en sommes désolés.\n\nPour tou..."
3204,1843626514987762002,Freebox,Message automatique Freebox,Réponse automatique répétitive,"@BGraussnoix La messagerie privée X n’est plus disponible, et nous en sommes désolés.\n\nPour toute ..."
3206,1843630293724393940,Freebox,Message automatique Freebox,Réponse automatique répétitive,"@seb_al La messagerie privée X n’est plus disponible, et nous en sommes désolés.\n\nVous n'avez pas ..."
3220,1843909898809032975,Freebox,Message automatique Freebox,Réponse automatique répétitive,"@webphil59 La messagerie privée X n’est plus disponible, et nous en sommes désolés. \n\nVous n'avez ..."
3257,1844697641562595566,MrGeraud,Spam/Promotion,Spam ou promotion non pertinente,@Freebox technicien qui ne se pointe pas au rendez vous prévu hier.\nImpossible de replanifier ou d'...
3260,1844728525187662174,Creuselazur,Message automatique Freebox,Réponse automatique répétitive,"@Freebox Bonjour,\nImpossible de vous joindre par téléphone. \nWhatsApp: personne ne le lit\nMesseng..."
3287,1845819355008839802,Freebox,Message automatique Freebox,Réponse automatique répétitive,"@R1RT_35 La messagerie privée X n’est plus disponible, et nous en sommes désolés. \n\nSi c'est toujo..."
3288,1845820574766866502,Freebox,Message automatique Freebox,Réponse automatique répétitive,"@DrNossTV La messagerie privée X n’est plus disponible, et nous en sommes désolés. \n\nSi c'est touj..."
3289,1845820683093205390,Freebox,Message automatique Freebox,Réponse automatique répétitive,"@fight_nhl La messagerie privée X n’est plus disponible, et nous en sommes désolés.\nEn cas de besoi..."
3290,1845821252109251050,Freebox,Message automatique Freebox,Réponse automatique répétitive,"@khloez La messagerie privée X n’est plus disponible, et nous en sommes désolés.\nEn cas de besoin, ..."
3291,1845821738417848563,Freebox,Message automatique Freebox,Réponse automatique répétitive,"@Nasssssuuu La messagerie privée X n’est plus disponible, et nous en sommes désolés.\nEn cas de beso..."
3292,1845823273520509161,Freebox,Message automatique Freebox,Réponse automatique répétitive,"@chersmokes La messagerie privée X n’est plus disponible, et nous en sommes désolés.\nEn cas de beso..."
3293,1845823651578355895,Freebox,Message automatique Freebox,Réponse automatique répétitive,"@ArabeSympa La messagerie privée X n’est plus disponible, et nous en sommes désolés.\nEn cas de beso..."
3294,1845824044643275147,Freebox,Message automatique Freebox,Réponse automatique répétitive,"@nazgulinet La messagerie privée X n’est plus disponible, et nous en sommes désolés.\nEn cas de beso..."
3295,1845825447067537862,Freebox,Message automatique Freebox,Réponse automatique répétitive,"@afvfcf La messagerie privée X n’est plus disponible, et nous en sommes désolés.\nEn cas de besoin, ..."
3296,1845827839314079782,Freebox,Message automatique Freebox,Réponse automatique répétitive,"@t_alaarcon La messagerie privée X n’est plus disponible, et nous en sommes désolés.\nEn cas de beso..."
3297,1845828079861535056,Freebox,Message automatique Freebox,Réponse automatique répétitive,"@Kezakoopa La messagerie privée X n’est plus disponible, et nous en sommes désolés.\nEn cas de besoi..."
3298,1845828939354185739,Freebox,Message automatique Freebox,Réponse automatique répétitive,"@lacestanissa La messagerie privée X n’est plus disponible, et nous en sommes désolés.\nEn cas de be..."
3299,1845830680409776369,Freebox,Message automatique Freebox,Réponse automatique répétitive,"@dearchriss_ La messagerie privée X n’est plus disponible, et nous en sommes désolés.\nEn cas de bes..."
3300,1845839578541793518,Freebox,Message automatique Freebox,Réponse automatique répétitive,"@GrumoBlog La messagerie privée X n’est plus disponible, et nous en sommes désolés.\nEn cas de besoi..."
3301,1845840289337938118,Freebox,Message automatique Freebox,Réponse automatique répétitive,"@ChrisPRZ67 La messagerie privée X n’est plus disponible, et nous en sommes désolés.\nEn cas de beso..."
3302,1845841674372571189,Freebox,Message automatique Freebox,Réponse automatique répétitive,"@zBlackk__ La messagerie privée X n’est plus disponible, et nous en sommes désolés.\nEn cas de besoi..."
3303,1845841792714919988,Freebox,Message automatique Freebox,Réponse automatique répétitive,"@GP_1899 La messagerie privée X n’est plus disponible, et nous en sommes désolés.\nEn cas de besoin,..."
3304,1845841886709235829,Freebox,Message automatique Freebox,Réponse automatique répétitive,"@Benj2638 La messagerie privée X n’est plus disponible, et nous en sommes désolés.\nEn cas de besoin..."
3306,1845844131014144355,Freebox,Message automatique Freebox,Réponse automatique répétitive,"@SBacille La messagerie privée X n’est plus disponible, et nous en sommes désolés.\nEn cas de besoin..."
3307,1845844551107276811,Freebox,Message automatique Freebox,Réponse automatique répétitive,"@OmaewaYass La messagerie privée X n’est plus disponible, et nous en sommes désolés.\nEn cas de beso..."
3308,1845844679826260097,Freebox,Message automatique Freebox,Réponse automatique répétitive,"@arianna_tessie La messagerie privée X n’est plus disponible, et nous en sommes désolés.\nEn cas de ..."
3309,1845844760180777246,Freebox,Message automatique Freebox,Réponse automatique répétitive,"@fafatwiter La messagerie privée X n’est plus disponible, et nous en sommes désolés.\nEn cas de beso..."
3310,1845846034687074747,Freebox,Message automatique Freebox,Réponse automatique répétitive,"@neofutur La messagerie privée X n’est plus disponible, et nous en sommes désolés.\nEn cas de besoin..."
3311,1845846462195806339,Freebox,Message automatique Freebox,Réponse automatique répétitive,"@Yoyopsg La messagerie privée X n’est plus disponible, et nous en sommes désolés.\nEn cas de besoin,..."
3312,1845846567737065643,Freebox,Message automatique Freebox,Réponse automatique répétitive,"@Amwrob96 La messagerie privée X n’est plus disponible, et nous en sommes désolés.\nEn cas de besoin..."
3313,1845847856336220245,Freebox,Message automatique Freebox,Réponse automatique répétitive,"@sylvainbadin La messagerie privée X n’est plus disponible, et nous en sommes désolés.\nEn cas de be..."
3314,1845848634501275755,Freebox,Message automatique Freebox,Réponse automatique répétitive,"@Braizefn1 La messagerie privée X n’est plus disponible, et nous en sommes désolés.\nEn cas de besoi..."
3315,1845848777841578239,Freebox,Message automatique Freebox,Réponse automatique répétitive,"@jy La messagerie privée X n’est plus disponible, et nous en sommes désolés.\nEn cas de besoin, je s..."
3316,1845849006557086093,Freebox,Message automatique Freebox,Réponse automatique répétitive,"@ELYNE95 La messagerie privée X n’est plus disponible, et nous en sommes désolés.\nEn cas de besoin,..."
3317,1845849565506805865,Freebox,Message automatique Freebox,Réponse automatique répétitive,"@mehdi_benadel La messagerie privée X n’est plus disponible, et nous en sommes désolés.\nEn cas de b..."
3318,1845849783929352273,Freebox,Message automatique Freebox,Réponse automatique répétitive,"@JordananasTV La messagerie privée X n’est plus disponible, et nous en sommes désolés.\nEn cas de be..."
3320,1845850378270580987,Freebox,Message automatique Freebox,Réponse automatique répétitive,"@rejsmont La messagerie privée X n’est plus disponible, et nous en sommes désolés.\nEn cas de besoin..."
3321,1845850576925474860,Freebox,Message automatique Freebox,Réponse automatique répétitive,"@Roxanezero La messagerie privée X n’est plus disponible, et nous en sommes désolés.\nEn cas de beso..."
3322,1845850984049713356,Freebox,Message automatique Freebox,Réponse automatique répétitive,"@tsunami_josuke La messagerie privée X n’est plus disponible, et nous en sommes désolés.\nEn cas de ..."
3323,1845851338627817669,Freebox,Message automatique Freebox,Réponse automatique répétitive,"@Sa_11_h99 La messagerie privée X n’est plus disponible, et nous en sommes désolés.\nEn cas de besoi..."
3324,1845851495436042345,Freebox,Message automatique Freebox,Réponse automatique répétitive,"@manu_zebi La messagerie privée X n’est plus disponible, et nous en sommes désolés.\nEn cas de besoi..."
3325,1845851708787655012,Freebox,Message automatique Freebox,Réponse automatique répétitive,"@RagnarGames13 La messagerie privée X n’est plus disponible, et nous en sommes désolés.\nEn cas de b..."
3386,1846809410502320309,Freebox,Message automatique Freebox,Réponse automatique répétitive,"@mallozhruz La messagerie privée X n’est plus disponible, et nous en sommes désolés mallozhruz\n\nRe..."
3390,1846838073176314341,Freebox,Message automatique Freebox,Réponse automatique répétitive,"@Karnagemvp La messagerie privée X n’est plus disponible, et nous en sommes désolés. \n\nRetrouvez-m..."
3391,1846843679945662619,Freebox,Message automatique Freebox,Réponse automatique répétitive,"@kadraam La messagerie privée X n’est plus disponible, et nous en sommes désolés.\nVous n'avez pas e..."
3395,1846875366792528315,Freebox,Message automatique Freebox,Réponse automatique répétitive,"@jras_63 La messagerie privée X n’est plus disponible, et nous en sommes désolés.\n\nPour toute dema..."
3396,1846875941441507781,Freebox,Message automatique Freebox,Réponse automatique répétitive,"@Freluquet2 La messagerie privée X n’est plus disponible, et nous en sommes désolés.\n\nPour toute d..."
3397,1846876076087087459,Freebox,Message automatique Freebox,Réponse automatique répétitive,"@JokicIsBae La messagerie privée X n’est plus disponible, et nous en sommes désolés.\n\nPour toute d..."
3398,1846876349077578148,Freebox,Message automatique Freebox,Réponse automatique répétitive,"@xXDeeZy21Xx La messagerie privée X n’est plus disponible, et nous en sommes désolés.\n\nPour toute ..."
3399,1846879195256775070,Freebox,Message automatique Freebox,Réponse automatique répétitive,"@fivoire La messagerie privée X n’est plus disponible, et nous en sommes désolés.\n\nPour toute dema..."
3400,1846879314769334348,Freebox,Message automatique Freebox,Réponse automatique répétitive,"@Blessing_blesse La messagerie privée X n’est plus disponible, et nous en sommes désolés.\n\nPour to..."
3401,1846880443578065302,Freebox,Message automatique Freebox,Réponse automatique répétitive,"@RajahMeow La messagerie privée X n’est plus disponible, et nous en sommes désolés.\n\nPouvez-vous n..."
3402,1846880590773080287,Freebox,Message automatique Freebox,Réponse automatique répétitive,"@zedanrocks La messagerie privée X n’est plus disponible, et nous en sommes désolés.\n\nPouvez-vous ..."
3403,1846881991808921792,Freebox,Message automatique Freebox,Réponse automatique répétitive,"@thieumphone La messagerie privée X n’est plus disponible, et nous en sommes désolés.\n\nPouvez-vous..."
3404,1846882134679564401,Freebox,Message automatique Freebox,Réponse automatique répétitive,"@vmf21462 La messagerie privée X n’est plus disponible, et nous en sommes désolés vmf21462\n\nRetrou..."
3405,1846882534019198979,Freebox,Message automatique Freebox,Réponse automatique répétitive,"@TosBytes La messagerie privée X n’est plus disponible, et nous en sommes désolés.\n\nPouvez-vous no..."
3406,1846883141249585342,Freebox,Message automatique Freebox,Réponse automatique répétitive,"@Shiro__Yue La messagerie privée X n’est plus disponible, et nous en sommes désolés Shiro__Yue\n\nRe..."
3407,1846883227421528503,Freebox,Message automatique Freebox,Réponse automatique répétitive,"@CapasPasca2523 La messagerie privée X n’est plus disponible, et nous en sommes désolés.\n\nPouvez-v..."
3408,1846883519890432141,Freebox,Message automatique Freebox,Réponse automatique répétitive,"@haeven32170 La messagerie privée X n’est plus disponible, et nous en sommes désolés.\n\nPour toute ..."
3409,1846883964452995332,Freebox,Message automatique Freebox,Réponse automatique répétitive,"@FantomeBooh La messagerie privée X n’est plus disponible, et nous en sommes désolés.\n\nPour toute ..."
3410,1846884331123322989,Freebox,Message automatique Freebox,Réponse automatique répétitive,"@nesssssyyyyyy La messagerie privée X n’est plus disponible, et nous en sommes désolés nesssssyyyyyy..."
3411,1846884460064588284,Freebox,Message automatique Freebox,Réponse automatique répétitive,"@MilooGlt La messagerie privée X n’est plus disponible, et nous en sommes désolés MilooGlt\n\nRetrou..."
3412,1846884612070310229,Freebox,Message automatique Freebox,Réponse automatique répétitive,"@Hugo_Miskine La messagerie privée X n’est plus disponible, et nous en sommes désolés Hugo_Miskine\n..."
3413,1846884810423205941,Freebox,Message automatique Freebox,Réponse automatique répétitive,@Aty56 L'envoi de DM est malheureusement impossible pour le moment. N'hésitez pas à me contacter via...
3414,1846885007974875297,Freebox,Message automatique Freebox,Réponse automatique répétitive,@MrTheo_ L'envoi de DM est malheureusement impossible pour le moment. N'hésitez pas à me contacter v...
3415,1846886873320345707,Freebox,Message automatique Freebox,Réponse automatique répétitive,"@OlivLiliv La messagerie privée X n’est plus disponible, et nous en sommes désolés OlivLiliv\n\nRetr..."
3416,1846888450869330188,Freebox,Message automatique Freebox,Réponse automatique répétitive,"@microlinux_eu La messagerie privée X n’est plus disponible, et nous en sommes désolés microlinux_eu..."
3417,1846891094392332775,Freebox,Message automatique Freebox,Réponse automatique répétitive,"@nadiou7500000 La messagerie privée X n’est plus disponible, et nous en sommes désolés. \n\nVous n'a..."
3418,1846891108770423257,Freebox,Message automatique Freebox,Réponse automatique répétitive,"@AdamRamos512433 La messagerie privée X n’est plus disponible, et nous en sommes désolés AdamRamos51..."
3419,1846891575772643593,Freebox,Message automatique Freebox,Réponse automatique répétitive,"@quentik La messagerie privée X n’est plus disponible, et nous en sommes désolés quentik\n\nRetrouve..."
3420,1846891682064666842,Freebox,Message automatique Freebox,Réponse automatique répétitive,"@croustibroust La messagerie privée X n’est plus disponible, et nous en sommes désolés. \n\nVous n'a..."
3421,1846893142278017045,Freebox,Message automatique Freebox,Réponse automatique répétitive,"@ByGsantax La messagerie privée X n’est plus disponible, et nous en sommes désolés ByGsantax\n\nRetr..."
3422,1846893432762953954,Freebox,Message automatique Freebox,Réponse automatique répétitive,"@sollivie La messagerie privée X n’est plus disponible, et nous en sommes désolés sollivie\n\nRetrou..."
3423,1846893857759236382,Freebox,Message automatique Freebox,Réponse automatique répétitive,"@DieutreCeline La messagerie privée X n’est plus disponible, et nous en sommes désolés DieutreCeline..."
3424,1846894118372299030,Freebox,Message automatique Freebox,Réponse automatique répétitive,"@GrumoBlog La messagerie privée X n’est plus disponible, et nous en sommes désolés GrumoBlog\n\nRetr..."
3425,1846894506886455572,Freebox,Message automatique Freebox,Réponse automatique répétitive,"@amhr_koubari77 La messagerie privée X n’est plus disponible, et nous en sommes désolés.\n\nPouvez-v..."
3426,1846894734653972699,Freebox,Message automatique Freebox,Réponse automatique répétitive,@KenkiEdits L'envoi de DM est malheureusement impossible pour le moment. N'hésitez pas à me contacte...
3427,1846895961634685386,Freebox,Message automatique Freebox,Réponse automatique répétitive,"@ShopeLeLion La messagerie privée X n’est plus disponible, et nous en sommes désolés.\n\nPouvez-vous..."
3428,1846896129427828948,Freebox,Message automatique Freebox,Réponse automatique répétitive,"@SuperSkander_ La messagerie privée X n’est plus disponible, et nous en sommes désolés.\n\nPouvez-vo..."
3429,1846896924902731838,Freebox,Message automatique Freebox,Réponse automatique répétitive,"@sunouille La messagerie privée X n’est plus disponible, et nous en sommes désolés.\n\nPour toute de..."
3430,1846896956385177736,Freebox,Message automatique Freebox,Réponse automatique répétitive,"@pxacx4 La messagerie privée X n’est plus disponible, et nous en sommes désolés. \nVous n'avez pas e..."
3431,1846898011042926634,Freebox,Message automatique Freebox,Réponse automatique répétitive,"@marion_dhm_rh La messagerie privée X n’est plus disponible, et nous en sommes désolés.\n\nPouvez-vo..."
3432,1846898132065341622,Freebox,Message automatique Freebox,Réponse automatique répétitive,"@PseudoAbdel La messagerie privée X n’est plus disponible, et nous en sommes désolés.\n\nPour toute ..."
3433,1846898320062423439,Freebox,Message automatique Freebox,Réponse automatique répétitive,"@YassineTA6 La messagerie privée X n’est plus disponible, et nous en sommes désolés.\n\nPouvez-vous ..."
3434,1846898469375512830,Freebox,Message automatique Freebox,Réponse automatique répétitive,@BorisBloche L'envoi de DM est malheureusement impossible pour le moment. N'hésitez pas à me contact...
3435,1846898498928513379,Freebox,Message automatique Freebox,Réponse automatique répétitive,"@InesRavineau La messagerie privée X n’est plus disponible, et nous en sommes désolés.\n\nPouvez-vou..."
3436,1846898680676168078,Freebox,Message automatique Freebox,Réponse automatique répétitive,"@AnimeMasterPony La messagerie privée X n’est plus disponible, et nous en sommes désolés.\n\nPour to..."
3437,1846898767758344415,Freebox,Message automatique Freebox,Réponse automatique répétitive,@nAKAZZ_ L'envoi de DM est malheureusement impossible pour le moment. N'hésitez pas à me contacter v...
3438,1846898925690569090,Freebox,Message automatique Freebox,Réponse automatique répétitive,"@oroshinaha La messagerie privée X n’est plus disponible, et nous en sommes désolés.\n\nPouvez-vous ..."
3439,1846899190233780364,Freebox,Message automatique Freebox,Réponse automatique répétitive,"@didi69220159758 La messagerie privée X n’est plus disponible, et nous en sommes désolés didi6922015..."
3440,1846899265529925677,Freebox,Message automatique Freebox,Réponse automatique répétitive,@moewmoooew L'envoi de DM est malheureusement impossible pour le moment. N'hésitez pas à me contacte...
3441,1846899530106601931,Freebox,Message automatique Freebox,Réponse automatique répétitive,@FMunerol L'envoi de DM est malheureusement impossible pour le moment. N'hésitez pas à me contacter ...
3442,1846899863532818931,Freebox,Message automatique Freebox,Réponse automatique répétitive,"@rioTAAANK La messagerie privée X n’est plus disponible, et nous en sommes désolés rioTAAANK\n\nRetr..."
3443,1846899881681547774,Freebox,Message automatique Freebox,Réponse automatique répétitive,"@C_sml22 La messagerie privée X n’est plus disponible, et nous en sommes désolés.\n\nPour toute dema..."
3444,1846899951197905362,Freebox,Message automatique Freebox,Réponse automatique répétitive,@Flo_90 L'envoi de DM est malheureusement impossible pour le moment. N'hésitez pas à me contacter vi...
3445,1846900241775091916,Freebox,Message automatique Freebox,Réponse automatique répétitive,@AisseDiabira L'envoi de DM est malheureusement impossible pour le moment. N'hésitez pas à me contac...
3446,1846900366060736538,Freebox,Message automatique Freebox,Réponse automatique répétitive,@jabvt9 L'envoi de DM est malheureusement impossible pour le moment. N'hésitez pas à me contacter vi...
3447,1846900492154163475,Freebox,Message automatique Freebox,Réponse automatique répétitive,@hagyninho11 L'envoi de DM est malheureusement impossible pour le moment. N'hésitez pas à me contact...
3448,1846901872784810290,Freebox,Message automatique Freebox,Réponse automatique répétitive,@fdoiteau L'envoi de DM est malheureusement impossible pour le moment. N'hésitez pas à me contacter ...
3449,1846902903182594273,Freebox,Message automatique Freebox,Réponse automatique répétitive,@crlmjxo L'envoi de DM est malheureusement impossible pour le moment. N'hésitez pas à me contacter v...
3450,1846903156220825778,Freebox,Message automatique Freebox,Réponse automatique répétitive,@c00lyman L'envoi de DM est malheureusement impossible pour le moment. N'hésitez pas à me contacter ...
3451,1846903482361536669,Freebox,Message automatique Freebox,Réponse automatique répétitive,@jobe_64 L'envoi de DM est malheureusement impossible pour le moment. N'hésitez pas à me contacter v...
3452,1846903557703794980,Freebox,Message automatique Freebox,Réponse automatique répétitive,"@MrGeraud La messagerie privée X n’est plus disponible, et nous en sommes désolés.\n\nPouvez-vous no..."
3453,1846904420740509876,Freebox,Message automatique Freebox,Réponse automatique répétitive,"@Pirolyx La messagerie privée X n’est plus disponible, et nous en sommes désolés Pirolyx\n\nRetrouve..."
3454,1846904513153675267,Freebox,Message automatique Freebox,Réponse automatique répétitive,@danganbass L'envoi de DM est malheureusement impossible pour le moment. N'hésitez pas à me contacte...
3455,1846904563342671940,Freebox,Message automatique Freebox,Réponse automatique répétitive,"@Creuselazur La messagerie privée X n’est plus disponible, et nous en sommes désolés Creuselazur\n\n..."
3456,1846904947117310032,Freebox,Message automatique Freebox,Réponse automatique répétitive,"@ExjetaimeMcCoy La messagerie privée X n’est plus disponible, et nous en sommes désolés. \n\nVous n'..."
3457,1846905453927616943,Freebox,Message automatique Freebox,Réponse automatique répétitive,@StefDark L'envoi de DM est malheureusement impossible pour le moment. N'hésitez pas à me contacter ...
3458,1846905523125252428,Freebox,Message automatique Freebox,Réponse automatique répétitive,"@VallooValloo La messagerie privée X n’est plus disponible, et nous en sommes désolés.\n\nPouvez-vou..."
3459,1846905788620579269,Freebox,Message automatique Freebox,Réponse automatique répétitive,@maisonfantome L'envoi de DM est malheureusement impossible pour le moment. N'hésitez pas à me conta...
3460,1846905946263466019,Freebox,Message automatique Freebox,Réponse automatique répétitive,"@ScorPI0912 La messagerie privée X n’est plus disponible, et nous en sommes désolés ScorPI0912\n\nRe..."
3461,1846906055030137190,Freebox,Message automatique Freebox,Réponse automatique répétitive,@ALDEM78039551 L'envoi de DM est malheureusement impossible pour le moment. N'hésitez pas à me conta...
3462,1846906215302889628,Freebox,Message automatique Freebox,Réponse automatique répétitive,@Bonetromain1 L'envoi de DM est malheureusement impossible pour le moment. N'hésitez pas à me contac...
3463,1846906549215609091,Freebox,Message automatique Freebox,Réponse automatique répétitive,"@_ROLT_ La messagerie privée X n’est plus disponible, et nous en sommes désolés.\n\nPouvez-vous nous..."
3464,1846906892825645560,Freebox,Message automatique Freebox,Réponse automatique répétitive,"@Benvoyonszzz La messagerie privée X n’est plus disponible, et nous en sommes désolés.\n\nPouvez-vou..."
3466,1846907699868373098,Freebox,Message automatique Freebox,Réponse automatique répétitive,"@OppenheimerFR La messagerie privée X n’est plus disponible, et nous en sommes désolés.\n\nVous n'av..."
3467,1846909689839157673,Freebox,Message automatique Freebox,Réponse automatique répétitive,@BOUBA0306 L'envoi de DM est malheureusement impossible pour le moment. N'hésitez pas à me contacter...
3468,1846909928969007224,Freebox,Message automatique Freebox,Réponse automatique répétitive,@LngPresso L'envoi de DM est malheureusement impossible pour le moment. N'hésitez pas à me contacter...
3469,1846910666960982268,Freebox,Message automatique Freebox,Réponse automatique répétitive,@_Vincenz007 L'envoi de DM est malheureusement impossible pour le moment. N'hésitez pas à me contact...
3470,1846910907659456639,Freebox,Message automatique Freebox,Réponse automatique répétitive,@Gdeux_ L'envoi de DM est malheureusement impossible pour le moment. N'hésitez pas à me contacter vi...
3471,1846911303312412929,Freebox,Message automatique Freebox,Réponse automatique répétitive,@reg6000 L'envoi de DM est malheureusement impossible pour le moment. N'hésitez pas à me contacter v...
3472,1846911580954341384,Freebox,Message automatique Freebox,Réponse automatique répétitive,@FrantzPougeol L'envoi de DM est malheureusement impossible pour le moment. N'hésitez pas à me conta...
3473,1846914068377977340,Freebox,Message automatique Freebox,Réponse automatique répétitive,@Chris06839490 L'envoi de DM est malheureusement impossible pour le moment. N'hésitez pas à me conta...
3474,1846915039267061874,Freebox,Message automatique Freebox,Réponse automatique répétitive,@fredeyragues L'envoi de DM est malheureusement impossible pour le moment. N'hésitez pas à me contac...
3475,1846915322080641298,Freebox,Message automatique Freebox,Réponse automatique répétitive,@anonyme_perdu L'envoi de DM est malheureusement impossible pour le moment. N'hésitez pas à me conta...
3476,1846915414745350312,Freebox,Message automatique Freebox,Réponse automatique répétitive,@schesnais L'envoi de DM est malheureusement impossible pour le moment. N'hésitez pas à me contacter...
3477,1846916084386906595,Freebox,Message automatique Freebox,Réponse automatique répétitive,@ArnaudLeplet L'envoi de DM est malheureusement impossible pour le moment. N'hésitez pas à me contac...
3478,1846916254990278683,Freebox,Message automatique Freebox,Réponse automatique répétitive,@erwan9452 L'envoi de DM est malheureusement impossible pour le moment. N'hésitez pas à me contacter...
3479,1846916754833830046,Freebox,Message automatique Freebox,Réponse automatique répétitive,@Chris_tosphere L'envoi de DM est malheureusement impossible pour le moment. N'hésitez pas à me cont...
3480,1846916958240784548,Freebox,Message automatique Freebox,Réponse automatique répétitive,@darde_discooo L'envoi de DM est malheureusement impossible pour le moment. N'hésitez pas à me conta...
3481,1846918270189728048,Freebox,Message automatique Freebox,Réponse automatique répétitive,"@benbenben48 La messagerie privée X n’est plus disponible, et nous en sommes désolés.\n\nPour toute ..."
3482,1846918539057234109,Freebox,Message automatique Freebox,Réponse automatique répétitive,@LeChinoir82 L'envoi de DM est malheureusement impossible pour le moment. N'hésitez pas à me contact...
3483,1846922702281474112,Freebox,Message automatique Freebox,Réponse automatique répétitive,@dragonsly9 L'envoi de DM est malheureusement impossible pour le moment. N'hésitez pas à me contacte...
3484,1846923092620169335,Freebox,Message automatique Freebox,Réponse automatique répétitive,@Sedorikku62 L'envoi de DM est malheureusement impossible pour le moment. N'hésitez pas à me contact...
3485,1846924135844225241,Freebox,Message automatique Freebox,Réponse automatique répétitive,@mortikmtk L'envoi de DM est malheureusement impossible pour le moment. N'hésitez pas à me contacter...
3488,1846925014542569931,Freebox,Message automatique Freebox,Réponse automatique répétitive,@joujounii L'envoi de DM est malheureusement impossible pour le moment. N'hésitez pas à me contacter...
3489,1846925259955421564,Freebox,Message automatique Freebox,Réponse automatique répétitive,@PLCompeau L'envoi de DM est malheureusement impossible pour le moment. N'hésitez pas à me contacter...
3490,1846926162347339803,Freebox,Message automatique Freebox,Réponse automatique répétitive,"@gawouelle La messagerie privée X n’est plus disponible, et nous en sommes désolés.\n\nPour toute de..."
3491,1846926304479678563,Freebox,Message automatique Freebox,Réponse automatique répétitive,"@AlanPavoine La messagerie privée X n’est plus disponible, et nous en sommes désolés.\n\nPour toute ..."
3492,1846926426475250040,Freebox,Message automatique Freebox,Réponse automatique répétitive,@cla_schn_ L'envoi de DM est malheureusement impossible pour le moment. N'hésitez pas à me contacter...
3493,1846926878675763320,Freebox,Message automatique Freebox,Réponse automatique répétitive,@why_tafia L'envoi de DM est malheureusement impossible pour le moment. N'hésitez pas à me contacter...
3494,1846927301801337177,Freebox,Message automatique Freebox,Réponse automatique répétitive,"@Dkzak831 La messagerie privée X n’est plus disponible, et nous en sommes désolés.\n\nPour toute dem..."
3506,1847171489545466186,Freebox,Message automatique Freebox,Réponse automatique répétitive,"@ChrismakerMdg La messagerie privée X n’est plus disponible, et nous en sommes désolés. \n\nRetrouve..."
3507,1847171952596709521,Freebox,Message automatique Freebox,Réponse automatique répétitive,"@MounirNasri11 La messagerie privée X n’est plus disponible, et nous en sommes désolés. \n\nRetrouve..."
3508,1847172340771160188,Freebox,Message automatique Freebox,Réponse automatique répétitive,"@adele__th La messagerie privée X n’est plus disponible, et nous en sommes désolés.\nVous n'avez pas..."
3509,1847172955299586542,Freebox,Message automatique Freebox,Réponse automatique répétitive,"@kuffarnaum La messagerie privée X n’est plus disponible, et nous en sommes désolés. \n\nRetrouvez-m..."
3510,1847173133725245828,Freebox,Message automatique Freebox,Réponse automatique répétitive,"@Dorian28835 La messagerie privée X n’est plus disponible, et nous en sommes désolés.\nVous n'avez p..."
3511,1847173624513318971,Freebox,Message automatique Freebox,Réponse automatique répétitive,"@kvn_nd La messagerie privée X n’est plus disponible, et nous en sommes désolés. \n\nRetrouvez-moi d..."
3512,1847173755488924139,Freebox,Message automatique Freebox,Réponse automatique répétitive,"@Shiclette94 La messagerie privée X n’est plus disponible, et nous en sommes désolés. \n\nRetrouvez-..."
3513,1847173964495233167,Freebox,Message automatique Freebox,Réponse automatique répétitive,"@putabarcaaaaaa La messagerie privée X n’est plus disponible, et nous en sommes désolés.\nVous n'ave..."
3514,1847174112117928215,Freebox,Message automatique Freebox,Réponse automatique répétitive,"@ericdupin La messagerie privée X n’est plus disponible, et nous en sommes désolés.\nVous n'avez pas..."
3515,1847174459070747003,Freebox,Message automatique Freebox,Réponse automatique répétitive,"@ElNinoo14 La messagerie privée X n’est plus disponible, et nous en sommes désolés. \n\nRetrouvez-mo..."
3516,1847174591359181117,Freebox,Message automatique Freebox,Réponse automatique répétitive,"@1_spotnik La messagerie privée X n’est plus disponible, et nous en sommes désolés.\nVous n'avez pas..."
3517,1847174725350379983,Freebox,Message automatique Freebox,Réponse automatique répétitive,"@FeelGoodRun La messagerie privée X n’est plus disponible, et nous en sommes désolés. \n\nRetrouvez-..."
3518,1847174789015703799,Freebox,Message automatique Freebox,Réponse automatique répétitive,"@FloMamaBordeaux La messagerie privée X n’est plus disponible, et nous en sommes désolés.\nVous n'av..."
3519,1847174867864465845,Freebox,Message automatique Freebox,Réponse automatique répétitive,"@DJSeb17 La messagerie privée X n’est plus disponible, et nous en sommes désolés. \n\nRetrouvez-moi ..."
3520,1847175224795492403,Freebox,Message automatique Freebox,Réponse automatique répétitive,"@BGraussnoix La messagerie privée X n’est plus disponible, et nous en sommes désolés. \n\nRetrouvez-..."
3521,1847175949361533230,Freebox,Message automatique Freebox,Réponse automatique répétitive,"@candyguytv La messagerie privée X n’est plus disponible, et nous en sommes désolés.\nVous n'avez pa..."
3522,1847176067238293830,Freebox,Message automatique Freebox,Réponse automatique répétitive,"@LucasRi30896580 La messagerie privée X n’est plus disponible, et nous en sommes désolés. \n\nRetrou..."
3523,1847176282011754915,Freebox,Message automatique Freebox,Réponse automatique répétitive,"@ywenbh La messagerie privée X n’est plus disponible, et nous en sommes désolés. \n\nRetrouvez-moi d..."
3524,1847176307697721573,Freebox,Message automatique Freebox,Réponse automatique répétitive,"@Smartiiesone La messagerie privée X n’est plus disponible, et nous en sommes désolés.\nVous n'avez ..."
3525,1847176536090173447,Freebox,Message automatique Freebox,Réponse automatique répétitive,"@William_cntt La messagerie privée X n’est plus disponible, et nous en sommes désolés. \n\nRetrouvez..."
3526,1847177009157362087,Freebox,Message automatique Freebox,Réponse automatique répétitive,"@haachy12 La messagerie privée X n’est plus disponible, et nous en sommes désolés.\nVous n'avez pas ..."
3527,1847177306290192655,Freebox,Message automatique Freebox,Réponse automatique répétitive,"@Obishiw La messagerie privée X n’est plus disponible, et nous en sommes désolés.\nVous n'avez pas e..."
3528,1847177443590766817,Freebox,Message automatique Freebox,Réponse automatique répétitive,"@Nuro_Kun_ La messagerie privée X n’est plus disponible, et nous en sommes désolés.\nVous n'avez pas..."
3529,1847178030155739407,Freebox,Message automatique Freebox,Réponse automatique répétitive,"@Desmetkev La messagerie privée X n’est plus disponible, et nous en sommes désolés. \n\nRetrouvez-mo..."
3530,1847178207725797698,Freebox,Message automatique Freebox,Réponse automatique répétitive,"@YouxiLeboss La messagerie privée X n’est plus disponible, et nous en sommes désolés.\nVous n'avez p..."
3531,1847178452270489712,Freebox,Message automatique Freebox,Réponse automatique répétitive,"@onzk28 La messagerie privée X n’est plus disponible, et nous en sommes désolés. \n\nRetrouvez-moi d..."
3532,1847178998071099530,Freebox,Message automatique Freebox,Réponse automatique répétitive,"@Hajiwa00 La messagerie privée X n’est plus disponible, et nous en sommes désolés. \n\nRetrouvez-moi..."
3533,1847179365907370052,Freebox,Message automatique Freebox,Réponse automatique répétitive,"@Lii5122 La messagerie privée X n’est plus disponible, et nous en sommes désolés.\nVous n'avez pas e..."
3534,1847179377357860973,Freebox,Message automatique Freebox,Réponse automatique répétitive,"@667_mehdi La messagerie privée X n’est plus disponible, et nous en sommes désolés. \n\nRetrouvez-mo..."
3535,1847179559038275766,Freebox,Message automatique Freebox,Réponse automatique répétitive,"@milesmd19 La messagerie privée X n’est plus disponible, et nous en sommes désolés. \n\nRetrouvez-mo..."
3536,1847179635106230417,Freebox,Message automatique Freebox,Réponse automatique répétitive,"@YassPedri La messagerie privée X n’est plus disponible, et nous en sommes désolés.\nVous n'avez pas..."
3537,1847179940371800358,Freebox,Message automatique Freebox,Réponse automatique répétitive,"@BrJefilho La messagerie privée X n’est plus disponible, et nous en sommes désolés.\nVous n'avez pas..."
3538,1847182427715723415,Freebox,Message automatique Freebox,Réponse automatique répétitive,"@dege_42 La messagerie privée X n’est plus disponible, et nous en sommes désolés.\nVous n'avez pas e..."
3539,1847182860395901073,Freebox,Message automatique Freebox,Réponse automatique répétitive,"@Vincent_fleury La messagerie privée X n’est plus disponible, et nous en sommes désolés. \n\nRetrouv..."
3540,1847182914112405886,Freebox,Message automatique Freebox,Réponse automatique répétitive,"@sandrajoudi83 La messagerie privée X n’est plus disponible, et nous en sommes désolés.\nVous n'avez..."
3541,1847183522890502424,Freebox,Message automatique Freebox,Réponse automatique répétitive,"@LsS_Mehdi La messagerie privée X n’est plus disponible, et nous en sommes désolés. \n\nRetrouvez-mo..."
3542,1847184571932008851,Freebox,Message automatique Freebox,Réponse automatique répétitive,"@JeanLiou La messagerie privée X n’est plus disponible, et nous en sommes désolés.\nVous n'avez pas ..."
3545,1847188003908694320,Freebox,Message automatique Freebox,Réponse automatique répétitive,"@KC_WonderLord La messagerie privée X n’est plus disponible, et nous en sommes désolés.\nVous n'avez..."
3546,1847189640370897348,Freebox,Message automatique Freebox,Réponse automatique répétitive,"@soundnaya La messagerie privée X n’est plus disponible, et nous en sommes désolés.\nVous n'avez pas..."
3547,1847190372973207991,Freebox,Message automatique Freebox,Réponse automatique répétitive,"@Boulebizar La messagerie privée X n’est plus disponible, et nous en sommes désolés.\nVous n'avez pa..."
3549,1847194529616560322,Freebox,Message automatique Freebox,Réponse automatique répétitive,"@etaine1805 La messagerie privée X n’est plus disponible, et nous en sommes désolés. \n\nRetrouvez-m..."
3550,1847196651217125620,Freebox,Message automatique Freebox,Réponse automatique répétitive,"@usyk93 La messagerie privée X n’est plus disponible, et nous en sommes désolés.\nVous n'avez pas en..."
3551,1847197112359879032,Freebox,Message automatique Freebox,Réponse automatique répétitive,"@sebngaz La messagerie privée X n’est plus disponible, et nous en sommes désolés. \n\nRetrouvez-moi ..."
3552,1847197482092028126,Freebox,Message automatique Freebox,Réponse automatique répétitive,"@Philois83 La messagerie privée X n’est plus disponible, et nous en sommes désolés. \n\nRetrouvez-mo..."
3553,1847197798644453698,Freebox,Message automatique Freebox,Réponse automatique répétitive,"@Ghost_Rid3r26 La messagerie privée X n’est plus disponible, et nous en sommes désolés. \n\nRetrouve..."
3555,1847198185174823408,Freebox,Message automatique Freebox,Réponse automatique répétitive,"@SPQRoy_Mustang La messagerie privée X n’est plus disponible, et nous en sommes désolés.\nVous n'ave..."
3556,1847198877373333892,Freebox,Message automatique Freebox,Réponse automatique répétitive,"@MonsieurOff La messagerie privée X n’est plus disponible, et nous en sommes désolés.\nVous n'avez p..."
3557,1847199003735183452,Freebox,Message automatique Freebox,Réponse automatique répétitive,"@MonsieurOff La messagerie privée X n’est plus disponible, et nous en sommes désolés. \n\nRetrouvez-..."
3558,1847199238935007691,Freebox,Message automatique Freebox,Réponse automatique répétitive,"@NapoXBT La messagerie privée X n’est plus disponible, et nous en sommes désolés.\nVous n'avez pas e..."
3559,1847199866511839412,Freebox,Message automatique Freebox,Réponse automatique répétitive,"@2slmn67 La messagerie privée X n’est plus disponible, et nous en sommes désolés.\nVous n'avez pas e..."
3560,1847200075019153748,Freebox,Message automatique Freebox,Réponse automatique répétitive,"@Rayaneee67 La messagerie privée X n’est plus disponible, et nous en sommes désolés. \n\nRetrouvez-m..."
3567,1847245759869014277,Freebox,Message automatique Freebox,Réponse automatique répétitive,"@Sdnour20 Bonjour,\n\nLa messagerie privée X n’est plus disponible, et nous en sommes désolés. \n\nR..."
3599,1848349692297408921,Freebox,Message automatique Freebox,Réponse automatique répétitive,"@fakkirroun La messagerie privée X n’est plus disponible, et nous en sommes désolés.\n\nPour toute d..."
3600,1848350224579780617,Freebox,Message automatique Freebox,Réponse automatique répétitive,"@nowkezz28 La messagerie privée X n’est plus disponible, et nous en sommes désolés.\n\nPour toute de..."
3601,1848351266537144703,Freebox,Message automatique Freebox,Réponse automatique répétitive,@part2reussite L'envoi de DM est malheureusement impossible pour le moment. N'hésitez pas à me conta...
3602,1848355069139263922,Freebox,Message automatique Freebox,Réponse automatique répétitive,"@HikariUchi La messagerie privée X n’est plus disponible, et nous en sommes désolés.\n\nPour toute d..."
3603,1848355553149407692,Freebox,Message automatique Freebox,Réponse automatique répétitive,"@mallozhruz La messagerie privée X n’est plus disponible, et nous en sommes désolés.\n\nPour toute d..."
3604,1848355917470798320,Freebox,Message automatique Freebox,Réponse automatique répétitive,"@Ynshirayuki La messagerie privée X n’est plus disponible, et nous en sommes désolés.\n\nPour toute ..."
3605,1848358148668559395,Freebox,Message automatique Freebox,Réponse automatique répétitive,"@suissonabisso La messagerie privée X n’est plus disponible, et nous en sommes désolés.\n\nPour tout..."
3606,1848358283066630578,Freebox,Message automatique Freebox,Réponse automatique répétitive,"@doktor_flo La messagerie privée X n’est plus disponible, et nous en sommes désolés. \n\nVous n'avez..."
3607,1848358878259319110,Freebox,Message automatique Freebox,Réponse automatique répétitive,"@ROKUDEAU La messagerie privée X n’est plus disponible, et nous en sommes désolés. \nVous n'avez pas..."
3608,1848359336197734419,Freebox,Message automatique Freebox,Réponse automatique répétitive,"@CH4freal La messagerie privée X n’est plus disponible, et nous en sommes désolés. \nVous n'avez pas..."
3609,1848359503000973579,Freebox,Message automatique Freebox,Réponse automatique répétitive,"@Isa_BelleGueule La messagerie privée X n’est plus disponible, et nous en sommes désolés.\n\nPour to..."
3610,1848359894690271346,Freebox,Message automatique Freebox,Réponse automatique répétitive,@BrewsImmo L'envoi de DM est malheureusement impossible pour le moment. N'hésitez pas à me contacter...
3611,1848362430943863155,Freebox,Message automatique Freebox,Réponse automatique répétitive,@maymeric L'envoi de DM est malheureusement impossible pour le moment. N'hésitez pas à me contacter ...
3612,1848365679721808026,Freebox,Message automatique Freebox,Réponse automatique répétitive,@hpiedcoq L'envoi de DM est malheureusement impossible pour le moment. N'hésitez pas à me contacter ...
3613,1848368146517807449,Freebox,Message automatique Freebox,Réponse automatique répétitive,@IliasLec L'envoi de DM est malheureusement impossible pour le moment. N'hésitez pas à me contacter ...
3614,1848369029653623045,Freebox,Message automatique Freebox,Réponse automatique répétitive,@CorfmatCoach L'envoi de DM est malheureusement impossible pour le moment. N'hésitez pas à me contac...
3615,1848370785749975325,Freebox,Message automatique Freebox,Réponse automatique répétitive,@Monwifi_fr L'envoi de DM est malheureusement impossible pour le moment. N'hésitez pas à me contacte...
3621,1848383912533266800,Freebox,Message automatique Freebox,Réponse automatique répétitive,@itsyaboiOrion L'envoi de DM est malheureusement impossible pour le moment. N'hésitez pas à me conta...
3630,1848644576501699002,Freebox,Message automatique Freebox,Réponse automatique répétitive,"@scoty49 La messagerie privée X n’est plus disponible, et nous en sommes désolés.\nVous n'avez pas e..."
3631,1848645565896102270,Freebox,Message automatique Freebox,Réponse automatique répétitive,"@Tylerdu12559009 La messagerie privée X n’est plus disponible, et nous en sommes désolés.\nVous n'av..."
3632,1848646712140652965,Freebox,Message automatique Freebox,Réponse automatique répétitive,"@raph20201 La messagerie privée X n’est plus disponible, et nous en sommes désolés.\nVous n'avez pas..."
3635,1848659260210651334,Freebox,Message automatique Freebox,Réponse automatique répétitive,"@lechantdesmots La messagerie privée X n’est plus disponible, et nous en sommes désolés.\nVous n'ave..."
3636,1848659625123500096,Freebox,Message automatique Freebox,Réponse automatique répétitive,"@KitklatF La messagerie privée X n’est plus disponible, et nous en sommes désolés.\nVous n'avez pas ..."
3637,1848661050670878822,Freebox,Message automatique Freebox,Réponse automatique répétitive,"@Ness92izi La messagerie privée X n’est plus disponible, et nous en sommes désolés.\nVous n'avez pas..."
3641,1848667813243662511,Freebox,Message automatique Freebox,Réponse automatique répétitive,"@olivier_bro La messagerie privée X n’est plus disponible, et nous en sommes désolés.\nVous n'avez p..."
3642,1848668698254458968,Freebox,Message automatique Freebox,Réponse automatique répétitive,"@kokoonbynodeus La messagerie privée X n’est plus disponible, et nous en sommes désolés.\nVous n'ave..."
3645,1848672743153082534,Freebox,Message automatique Freebox,Réponse automatique répétitive,"@Enzo_SAQUET La messagerie privée X n’est plus disponible, et nous en sommes désolés.\nVous n'avez p..."
3646,1848673194888097795,Freebox,Message automatique Freebox,Réponse automatique répétitive,"@cm3r La messagerie privée X n’est plus disponible, et nous en sommes désolés.\nVous n'avez pas enco..."
3647,1848673734242013405,Freebox,Message automatique Freebox,Réponse automatique répétitive,"@Ac3Jul La messagerie privée X n’est plus disponible, et nous en sommes désolés.\nVous n'avez pas en..."
3648,1848674315606069379,Freebox,Message automatique Freebox,Réponse automatique répétitive,"@haachy12 La messagerie privée X n’est plus disponible, et nous en sommes désolés.\nVous n'avez pas ..."
3652,1848676357921804383,Freebox,Message automatique Freebox,Réponse automatique répétitive,"@KareemDerouich La messagerie privée X n’est plus disponible, et nous en sommes désolés.\nVous n'ave..."
3653,1848676722603966948,Freebox,Message automatique Freebox,Réponse automatique répétitive,"@cathyfrfr La messagerie privée X n’est plus disponible, et nous en sommes désolés.\nVous n'avez pas..."
3654,1848681858273300864,Freebox,Message automatique Freebox,Réponse automatique répétitive,"@IronTUX La messagerie privée X n’est plus disponible, et nous en sommes désolés. \n\nRetrouvez-moi ..."
3655,1848684018205683892,Freebox,Message automatique Freebox,Réponse automatique répétitive,"@Evans_mp4 La messagerie privée X n’est plus disponible, et nous en sommes désolés. \n\nRetrouvez-mo..."
3657,1848687271932838166,Freebox,Message automatique Freebox,Réponse automatique répétitive,"@ben_bencorp La messagerie privée X n’est plus disponible, et nous en sommes désolés. \n\nRetrouvez-..."
3658,1848688025682772314,Freebox,Message automatique Freebox,Réponse automatique répétitive,"@geraldrodrigu13 La messagerie privée X n’est plus disponible, et nous en sommes désolés. \n\nRetrou..."
3660,1848688981480759661,Freebox,Message automatique Freebox,Réponse automatique répétitive,"@SalimDjellab La messagerie privée X n’est plus disponible, et nous en sommes désolés. \n\nRetrouvez..."
3661,1848689259718296022,Freebox,Message automatique Freebox,Réponse automatique répétitive,"@PasdSalaire La messagerie privée X n’est plus disponible, et nous en sommes désolés. \n\nRetrouvez-..."
3662,1848689416539124054,Freebox,Message automatique Freebox,Réponse automatique répétitive,"@Alex_cntt La messagerie privée X n’est plus disponible, et nous en sommes désolés. \n\nRetrouvez-mo..."
3703,1848983899243782267,Freebox,Message automatique Freebox,Réponse automatique répétitive,"@Mr_Yaourt_Xw La messagerie privée X n’est plus disponible, et nous en sommes désolés.\nVous n'avez ..."
3717,1849062473912950976,Freebox,Spam/Promotion,Spam ou promotion non pertinente,"@Karnagemvp Je suis ravi que tout soit rentré dans l'ordre, et que vous puissiez à nouveau profiter ..."
3731,1849346186349572309,Freebox,Message automatique Freebox,Réponse automatique répétitive,"@Loud_Darkman Bonjour,\n\nLa messagerie privée X n’est plus disponible, et nous en sommes désolés. \..."
3732,1849348445003194504,Freebox,Message automatique Freebox,Réponse automatique répétitive,"@raptor_bang Bonjour,\n\nLa messagerie privée X n’est plus disponible, et nous en sommes désolés. \n..."
3733,1849348821186187763,Freebox,Message automatique Freebox,Réponse automatique répétitive,"@_Damah_ Bonjour,\n\nLa messagerie privée X n’est plus disponible, et nous en sommes désolés. \n\nRe..."
3734,1849349355674665236,Freebox,Message automatique Freebox,Réponse automatique répétitive,"@Emreketurr Bonjour,\n\nLa messagerie privée X n’est plus disponible, et nous en sommes désolés. \n\..."
3735,1849349569936576871,Freebox,Message automatique Freebox,Réponse automatique répétitive,"@M4ster_twix Bonjour,\n\nLa messagerie privée X n’est plus disponible, et nous en sommes désolés. \n..."
3736,1849349723850772846,Freebox,Message automatique Freebox,Réponse automatique répétitive,"@ericlethomas Bonjour,\n\nLa messagerie privée X n’est plus disponible, et nous en sommes désolés. \..."
3737,1849349849260368189,Freebox,Message automatique Freebox,Réponse automatique répétitive,"@brutos77 Bonjour,\n\nLa messagerie privée X n’est plus disponible, et nous en sommes désolés. \n\nR..."
3738,1849349976234639616,Freebox,Message automatique Freebox,Réponse automatique répétitive,"@chinoir__ Bonjour,\n\nLa messagerie privée X n’est plus disponible, et nous en sommes désolés. \n\n..."
3739,1849352769682968644,Freebox,Message automatique Freebox,Réponse automatique répétitive,"@TheLadyCat9 Bonjour,\n\nLa messagerie privée X n’est plus disponible, et nous en sommes désolés. \n..."
3740,1849353851175870663,Freebox,Message automatique Freebox,Réponse automatique répétitive,"@off_mehdiDonc Bonjour,\n\nLa messagerie privée X n’est plus disponible, et nous en sommes désolés. ..."
3741,1849354021418450994,Freebox,Message automatique Freebox,Réponse automatique répétitive,"@FenrisseCSGO Bonjour,\n\nLa messagerie privée X n’est plus disponible, et nous en sommes désolés. \..."
3742,1849354310745731351,Freebox,Message automatique Freebox,Réponse automatique répétitive,"@GuyD_Mastouille Bonjour,\n\nLa messagerie privée X n’est plus disponible, et nous en sommes désolés..."
3743,1849354502639382624,Freebox,Message automatique Freebox,Réponse automatique répétitive,"@i_nayaaa_ Bonjour,\n\nLa messagerie privée X n’est plus disponible, et nous en sommes désolés. \n\n..."
3744,1849354555672142222,Freebox,Message automatique Freebox,Réponse automatique répétitive,"@destineeatlante Bonjour,\n\nLa messagerie privée X n’est plus disponible, et nous en sommes désolés..."
3745,1849355504096555461,Freebox,Message automatique Freebox,Réponse automatique répétitive,"@Chpii45229 Bonjour,\n\nLa messagerie privée X n’est plus disponible, et nous en sommes désolés. \n\..."
3746,1849355857072390537,Freebox,Message automatique Freebox,Réponse automatique répétitive,"@winotheslug Bonjour,\n\nLa messagerie privée X n’est plus disponible, et nous en sommes désolés. \n..."
3747,1849356041089126707,Freebox,Message automatique Freebox,Réponse automatique répétitive,"@cneqma Bonjour,\n\nLa messagerie privée X n’est plus disponible, et nous en sommes désolés. \n\nRet..."
3748,1849356238561108245,Freebox,Message automatique Freebox,Réponse automatique répétitive,"@zaza0726 Bonjour,\n\nLa messagerie privée X n’est plus disponible, et nous en sommes désolés. \n\nR..."
3749,1849356581290316238,Freebox,Message automatique Freebox,Réponse automatique répétitive,"@durandi45959235 Bonjour,\n\nLa messagerie privée X n’est plus disponible, et nous en sommes désolés..."
3750,1849357049009705151,Freebox,Message automatique Freebox,Réponse automatique répétitive,"@Fredo384450 Bonjour,\n\nLa messagerie privée X n’est plus disponible, et nous en sommes désolés. \n..."
3751,1849357554851201363,Freebox,Message automatique Freebox,Réponse automatique répétitive,"@iciKekeGaga Bonjour,\n\nLa messagerie privée X n’est plus disponible, et nous en sommes désolés. \n..."
3752,1849357714301895031,Freebox,Message automatique Freebox,Réponse automatique répétitive,"@Telepeache Bonjour,\n\nLa messagerie privée X n’est plus disponible, et nous en sommes désolés. \n\..."
3753,1849357726905667929,Freebox,Message automatique Freebox,Réponse automatique répétitive,"@cerkez_turist Bonjour,\n\nLa messagerie privée X n’est plus disponible, et nous en sommes désolés. ..."
3754,1849358556287435197,Freebox,Message automatique Freebox,Réponse automatique répétitive,"@nicolem28243660 Bonjour,\n\nLa messagerie privée X n’est plus disponible, et nous en sommes désolés..."
3755,1849358818993475853,Freebox,Message automatique Freebox,Réponse automatique répétitive,"@PitG_Officiel Bonjour,\n\nLa messagerie privée X n’est plus disponible, et nous en sommes désolés. ..."
3756,1849359456800239778,Freebox,Message automatique Freebox,Réponse automatique répétitive,"@kxtishou Bonjour,\n\nLa messagerie privée X n’est plus disponible, et nous en sommes désolés. \n\nR..."
3757,1849359740100296861,Freebox,Message automatique Freebox,Réponse automatique répétitive,"@letsgetitrock Bonjour,\n\nLa messagerie privée X n’est plus disponible, et nous en sommes désolés. ..."
3758,1849360850089300325,Freebox,Message automatique Freebox,Réponse automatique répétitive,"@EdenballRehos Bonjour,\n\nLa messagerie privée X n’est plus disponible, et nous en sommes désolés. ..."
3759,1849360890589532446,Freebox,Message automatique Freebox,Réponse automatique répétitive,"@Matts_971 Bonjour,\n\nLa messagerie privée X n’est plus disponible, et nous en sommes désolés. \n\n..."
3760,1849361066737680737,Freebox,Message automatique Freebox,Réponse automatique répétitive,"@MOUSTROU_Peyo Bonjour,\n\nLa messagerie privée X n’est plus disponible, et nous en sommes désolés. ..."
3761,1849361215627067672,Freebox,Message automatique Freebox,Réponse automatique répétitive,"@juliechrlt Bonjour,\n\nLa messagerie privée X n’est plus disponible, et nous en sommes désolés. \n\..."
3762,1849361450726232509,Freebox,Message automatique Freebox,Réponse automatique répétitive,"@GetKurse Bonjour,\n\nLa messagerie privée X n’est plus disponible, et nous en sommes désolés. \n\nR..."
3763,1849361880185237563,Freebox,Message automatique Freebox,Réponse automatique répétitive,"@maymeric Bonjour,\n\nLa messagerie privée X n’est plus disponible, et nous en sommes désolés. \n\nR..."
3764,1849362129553363231,Freebox,Message automatique Freebox,Réponse automatique répétitive,"@AGBODO_K Bonjour,\n\nLa messagerie privée X n’est plus disponible, et nous en sommes désolés. \n\nR..."
3765,1849363107765723486,Freebox,Message automatique Freebox,Réponse automatique répétitive,"@FlorianPascual Bonjour,\n\nLa messagerie privée X n’est plus disponible, et nous en sommes désolés...."
3766,1849364019808768164,Freebox,Message automatique Freebox,Réponse automatique répétitive,"@cochonvenere Bonjour,\n\nLa messagerie privée X n’est plus disponible, et nous en sommes désolés. \..."
3767,1849364623754969446,Freebox,Message automatique Freebox,Réponse automatique répétitive,"@Guvenipek4 Bonjour,\n\nLa messagerie privée X n’est plus disponible, et nous en sommes désolés. \n\..."
3768,1849364792223400213,Freebox,Message automatique Freebox,Réponse automatique répétitive,"@Meysso_seb Bonjour,\n\nLa messagerie privée X n’est plus disponible, et nous en sommes désolés. \n\..."
3769,1849364933361709264,Freebox,Message automatique Freebox,Réponse automatique répétitive,"@NEOARCHEO Bonjour,\n\nLa messagerie privée X n’est plus disponible, et nous en sommes désolés. \n\n..."
3770,1849365031265198097,Freebox,Message automatique Freebox,Réponse automatique répétitive,"@Xsarr Bonjour,\n\nLa messagerie privée X n’est plus disponible, et nous en sommes désolés. \n\nRetr..."
3771,1849365291228180575,Freebox,Message automatique Freebox,Réponse automatique répétitive,"@boulabiar Bonjour,\n\nLa messagerie privée X n’est plus disponible, et nous en sommes désolés. \n\n..."
3772,1849365413148205510,Freebox,Message automatique Freebox,Réponse automatique répétitive,"@BustaR67 Bonjour,\n\nLa messagerie privée X n’est plus disponible, et nous en sommes désolés. \n\nR..."
3773,1849367850869273021,Freebox,Message automatique Freebox,Réponse automatique répétitive,"@jKBBcs Bonjour,\n\nLa messagerie privée X n’est plus disponible, et nous en sommes désolés. \n\nRet..."
3774,1849367866287481268,Freebox,Message automatique Freebox,Réponse automatique répétitive,"@justdwaeki Bonjour,\n\nLa messagerie privée X n’est plus disponible, et nous en sommes désolés. \n\..."
3776,1849373182110605440,Freebox,Message automatique Freebox,Réponse automatique répétitive,"@SylvC83 Bonjour,\n\nLa messagerie privée X n’est plus disponible, et nous en sommes désolés. \n\nRe..."
3777,1849375692934332602,Freebox,Message automatique Freebox,Réponse automatique répétitive,"@AurL_Swx Bonjour,\n\nLa messagerie privée X n’est plus disponible, et nous en sommes désolés. \n\nR..."
3778,1849376898935042175,Freebox,Message automatique Freebox,Réponse automatique répétitive,"@MickaelPinte Bonjour,\n\nLa messagerie privée X n’est plus disponible, et nous en sommes désolés. \..."
3779,1849376949820432516,Freebox,Message automatique Freebox,Réponse automatique répétitive,"@TimotheChusit Bonjour,\n\nLa messagerie privée X n’est plus disponible, et nous en sommes désolés. ..."
3780,1849377217123361107,Freebox,Message automatique Freebox,Réponse automatique répétitive,"@CazierJP Bonjour,\n\nLa messagerie privée X n’est plus disponible, et nous en sommes désolés. \n\nR..."
3781,1849377430600868341,Freebox,Message automatique Freebox,Réponse automatique répétitive,"@MxlleSoPereira Bonjour,\n\nLa messagerie privée X n’est plus disponible, et nous en sommes désolés...."
3782,1849378001869320491,Freebox,Message automatique Freebox,Réponse automatique répétitive,"@GaetanCopine Bonjour,\n\nLa messagerie privée X n’est plus disponible, et nous en sommes désolés. \..."
3783,1849378438278230487,Freebox,Message automatique Freebox,Réponse automatique répétitive,"@LarifletteBzh Bonjour,\n\nLa messagerie privée X n’est plus disponible, et nous en sommes désolés. ..."
3784,1849379019659067843,Freebox,Message automatique Freebox,Réponse automatique répétitive,"@MxlleSoPereira Bonjour,\n\nLa messagerie privée X n’est plus disponible, et nous en sommes désolés...."
3785,1849380108332642489,Freebox,Message automatique Freebox,Réponse automatique répétitive,"@SebLecan Bonjour,\n\nLa messagerie privée X n’est plus disponible, et nous en sommes désolés. \n\nR..."
3786,1849380611904987541,Freebox,Message automatique Freebox,Réponse automatique répétitive,"@jnnr243 Bonjour,\n\nLa messagerie privée X n’est plus disponible, et nous en sommes désolés. \n\nRe..."
3787,1849383206308425942,Freebox,Message automatique Freebox,Réponse automatique répétitive,"@prototype2222 Bonjour,\n\nLa messagerie privée X n’est plus disponible, et nous en sommes désolés. ..."
3788,1849384422589514094,Freebox,Message automatique Freebox,Réponse automatique répétitive,"@092MLBOOA Bonjour,\n\nLa messagerie privée X n’est plus disponible, et nous en sommes désolés. \n\n..."
3789,1849385126641164439,Freebox,Message automatique Freebox,Réponse automatique répétitive,"@majin_25 Bonjour,\n\nLa messagerie privée X n’est plus disponible, et nous en sommes désolés. \n\nR..."
3790,1849386205206478855,Freebox,Message automatique Freebox,Réponse automatique répétitive,"@Acrocanthosaure Bonjour,\n\nLa messagerie privée X n’est plus disponible, et nous en sommes désolés..."
3791,1849387073590964513,Freebox,Message automatique Freebox,Réponse automatique répétitive,"@SarahFN__ Bonjour,\n\nLa messagerie privée X n’est plus disponible, et nous en sommes désolés. \n\n..."
3792,1849388929239146687,Freebox,Message automatique Freebox,Réponse automatique répétitive,"@TessierCarolin8 Bonjour,\n\nLa messagerie privée X n’est plus disponible, et nous en sommes désolés..."
3793,1849397472495280333,Freebox,Message automatique Freebox,Réponse automatique répétitive,"@dlaucia Bonjour,\n\nLa messagerie privée X n’est plus disponible, et nous en sommes désolés. \n\nRe..."
3794,1849397759528325297,Freebox,Message automatique Freebox,Réponse automatique répétitive,"@Otm923 Bonjour,\n\nLa messagerie privée X n’est plus disponible, et nous en sommes désolés. \n\nRet..."
3795,1849397889983746263,Freebox,Message automatique Freebox,Réponse automatique répétitive,"@ctarkos Bonjour,\n\nLa messagerie privée X n’est plus disponible, et nous en sommes désolés. \n\nRe..."
3796,1849398062256472349,Freebox,Message automatique Freebox,Réponse automatique répétitive,"@oiseauduvent Bonjour,\n\nLa messagerie privée X n’est plus disponible, et nous en sommes désolés. \..."
3797,1849398548921569669,Gillet_Camille,Message automatique Freebox,Réponse automatique répétitive,"Allô, @Freebox et @free, pas d'internet depuis ce matin. Votre bot messenger me promet un appel cons..."
3798,1849398680920461569,Freebox,Message automatique Freebox,Réponse automatique répétitive,"@krakoO0 La messagerie privée X n’est plus disponible, et nous en sommes désolés. \nVous n'avez pas ..."
3799,1849399238607671561,Freebox,Message automatique Freebox,Réponse automatique répétitive,"@SorayaHAMI68677 Bonjour,\n\nLa messagerie privée X n’est plus disponible, et nous en sommes désolés..."
3800,1849399365799952719,Freebox,Message automatique Freebox,Réponse automatique répétitive,"@ponceto91 Bonjour,\n\nLa messagerie privée X n’est plus disponible, et nous en sommes désolés. \n\n..."
3801,1849400032635617749,Freebox,Message automatique Freebox,Réponse automatique répétitive,"@KhraPokemon Bonjour,\n\nLa messagerie privée X n’est plus disponible, et nous en sommes désolés. \n..."
3802,1849400639735918917,Freebox,Message automatique Freebox,Réponse automatique répétitive,"@SudTer Bonjour,\n\nLa messagerie privée X n’est plus disponible, et nous en sommes désolés. \n\nRet..."
3803,1849400943659409699,Freebox,Message automatique Freebox,Réponse automatique répétitive,"@LEVIOXFN Bonjour,\n\nLa messagerie privée X n’est plus disponible, et nous en sommes désolés. \n\nR..."
3807,1849413826061410691,Freebox,Message automatique Freebox,Réponse automatique répétitive,"@tibooob93 La messagerie privée X n’est plus disponible, et nous en sommes désolés. \n\nSi c'est tou..."
3808,1849413942214328776,Freebox,Message automatique Freebox,Réponse automatique répétitive,"@Merwanle La messagerie privée X n’est plus disponible, et nous en sommes désolés. \n\nSi c'est touj..."
3821,1849518976394473959,Hotanegeo,Spam/Promotion,Spam ou promotion non pertinente,"@free bonjour, chez vous on peut changer de forfait Freebox que si ils coûtent plus cher ? Je voudra..."
3829,1849708491172089974,Freebox,Message automatique Freebox,Réponse automatique répétitive,"@f4tug La messagerie privée X n’est plus disponible, et nous en sommes désolés.\nEn cas de besoin, j..."
3830,1849708703722754395,Freebox,Message automatique Freebox,Réponse automatique répétitive,"@Carthagi_one La messagerie privée X n’est plus disponible, et nous en sommes désolés.\nEn cas de be..."
3831,1849708815073079795,Freebox,Message automatique Freebox,Réponse automatique répétitive,"@PEREZ98676707 La messagerie privée X n’est plus disponible, et nous en sommes désolés.\nEn cas de b..."
3832,1849709747416469541,Freebox,Message automatique Freebox,Réponse automatique répétitive,"@memsk91 La messagerie privée X n’est plus disponible, et nous en sommes désolés.\nEn cas de besoin,..."
3833,1849710344018518490,Freebox,Message automatique Freebox,Réponse automatique répétitive,"@sebngaz La messagerie privée X n’est plus disponible, et nous en sommes désolés.\nEn cas de besoin,..."
3837,1849713110665298277,Freebox,Message automatique Freebox,Réponse automatique répétitive,"@JuskoBDM La messagerie privée X n’est plus disponible, et nous en sommes désolés.\nEn cas de besoin..."
3838,1849713566279954844,Freebox,Message automatique Freebox,Réponse automatique répétitive,@matthieu505 La messagerie X n’est plus disponible. Mais je vous propose de nous contacter via Messe...
3839,1849714292293038159,Freebox,Message automatique Freebox,Réponse automatique répétitive,"@Gaelo_h La messagerie privée X n’est plus disponible, et nous en sommes désolés.\nEn cas de besoin,..."
3840,1849714399201681559,Freebox,Message automatique Freebox,Réponse automatique répétitive,@ECHASSERY La messagerie X n’est plus disponible. Mais je vous propose de nous contacter via Messeng...
3841,1849714625966678335,Freebox,Message automatique Freebox,Réponse automatique répétitive,"@Byz699 La messagerie privée X n’est plus disponible, et nous en sommes désolés.\nEn cas de besoin, ..."
3842,1849714779532804169,Freebox,Message automatique Freebox,Réponse automatique répétitive,@Shinys5 La messagerie X n’est plus disponible. Mais je vous propose de nous contacter via Messenger...
3843,1849715134920355964,Freebox,Message automatique Freebox,Réponse automatique répétitive,"@vicofaria73a La messagerie privée X n’est plus disponible, et nous en sommes désolés.\nEn cas de be..."
3844,1849715943900893338,Freebox,Message automatique Freebox,Réponse automatique répétitive,@Heureux314 La messagerie X n’est plus disponible. Mais je vous propose de nous contacter via Messen...
3845,1849716465315762439,Freebox,Message automatique Freebox,Réponse automatique répétitive,"@Cedric_Walnut La messagerie privée X n’est plus disponible, et nous en sommes désolés.\nEn cas de b..."
3846,1849716964647665865,Freebox,Message automatique Freebox,Réponse automatique répétitive,@vincelyn34 La messagerie X n’est plus disponible. Mais je vous propose de nous contacter via Messen...
3847,1849717424536363231,Freebox,Message automatique Freebox,Réponse automatique répétitive,@chickenboubou94 La messagerie X n’est plus disponible. Mais je vous propose de nous contacter via M...
3848,1849718015689965597,Freebox,Message automatique Freebox,Réponse automatique répétitive,"@Gillet_Camille La messagerie privée X n’est plus disponible, et nous en sommes désolés.\nEn cas de ..."
3849,1849718164629676252,Freebox,Message automatique Freebox,Réponse automatique répétitive,@Gillet_Camille La messagerie X n’est plus disponible. Mais je vous propose de nous contacter via Me...
3850,1849718396696277044,Freebox,Message automatique Freebox,Réponse automatique répétitive,"@logi493810 La messagerie privée X n’est plus disponible, et nous en sommes désolés.\nEn cas de beso..."
3851,1849718673885253717,Freebox,Message automatique Freebox,Réponse automatique répétitive,@htm_b67515 La messagerie X n’est plus disponible. Mais je vous propose de nous contacter via Messen...
3852,1849718699772514615,Freebox,Message automatique Freebox,Réponse automatique répétitive,"@Compas84 La messagerie privée X n’est plus disponible, et nous en sommes désolés.\nEn cas de besoin..."
3853,1849718948704538681,Freebox,Message automatique Freebox,Réponse automatique répétitive,@Petit_filou_tub La messagerie X n’est plus disponible. Mais je vous propose de nous contacter via M...
3854,1849718995848503727,Freebox,Message automatique Freebox,Réponse automatique répétitive,"@cecyle73 La messagerie privée X n’est plus disponible, et nous en sommes désolés.\nEn cas de besoin..."
3855,1849719401441816645,Freebox,Message automatique Freebox,Réponse automatique répétitive,@aqsim10 La messagerie X n’est plus disponible. Mais je vous propose de nous contacter via Messenger...
3856,1849719472262643756,Freebox,Message automatique Freebox,Réponse automatique répétitive,"@arsouille La messagerie privée X n’est plus disponible, et nous en sommes désolés.\nEn cas de besoi..."
3857,1849719579745886298,Freebox,Message automatique Freebox,Réponse automatique répétitive,"@jeanpit_BP La messagerie privée X n’est plus disponible, et nous en sommes désolés.\nEn cas de beso..."
3858,1849719681134801262,Freebox,Message automatique Freebox,Réponse automatique répétitive,"@AlexLeMagnifik La messagerie privée X n’est plus disponible, et nous en sommes désolés.\nEn cas de ..."
3859,1849719926581264410,Freebox,Message automatique Freebox,Réponse automatique répétitive,"@xLiveYourDreamx La messagerie privée X n’est plus disponible, et nous en sommes désolés.\nEn cas de..."
3860,1849720051063984459,Freebox,Message automatique Freebox,Réponse automatique répétitive,"@GDelasoul La messagerie privée X n’est plus disponible, et nous en sommes désolés.\nEn cas de besoi..."
3861,1849720290068066747,Freebox,Message automatique Freebox,Réponse automatique répétitive,"@tibooob93 La messagerie privée X n’est plus disponible, et nous en sommes désolés.\nEn cas de besoi..."
3862,1849720939849633953,Freebox,Message automatique Freebox,Réponse automatique répétitive,"@Lemateurdabimes La messagerie privée X n’est plus disponible, et nous en sommes désolés.\nEn cas de..."
3863,1849721069617160372,Freebox,Message automatique Freebox,Réponse automatique répétitive,"@MinayPv La messagerie privée X n’est plus disponible, et nous en sommes désolés.\nEn cas de besoin,..."
3864,1849721483901153780,Freebox,Message automatique Freebox,Réponse automatique répétitive,"@MegNEPAUL La messagerie privée X n’est plus disponible, et nous en sommes désolés.\nEn cas de besoi..."
3865,1849721822943621599,Freebox,Message automatique Freebox,Réponse automatique répétitive,"@jhmaurice La messagerie privée X n’est plus disponible, et nous en sommes désolés.\nEn cas de besoi..."
3866,1849722179757178950,Freebox,Message automatique Freebox,Réponse automatique répétitive,"@haskoo_psg La messagerie privée X n’est plus disponible, et nous en sommes désolés.\nEn cas de beso..."
3867,1849722415833629036,Freebox,Message automatique Freebox,Réponse automatique répétitive,"@Hotanegeo La messagerie privée X n’est plus disponible, et nous en sommes désolés.\nEn cas de besoi..."
3868,1849723481740460174,Freebox,Message automatique Freebox,Réponse automatique répétitive,"@_assileem2 La messagerie privée X n’est plus disponible, et nous en sommes désolés.\nEn cas de beso..."
3869,1849723996582891680,Freebox,Message automatique Freebox,Réponse automatique répétitive,"@Malica_238 La messagerie privée X n’est plus disponible, et nous en sommes désolés.\nEn cas de beso..."
3870,1849724891261530154,Freebox,Message automatique Freebox,Réponse automatique répétitive,"@_fyr La messagerie privée X n’est plus disponible, et nous en sommes désolés.\nEn cas de besoin, je..."
3871,1849725100087460261,Freebox,Message automatique Freebox,Réponse automatique répétitive,"@kakkz350184 La messagerie privée X n’est plus disponible, et nous en sommes désolés.\nEn cas de bes..."
3872,1849725473040867519,Freebox,Message automatique Freebox,Réponse automatique répétitive,@konkroumol La messagerie X n’est plus disponible. Mais je vous propose de nous contacter via Messen...
3873,1849725826075377783,Freebox,Message automatique Freebox,Réponse automatique répétitive,"@Obonok1 La messagerie privée X n’est plus disponible, et nous en sommes désolés.\nEn cas de besoin,..."
3874,1849726108498809191,Freebox,Message automatique Freebox,Réponse automatique répétitive,"@Roryacnh La messagerie privée X n’est plus disponible, et nous en sommes désolés.\nEn cas de besoin..."
3875,1849726175192428655,Freebox,Message automatique Freebox,Réponse automatique répétitive,@twced101 La messagerie X n’est plus disponible. Mais je vous propose de nous contacter via Messenge...
3876,1849726323272356130,Freebox,Message automatique Freebox,Réponse automatique répétitive,"@MenouMickael La messagerie privée X n’est plus disponible, et nous en sommes désolés.\nEn cas de be..."
3887,1849861317177508130,MEGrignon,Message automatique Freebox,Réponse automatique répétitive,"@Freebox Bonsoir ! Je vous ai envoyé un message sur Messenger et sur WhatsApp, je n'ai pas de répons..."
3931,1850902012608602513,Freebox,Message automatique Freebox,Réponse automatique répétitive,@TheKPA_ La messagerie X n’est plus disponible.\nJe vous propose de nous contacter en priorité via M...
3932,1850902770473214450,Freebox,Message automatique Freebox,Réponse automatique répétitive,"@freber34 Bonjour,\n\nLa messagerie privée X n’est plus disponible, et nous en sommes désolés. \n\nR..."
3933,1850902991076766070,Freebox,Message automatique Freebox,Réponse automatique répétitive,"@__lissahong Bonjour,\n\nLa messagerie privée X n’est plus disponible, et nous en sommes désolés. \n..."
3934,1850903259713515520,Freebox,Message automatique Freebox,Réponse automatique répétitive,@Vin_centValence La messagerie X n’est plus disponible.\nJe vous propose de nous contacter en priori...
3935,1850903811809812816,Freebox,Message automatique Freebox,Réponse automatique répétitive,"@lmondeestfou Bonjour,\n\nLa messagerie privée X n’est plus disponible, et nous en sommes désolés. \..."
3936,1850904454448423002,Freebox,Message automatique Freebox,Réponse automatique répétitive,@kab0shi La messagerie X n’est plus disponible.\nJe vous propose de nous contacter en priorité via M...
3937,1850904591195381849,Freebox,Message automatique Freebox,Réponse automatique répétitive,@pucelily La messagerie X n’est plus disponible.\nJe vous propose de nous contacter en priorité via ...
3938,1850904844543951359,Freebox,Message automatique Freebox,Réponse automatique répétitive,@Bob3404 @Free_1337 La messagerie X n’est plus disponible.\nJe vous propose de nous contacter en pri...
3939,1850906421463822545,Freebox,Message automatique Freebox,Réponse automatique répétitive,"@MichaelKael14 Bonjour,\n\nLa messagerie privée X n’est plus disponible, et nous en sommes désolés. ..."
3940,1850906760346759435,Freebox,Message automatique Freebox,Réponse automatique répétitive,"@Tom43xbox Bonjour,\n\nLa messagerie privée X n’est plus disponible, et nous en sommes désolés. \n\n..."
3941,1850907829533561147,Freebox,Message automatique Freebox,Réponse automatique répétitive,@stephanie_srl La messagerie X n’est plus disponible.\nJe vous propose de nous contacter en priorité...
3942,1850908584726450426,Freebox,Message automatique Freebox,Réponse automatique répétitive,"@Epicier_du_coin Bonjour,\n\nLa messagerie privée X n’est plus disponible, et nous en sommes désolés..."
3943,1850908721682977144,Freebox,Message automatique Freebox,Réponse automatique répétitive,@MPERRIN73 La messagerie X n’est plus disponible.\nJe vous propose de nous contacter en priorité via...
3944,1850908965141365233,Freebox,Message automatique Freebox,Réponse automatique répétitive,@gkybrs10 La messagerie X n’est plus disponible.\nJe vous propose de nous contacter en priorité via ...
3945,1850909117935767955,Freebox,Message automatique Freebox,Réponse automatique répétitive,@aloptimix La messagerie X n’est plus disponible.\nJe vous propose de nous contacter en priorité via...
3946,1850910099172188192,Freebox,Message automatique Freebox,Réponse automatique répétitive,@AlexandreVoltz La messagerie X n’est plus disponible.\nJe vous propose de nous contacter en priorit...
3947,1850910438134792304,Freebox,Message automatique Freebox,Réponse automatique répétitive,"@MEGrignon Bonjour,\n\nLa messagerie privée X n’est plus disponible, et nous en sommes désolés. \n\n..."
3948,1850911460555129046,Freebox,Message automatique Freebox,Réponse automatique répétitive,@Legolas_HB La messagerie X n’est plus disponible.\nJe vous propose de nous contacter en priorité vi...
3949,1850912071862382633,Freebox,Message automatique Freebox,Réponse automatique répétitive,"@CMalo1900 Bonjour,\n\nLa messagerie privée X n’est plus disponible, et nous en sommes désolés. \n\n..."
3950,1850915121377185938,Freebox,Message automatique Freebox,Réponse automatique répétitive,@xDarkioE4T La messagerie X n’est plus disponible.\nJe vous propose de nous contacter en priorité vi...
3951,1850916994134000019,Freebox,Message automatique Freebox,Réponse automatique répétitive,"@Sn0wC7t Bonjour,\n\nLa messagerie privée X n’est plus disponible, et nous en sommes désolés. \n\nRe..."
3952,1850919851914661972,Freebox,Message automatique Freebox,Réponse automatique répétitive,@AnneDervout17 La messagerie X n’est plus disponible.\nJe vous propose de nous contacter en priorité...
3953,1850920140344308110,Freebox,Message automatique Freebox,Réponse automatique répétitive,"@GasparddeBowery Bonjour,\n\nLa messagerie privée X n’est plus disponible, et nous en sommes désolés..."
3954,1850920202503930119,Freebox,Message automatique Freebox,Réponse automatique répétitive,@Inconnudejapris La messagerie X n’est plus disponible.\nJe vous propose de nous contacter en priori...
3955,1850921270759596324,Freebox,Message automatique Freebox,Réponse automatique répétitive,@Vype_Nicou La messagerie X n’est plus disponible.\nJe vous propose de nous contacter en priorité vi...
3956,1850921567053566107,Freebox,Message automatique Freebox,Réponse automatique répétitive,"@jimmy_wtkns Bonjour,\n\nLa messagerie privée X n’est plus disponible, et nous en sommes désolés. \n..."
3957,1850922377829384279,Freebox,Message automatique Freebox,Réponse automatique répétitive,@kyzslss La messagerie X n’est plus disponible.\nJe vous propose de nous contacter en priorité via M...
3974,1852479050373370165,tessprs,Message automatique Freebox,Réponse automatique répétitive,@free bonjour vous répondez ou svp ? Ni sur x ni messenger...
3984,1852747165518483517,mooshism70,Message automatique Freebox,Réponse automatique répétitive,@OQEEbyFree @free @Eurosport_FR @StreamMaxFrance En panne depuis le 30/10…messages sur messenger et ...
4003,1853341304781951356,CeceServiable,Spam/Promotion,Spam ou promotion non pertinente,Un nouveau jour se lève sans webmail @free @Free_1337 @Freebox @freemobile @Xavier75 on s’en occupe ...
4013,1853491156719407161,Hoztrue,Message automatique Freebox,Réponse automatique répétitive,"Bonjour @Freebox,\nAvez-vous une indication sur les délais de réponse sur Messenger?\nJ'ai une étape..."
4052,1854096408372269368,Paul_DBN,Message automatique Freebox,Réponse automatique répétitive,"@free @freemobile @Freebox,\n\nIl y a moyen de contacter le support ici ou sur messenger ouuuuuu ?"
4130,1855948161153397069,StephMonf,Spam/Promotion,Spam ou promotion non pertinente,"@bouyguestelecom 5e jour sans connection, aucune action de @free j'hallucine !!!!!! @free c'est de l..."
4153,1856654868032672227,Freebox,Message automatique Freebox,Réponse automatique répétitive,"@3615RF Bonjour,\n\nLa messagerie privée X n’est plus disponible, et nous en sommes désolés. \n\nRet..."
4154,1856655077257232737,Freebox,Message automatique Freebox,Réponse automatique répétitive,"@Gevaudan43 Bonjour,\n\nLa messagerie privée X n’est plus disponible, et nous en sommes désolés. \n\..."
4156,1856690895946473579,CME_fra,Spam/Promotion,Spam ou promotion non pertinente,@free @Xavier75 : je viens de souscrire à une offre chez vous par téléphone. Je demande à la conseil...
4178,1856971288121610480,Freebox,Message automatique Freebox,Réponse automatique répétitive,"@Gonee2Soon La messagerie privée X n’est plus disponible, et nous en sommes désolés.\n\nVous n'avez ..."
4179,1856971660961730613,Freebox,Message automatique Freebox,Réponse automatique répétitive,"@oumyohmy La messagerie privée X n’est plus disponible, et nous en sommes désolés oumyohmy\n\nRetrou..."
4180,1856974126553993713,Freebox,Message automatique Freebox,Réponse automatique répétitive,"@pharaon_alain La messagerie privée X n’est plus disponible, et nous en sommes désolés.\n\nPouvez-vo..."
4181,1856974126881411448,Freebox,Message automatique Freebox,Réponse automatique répétitive,"@PKN_studio La messagerie privée X n’est plus disponible, et nous en sommes désolés.\n\nPouvez-vous ..."
4182,1856974725215306141,Freebox,Message automatique Freebox,Réponse automatique répétitive,"@dlnraja La messagerie privée X n’est plus disponible, et nous en sommes désolés.\n\nPour toute dema..."
4183,1856975191047291203,Freebox,Message automatique Freebox,Réponse automatique répétitive,"@BonplanIDF75 La messagerie privée X n’est plus disponible, et nous en sommes désolés.\n\nPouvez-vou..."
4184,1856976976734572607,Freebox,Message automatique Freebox,Réponse automatique répétitive,"@FlockysBet La messagerie privée X n’est plus disponible, et nous en sommes désolés.\n\nPouvez-vous ..."
4185,1856978245360472558,Freebox,Message automatique Freebox,Réponse automatique répétitive,"@dubois_jason_77 La messagerie privée X n’est plus disponible, et nous en sommes désolés.\n\nPouvez-..."
4186,1856978405851631926,Freebox,Message automatique Freebox,Réponse automatique répétitive,"@1MaS_92i La messagerie privée X n’est plus disponible, et nous en sommes désolés.\n\nPouvez-vous no..."
4187,1856978406413341089,Freebox,Message automatique Freebox,Réponse automatique répétitive,"@Karineandmel Désolé pour notre temps de réponse 🙏\n\nLa messagerie privée X n’est plus disponible, ..."
4188,1856978419214344550,Freebox,Message automatique Freebox,Réponse automatique répétitive,"@CreepyOni_ La messagerie privée X n’est plus disponible, et nous en sommes désolés CreepyOni_\n\nRe..."
4189,1856978712195207382,Freebox,Message automatique Freebox,Réponse automatique répétitive,"@TonneFoudre La messagerie privée X n’est plus disponible, et nous en sommes désolés TonneFoudre\n\n..."
4190,1856978842889367864,Freebox,Message automatique Freebox,Réponse automatique répétitive,"@Thiibau_lt Désolé pour notre temps de réponse 🙏\n\nLa messagerie privée X n’est plus disponible, et..."
4191,1856978932026748971,Freebox,Message automatique Freebox,Réponse automatique répétitive,"@tessprs La messagerie privée X n’est plus disponible, et nous en sommes désolés.\n\nPouvez-vous nou..."
4192,1856979017813168492,Freebox,Message automatique Freebox,Réponse automatique répétitive,"@Nywoxfnbr La messagerie privée X n’est plus disponible, et nous en sommes désolés.\n\nPour toute de..."
4193,1856979234863857963,Freebox,Message automatique Freebox,Réponse automatique répétitive,"@Nywoxfnbr La messagerie privée X n’est plus disponible, et nous en sommes désolés.\n\nPouvez-vous n..."
4194,1856980428302803256,Freebox,Message automatique Freebox,Réponse automatique répétitive,"@Tim156785 Désolé pour notre temps de réponse 🙏\n\nLa messagerie privée X n’est plus disponible, et ..."
4195,1856980593893834891,Freebox,Message automatique Freebox,Réponse automatique répétitive,"@fontaineantoin8 La messagerie privée X n’est plus disponible, et nous en sommes désolés.\n\nPouvez-..."
4196,1856981431106290017,Freebox,Message automatique Freebox,Réponse automatique répétitive,"@sillon03 La messagerie privée X n’est plus disponible, et nous en sommes désolés.\n\nPouvez-vous no..."
4197,1856981904945185250,Freebox,Message automatique Freebox,Réponse automatique répétitive,"@Araraunax Désolé pour notre temps de réponse 🙏\n\nLa messagerie privée X n’est plus disponible, et ..."
4198,1856981979704529374,Freebox,Message automatique Freebox,Réponse automatique répétitive,"@Hnry_69 La messagerie privée X n’est plus disponible, et nous en sommes désolés Hnry_69\n\nRetrouve..."
4199,1856982179852816887,Freebox,Message automatique Freebox,Réponse automatique répétitive,"@KowGeurFN La messagerie privée X n’est plus disponible, et nous en sommes désolés.\n\nPouvez-vous n..."
4200,1856982466713604234,Freebox,Message automatique Freebox,Réponse automatique répétitive,"@ShopeLeLion La messagerie privée X n’est plus disponible, et nous en sommes désolés ShopeLeLion\n\n..."
4201,1856982724113727914,Freebox,Message automatique Freebox,Réponse automatique répétitive,"@Risjo_Ozil11 La messagerie privée X n’est plus disponible, et nous en sommes désolés.\n\nPour toute..."
4202,1856982897682780282,Freebox,Message automatique Freebox,Réponse automatique répétitive,"@Chareyron12 La messagerie privée X n’est plus disponible, et nous en sommes désolés Chareyron12\n\n..."
4203,1856983061956538454,Freebox,Message automatique Freebox,Réponse automatique répétitive,"@mooshism70 La messagerie privée X n’est plus disponible, et nous en sommes désolés.\n\nPouvez-vous ..."
4204,1856983447941595406,Freebox,Message automatique Freebox,Réponse automatique répétitive,"@PabloRaclette La messagerie privée X n’est plus disponible, et nous en sommes désolés PabloRaclette..."
4205,1856983548819116136,Freebox,Message automatique Freebox,Réponse automatique répétitive,"@Aikaryu666 La messagerie privée X n’est plus disponible, et nous en sommes désolés.\n\nPouvez-vous ..."
4206,1856983871029379413,Freebox,Message automatique Freebox,Réponse automatique répétitive,"@Captain_Misaki La messagerie privée X n’est plus disponible, et nous en sommes désolés Captain_Misa..."
4207,1856984371234050058,Freebox,Message automatique Freebox,Réponse automatique répétitive,"@WilliamSurTerre La messagerie privée X n’est plus disponible, et nous en sommes désolés.\n\nPouvez-..."
4208,1856984378993267093,Freebox,Message automatique Freebox,Réponse automatique répétitive,"@UnSeulMo Désolé pour notre temps de réponse 🙏\n\nLa messagerie privée X n’est plus disponible, et n..."
4209,1856984872260084079,Freebox,Message automatique Freebox,Réponse automatique répétitive,"@steven_bellier La messagerie privée X n’est plus disponible, et nous en sommes désolés.\n\nPouvez-v..."
4210,1856985383319605733,Freebox,Message automatique Freebox,Réponse automatique répétitive,"@LC_RECODE La messagerie privée X n’est plus disponible, et nous en sommes désolés LC_RECODE\n\nRetr..."
4211,1856985576311779673,Freebox,Message automatique Freebox,Réponse automatique répétitive,"@Badre_Amine La messagerie privée X n’est plus disponible, et nous en sommes désolés Badre_Amine\n\n..."
4212,1856985842050363855,Freebox,Message automatique Freebox,Réponse automatique répétitive,"@BlaisePere Désolé pour notre temps de réponse 🙏\n\nLa messagerie privée X n’est plus disponible, et..."
4213,1856987133937872901,Freebox,Message automatique Freebox,Réponse automatique répétitive,"@caloux77 La messagerie privée X n’est plus disponible, et nous en sommes désolés caloux77\n\nRetrou..."
4214,1856987469557661929,Freebox,Message automatique Freebox,Réponse automatique répétitive,"@Micklecomedien_ La messagerie privée X n’est plus disponible, et nous en sommes désolés.\n\nPouvez-..."
4215,1856987781664211248,Freebox,Message automatique Freebox,Réponse automatique répétitive,"@SGeixy La messagerie privée X n’est plus disponible, et nous en sommes désolés.\n\nPouvez-vous nous..."
4216,1856988266001834464,Freebox,Message automatique Freebox,Réponse automatique répétitive,"@CeceServiable La messagerie privée X n’est plus disponible, et nous en sommes désolés CeceServiable..."
4217,1856988340525879333,Freebox,Message automatique Freebox,Réponse automatique répétitive,"@PoupetJoris La messagerie privée X n’est plus disponible, et nous en sommes désolés.\n\nPouvez-vous..."
4219,1856989624142631151,Freebox,Message automatique Freebox,Réponse automatique répétitive,"@Pharell2X La messagerie privée X n’est plus disponible, et nous en sommes désolés.\n\nPour toute de..."
4220,1856990179283661099,Freebox,Message automatique Freebox,Réponse automatique répétitive,"@jnnr243 La messagerie privée X n’est plus disponible, et nous en sommes désolés.\n\nPour toute dema..."
4221,1856990821855498704,Freebox,Message automatique Freebox,Réponse automatique répétitive,"@KiyoroYT La messagerie privée X n’est plus disponible, et nous en sommes désolés.\n\nPour toute dem..."
4222,1856991065770733810,Freebox,Message automatique Freebox,Réponse automatique répétitive,"@mike5925 La messagerie privée X n’est plus disponible, et nous en sommes désolés mike5925\n\nRetrou..."
4223,1856991909597560850,Freebox,Message automatique Freebox,Réponse automatique répétitive,"@b_rvier La messagerie privée X n’est plus disponible, et nous en sommes désolés.\n\nPouvez-vous nou..."
4224,1856992024513167573,Freebox,Message automatique Freebox,Réponse automatique répétitive,@Les_Bogdan_OFF Désolé pour notre temps de réponse 🙏\n\nLa messagerie privée X n’est plus disponible...
4225,1856992151151734789,Freebox,Message automatique Freebox,Réponse automatique répétitive,"@Utilisateur2184 La messagerie privée X n’est plus disponible, et nous en sommes désolés Utilisateur..."
4226,1856992398687006873,Freebox,Message automatique Freebox,Réponse automatique répétitive,"@NicoZudin La messagerie privée X n’est plus disponible, et nous en sommes désolés NicoZudin\n\nRetr..."
4227,1856992805739991267,Freebox,Message automatique Freebox,Réponse automatique répétitive,"@NedxMacBethx La messagerie privée X n’est plus disponible, et nous en sommes désolés NedxMacBethx\n..."
4228,1856994432123326854,Freebox,Message automatique Freebox,Réponse automatique répétitive,"@Bueteric La messagerie privée X n’est plus disponible, et nous en sommes désolés.\n\nPouvez-vous no..."
4229,1856994694779355207,Freebox,Message automatique Freebox,Réponse automatique répétitive,"@Bueteric La messagerie privée X n’est plus disponible, et nous en sommes désolés.\n\nPouvez-vous no..."
4230,1856994752337449271,Freebox,Message automatique Freebox,Réponse automatique répétitive,"@Bueteric La messagerie privée X n’est plus disponible, et nous en sommes désolés.\n\nPouvez-vous no..."
4231,1856994801981223028,Freebox,Message automatique Freebox,Réponse automatique répétitive,"@Serievoreverse La messagerie privée X n’est plus disponible, et nous en sommes désolés.\n\nPouvez-v..."
4232,1856995070307668199,Freebox,Message automatique Freebox,Réponse automatique répétitive,"@Salvatorrreeeee La messagerie privée X n’est plus disponible, et nous en sommes désolés.\n\nPour to..."
4233,1856995439330955546,Freebox,Message automatique Freebox,Réponse automatique répétitive,"@Fladiosbangs La messagerie privée X n’est plus disponible, et nous en sommes désolés.\n\nPouvez-vou..."
4234,1856995647322243311,Freebox,Message automatique Freebox,Réponse automatique répétitive,"@Hoztrue La messagerie privée X n’est plus disponible, et nous en sommes désolés.\n\nPouvez-vous nou..."
4235,1856996381795504278,Freebox,Message automatique Freebox,Réponse automatique répétitive,"@russellbanni La messagerie privée X n’est plus disponible, et nous en sommes désolés.\n\nPour toute..."
4236,1856997102435332345,Freebox,Message automatique Freebox,Réponse automatique répétitive,"@QuenKGrande La messagerie privée X n’est plus disponible, et nous en sommes désolés.\n\nPour toute ..."
4237,1856997403548618998,Freebox,Message automatique Freebox,Réponse automatique répétitive,"@922Myrtille La messagerie privée X n’est plus disponible, et nous en sommes désolés.\n\nPouvez-vous..."
4238,1856997652233073084,Freebox,Message automatique Freebox,Réponse automatique répétitive,"@AndreaCavagni7 La messagerie privée X n’est plus disponible, et nous en sommes désolés.\n\nPouvez-v..."
4239,1856998080739979441,Freebox,Message automatique Freebox,Réponse automatique répétitive,"@YoU__NeS La messagerie privée X n’est plus disponible, et nous en sommes désolés.\n\nPouvez-vous no..."
4240,1856998795550040140,Freebox,Message automatique Freebox,Réponse automatique répétitive,"@kass_chpx La messagerie privée X n’est plus disponible, et nous en sommes désolés.\n\nPour toute de..."
4241,1856999113264337169,Freebox,Message automatique Freebox,Réponse automatique répétitive,"@xAureelie La messagerie privée X n’est plus disponible, et nous en sommes désolés.\n\nPour toute de..."
4242,1856999312326041922,Freebox,Message automatique Freebox,Réponse automatique répétitive,"@SkynozYT2 La messagerie privée X n’est plus disponible, et nous en sommes désolés.\n\nPouvez-vous n..."
4243,1856999340016836731,Freebox,Message automatique Freebox,Réponse automatique répétitive,"@mansorvarois91 La messagerie privée X n’est plus disponible, et nous en sommes désolés mansorvarois..."
4244,1856999542144504269,Freebox,Message automatique Freebox,Réponse automatique répétitive,"@LangDylan3 La messagerie privée X n’est plus disponible, et nous en sommes désolés.\n\nPouvez-vous ..."
4245,1856999703960821897,Freebox,Message automatique Freebox,Réponse automatique répétitive,@cyril_evrard @UniversFreebox Désolé pour notre temps de réponse 🙏\n\nLa messagerie privée X n’est p...
4246,1856999753969529044,Freebox,Message automatique Freebox,Réponse automatique répétitive,"@nellydupont76 La messagerie privée X n’est plus disponible, et nous en sommes désolés nellydupont76..."
4247,1856999902888317048,Freebox,Message automatique Freebox,Réponse automatique répétitive,"@GrumoBlog Désolé pour notre temps de réponse 🙏\nLa messagerie privée X n’est plus disponible, et no..."
4248,1857000443991183701,Freebox,Message automatique Freebox,Réponse automatique répétitive,"@Kouameahh La messagerie privée X n’est plus disponible, et nous en sommes désolés.\n\nPouvez-vous n..."
4249,1857000520306536466,Freebox,Message automatique Freebox,Réponse automatique répétitive,"@Tubbydev La messagerie privée X n’est plus disponible, et nous en sommes désolés Tubbydev\n\nRetrou..."
4250,1857000720513335551,Freebox,Message automatique Freebox,Réponse automatique répétitive,"@Tubbydev Désolé pour notre temps de réponse 🙏\nLa messagerie privée X n’est plus disponible, et nou..."
4251,1857000837588963577,Freebox,Message automatique Freebox,Réponse automatique répétitive,"@4SteakDOhuse La messagerie privée X n’est plus disponible, et nous en sommes désolés.\n\nPouvez-vou..."
4252,1857001060407116123,Freebox,Message automatique Freebox,Réponse automatique répétitive,"@R1RT_35 La messagerie privée X n’est plus disponible, et nous en sommes désolés R1RT_35\n\nRetrouve..."
4253,1857002119292764428,Freebox,Message automatique Freebox,Réponse automatique répétitive,"@no_one38 Désolé pour notre temps de réponse 🙏\nLa messagerie privée X n’est plus disponible, et nou..."
4254,1857003724041756743,Freebox,Message automatique Freebox,Réponse automatique répétitive,"@Mickael89187 La messagerie privée X n’est plus disponible, et nous en sommes désolés.\n\nPour toute..."
4255,1857003949447913498,Freebox,Message automatique Freebox,Réponse automatique répétitive,"@mathieu_yves La messagerie privée X n’est plus disponible, et nous en sommes désolés.\n\nPour toute..."
4256,1857004498054418873,Freebox,Message automatique Freebox,Réponse automatique répétitive,"@zeyrniyx Désolé pour notre temps de réponse 🙏\nLa messagerie privée X n’est plus disponible, et nou..."
4257,1857004714421784753,Freebox,Message automatique Freebox,Réponse automatique répétitive,"@gibson_7785586 La messagerie privée X n’est plus disponible, et nous en sommes désolés gibson_77855..."
4258,1857004917468041255,Freebox,Message automatique Freebox,Réponse automatique répétitive,"@MxlleMacrelle Désolé pour notre temps de réponse 🙏\nLa messagerie privée X n’est plus disponible, e..."
4259,1857004965522178339,Freebox,Message automatique Freebox,Réponse automatique répétitive,"@TheBlue2B La messagerie privée X n’est plus disponible, et nous en sommes désolés.\n\nPour toute de..."
4260,1857004988163080497,Freebox,Message automatique Freebox,Réponse automatique répétitive,"@N6corp La messagerie privée X n’est plus disponible, et nous en sommes désolés N6corp\n\nRetrouvez-..."
4261,1857005073856938379,Freebox,Message automatique Freebox,Réponse automatique répétitive,"@Ticharinesse La messagerie privée X n’est plus disponible, et nous en sommes désolés.\n\nPour toute..."
4262,1857005178177692088,Freebox,Message automatique Freebox,Réponse automatique répétitive,"@CoolWxve16 Désolé pour notre temps de réponse 🙏\n\nLa messagerie privée X n’est plus disponible, et..."
4263,1857005284176118215,Freebox,Message automatique Freebox,Réponse automatique répétitive,"@HobbesCS2 La messagerie privée X n’est plus disponible, et nous en sommes désolés HobbesCS2\n\nRetr..."
4264,1857005457308594409,Freebox,Message automatique Freebox,Réponse automatique répétitive,"@Diabo_LOL La messagerie privée X n’est plus disponible, et nous en sommes désolés.\n\nPour toute de..."
4265,1857005682924376270,Freebox,Message automatique Freebox,Réponse automatique répétitive,"@KyomiFN Désolé pour notre temps de réponse 🙏\nLa messagerie privée X n’est plus disponible, et nous..."
4266,1857006053658853769,Freebox,Message automatique Freebox,Réponse automatique répétitive,"@__Kaiden__ Désolé pour notre temps de réponse 🙏\nLa messagerie privée X n’est plus disponible, et n..."
4267,1857006236056588532,Freebox,Message automatique Freebox,Réponse automatique répétitive,"@Darth_Oxious La messagerie privée X n’est plus disponible, et nous en sommes désolés Darth_Oxious\n..."
4268,1857006464381984952,Freebox,Message automatique Freebox,Réponse automatique répétitive,"@na66765 La messagerie privée X n’est plus disponible, et nous en sommes désolés na66765\n\nRetrouve..."
4269,1857006940582203542,Freebox,Message automatique Freebox,Réponse automatique répétitive,"@_Christophe_S La messagerie privée X n’est plus disponible, et nous en sommes désolés.\n\nPour tout..."
4270,1857008160747163732,Freebox,Message automatique Freebox,Réponse automatique répétitive,"@melvdrs Désolé pour notre temps de réponse 🙏\n\nLa messagerie privée X n’est plus disponible, et no..."
4271,1857008654437785990,Freebox,Message automatique Freebox,Réponse automatique répétitive,"@LokoKurdo91 Désolé pour notre temps de réponse 🙏\n\nLa messagerie privée X n’est plus disponible, e..."
4272,1857008882779853298,Freebox,Message automatique Freebox,Réponse automatique répétitive,"@Adziwo_ La messagerie privée X n’est plus disponible, et nous en sommes désolés.\n\nPour toute dema..."
4273,1857010709575430180,Freebox,Message automatique Freebox,Réponse automatique répétitive,"@sternbild076 La messagerie privée X n’est plus disponible, et nous en sommes désolés.\n\nPouvez-vou..."
4274,1857010839154274601,Freebox,Message automatique Freebox,Réponse automatique répétitive,"@Paul_DBN Désolé pour notre temps de réponse 🙏\nLa messagerie privée X n’est plus disponible, et nou..."
4275,1857014358800240795,Freebox,Message automatique Freebox,Réponse automatique répétitive,"@ClimateChang99 La messagerie privée X n’est plus disponible, et nous en sommes désolés.\n\nPouvez-v..."
4276,1857014634990936419,Freebox,Message automatique Freebox,Réponse automatique répétitive,"@ShotoNine Désolé pour notre temps de réponse 🙏\n\nLa messagerie privée X n’est plus disponible, et ..."
4277,1857014705895686292,Freebox,Message automatique Freebox,Réponse automatique répétitive,"@bassswho La messagerie privée X n’est plus disponible, et nous en sommes désolés.\n\nPour toute dem..."
4278,1857014858736144514,Freebox,Message automatique Freebox,Réponse automatique répétitive,"@Verdicts1 La messagerie privée X n’est plus disponible, et nous en sommes désolés.\n\nPouvez-vous n..."
4279,1857015021349245289,Freebox,Message automatique Freebox,Réponse automatique répétitive,"@Manaaaaaaaw La messagerie privée X n’est plus disponible, et nous en sommes désolés.\n\nPouvez-vous..."
4280,1857015103498928273,Freebox,Message automatique Freebox,Réponse automatique répétitive,"@supercocorico La messagerie privée X n’est plus disponible, et nous en sommes désolés.\n\nPouvez-vo..."
4281,1857015258612707596,Freebox,Message automatique Freebox,Réponse automatique répétitive,"@trop_est13575 La messagerie privée X n’est plus disponible, et nous en sommes désolés.\n\nPouvez-vo..."
4282,1857015271233311016,Freebox,Message automatique Freebox,Réponse automatique répétitive,"@trop_est13575 La messagerie privée X n’est plus disponible, et nous en sommes désolés.\n\nPour tout..."
4283,1857015390305440033,Freebox,Message automatique Freebox,Réponse automatique répétitive,"@YannSidney La messagerie privée X n’est plus disponible, et nous en sommes désolés.\n\nPouvez-vous ..."
4284,1857015743906189655,Freebox,Message automatique Freebox,Réponse automatique répétitive,"@biscuits999 La messagerie privée X n’est plus disponible, et nous en sommes désolés.\n\nPouvez-vous..."
4285,1857015783093633186,Freebox,Message automatique Freebox,Réponse automatique répétitive,"@h3r3tik1 Désolé pour notre temps de réponse 🙏\n\nLa messagerie privée X n’est plus disponible, et n..."
4286,1857016417909866910,Freebox,Message automatique Freebox,Réponse automatique répétitive,"@consergeries Désolé pour notre temps de réponse 🙏\n\nLa messagerie privée X n’est plus disponible, ..."
4287,1857017577853047184,Freebox,Message automatique Freebox,Réponse automatique répétitive,"@Openyourseyes Désolé pour notre temps de réponse 🙏\n\nLa messagerie privée X n’est plus disponible,..."
4288,1857018117886496829,Freebox,Message automatique Freebox,Réponse automatique répétitive,"@Zeppelissvm La messagerie privée X n’est plus disponible, et nous en sommes désolés.\n\nPour toute ..."
4289,1857018281992843521,Freebox,Message automatique Freebox,Réponse automatique répétitive,"@GrandMarsan Désolé pour notre temps de réponse 🙏\nLa messagerie privée X n’est plus disponible, et ..."
4290,1857019242421383399,Freebox,Message automatique Freebox,Réponse automatique répétitive,"@Karen_h_21 La messagerie privée X n’est plus disponible, et nous en sommes désolés.\n\nPour toute d..."
4291,1857020045122994390,Freebox,Message automatique Freebox,Réponse automatique répétitive,"@Ganachon2 La messagerie privée X n’est plus disponible, et nous en sommes désolés.\n\nPour toute de..."
4292,1857020860650995976,Freebox,Message automatique Freebox,Réponse automatique répétitive,"@chrisdu421 Désolé pour notre temps de réponse 🙏\n\nLa messagerie privée X n’est plus disponible, et..."
4293,1857021111797473509,Freebox,Message automatique Freebox,Réponse automatique répétitive,"@MoBou75 La messagerie privée X n’est plus disponible, et nous en sommes désolés.\n\nPouvez-vous nou..."
4294,1857021700979749362,Freebox,Message automatique Freebox,Réponse automatique répétitive,"@BreveRupture La messagerie privée X n’est plus disponible, et nous en sommes désolés.\n\nPouvez-vou..."
4295,1857024366585778197,Freebox,Message automatique Freebox,Réponse automatique répétitive,"@lecudz La messagerie privée X n’est plus disponible, et nous en sommes désolés lecudz\n\nRetrouvez-..."
4296,1857025612382093428,Freebox,Message automatique Freebox,Réponse automatique répétitive,"@Albariiiixx La messagerie privée X n’est plus disponible, et nous en sommes désolés.\n\nPouvez-vous..."
4297,1857026317092372914,Freebox,Message automatique Freebox,Réponse automatique répétitive,"@c_kyu_glik_paw La messagerie privée X n’est plus disponible, et nous en sommes désolés.\n\nPouvez-v..."
4298,1857026436332175639,Freebox,Message automatique Freebox,Réponse automatique répétitive,"@FannyReig La messagerie privée X n’est plus disponible, et nous en sommes désolés FannyReig\n\nRetr..."
4299,1857026594528792838,Freebox,Message automatique Freebox,Réponse automatique répétitive,"@AminBendjebara La messagerie privée X n’est plus disponible, et nous en sommes désolés AminBendjeba..."
4300,1857026604330823963,Freebox,Message automatique Freebox,Réponse automatique répétitive,"@Duneuf95 La messagerie privée X n’est plus disponible, et nous en sommes désolés.\n\nPouvez-vous no..."
4335,1858511781976564196,Freebox,Message automatique Freebox,Réponse automatique répétitive,"@ktrinemdt La messagerie privée X n’est plus disponible, et nous en sommes désolés.\n\nPouvez-vous n..."
4336,1858512256859766984,Freebox,Message automatique Freebox,Réponse automatique répétitive,"@Julie_Trincat La messagerie privée X n’est plus disponible, et nous en sommes désolés.\n\nPouvez-vo..."
4337,1858512634791735333,Freebox,Message automatique Freebox,Réponse automatique répétitive,"@DamienS725 La messagerie privée X n’est plus disponible, et nous en sommes désolés.\n\nPouvez-vous ..."
4338,1858513601054617933,Freebox,Message automatique Freebox,Réponse automatique répétitive,"@Nz0o00 La messagerie privée X n’est plus disponible, et nous en sommes désolés.\n\nPouvez-vous nous..."
4339,1858513779723563239,Freebox,Message automatique Freebox,Réponse automatique répétitive,"@Gugu4000 La messagerie privée X n’est plus disponible, et nous en sommes désolés.\n\nPouvez-vous no..."
4340,1858514765527523700,Freebox,Message automatique Freebox,Réponse automatique répétitive,"@AlenaKarant La messagerie privée X n’est plus disponible, et nous en sommes désolés.\n\nPouvez-vous..."
4341,1858514931936641504,Freebox,Message automatique Freebox,Réponse automatique répétitive,"@ferielyasmina Désolé pour notre temps de réponse 🙏\n\nLa messagerie privée X n’est plus disponible,..."
4342,1858515261101367666,Freebox,Message automatique Freebox,Réponse automatique répétitive,"@V_Ner La messagerie privée X n’est plus disponible, et nous en sommes désolés.\n\nPouvez-vous nous ..."
4343,1858516062544728359,Freebox,Message automatique Freebox,Réponse automatique répétitive,"@PhMAURICE La messagerie privée X n’est plus disponible, et nous en sommes désolés.\n\nPouvez-vous n..."
4344,1858516383929176219,Freebox,Message automatique Freebox,Réponse automatique répétitive,"@creeperman22000 La messagerie privée X n’est plus disponible, et nous en sommes désolés.\n\nPouvez-..."
4345,1858517007953518912,Freebox,Message automatique Freebox,Réponse automatique répétitive,"@ChatonMister La messagerie privée X n’est plus disponible, et nous en sommes désolés.\n\nPouvez-vou..."
4346,1858517293820469722,Freebox,Message automatique Freebox,Réponse automatique répétitive,"@monir_mktr La messagerie privée X n’est plus disponible, et nous en sommes désolés.\n\nPouvez-vous ..."
4347,1858517907669471432,Freebox,Message automatique Freebox,Réponse automatique répétitive,"@Path80s La messagerie privée X n’est plus disponible, et nous en sommes désolés.\n\nPouvez-vous nou..."
4348,1858519944821977237,Freebox,Message automatique Freebox,Réponse automatique répétitive,"@StephMonf La messagerie privée X n’est plus disponible, et nous en sommes désolés.\n\nPouvez-vous n..."
4349,1858520149906600270,Freebox,Message automatique Freebox,Réponse automatique répétitive,"@Hugoooo32901010 La messagerie privée X n’est plus disponible, et nous en sommes désolés.\n\nPouvez-..."
4350,1858520737335722336,Freebox,Message automatique Freebox,Réponse automatique répétitive,"@Banana33X La messagerie privée X n’est plus disponible, et nous en sommes désolés.\n\nPouvez-vous n..."
4351,1858521524967194792,Freebox,Message automatique Freebox,Réponse automatique répétitive,"@Jewel9The La messagerie privée X n’est plus disponible, et nous en sommes désolés.\n\nPouvez-vous n..."
4352,1858521805876502681,Freebox,Message automatique Freebox,Réponse automatique répétitive,"@misterlittlenem La messagerie privée X n’est plus disponible, et nous en sommes désolés.\n\nPouvez-..."
4353,1858523118584643768,Freebox,Message automatique Freebox,Réponse automatique répétitive,"@TedEbayeur La messagerie privée X n’est plus disponible, et nous en sommes désolés.\n\nPouvez-vous ..."
4354,1858523383706563025,Freebox,Message automatique Freebox,Réponse automatique répétitive,"@EvoStunt31 La messagerie privée X n’est plus disponible, et nous en sommes désolés.\n\nPouvez-vous ..."
4355,1858523502820598090,Freebox,Message automatique Freebox,Réponse automatique répétitive,"@Leparlementaire La messagerie privée X n’est plus disponible, et nous en sommes désolés.\n\nPouvez-..."
4356,1858523701462904889,Freebox,Message automatique Freebox,Réponse automatique répétitive,"@Werchaud La messagerie privée X n’est plus disponible, et nous en sommes désolés.\n\nPouvez-vous no..."
4357,1858524045626540068,Freebox,Message automatique Freebox,Réponse automatique répétitive,"@wearechooo La messagerie privée X n’est plus disponible, et nous en sommes désolés.\n\nPouvez-vous ..."
4358,1858525611867664668,Freebox,Message automatique Freebox,Réponse automatique répétitive,"@Tae_Yang93 Désolé pour notre temps de réponse 🙏\nLa messagerie privée X n’est plus disponible, et n..."
4359,1858526296763969877,Freebox,Message automatique Freebox,Réponse automatique répétitive,"@bertrandsoyer Désolé pour notre temps de réponse 🙏\nLa messagerie privée X n’est plus disponible, e..."
4360,1858527008340300215,Freebox,Message automatique Freebox,Réponse automatique répétitive,"@Ma2lorie La messagerie privée X n’est plus disponible, et nous en sommes désolés.\n\nPouvez-vous no..."
4361,1858527850703323530,Freebox,Message automatique Freebox,Réponse automatique répétitive,"@rayahz41 Désolé pour notre temps de réponse 🙏\nLa messagerie privée X n’est plus disponible, et nou..."
4362,1858528498698117460,Freebox,Message automatique Freebox,Réponse automatique répétitive,"@Natra_rl La messagerie privée X n’est plus disponible, et nous en sommes désolés.\n\nPouvez-vous no..."
4363,1858529197553066392,Freebox,Message automatique Freebox,Réponse automatique répétitive,"@julagu123 La messagerie privée X n’est plus disponible, et nous en sommes désolés.\n\nPouvez-vous n..."
4364,1858529433994293461,Freebox,Message automatique Freebox,Réponse automatique répétitive,"@ShootNet La messagerie privée X n’est plus disponible, et nous en sommes désolés.\n\nPouvez-vous no..."
4365,1858530422038081588,Freebox,Message automatique Freebox,Réponse automatique répétitive,"@CpasUnTribunal La messagerie privée X n’est plus disponible, et nous en sommes désolés.\n\nPouvez-v..."
4366,1858530752876499357,Freebox,Message automatique Freebox,Réponse automatique répétitive,"@AbdalHussayn La messagerie privée X n’est plus disponible, et nous en sommes désolés.\n\nPouvez-vou..."
4367,1858531247527502142,Freebox,Message automatique Freebox,Réponse automatique répétitive,"@BoizotF La messagerie privée X n’est plus disponible, et nous en sommes désolés.\n\nPouvez-vous nou..."
4368,1858532965837341152,Freebox,Message automatique Freebox,Réponse automatique répétitive,"@andokaiii La messagerie privée X n’est plus disponible, et nous en sommes désolés.\n\nPouvez-vous n..."
4369,1858533363994288632,Freebox,Message automatique Freebox,Réponse automatique répétitive,"@alice_padioleau La messagerie privée X n’est plus disponible, et nous en sommes désolés.\n\nPouvez-..."
4370,1858533852114719081,Freebox,Message automatique Freebox,Réponse automatique répétitive,"@LulluBellule La messagerie privée X n’est plus disponible, et nous en sommes désolés.\n\nPouvez-vou..."
4372,1858536951403413727,Freebox,Message automatique Freebox,Réponse automatique répétitive,"@MyriamK63641314 La messagerie privée X n’est plus disponible, et nous en sommes désolés.\n\nPouvez-..."
4373,1858537145981362525,Freebox,Message automatique Freebox,Réponse automatique répétitive,"@Hilliuss La messagerie privée X n’est plus disponible, et nous en sommes désolés.\n\nPouvez-vous no..."
4374,1858538941445443709,Freebox,Message automatique Freebox,Réponse automatique répétitive,"@MrRobiiin Désolé pour notre temps de réponse 🙏\nLa messagerie privée X n’est plus disponible, et no..."
4375,1858542907399012791,Freebox,Message automatique Freebox,Réponse automatique répétitive,"@Dilika19061972 La messagerie privée X n’est plus disponible, et nous en sommes désolés.\n\nPouvez-v..."
4376,1858543160873361475,Freebox,Message automatique Freebox,Réponse automatique répétitive,"@Loud_Darkman La messagerie privée X n’est plus disponible, et nous en sommes désolés.\n\nPouvez-vou..."
4377,1858543433469567298,Freebox,Message automatique Freebox,Réponse automatique répétitive,"@JcbHimalya31 La messagerie privée X n’est plus disponible, et nous en sommes désolés.\n\nPouvez-vou..."
4378,1858543627191939312,Freebox,Message automatique Freebox,Réponse automatique répétitive,"@ayclayl La messagerie privée X n’est plus disponible, et nous en sommes désolés.\n\nPouvez-vous nou..."
4379,1858543821774037148,Freebox,Message automatique Freebox,Réponse automatique répétitive,"@Splito_ La messagerie privée X n’est plus disponible, et nous en sommes désolés.\n\nPouvez-vous nou..."
4380,1858545325956309350,Freebox,Message automatique Freebox,Réponse automatique répétitive,"@constance4559 La messagerie privée X n’est plus disponible, et nous en sommes désolés.\n\nPouvez-vo..."
4381,1858547316229054674,Freebox,Message automatique Freebox,Réponse automatique répétitive,"@Jettarga La messagerie privée X n’est plus disponible, et nous en sommes désolés.\n\nPouvez-vous no..."
4383,1858549393592336603,Freebox,Message automatique Freebox,Réponse automatique répétitive,"@Pepsou_Breezy La messagerie privée X n’est plus disponible, et nous en sommes désolés.\n\nPouvez-vo..."
4384,1858549814289416251,Freebox,Message automatique Freebox,Réponse automatique répétitive,"@AnnaCasella La messagerie privée X n’est plus disponible, et nous en sommes désolés.\n\nPouvez-vous..."
4385,1858550575131967783,Freebox,Message automatique Freebox,Réponse automatique répétitive,"@lama_rtine La messagerie privée X n’est plus disponible, et nous en sommes désolés.\n\nPouvez-vous ..."
4386,1858551359852691719,Freebox,Message automatique Freebox,Réponse automatique répétitive,"@CtsNono La messagerie privée X n’est plus disponible, et nous en sommes désolés.\n\nPouvez-vous nou..."
4387,1858553365816304101,Freebox,Message automatique Freebox,Réponse automatique répétitive,"@AngelCyrusLive La messagerie privée X n’est plus disponible, et nous en sommes désolés.\n\nPouvez-v..."
4388,1858554123056034085,Freebox,Message automatique Freebox,Réponse automatique répétitive,"@MightyFNB La messagerie privée X n’est plus disponible, et nous en sommes désolés.\n\nPouvez-vous n..."
4389,1858555205459042514,Freebox,Message automatique Freebox,Réponse automatique répétitive,"@UNDERTAKER2812 La messagerie privée X n’est plus disponible, et nous en sommes désolés.\n\nPouvez-v..."
4390,1858555479800090655,Freebox,Message automatique Freebox,Réponse automatique répétitive,"@Synken7 La messagerie privée X n’est plus disponible, et nous en sommes désolés.\n\nPouvez-vous nou..."
4394,1858622733883449376,UnVisible_Of,Spam/Promotion,Spam ou promotion non pertinente,"@InfoAbonneCanal  j'essaie de bénéficier de la nouvelle offre Family by canal offerte avec freebox, ..."
4445,1859509069876228490,Freebox,Message automatique Freebox,Réponse automatique répétitive,"@Jewel9The Désolé pour notre temps de réponse 🙏\n\nLa messagerie privée X n’est plus disponible, et ..."
4446,1859509281936077191,Freebox,Message automatique Freebox,Réponse automatique répétitive,"@HaKao94_ Bonjour,\n\nLa messagerie privée X n’est plus disponible, et nous en sommes désolés. \n\nR..."
4447,1859509389217923456,Freebox,Message automatique Freebox,Réponse automatique répétitive,"@Hacktivate_ Désolé pour notre temps de réponse 🙏\n\nLa messagerie privée X n’est plus disponible, e..."
4448,1859509673482694724,Freebox,Message automatique Freebox,Réponse automatique répétitive,@Alexand40685534 Désolée pour notre temps de réponse 🙏\n\nLa messagerie X n’est plus disponible auss...
4449,1859510317614518324,Freebox,Message automatique Freebox,Réponse automatique répétitive,@MARTINS89310139 Désolé pour notre temps de réponse 🙏\n\nLa messagerie privée X n’est plus disponibl...
4450,1859510486166913525,Freebox,Message automatique Freebox,Réponse automatique répétitive,@Keria26358 Désolée pour notre temps de réponse 🙏\n\nLa messagerie X n’est plus disponible aussi pou...
4451,1859510610746032355,Freebox,Message automatique Freebox,Réponse automatique répétitive,"@un_cauchxmar Bonjour,\n\nLa messagerie privée X n’est plus disponible, et nous en sommes désolés. \..."
4452,1859510861678645533,Freebox,Message automatique Freebox,Réponse automatique répétitive,"@MikeIAm8 Bonjour,\n\nLa messagerie privée X n’est plus disponible, et nous en sommes désolés. \n\nR..."
4453,1859511452630991333,Freebox,Message automatique Freebox,Réponse automatique répétitive,"@BqrnedFTN Bonjour,\n\nLa messagerie privée X n’est plus disponible, et nous en sommes désolés. \n\n..."
4454,1859511542129013182,Freebox,Message automatique Freebox,Réponse automatique répétitive,@MmeGarrisson Désolée pour notre temps de réponse 🙏\n\nLa messagerie X n’est plus disponible aussi p...
4455,1859511612995960833,Freebox,Message automatique Freebox,Réponse automatique répétitive,"@Sparks5_ Désolé pour notre temps de réponse 🙏\n\nLa messagerie privée X n’est plus disponible, et n..."
4456,1859511720504365077,Freebox,Message automatique Freebox,Réponse automatique répétitive,@KisakiLao Désolée pour notre temps de réponse 🙏\n\nLa messagerie X n’est plus disponible aussi pour...
4457,1859511949630869521,Freebox,Message automatique Freebox,Réponse automatique répétitive,"@Sparks5_ Bonjour,\n\nLa messagerie privée X n’est plus disponible, et nous en sommes désolés. \n\nR..."
4458,1859512001346642189,Freebox,Message automatique Freebox,Réponse automatique répétitive,"@floketekuqe Désolé pour notre temps de réponse 🙏\n\nLa messagerie privée X n’est plus disponible, e..."
4459,1859512730614444157,Freebox,Message automatique Freebox,Réponse automatique répétitive,"@Nounourrrs Bonjour,\n\nLa messagerie privée X n’est plus disponible, et nous en sommes désolés. \n\..."
4460,1859513072286650869,Freebox,Message automatique Freebox,Réponse automatique répétitive,"@Somyos7798 Désolé pour notre temps de réponse 🙏\n\nLa messagerie privée X n’est plus disponible, et..."
4461,1859513294052114591,Freebox,Message automatique Freebox,Réponse automatique répétitive,"@MarcTrob Bonjour,\n\nLa messagerie privée X n’est plus disponible, et nous en sommes désolés. \n\nR..."
4462,1859513363497128192,Freebox,Message automatique Freebox,Réponse automatique répétitive,"@JMB_74 Désolé pour notre temps de réponse 🙏\n\nLa messagerie privée X n’est plus disponible, et nou..."
4463,1859513675280732540,Freebox,Message automatique Freebox,Réponse automatique répétitive,"@faiza_madrid Bonjour,\n\nLa messagerie privée X n’est plus disponible, et nous en sommes désolés. \..."
4464,1859514021340127247,Freebox,Message automatique Freebox,Réponse automatique répétitive,"@suuperirodesu Bonjour,\n\nLa messagerie privée X n’est plus disponible, et nous en sommes désolés. ..."
4465,1859514536685899825,Freebox,Message automatique Freebox,Réponse automatique répétitive,@Alinglizy Désolée pour notre temps de réponse 🙏\n\nLa messagerie X n’est plus disponible aussi pour...
4466,1859515155190567143,Freebox,Message automatique Freebox,Réponse automatique répétitive,@jesperecpapris Désolé pour notre temps de réponse 🙏\n\nLa messagerie privée X n’est plus disponible...
4467,1859515332995498434,Freebox,Message automatique Freebox,Réponse automatique répétitive,@taylo25729 Désolée pour notre temps de réponse 🙏\n\nLa messagerie X n’est plus disponible aussi pou...
4468,1859515371700527548,Freebox,Message automatique Freebox,Réponse automatique répétitive,"@Its_Me_Jay3 Bonjour,\n\nLa messagerie privée X n’est plus disponible, et nous en sommes désolés. \n..."
4469,1859515478709821687,Freebox,Message automatique Freebox,Réponse automatique répétitive,"@DampsTiti6146 Bonjour,\n\nLa messagerie privée X n’est plus disponible, et nous en sommes désolés. ..."
4470,1859515684843135189,Freebox,Message automatique Freebox,Réponse automatique répétitive,"@JohnEMalm Bonjour,\n\nLa messagerie privée X n’est plus disponible, et nous en sommes désolés. \n\n..."
4471,1859516098065940967,Freebox,Message automatique Freebox,Réponse automatique répétitive,"@Azzenbil Bonjour,\n\nLa messagerie privée X n’est plus disponible, et nous en sommes désolés. \n\nR..."
4472,1859516132845121778,Freebox,Message automatique Freebox,Réponse automatique répétitive,"@ThomassinMarti4 Bonjour,\n\nLa messagerie privée X n’est plus disponible, et nous en sommes désolés..."
4473,1859516256866521350,Freebox,Message automatique Freebox,Réponse automatique répétitive,"@Shanicebebe Désolé pour notre temps de réponse 🙏\n\nLa messagerie privée X n’est plus disponible, e..."
4474,1859516966387458334,Freebox,Message automatique Freebox,Réponse automatique répétitive,"@christsuka Bonjour,\n\nLa messagerie privée X n’est plus disponible, et nous en sommes désolés. \n\..."
4475,1859517277000835193,Freebox,Message automatique Freebox,Réponse automatique répétitive,@thomascbienmoi Désolé pour notre temps de réponse 🙏\n\nLa messagerie privée X n’est plus disponible...
4476,1859517492860690840,Freebox,Message automatique Freebox,Réponse automatique répétitive,"@amdc283 Désolé pour notre temps de réponse 🙏\n\nLa messagerie privée X n’est plus disponible, et no..."
4477,1859519054358200559,Freebox,Message automatique Freebox,Réponse automatique répétitive,@DatDraz Désolée pour notre temps de réponse 🙏\n\nLa messagerie X n’est plus disponible aussi pour f...
4478,1859519835056546232,Freebox,Message automatique Freebox,Réponse automatique répétitive,@Alejandro_TrPr Désolée pour notre temps de réponse 🙏\n\nLa messagerie X n’est plus disponible aussi...
4479,1859520038073483604,Freebox,Message automatique Freebox,Réponse automatique répétitive,@ludovicle Désolée pour notre temps de réponse 🙏\n\nLa messagerie X n’est plus disponible aussi pour...
4480,1859520240826085588,Freebox,Message automatique Freebox,Réponse automatique répétitive,"@MlleSaf17 Désolé pour notre temps de réponse 🙏\n\nLa messagerie privée X n’est plus disponible, et ..."
4481,1859520997403062630,Freebox,Message automatique Freebox,Réponse automatique répétitive,"@Bolderiz9 Désolé pour notre temps de réponse 🙏\n\nLa messagerie privée X n’est plus disponible, et ..."
4482,1859521205109219505,Freebox,Message automatique Freebox,Réponse automatique répétitive,@Djeufuii Désolée pour notre temps de réponse 🙏\n\nLa messagerie X n’est plus disponible aussi pour ...
4483,1859521442775183753,Freebox,Message automatique Freebox,Réponse automatique répétitive,"@Cubaynes6 Désolé pour notre temps de réponse 🙏\n\nLa messagerie privée X n’est plus disponible, et ..."
4484,1859521794782187761,Freebox,Message automatique Freebox,Réponse automatique répétitive,"@donmarco84370 Désolé pour notre temps de réponse 🙏\n\nLa messagerie privée X n’est plus disponible,..."
4485,1859522099074785581,Freebox,Message automatique Freebox,Réponse automatique répétitive,@BraxoPasDjeuMot Désolé pour notre temps de réponse 🙏\n\nLa messagerie privée X n’est plus disponibl...
4486,1859522269388607723,Freebox,Message automatique Freebox,Réponse automatique répétitive,@Max95SLB Désolée pour notre temps de réponse 🙏\n\nLa messagerie X n’est plus disponible aussi pour ...
4487,1859522544547561720,Freebox,Message automatique Freebox,Réponse automatique répétitive,@mellamini18 Désolée pour notre temps de réponse 🙏\n\nLa messagerie X n’est plus disponible aussi po...
4488,1859523023067300201,Freebox,Message automatique Freebox,Réponse automatique répétitive,@lilknww Désolée pour notre temps de réponse 🙏\n\nLa messagerie X n’est plus disponible aussi pour f...
4489,1859523138024780057,Freebox,Message automatique Freebox,Réponse automatique répétitive,@mdanslesang13 Désolée pour notre temps de réponse 🙏\n\nLa messagerie X n’est plus disponible aussi ...
4490,1859523216244355359,Freebox,Message automatique Freebox,Réponse automatique répétitive,"@kronnikeTV Désolé pour notre temps de réponse 🙏\n\nLa messagerie privée X n’est plus disponible, et..."
4491,1859523307080495498,Freebox,Message automatique Freebox,Réponse automatique répétitive,@Ilkevv Désolée pour notre temps de réponse 🙏\n\nLa messagerie X n’est plus disponible aussi pour fa...
4492,1859526779800621420,Freebox,Message automatique Freebox,Réponse automatique répétitive,"@ChooupsLulu Désolé pour notre temps de réponse 🙏\n\nLa messagerie privée X n’est plus disponible, e..."
4493,1859526877196456145,Freebox,Message automatique Freebox,Réponse automatique répétitive,"@mistermatth93 Désolé pour notre temps de réponse 🙏\n\nLa messagerie privée X n’est plus disponible,..."
4495,1859527109133185150,Freebox,Message automatique Freebox,Réponse automatique répétitive,"@chr1svtv Désolé pour notre temps de réponse 🙏\n\nLa messagerie privée X n’est plus disponible, et n..."
4496,1859529350015525018,Freebox,Message automatique Freebox,Réponse automatique répétitive,"@noel_y_ne Désolé pour notre temps de réponse 🙏\n\nLa messagerie privée X n’est plus disponible, et ..."
4497,1859529706334302475,Freebox,Message automatique Freebox,Réponse automatique répétitive,"@BmttFlo Désolé pour notre temps de réponse 🙏\n\nLa messagerie privée X n’est plus disponible, et no..."
4498,1859529936605696461,Freebox,Message automatique Freebox,Réponse automatique répétitive,@vezzen_ @Xavier75 Désolé pour notre temps de réponse 🙏\n\nLa messagerie privée X n’est plus disponi...
4499,1859529998710747144,Freebox,Message automatique Freebox,Réponse automatique répétitive,@nozarvshi Désolée pour notre temps de réponse 🙏\n\nLa messagerie X n’est plus disponible aussi pour...
4500,1859530232715202588,Freebox,Message automatique Freebox,Réponse automatique répétitive,"@kookmfor Désolé pour notre temps de réponse 🙏\n\nLa messagerie privée X n’est plus disponible, et n..."
4501,1859530441075630552,Freebox,Message automatique Freebox,Réponse automatique répétitive,@MayonnaiseCrabe Désolé pour notre temps de réponse 🙏\n\nLa messagerie privée X n’est plus disponibl...
4502,1859532098517733437,Freebox,Message automatique Freebox,Réponse automatique répétitive,"@j_capdevielle Désolé pour notre temps de réponse 🙏\n\nLa messagerie privée X n’est plus disponible,..."
4503,1859533787782066535,Freebox,Message automatique Freebox,Réponse automatique répétitive,@Boudoudoulak3 Désolée pour notre temps de réponse 🙏\n\nLa messagerie X n’est plus disponible aussi ...
4504,1859534942188802536,Freebox,Message automatique Freebox,Réponse automatique répétitive,@Ragonss4 Désolée pour notre temps de réponse 🙏\n\nLa messagerie X n’est plus disponible aussi pour ...
4505,1859535487733506331,Freebox,Message automatique Freebox,Réponse automatique répétitive,"@RachidDerbel Désolé pour notre temps de réponse 🙏\n\nLa messagerie privée X n’est plus disponible, ..."
4506,1859536644790952052,Freebox,Message automatique Freebox,Réponse automatique répétitive,"@Louglo_Did Désolé pour notre temps de réponse 🙏\n\nLa messagerie privée X n’est plus disponible, et..."
4507,1859537488341057558,Freebox,Message automatique Freebox,Réponse automatique répétitive,@Marechal_YL Désolée pour notre temps de réponse 🙏\n\nLa messagerie X n’est plus disponible aussi po...
4508,1859539667680391664,Freebox,Message automatique Freebox,Réponse automatique répétitive,@ade_ntj Désolée pour notre temps de réponse 🙏\n\nLa messagerie X n’est plus disponible aussi pour f...
4509,1859540805683196191,Freebox,Message automatique Freebox,Réponse automatique répétitive,@Loutcho77 Désolée pour notre temps de réponse 🙏\n\nLa messagerie X n’est plus disponible aussi pour...
4510,1859541154955489522,Freebox,Message automatique Freebox,Réponse automatique répétitive,@Jeanfilaf Désolée pour notre temps de réponse 🙏\n\nLa messagerie X n’est plus disponible aussi pour...
4511,1859543042488721719,Freebox,Message automatique Freebox,Réponse automatique répétitive,"@vicken05 Désolé pour notre temps de réponse 🙏\n\nLa messagerie privée X n’est plus disponible, et n..."
4512,1859543448073736590,Freebox,Message automatique Freebox,Réponse automatique répétitive,@orbitgourmande Désolé pour notre temps de réponse 🙏\n\nLa messagerie privée X n’est plus disponible...
4513,1859543626671337644,Freebox,Message automatique Freebox,Réponse automatique répétitive,@TunisienMesquin Désolée pour notre temps de réponse 🙏\n\nLa messagerie X n’est plus disponible auss...
4515,1859543956691771839,Freebox,Message automatique Freebox,Réponse automatique répétitive,@BalaganToni Désolée pour notre temps de réponse 🙏\n\nLa messagerie X n’est plus disponible aussi po...
4516,1859544031262388505,Freebox,Message automatique Freebox,Réponse automatique répétitive,@JackmessCrYpto Désolé pour notre temps de réponse 🙏\n\nLa messagerie privée X n’est plus disponible...
4517,1859545215578632404,Freebox,Message automatique Freebox,Réponse automatique répétitive,"@RubenAl200 Désolé pour notre temps de réponse 🙏\n\nLa messagerie privée X n’est plus disponible, et..."
4518,1859546102439010578,Freebox,Message automatique Freebox,Réponse automatique répétitive,@saucykatana Désolée pour notre temps de réponse 🙏\n\nLa messagerie X n’est plus disponible aussi po...
4519,1859546499534737548,Freebox,Message automatique Freebox,Réponse automatique répétitive,"@denztv1 Désolé pour notre temps de réponse 🙏\n\nLa messagerie privée X n’est plus disponible, et no..."
4520,1859547025810800640,Freebox,Message automatique Freebox,Réponse automatique répétitive,@Zeltox1 Désolée pour notre temps de réponse 🙏\n\nLa messagerie X n’est plus disponible aussi pour f...
4521,1859547674837393883,Freebox,Message automatique Freebox,Réponse automatique répétitive,@Fred_Dumoulin Désolée pour notre temps de réponse 🙏\n\nLa messagerie X n’est plus disponible aussi ...
4522,1859548070809113026,Freebox,Message automatique Freebox,Réponse automatique répétitive,@Ladyeleanne Désolée pour notre temps de réponse 🙏\n\nLa messagerie X n’est plus disponible aussi po...
4523,1859548366457258194,Freebox,Message automatique Freebox,Réponse automatique répétitive,@arnouvion Désolée pour notre temps de réponse 🙏\n\nLa messagerie X n’est plus disponible aussi pour...
4524,1859548473076396306,Freebox,Message automatique Freebox,Réponse automatique répétitive,@whymper_conseil Désolée pour notre temps de réponse 🙏\n\nLa messagerie X n’est plus disponible auss...
4525,1859548967559725239,Freebox,Message automatique Freebox,Réponse automatique répétitive,@WalidzMomobami Désolée pour notre temps de réponse 🙏\n\nLa messagerie X n’est plus disponible aussi...
4527,1859553513686135203,Freebox,Message automatique Freebox,Réponse automatique répétitive,"@HasnaAtif Désolé pour notre temps de réponse 🙏\n\nLa messagerie privée X n’est plus disponible, et ..."
4528,1859554542532038987,Freebox,Message automatique Freebox,Réponse automatique répétitive,"@raz3N Désolé pour notre temps de réponse 🙏\n\nLa messagerie privée X n’est plus disponible, et nous..."
4529,1859555095202963963,Freebox,Message automatique Freebox,Réponse automatique répétitive,"@beng75018 Désolé pour notre temps de réponse 🙏\n\nLa messagerie privée X n’est plus disponible, et ..."
4530,1859555950694183009,Freebox,Message automatique Freebox,Réponse automatique répétitive,@SaddoukiMohame7 Désolée pour notre temps de réponse 🙏\n\nLa messagerie X n’est plus disponible auss...
4531,1859556084437970954,Freebox,Message automatique Freebox,Réponse automatique répétitive,@sg_mister Désolée pour notre temps de réponse 🙏\n\nLa messagerie X n’est plus disponible aussi pour...
4532,1859556601146859741,Freebox,Message automatique Freebox,Réponse automatique répétitive,@kebabsaucebiggy Désolé pour notre temps de réponse 🙏\n\nLa messagerie privée X n’est plus disponibl...
4533,1859556918655631363,Freebox,Message automatique Freebox,Réponse automatique répétitive,@Haangladius Désolée pour notre temps de réponse 🙏\n\nLa messagerie X n’est plus disponible aussi po...
4534,1859557285485281556,Freebox,Message automatique Freebox,Réponse automatique répétitive,@microlinux_eu Désolée pour notre temps de réponse 🙏\n\nLa messagerie X n’est plus disponible aussi ...
4535,1859558540882444388,Freebox,Message automatique Freebox,Réponse automatique répétitive,@Appelmoi_leDuc Désolé pour notre temps de réponse 🙏\n\nLa messagerie privée X n’est plus disponible...
4536,1859558984765632601,Freebox,Message automatique Freebox,Réponse automatique répétitive,"@CatelDebo Désolé pour notre temps de réponse 🙏\n\nLa messagerie privée X n’est plus disponible, et ..."
4552,1859869989102100715,Freebox,Message automatique Freebox,Réponse automatique répétitive,"@wikenH La messagerie privée X n’est plus disponible, et nous en sommes désolés.\nEn cas de besoin, ..."
4553,1859870349690576930,Freebox,Message automatique Freebox,Réponse automatique répétitive,"@Nathathoustra La messagerie privée X n’est plus disponible, et nous en sommes désolés.\nEn cas de b..."
4554,1859871169102410146,Freebox,Message automatique Freebox,Réponse automatique répétitive,"@Openyourseyes En cas de besoin, je suis disponible sur Messenger \n▶️ https://t.co/foZUyQkGH3 ou vi..."
4555,1859871367379767335,Freebox,Message automatique Freebox,Réponse automatique répétitive,"@CShabyne La messagerie privée X n’est plus disponible, et nous en sommes désolés.\nEn cas de besoin..."
4556,1859871707739070922,Freebox,Message automatique Freebox,Réponse automatique répétitive,"@UnVisible_Of La messagerie privée X n’est plus disponible, et nous en sommes désolés.\nEn cas de be..."
4557,1859871799959277685,Freebox,Message automatique Freebox,Réponse automatique répétitive,"@juliem003 La messagerie privée X n’est plus disponible, et nous en sommes désolés.\nEn cas de besoi..."
4558,1859871925809316337,Freebox,Message automatique Freebox,Réponse automatique répétitive,"@tiger28officiel La messagerie privée X n’est plus disponible, et nous en sommes désolés.\nEn cas de..."
4559,1859875733318799625,Freebox,Message automatique Freebox,Réponse automatique répétitive,"@oiseauduvent La messagerie privée X n’est plus disponible, et nous en sommes désolés.\nEn cas de be..."
4560,1859876166410100819,Freebox,Message automatique Freebox,Réponse automatique répétitive,"@10paak La messagerie privée X n’est plus disponible, et nous en sommes désolés.\nEn cas de besoin, ..."
4561,1859877365196767722,Freebox,Message automatique Freebox,Réponse automatique répétitive,"@zeloshin La messagerie privée X n’est plus disponible, et nous en sommes désolés.\nEn cas de besoin..."
4562,1859878094691016735,Freebox,Message automatique Freebox,Réponse automatique répétitive,"@HD_Solution La messagerie privée X n’est plus disponible, et nous en sommes désolés.\nEn cas de bes..."
4563,1859879402793795728,Freebox,Message automatique Freebox,Réponse automatique répétitive,"@thxoJR La messagerie privée X n’est plus disponible, et nous en sommes désolés.\nEn cas de besoin, ..."
4564,1859879742016520554,Freebox,Message automatique Freebox,Réponse automatique répétitive,"@Ladyeleanne La messagerie privée X n’est plus disponible, et nous en sommes désolés.\nEn cas de bes..."
4565,1859879879723901238,Freebox,Message automatique Freebox,Réponse automatique répétitive,"@jujubilel La messagerie privée X n’est plus disponible, et nous en sommes désolés.\nEn cas de besoi..."
4566,1859880322353037508,Freebox,Message automatique Freebox,Réponse automatique répétitive,"@JackmessCrYpto La messagerie privée X n’est plus disponible, et nous en sommes désolés.\nEn cas de ..."
4567,1859880764386447377,Freebox,Message automatique Freebox,Réponse automatique répétitive,"@mvto_vyu La messagerie privée X n’est plus disponible, et nous en sommes désolés.\nEn cas de besoin..."
4569,1859881228041605598,Freebox,Message automatique Freebox,Réponse automatique répétitive,"@Mehdiyeah La messagerie privée X n’est plus disponible, et nous en sommes désolés.\nEn cas de besoi..."
4570,1859881552496259283,Freebox,Message automatique Freebox,Réponse automatique répétitive,"@JVTatsuyaGaming La messagerie privée X n’est plus disponible, et nous en sommes désolés.\nEn cas de..."
4571,1859883437697454380,Freebox,Message automatique Freebox,Réponse automatique répétitive,"@Riot_Boyzzz La messagerie privée X n’est plus disponible, et nous en sommes désolés.\nEn cas de bes..."
4572,1859883693004698068,Freebox,Message automatique Freebox,Réponse automatique répétitive,"@mannschaft944 La messagerie privée X n’est plus disponible, et nous en sommes désolés.\nEn cas de b..."
4573,1859884122832785523,Freebox,Message automatique Freebox,Réponse automatique répétitive,"@Y0UNGNICKI La messagerie privée X n’est plus disponible, et nous en sommes désolés.\nEn cas de beso..."
4574,1859885233375429096,Freebox,Message automatique Freebox,Réponse automatique répétitive,"@BebzTV La messagerie privée X n’est plus disponible, et nous en sommes désolés.\nEn cas de besoin, ..."
4575,1859886013218267506,Freebox,Message automatique Freebox,Réponse automatique répétitive,"@Elisaperei46275 La messagerie privée X n’est plus disponible, et nous en sommes désolés.\nEn cas de..."
4576,1859886118499418464,Freebox,Message automatique Freebox,Réponse automatique répétitive,"@hatsonia1 La messagerie privée X n’est plus disponible, et nous en sommes désolés.\nEn cas de besoi..."
4577,1859886344224264595,Freebox,Message automatique Freebox,Réponse automatique répétitive,"@IM43__ La messagerie privée X n’est plus disponible, et nous en sommes désolés.\nEn cas de besoin, ..."
4578,1859886539171385675,Freebox,Message automatique Freebox,Réponse automatique répétitive,"@Maya_RSJ La messagerie privée X n’est plus disponible, et nous en sommes désolés.\nEn cas de besoin..."
4580,1859888731320185059,Freebox,Message automatique Freebox,Réponse automatique répétitive,"@Delattre74Lolo La messagerie privée X n’est plus disponible, et nous en sommes désolés.\nEn cas de ..."
4581,1859889094370754989,Freebox,Message automatique Freebox,Réponse automatique répétitive,"@AlexandreNamz La messagerie privée X n’est plus disponible, et nous en sommes désolés.\nEn cas de b..."
4582,1859889532235108676,Freebox,Message automatique Freebox,Réponse automatique répétitive,"@MarieChristMasH La messagerie privée X n’est plus disponible, et nous en sommes désolés.\nEn cas de..."
4583,1859889653219835975,Freebox,Message automatique Freebox,Réponse automatique répétitive,"@MMadjes La messagerie privée X n’est plus disponible, et nous en sommes désolés.\nEn cas de besoin,..."
4584,1859890527077806472,Freebox,Message automatique Freebox,Réponse automatique répétitive,"@ByMaxTalk La messagerie privée X n’est plus disponible, et nous en sommes désolés.\nEn cas de besoi..."
4585,1859890599039496331,Freebox,Message automatique Freebox,Réponse automatique répétitive,"@HawaDram9 La messagerie privée X n’est plus disponible, et nous en sommes désolés.\nEn cas de besoi..."
4586,1859890971846050024,Freebox,Message automatique Freebox,Réponse automatique répétitive,"@NAJJARIM La messagerie privée X n’est plus disponible, et nous en sommes désolés.\nEn cas de besoin..."
4587,1859891536781074688,Freebox,Message automatique Freebox,Réponse automatique répétitive,"@phertzog La messagerie privée X n’est plus disponible, et nous en sommes désolés.\nEn cas de besoin..."
4588,1859891686714827242,Freebox,Message automatique Freebox,Réponse automatique répétitive,"@vainvain58 La messagerie privée X n’est plus disponible, et nous en sommes désolés.\nEn cas de beso..."
4589,1859891880634335564,Freebox,Message automatique Freebox,Réponse automatique répétitive,"@kay_xvr_ La messagerie privée X n’est plus disponible, et nous en sommes désolés.\nEn cas de besoin..."
4590,1859892326060933352,Freebox,Message automatique Freebox,Réponse automatique répétitive,"@Emre_wsh La messagerie privée X n’est plus disponible, et nous en sommes désolés.\nEn cas de besoin..."
4591,1859892855168274816,Freebox,Message automatique Freebox,Réponse automatique répétitive,"@BasstosAdrien La messagerie privée X n’est plus disponible, et nous en sommes désolés.\nEn cas de b..."
4592,1859894776117490067,Freebox,Message automatique Freebox,Réponse automatique répétitive,"@HLebontuillot La messagerie privée X n’est plus disponible, et nous en sommes désolés.\nEn cas de b..."
4593,1859895754938081630,Freebox,Message automatique Freebox,Réponse automatique répétitive,"@xZiqouille La messagerie privée X n’est plus disponible, et nous en sommes désolés.\nEn cas de beso..."
4594,1859896022752780695,Freebox,Message automatique Freebox,Réponse automatique répétitive,"@ranPomm La messagerie privée X n’est plus disponible, et nous en sommes désolés.\nEn cas de besoin,..."
4595,1859896124452049283,Freebox,Message automatique Freebox,Réponse automatique répétitive,"@loismarcin La messagerie privée X n’est plus disponible, et nous en sommes désolés.\nEn cas de beso..."
4611,1860069844055740817,istobe1,Spam/Promotion,Spam ou promotion non pertinente,"C'est nouveau ça, lorsqu'on essaye de passer les pubs sur Free lors d'un visionnage  en différé : ""À..."
4641,1861030845714247696,Freebox,Message automatique Freebox,Réponse automatique répétitive,"@Gabydebur Bonjour,\n\nLa messagerie privée X n’est plus disponible, et nous en sommes désolés. \n\n..."
4642,1861031055353942219,Freebox,Message automatique Freebox,Réponse automatique répétitive,"@JustImTya Bonjour,\n\nLa messagerie privée X n’est plus disponible, et nous en sommes désolés. \n\n..."
4646,1861044285287637125,Freebox,Message automatique Freebox,Réponse automatique répétitive,@RegniezTony Désolée pour notre temps de réponse 🙏\n\nLa messagerie X n’est plus disponible aussi po...
4647,1861046957457732005,Freebox,Message automatique Freebox,Réponse automatique répétitive,@Hirowh_ Désolée pour notre temps de réponse 🙏\n\nLa messagerie X n’est plus disponible aussi pour f...
4648,1861048634176909476,Freebox,Message automatique Freebox,Réponse automatique répétitive,"@GrumP_InDaFace Bonjour,\n\nLa messagerie privée X n’est plus disponible, et nous en sommes désolés...."
4649,1861051207889940753,Freebox,Message automatique Freebox,Réponse automatique répétitive,"@Jager_LvL Bonjour,\n\nLa messagerie privée X n’est plus disponible, et nous en sommes désolés. \n\n..."
4650,1861054654861197356,Freebox,Message automatique Freebox,Réponse automatique répétitive,"@kisskoul Bonjour,\n\nLa messagerie privée X n’est plus disponible, et nous en sommes désolés. \n\nR..."
4651,1861055472482001129,Freebox,Message automatique Freebox,Réponse automatique répétitive,@r0uf0u Désolée pour notre temps de réponse 🙏\n\nLa messagerie X n’est plus disponible aussi pour fa...
4653,1861056397481279884,Freebox,Message automatique Freebox,Réponse automatique répétitive,"@LeveThomas Bonjour,\n\nLa messagerie privée X n’est plus disponible, et nous en sommes désolés. \n\..."
4654,1861056505908253132,Freebox,Message automatique Freebox,Réponse automatique répétitive,"@VBPix84 Bonjour,\n\nLa messagerie privée X n’est plus disponible, et nous en sommes désolés. \n\nRe..."
4655,1861057734335987856,Freebox,Message automatique Freebox,Réponse automatique répétitive,"@JTLCD59 Bonjour,\n\nLa messagerie privée X n’est plus disponible, et nous en sommes désolés. \n\nRe..."
4656,1861058656847941760,Freebox,Message automatique Freebox,Réponse automatique répétitive,"@kronnikeTV Bonjour,\n\nLa messagerie privée X n’est plus disponible, et nous en sommes désolés. \n\..."
4657,1861059898219348075,Freebox,Message automatique Freebox,Réponse automatique répétitive,"@BruceWayne055 Bonjour,\n\nLa messagerie privée X n’est plus disponible, et nous en sommes désolés. ..."
4658,1861060327233712348,Freebox,Message automatique Freebox,Réponse automatique répétitive,"@Heuss_Ketama Bonjour,\n\nLa messagerie privée X n’est plus disponible, et nous en sommes désolés. \..."
4659,1861064180599521482,Freebox,Message automatique Freebox,Réponse automatique répétitive,@Emre_wsh Désolée pour notre temps de réponse 🙏\n\nLa messagerie X n’est plus disponible aussi pour ...
4660,1861064390612603057,Freebox,Message automatique Freebox,Réponse automatique répétitive,"@ricou44330 Bonjour,\n\nLa messagerie privée X n’est plus disponible, et nous en sommes désolés. \n\..."
4661,1861064675716182290,Freebox,Message automatique Freebox,Réponse automatique répétitive,@manavaeva Désolée pour notre temps de réponse 🙏\n\nLa messagerie X n’est plus disponible aussi pour...
4662,1861066053314388222,Freebox,Message automatique Freebox,Réponse automatique répétitive,@S_H_Y_6913 Désolée pour notre temps de réponse 🙏\n\nLa messagerie X n’est plus disponible aussi pou...
4663,1861066916237853040,Freebox,Message automatique Freebox,Réponse automatique répétitive,"@AmiineHamrawa Bonjour,\n\nLa messagerie privée X n’est plus disponible, et nous en sommes désolés. ..."
4665,1861081595655921932,Freebox,Message automatique Freebox,Réponse automatique répétitive,@bigspaces Désolée pour notre temps de réponse 🙏\n\nLa messagerie X n’est plus disponible aussi pour...
4667,1861082726981378396,Freebox,Message automatique Freebox,Réponse automatique répétitive,"@NoLpeYu Bonjour,\n\nLa messagerie privée X n’est plus disponible, et nous en sommes désolés. \n\nRe..."
4669,1861083857564377309,Freebox,Message automatique Freebox,Réponse automatique répétitive,"@RigolTv Bonjour,\n\nLa messagerie privée X n’est plus disponible, et nous en sommes désolés. \n\nRe..."
4670,1861083978297417938,Freebox,Message automatique Freebox,Réponse automatique répétitive,"@serwalfang Bonjour,\n\nLa messagerie privée X n’est plus disponible, et nous en sommes désolés. \n\..."
4671,1861084337413726379,Freebox,Message automatique Freebox,Réponse automatique répétitive,"@YoannGillet30 Bonjour,\n\nLa messagerie privée X n’est plus disponible, et nous en sommes désolés. ..."
4672,1861085721227862089,Freebox,Message automatique Freebox,Réponse automatique répétitive,"@lemykillmistrss Bonjour,\n\nLa messagerie privée X n’est plus disponible, et nous en sommes désolés..."
4673,1861085932436234750,Freebox,Message automatique Freebox,Réponse automatique répétitive,"@un_cauchxmar Bonjour,\n\nLa messagerie privée X n’est plus disponible, et nous en sommes désolés. \..."
4675,1861086994874392982,Freebox,Message automatique Freebox,Réponse automatique répétitive,"@nowayfdb4life Bonjour,\n\nLa messagerie privée X n’est plus disponible, et nous en sommes désolés. ..."
4676,1861087785848848810,Freebox,Message automatique Freebox,Réponse automatique répétitive,@Tifosi62 Désolée pour notre temps de réponse 🙏\n\nLa messagerie X n’est plus disponible aussi pour ...
4677,1861088041722368325,Freebox,Message automatique Freebox,Réponse automatique répétitive,@RuffySann85 Désolée pour notre temps de réponse 🙏\n\nLa messagerie X n’est plus disponible aussi po...
4678,1861091898296877558,Freebox,Message automatique Freebox,Réponse automatique répétitive,"@TheProdigy_ALX6 Bonjour,\n\nLa messagerie privée X n’est plus disponible, et nous en sommes désolés..."
4692,1861348647671095393,Freebox,Message automatique Freebox,Réponse automatique répétitive,"@9Denzell La messagerie privée X n’est plus disponible, et nous en sommes désolés 9Denzell. \n\nRetr..."
4693,1861350718529061332,Freebox,Message automatique Freebox,Réponse automatique répétitive,"@Verdicts1 La messagerie privée X n’est plus disponible, et nous en sommes désolés Verdicts1. \n\nRe..."
4694,1861351040987124010,Freebox,Message automatique Freebox,Réponse automatique répétitive,"@MargotWarrior La messagerie privée X n’est plus disponible, et nous en sommes désolés MargotWarrior..."
4697,1861380102459629751,Freebox,Message automatique Freebox,Réponse automatique répétitive,"@math_cheminais La messagerie privée X n’est plus disponible, et nous en sommes désolés.\nEn cas de ..."
4698,1861380312111927330,Freebox,Message automatique Freebox,Réponse automatique répétitive,"@manin_samuel La messagerie privée X n’est plus disponible, et nous en sommes désolés.\nEn cas de be..."
4699,1861380845891706965,Freebox,Message automatique Freebox,Réponse automatique répétitive,"@RemyTwitt83 La messagerie privée X n’est plus disponible, et nous en sommes désolés.\nEn cas de bes..."
4701,1861381337191456788,Freebox,Message automatique Freebox,Réponse automatique répétitive,"@DeepDarck_Arrow La messagerie privée X n’est plus disponible, et nous en sommes désolés. \n\nSi c'e..."
4702,1861381390283002283,Freebox,Message automatique Freebox,Réponse automatique répétitive,"@Poooroooo La messagerie privée X n’est plus disponible, et nous en sommes désolés.\nEn cas de besoi..."
4703,1861381471329542493,Freebox,Message automatique Freebox,Réponse automatique répétitive,"@Kro07543978 La messagerie privée X n’est plus disponible, et nous en sommes désolés. \n\nSi c'est t..."
4704,1861381863127789689,Freebox,Message automatique Freebox,Réponse automatique répétitive,"@KyaeTTV La messagerie privée X n’est plus disponible, et nous en sommes désolés. \n\nSi c'est toujo..."
4705,1861382055453405461,Freebox,Message automatique Freebox,Réponse automatique répétitive,"@KitKatCaramiel La messagerie privée X n’est plus disponible, et nous en sommes désolés.\nEn cas de ..."
4706,1861382174924030439,Freebox,Message automatique Freebox,Réponse automatique répétitive,"@Drk_iF La messagerie privée X n’est plus disponible, et nous en sommes désolés. \n\nSi c'est toujou..."
4707,1861382545029353570,Freebox,Message automatique Freebox,Réponse automatique répétitive,"@istobe1 La messagerie privée X n’est plus disponible, et nous en sommes désolés. \n\nRetrouvez-moi ..."
4708,1861382928057422310,Freebox,Message automatique Freebox,Réponse automatique répétitive,"@broutteaux La messagerie privée X n’est plus disponible, et nous en sommes désolés.\nEn cas de beso..."
4709,1861383672282140767,Freebox,Message automatique Freebox,Réponse automatique répétitive,"@clippydaclip La messagerie privée X n’est plus disponible, et nous en sommes désolés.\nEn cas de be..."
4710,1861383811637895582,Freebox,Message automatique Freebox,Réponse automatique répétitive,"@Chop19211 La messagerie privée X n’est plus disponible, et nous en sommes désolés.\nEn cas de besoi..."
4711,1861383981721133121,Freebox,Message automatique Freebox,Réponse automatique répétitive,"@Fionaadlg La messagerie privée X n’est plus disponible, et nous en sommes désolés.\nEn cas de besoi..."
4712,1861384039531168202,Freebox,Message automatique Freebox,Réponse automatique répétitive,"@kevintsigbe La messagerie privée X n’est plus disponible, et nous en sommes désolés. \n\nSi c'est t..."
4713,1861384041921925410,Freebox,Message automatique Freebox,Réponse automatique répétitive,@Fionaadlg La messagerie X n’est plus disponible. Aussi je vous propose de nous contacter via Messen...
4714,1861384374345683210,Freebox,Message automatique Freebox,Réponse automatique répétitive,"@alexbrucato La messagerie privée X n’est plus disponible, et nous en sommes désolés. \n\nSi c'est t..."
4715,1861384453634846974,Freebox,Message automatique Freebox,Réponse automatique répétitive,"@ohayoCSGO La messagerie privée X n’est plus disponible, et nous en sommes désolés.\nEn cas de besoi..."
4716,1861385016497865096,Freebox,Message automatique Freebox,Réponse automatique répétitive,"@christophe_PTS La messagerie privée X n’est plus disponible, et nous en sommes désolés.\nEn cas de ..."
4717,1861385197339517182,Freebox,Message automatique Freebox,Réponse automatique répétitive,@Cikfilasc7 La messagerie X n’est plus disponible. Aussi je vous propose de nous contacter via Messe...
4718,1861385374515294333,Freebox,Message automatique Freebox,Réponse automatique répétitive,"@balancetonehpad La messagerie privée X n’est plus disponible, et nous en sommes désolés.\nEn cas de..."
4719,1861385413711020057,Freebox,Message automatique Freebox,Réponse automatique répétitive,@k_nji750 La messagerie X n’est plus disponible. Aussi je vous propose de nous contacter via Messeng...
4720,1861385757950107963,Freebox,Message automatique Freebox,Réponse automatique répétitive,"@ina_gzii La messagerie privée X n’est plus disponible, et nous en sommes désolés.\nEn cas de besoin..."
4721,1861386611763671086,Freebox,Message automatique Freebox,Réponse automatique répétitive,@MeloQLF La messagerie X n’est plus disponible. Aussi je vous propose de nous contacter via Messenge...
4722,1861386818601558077,Freebox,Message automatique Freebox,Réponse automatique répétitive,@prototype2222 La messagerie X n’est plus disponible. Aussi je vous propose de nous contacter via Me...
4723,1861387427497013267,Freebox,Message automatique Freebox,Réponse automatique répétitive,"@HapyNho La messagerie privée X n’est plus disponible, et nous en sommes désolés.\nEn cas de besoin,..."
4724,1861387539753398381,Freebox,Message automatique Freebox,Réponse automatique répétitive,"@louixdks1 La messagerie privée X n’est plus disponible, et nous en sommes désolés.\nEn cas de besoi..."
4725,1861387590617690508,Freebox,Message automatique Freebox,Réponse automatique répétitive,@herv964 La messagerie X n’est plus disponible. Aussi je vous propose de nous contacter via Messenge...
4726,1861387798952980745,Freebox,Message automatique Freebox,Réponse automatique répétitive,@ZakariaBekhtao4 La messagerie X n’est plus disponible. Aussi je vous propose de nous contacter via ...
4727,1861387977034813688,Freebox,Message automatique Freebox,Réponse automatique répétitive,"@iwagakure__ La messagerie privée X n’est plus disponible, et nous en sommes désolés.\nEn cas de bes..."
4728,1861387988627800198,Freebox,Message automatique Freebox,Réponse automatique répétitive,@BennyLhermite La messagerie X n’est plus disponible. Aussi je vous propose de nous contacter via Me...
4730,1861388172040519945,Freebox,Message automatique Freebox,Réponse automatique répétitive,"@kilian_dubot La messagerie privée X n’est plus disponible, et nous en sommes désolés.\nEn cas de be..."
4731,1861388234627936631,Freebox,Message automatique Freebox,Réponse automatique répétitive,@basher1822 La messagerie X n’est plus disponible. Aussi je vous propose de nous contacter via Messe...
4732,1861388289447535056,Freebox,Message automatique Freebox,Réponse automatique répétitive,"@Tiimera_ La messagerie privée X n’est plus disponible, et nous en sommes désolés.\nEn cas de besoin..."
4733,1861388462529696077,Freebox,Message automatique Freebox,Réponse automatique répétitive,"@alessio_alpha La messagerie privée X n’est plus disponible, et nous en sommes désolés.\nEn cas de b..."
4734,1861388778838905248,Freebox,Message automatique Freebox,Réponse automatique répétitive,"@gargouilleland La messagerie privée X n’est plus disponible, et nous en sommes désolés.\nEn cas de ..."
4735,1861389120318152816,Freebox,Message automatique Freebox,Réponse automatique répétitive,"@BanDy_CoD La messagerie privée X n’est plus disponible, et nous en sommes désolés.\nEn cas de besoi..."
4736,1861389233002348832,Freebox,Message automatique Freebox,Réponse automatique répétitive,"@GeekFamilyCorp La messagerie privée X n’est plus disponible, et nous en sommes désolés.\nEn cas de ..."
4737,1861389370407665724,Freebox,Message automatique Freebox,Réponse automatique répétitive,"@Aarkagil La messagerie privée X n’est plus disponible, et nous en sommes désolés.\nEn cas de besoin..."
4738,1861390044595921351,Freebox,Message automatique Freebox,Réponse automatique répétitive,"@GeekFamilyCorp La messagerie privée X n’est plus disponible, et nous en sommes désolés.\nEn cas de ..."
4740,1861390506413940957,Freebox,Message automatique Freebox,Réponse automatique répétitive,"@Mohamed46435314 La messagerie privée X n’est plus disponible, et nous en sommes désolés.\nEn cas de..."
4741,1861390851366097190,Freebox,Message automatique Freebox,Réponse automatique répétitive,"@olivier_bro La messagerie privée X n’est plus disponible, et nous en sommes désolés.\nEn cas de bes..."
4742,1861391245441892391,Freebox,Message automatique Freebox,Réponse automatique répétitive,"@epo84 La messagerie privée X n’est plus disponible, et nous en sommes désolés.\nEn cas de besoin, j..."
4743,1861391397338689885,Freebox,Message automatique Freebox,Réponse automatique répétitive,"@mathildecmra La messagerie privée X n’est plus disponible, et nous en sommes désolés.\nEn cas de be..."
4744,1861391745700794596,Freebox,Message automatique Freebox,Réponse automatique répétitive,"@aleksey_tk La messagerie privée X n’est plus disponible, et nous en sommes désolés.\nEn cas de beso..."
4745,1861391879775907986,Freebox,Message automatique Freebox,Réponse automatique répétitive,"@KasojW La messagerie privée X n’est plus disponible, et nous en sommes désolés.\nEn cas de besoin, ..."
4746,1861396750113599514,Freebox,Message automatique Freebox,Réponse automatique répétitive,"@ShootNet La messagerie privée X n’est plus disponible, et nous en sommes désolés.\nEn cas de besoin..."
4748,1861396995551739955,Freebox,Message automatique Freebox,Réponse automatique répétitive,"@KCFreshPrince__ La messagerie privée X n’est plus disponible, et nous en sommes désolés.\nEn cas de..."
4749,1861397553801027939,Freebox,Message automatique Freebox,Réponse automatique répétitive,"@oceceThePooh La messagerie privée X n’est plus disponible, et nous en sommes désolés.\nEn cas de be..."
4750,1861397841584800138,Freebox,Message automatique Freebox,Réponse automatique répétitive,"@Givrol La messagerie privée X n’est plus disponible, et nous en sommes désolés.\nEn cas de besoin, ..."
4751,1861398360940237094,Freebox,Message automatique Freebox,Réponse automatique répétitive,"@CoinPrive La messagerie privée X n’est plus disponible, et nous en sommes désolés.\nEn cas de besoi..."
4752,1861398697059168279,Freebox,Message automatique Freebox,Réponse automatique répétitive,"@vignolstephane La messagerie privée X n’est plus disponible, et nous en sommes désolés.\nEn cas de ..."
4753,1861399597354041713,Freebox,Message automatique Freebox,Réponse automatique répétitive,"@sandromichel19 La messagerie privée X n’est plus disponible, et nous en sommes désolés.\nEn cas de ..."
4754,1861400268249702677,Freebox,Message automatique Freebox,Réponse automatique répétitive,"@WaBiiiiZ La messagerie privée X n’est plus disponible, et nous en sommes désolés.\nEn cas de besoin..."
4755,1861402042654228769,Freebox,Message automatique Freebox,Réponse automatique répétitive,"@ZdlehO La messagerie privée X n’est plus disponible, et nous en sommes désolés.\nEn cas de besoin, ..."
4756,1861402277455462627,Freebox,Message automatique Freebox,Réponse automatique répétitive,"@FareRMAA La messagerie privée X n’est plus disponible, et nous en sommes désolés.\nEn cas de besoin..."
4757,1861402477037314322,Freebox,Message automatique Freebox,Réponse automatique répétitive,"@the_atthis La messagerie privée X n’est plus disponible, et nous en sommes désolés.\nEn cas de beso..."
4758,1861403007616794754,Freebox,Message automatique Freebox,Réponse automatique répétitive,"@stmanfr La messagerie privée X n’est plus disponible, et nous en sommes désolés.\nEn cas de besoin,..."
4759,1861403498161561793,Freebox,Message automatique Freebox,Réponse automatique répétitive,"@Eric_Vanwa La messagerie privée X n’est plus disponible, et nous en sommes désolés.\nEn cas de beso..."
4760,1861403818459549964,Freebox,Message automatique Freebox,Réponse automatique répétitive,"@qalfinfinity_ La messagerie privée X n’est plus disponible, et nous en sommes désolés.\nEn cas de b..."
4761,1861404057824268606,Freebox,Message automatique Freebox,Réponse automatique répétitive,"@Driwx_ La messagerie privée X n’est plus disponible, et nous en sommes désolés.\nEn cas de besoin, ..."
4762,1861404247029322202,Freebox,Message automatique Freebox,Réponse automatique répétitive,"@WalterManon La messagerie privée X n’est plus disponible, et nous en sommes désolés.\nEn cas de bes..."
4763,1861404405695693271,Freebox,Message automatique Freebox,Réponse automatique répétitive,"@OccasionLivres La messagerie privée X n’est plus disponible, et nous en sommes désolés.\nEn cas de ..."
4764,1861404560058642574,Freebox,Message automatique Freebox,Réponse automatique répétitive,"@ELTURKO2967 La messagerie privée X n’est plus disponible, et nous en sommes désolés.\nEn cas de bes..."
4765,1861405734929355090,Freebox,Message automatique Freebox,Réponse automatique répétitive,"@xordprod La messagerie privée X n’est plus disponible, et nous en sommes désolés.\nEn cas de besoin..."
4782,1861848791919251807,Mrnlnl11,Spam/Promotion,Spam ou promotion non pertinente,@free C’est quoi cette nouveauté on ne peut plus mettre en pause la télé et quand on reprend passer ...
4813,1862770212128370693,Freebox,Message automatique Freebox,Réponse automatique répétitive,"@NiK44fr La messagerie privée X n’est plus disponible, et nous en sommes désolés. \n\nSi c'est toujo..."
4830,1863191206911524979,laurent94504368,Spam/Promotion,Spam ou promotion non pertinente,@free Si ça pouvait être un nouveau Player tv afin de ne plus avoir le décalage entre le son et l'im...
4853,1863858605117641203,AloshiMK,Spam/Promotion,Spam ou promotion non pertinente,"@free N'importe quoi, il est où le nouveau player ?"
4854,1863860772142494189,BgNyc31,Spam/Promotion,Spam ou promotion non pertinente,@free Je m attendais vraiment a autre chose 💩
4858,1863873239849590863,Freebox,Message automatique Freebox,Réponse automatique répétitive,"@_PlutoSZN Désolé pour notre temps de réponse 🙏\n\nLa messagerie privée X n’est plus disponible, et ..."
4860,1863874067058614417,Freebox,Message automatique Freebox,Réponse automatique répétitive,"@Nawmfell1 Désolé pour notre temps de réponse 🙏\n\nLa messagerie privée X n’est plus disponible, et ..."
4863,1863898015741673665,Freebox,Message automatique Freebox,Réponse automatique répétitive,"@petitelili69 Désolé pour notre temps de réponse 🙏\n\nLa messagerie privée X n’est plus disponible, ..."
4864,1863898199288619240,Freebox,Message automatique Freebox,Réponse automatique répétitive,"@tounsi91111 Désolé pour notre temps de réponse 🙏\n\nLa messagerie privée X n’est plus disponible, e..."
4866,1863911341171376276,To_Lourenco,Spam/Promotion,Spam ou promotion non pertinente,"@GroupeIliad @free Les actuels abonnés, quand à eux, peuvent crever…\nRien de nouveau sous le soleil..."
4867,1863920415610978661,Freebox,Message automatique Freebox,Réponse automatique répétitive,"@PierrickRenoult La messagerie privée X n’est plus disponible, et nous en sommes désolés PierrickRen..."
4868,1863920585878757496,Freebox,Message automatique Freebox,Réponse automatique répétitive,"@Lilitweet5 La messagerie privée X n’est plus disponible, et nous en sommes désolés.\n\nPour toute d..."
4870,1863923949341442440,Freebox,Message automatique Freebox,Réponse automatique répétitive,"@yasssinesss La messagerie privée X n’est plus disponible, et nous en sommes désolés.\n\nPour toute ..."
4871,1863924633423978968,Freebox,Message automatique Freebox,Réponse automatique répétitive,"@LvP La messagerie privée X n’est plus disponible, et nous en sommes désolés.\n\nPouvez-vous nous re..."
4872,1863926954514137315,Freebox,Message automatique Freebox,Réponse automatique répétitive,"@juliem003 La messagerie privée X n’est plus disponible, et nous en sommes désolés juliem003\n\nRetr..."
4873,1863926979054985525,Freebox,Message automatique Freebox,Réponse automatique répétitive,"@UnVisible_Of La messagerie privée X n’est plus disponible, et nous en sommes désolés.\n\nVous n'ave..."
4874,1863927109711749331,Freebox,Message automatique Freebox,Réponse automatique répétitive,"@Nizardisabelle La messagerie privée X n’est plus disponible, et nous en sommes désolés Nizardisabel..."
4875,1863928840512290942,Freebox,Message automatique Freebox,Réponse automatique répétitive,"@julienthemonkey La messagerie privée X n’est plus disponible, et nous en sommes désolés.\n\nPouvez-..."
4876,1863929848613282014,Freebox,Message automatique Freebox,Réponse automatique répétitive,"@AnnoyedUsager La messagerie privée X n’est plus disponible, et nous en sommes désolés.\n\nPouvez-vo..."
4877,1863932316445229212,Freebox,Message automatique Freebox,Réponse automatique répétitive,"@Christ_off_vin La messagerie privée X n’est plus disponible, et nous en sommes désolés.\n\nPouvez-v..."
4878,1863933029577544078,Freebox,Message automatique Freebox,Réponse automatique répétitive,"@httpsday__ La messagerie privée X n’est plus disponible, et nous en sommes désolés.\n\nPouvez-vous ..."
4879,1863933144090431823,Freebox,Message automatique Freebox,Réponse automatique répétitive,"@Angela_flr La messagerie privée X n’est plus disponible, et nous en sommes désolés.\n\nVous n'avez ..."
4880,1863933713412718725,Freebox,Message automatique Freebox,Réponse automatique répétitive,"@GFdj201770157 La messagerie privée X n’est plus disponible, et nous en sommes désolés.\n\nPouvez-vo..."
4881,1863933912411431088,Freebox,Message automatique Freebox,Réponse automatique répétitive,"@AmineHafrit La messagerie privée X n’est plus disponible, et nous en sommes désolés.\n\nPouvez-vous..."
4882,1863936006514254183,Freebox,Message automatique Freebox,Réponse automatique répétitive,"@bluestblues13 La messagerie privée X n’est plus disponible, et nous en sommes désolés.\n\nPouvez-vo..."
4883,1863936686788358481,Freebox,Message automatique Freebox,Réponse automatique répétitive,"@pauline_loicia La messagerie privée X n’est plus disponible, et nous en sommes désolés.\n\nPouvez-v..."
4884,1863938334822637989,Freebox,Message automatique Freebox,Réponse automatique répétitive,"@sanga_kai La messagerie privée X n’est plus disponible, et nous en sommes désolés.\n\nPouvez-vous n..."
4885,1863940588590055811,Freebox,Message automatique Freebox,Réponse automatique répétitive,"@Noumiyo_ La messagerie privée X n’est plus disponible, et nous en sommes désolés.\n\nPouvez-vous no..."
4887,1863962962999873968,4xanaa_,Spam/Promotion,Spam ou promotion non pertinente,@Freebox Bonsoir j’ai des questions sur ma souscription freebox et vous n’êtes joignable sur aucun s...
4938,1864598762712121840,Freebox,Message automatique Freebox,Réponse automatique répétitive,@BetweenTimein La messagerie X n’est plus disponible. Mais je vous propose de nous contacter via Mes...
4939,1864598929037263262,Freebox,Message automatique Freebox,Réponse automatique répétitive,@brav_steph La messagerie X n’est plus disponible. Mais je vous propose de nous contacter via Messen...
4940,1864599181710508128,Freebox,Message automatique Freebox,Réponse automatique répétitive,"@KaTaNaCorleone Bonjour,\n\nLa messagerie privée X n’est plus disponible, et nous en sommes désolés...."
4941,1864599425265377388,Freebox,Message automatique Freebox,Réponse automatique répétitive,@sandromichel19 La messagerie X n’est plus disponible. Mais je vous propose de nous contacter via Me...
4942,1864599608829047147,Freebox,Message automatique Freebox,Réponse automatique répétitive,"@BlackPowder44 La messagerie privée X n’est plus disponible, et nous en sommes désolés.\nEn cas de b..."
4943,1864599769563214033,Freebox,Message automatique Freebox,Réponse automatique répétitive,"@GurPier La messagerie privée X n’est plus disponible, et nous en sommes désolés.\nEn cas de besoin,..."
4944,1864600170660254137,Freebox,Message automatique Freebox,Réponse automatique répétitive,"@vaness_h8 La messagerie privée X n’est plus disponible, et nous en sommes désolés.\nEn cas de besoi..."
4945,1864601642953236612,Freebox,Message automatique Freebox,Réponse automatique répétitive,@Mrnlnl11 La messagerie X n’est plus disponible. Mais je vous propose de nous contacter via Messenge...
4946,1864601815322337306,Freebox,Message automatique Freebox,Réponse automatique répétitive,"@el_manouch59 La messagerie privée X n’est plus disponible, et nous en sommes désolés.\nEn cas de be..."
4947,1864602025847148745,Freebox,Message automatique Freebox,Réponse automatique répétitive,"@AMachefer La messagerie privée X n’est plus disponible, et nous en sommes désolés.\nEn cas de besoi..."
4948,1864602164611383768,Freebox,Message automatique Freebox,Réponse automatique répétitive,@EseOne92 La messagerie X n’est plus disponible. Mais je vous propose de nous contacter via Messenge...
4949,1864602732658651389,Freebox,Message automatique Freebox,Réponse automatique répétitive,"@_Milazz La messagerie privée X n’est plus disponible, et nous en sommes désolés.\nEn cas de besoin,..."
4950,1864602807774413252,Freebox,Message automatique Freebox,Réponse automatique répétitive,@_Milazz La messagerie X n’est plus disponible. Mais je vous propose de nous contacter via Messenger...
4951,1864602982790140169,Freebox,Message automatique Freebox,Réponse automatique répétitive,@invmorata La messagerie X n’est plus disponible. Mais je vous propose de nous contacter via Messeng...
4952,1864602996287430746,Freebox,Message automatique Freebox,Réponse automatique répétitive,"@invmorata La messagerie privée X n’est plus disponible, et nous en sommes désolés.\nEn cas de besoi..."
4954,1864603099484102922,Freebox,Message automatique Freebox,Réponse automatique répétitive,@HistoireDaniel La messagerie X n’est plus disponible. Mais je vous propose de nous contacter via Me...
4955,1864603131738259491,Freebox,Message automatique Freebox,Réponse automatique répétitive,"@tayshin_n La messagerie privée X n’est plus disponible, et nous en sommes désolés.\nEn cas de besoi..."
4957,1864603246242779285,Freebox,Message automatique Freebox,Réponse automatique répétitive,"@Tinki_Winki237 La messagerie privée X n’est plus disponible, et nous en sommes désolés.\nEn cas de ..."
4958,1864603849404682461,Freebox,Message automatique Freebox,Réponse automatique répétitive,@laurent94504368 La messagerie X n’est plus disponible. Mais je vous propose de nous contacter via M...
4959,1864604227806347562,Freebox,Message automatique Freebox,Réponse automatique répétitive,"@ChloeMollet La messagerie privée X n’est plus disponible, et nous en sommes désolés.\nEn cas de bes..."
4960,1864604247079174514,Freebox,Message automatique Freebox,Réponse automatique répétitive,@SuRVoLT69 La messagerie X n’est plus disponible. Mais je vous propose de nous contacter via Messeng...
4961,1864604323662954712,Freebox,Message automatique Freebox,Réponse automatique répétitive,"@c3ltr0ck La messagerie privée X n’est plus disponible, et nous en sommes désolés.\nEn cas de besoin..."
4962,1864604475698155764,Freebox,Message automatique Freebox,Réponse automatique répétitive,"@fabrice78630 La messagerie privée X n’est plus disponible, et nous en sommes désolés.\nEn cas de be..."
4964,1864604987789119740,Freebox,Message automatique Freebox,Réponse automatique répétitive,"@calimero76750 La messagerie privée X n’est plus disponible, et nous en sommes désolés.\nEn cas de b..."
4965,1864605152361033854,Freebox,Message automatique Freebox,Réponse automatique répétitive,"@Fred_Dumoulin La messagerie privée X n’est plus disponible, et nous en sommes désolés.\nEn cas de b..."
4966,1864605933420028113,Freebox,Message automatique Freebox,Réponse automatique répétitive,@Samain__ La messagerie X n’est plus disponible. Mais je vous propose de nous contacter via Messenge...
4967,1864605971718307959,Freebox,Message automatique Freebox,Réponse automatique répétitive,"@Djoudj_Dev La messagerie privée X n’est plus disponible, et nous en sommes désolés.\nEn cas de beso..."
4968,1864606167399281056,Freebox,Message automatique Freebox,Réponse automatique répétitive,"@SavastanoPepito La messagerie privée X n’est plus disponible, et nous en sommes désolés.\nEn cas de..."
4969,1864606495112933744,Freebox,Message automatique Freebox,Réponse automatique répétitive,"@greee_fr La messagerie privée X n’est plus disponible, et nous en sommes désolés.\nEn cas de besoin..."
4970,1864606648100143438,Freebox,Message automatique Freebox,Réponse automatique répétitive,"@zzzzzzzzzzzxd La messagerie privée X n’est plus disponible, et nous en sommes désolés.\nEn cas de b..."
4971,1864607129383919617,Freebox,Message automatique Freebox,Réponse automatique répétitive,"@VinGasoil31 La messagerie privée X n’est plus disponible, et nous en sommes désolés.\nEn cas de bes..."
4972,1864607425203970135,Freebox,Message automatique Freebox,Réponse automatique répétitive,@PriscaJufre La messagerie X n’est plus disponible. Mais je vous propose de nous contacter via Messe...
4973,1864607484888945061,Freebox,Message automatique Freebox,Réponse automatique répétitive,"@asaron_ La messagerie privée X n’est plus disponible, et nous en sommes désolés.\nEn cas de besoin,..."
4974,1864607503478067462,Freebox,Message automatique Freebox,Réponse automatique répétitive,@dailychieuse La messagerie X n’est plus disponible. Mais je vous propose de nous contacter via Mess...
4975,1864608543493484854,Freebox,Message automatique Freebox,Réponse automatique répétitive,"@dil681 La messagerie privée X n’est plus disponible, et nous en sommes désolés.\nEn cas de besoin, ..."
4976,1864608706903658533,Freebox,Message automatique Freebox,Réponse automatique répétitive,@sebastienbarris La messagerie X n’est plus disponible. Mais je vous propose de nous contacter via M...
4977,1864608893311000888,Freebox,Message automatique Freebox,Réponse automatique répétitive,@fannyG57024416 La messagerie X n’est plus disponible. Mais je vous propose de nous contacter via Me...
4978,1864608992804094386,Freebox,Message automatique Freebox,Réponse automatique répétitive,@Watzuki1 La messagerie X n’est plus disponible. Mais je vous propose de nous contacter via Messenge...
4979,1864609055219568789,Freebox,Message automatique Freebox,Réponse automatique répétitive,"@dutchindesign La messagerie privée X n’est plus disponible, et nous en sommes désolés.\nEn cas de b..."
4980,1864609100694274275,Freebox,Message automatique Freebox,Réponse automatique répétitive,@Chaacha_Psg La messagerie X n’est plus disponible. Mais je vous propose de nous contacter via Messe...
4981,1864609215077032079,Freebox,Message automatique Freebox,Réponse automatique répétitive,@w_Black_Brid_w La messagerie X n’est plus disponible. Mais je vous propose de nous contacter via Me...
4982,1864609230688268795,Freebox,Message automatique Freebox,Réponse automatique répétitive,"@goully63 La messagerie privée X n’est plus disponible, et nous en sommes désolés.\nEn cas de besoin..."
4983,1864609656867270883,Freebox,Message automatique Freebox,Réponse automatique répétitive,@lebinkz La messagerie X n’est plus disponible. Mais je vous propose de nous contacter via Messenger...
4984,1864609762647683372,Freebox,Message automatique Freebox,Réponse automatique répétitive,"@NabilBenet La messagerie privée X n’est plus disponible, et nous en sommes désolés.\nEn cas de beso..."
4985,1864609900615115100,Freebox,Message automatique Freebox,Réponse automatique répétitive,@g0lden92 La messagerie X n’est plus disponible. Mais je vous propose de nous contacter via Messenge...
4986,1864609902406095042,Freebox,Message automatique Freebox,Réponse automatique répétitive,"@milkarat La messagerie privée X n’est plus disponible, et nous en sommes désolés.\nEn cas de besoin..."
4987,1864612236922093978,Freebox,Message automatique Freebox,Réponse automatique répétitive,"@olloudios La messagerie privée X n’est plus disponible, et nous en sommes désolés.\nEn cas de besoi..."
4988,1864612785293860938,Freebox,Message automatique Freebox,Réponse automatique répétitive,@WalidNEHAL La messagerie X n’est plus disponible. Mais je vous propose de nous contacter via Messen...
4989,1864613038986272979,Freebox,Message automatique Freebox,Réponse automatique répétitive,@MrExalight La messagerie X n’est plus disponible. Mais je vous propose de nous contacter via Messen...
4990,1864613219483967832,Freebox,Message automatique Freebox,Réponse automatique répétitive,"@mutethem La messagerie privée X n’est plus disponible, et nous en sommes désolés.\nEn cas de besoin..."
4991,1864613610346922007,Freebox,Message automatique Freebox,Réponse automatique répétitive,@osarrouy La messagerie X n’est plus disponible. Mais je vous propose de nous contacter via Messenge...
4992,1864613772175814669,Freebox,Message automatique Freebox,Réponse automatique répétitive,@mayaSelfDefense La messagerie X n’est plus disponible. Mais je vous propose de nous contacter via M...
4993,1864613897635832075,Freebox,Message automatique Freebox,Réponse automatique répétitive,@jerome_anjou @baugeenanjou La messagerie X n’est plus disponible. Mais je vous propose de nous cont...
4994,1864614000157204761,Freebox,Message automatique Freebox,Réponse automatique répétitive,@PiinkGurlz La messagerie X n’est plus disponible. Mais je vous propose de nous contacter via Messen...
4995,1864614138455998811,Freebox,Message automatique Freebox,Réponse automatique répétitive,@bvgoat2 La messagerie X n’est plus disponible. Mais je vous propose de nous contacter via Messenger...
4998,1864654668837601612,Freebox,Message automatique Freebox,Réponse automatique répétitive,"@pharaon_alain Bonjour,\n\nLa messagerie privée X n’est plus disponible, et nous en sommes désolés. ..."
5007,1864707116956619122,Freebox,Message automatique Freebox,Réponse automatique répétitive,"@IsmahaneBen La messagerie privée X n’est plus disponible, et nous en sommes désolés.\nEn cas de bes..."
5028,1865004088447914049,Gwn_aL,Message automatique Freebox,Réponse automatique répétitive,"Vous me rendez fou @free ! C’est devenu compliqué de vous joindre, j’envoie un message sur messenger..."
5040,1865104879963783614,SirobTar,Message automatique Freebox,Réponse automatique répétitive,"Hey! @free malgré plusieurs tentatives via Messenger, nous n’avons pas eu de retour concernant notre..."
5085,1866479078330495128,Freebox,Message automatique Freebox,Réponse automatique répétitive,"@Valoupeentn Désolé pour notre temps de réponse 🙏\n\nLa messagerie privée X n’est plus disponible, e..."
5086,1866479438466048180,Freebox,Message automatique Freebox,Réponse automatique répétitive,"@Maths78jl Désolé pour notre temps de réponse 🙏\n\nLa messagerie privée X n’est plus disponible, et ..."
5089,1866484848157712775,Freebox,Message automatique Freebox,Réponse automatique répétitive,"@Zmlolz Désolé pour notre temps de réponse 🙏\n\nLa messagerie privée X n’est plus disponible, et nou..."
5090,1866485087279235342,Freebox,Message automatique Freebox,Réponse automatique répétitive,"@franckfu La messagerie privée X n’est plus disponible, et nous en sommes désolés.\nEn cas de besoin..."
5091,1866485768115331370,Freebox,Message automatique Freebox,Réponse automatique répétitive,"@frnckwnnts La messagerie privée X n’est plus disponible, et nous en sommes désolés.\nEn cas de beso..."
5092,1866486063948091884,Freebox,Message automatique Freebox,Réponse automatique répétitive,"@FanPeltier La messagerie privée X n’est plus disponible, et nous en sommes désolés.\nEn cas de beso..."
5093,1866486277882658907,Freebox,Message automatique Freebox,Réponse automatique répétitive,"@pierrelezan La messagerie privée X n’est plus disponible, et nous en sommes désolés.\nEn cas de bes..."
5094,1866486770356863210,Freebox,Message automatique Freebox,Réponse automatique répétitive,"@NiK44fr La messagerie privée X n’est plus disponible, et nous en sommes désolés.\nVous n'avez pas e..."
5095,1866487016453472704,Freebox,Message automatique Freebox,Réponse automatique répétitive,"@Cdrx06 La messagerie privée X n’est plus disponible, et nous en sommes désolés.\nEn cas de besoin, ..."
5096,1866487777946120510,Freebox,Message automatique Freebox,Réponse automatique répétitive,"@ShootNet La messagerie privée X n’est plus disponible, et nous en sommes désolés.\nVous n'avez pas ..."
5097,1866488133681889785,Freebox,Message automatique Freebox,Réponse automatique répétitive,"@LetypoMkiii La messagerie privée X n’est plus disponible, et nous en sommes désolés.\nVous n'avez p..."
5098,1866490239709000151,Freebox,Message automatique Freebox,Réponse automatique répétitive,"@zhappyng La messagerie privée X n’est plus disponible, et nous en sommes désolés.\nVous n'avez pas ..."
5099,1866490943316082709,Freebox,Message automatique Freebox,Réponse automatique répétitive,"@mousquite La messagerie privée X n’est plus disponible, et nous en sommes désolés.\nVous n'avez pas..."
5100,1866491765634588938,Freebox,Message automatique Freebox,Réponse automatique répétitive,"@mohaa69h La messagerie privée X n’est plus disponible, et nous en sommes désolés.\nVous n'avez pas ..."
5101,1866493247725379787,Freebox,Message automatique Freebox,Réponse automatique répétitive,"@SadRaven La messagerie privée X n’est plus disponible, et nous en sommes désolés.\nVous n'avez pas ..."
5102,1866494200130211972,Freebox,Message automatique Freebox,Réponse automatique répétitive,"@Alexidrinho La messagerie privée X n’est plus disponible, et nous en sommes désolés.\nVous n'avez p..."
5103,1866498969527886002,Freebox,Message automatique Freebox,Réponse automatique répétitive,"@simflorian La messagerie privée X n’est plus disponible, et nous en sommes désolés.\nVous n'avez pa..."
5105,1866503917200199881,Freebox,Message automatique Freebox,Réponse automatique répétitive,"@ozofozneod La messagerie privée X n’est plus disponible, et nous en sommes désolés.\n\nPouvez-vous ..."
5106,1866504513382732196,Freebox,Message automatique Freebox,Réponse automatique répétitive,"@MagJuYT La messagerie privée X n’est plus disponible, et nous en sommes désolés.\n\nVous n'avez pas..."
5107,1866505726291476734,Freebox,Message automatique Freebox,Réponse automatique répétitive,"@VoltingRadio La messagerie privée X n’est plus disponible, et nous en sommes désolés.\n\nPouvez-vou..."
5108,1866507172474982585,Freebox,Message automatique Freebox,Réponse automatique répétitive,"@MAXMEL33 La messagerie privée X n’est plus disponible, et nous en sommes désolés.\n\nPouvez-vous no..."
5109,1866507347197092164,Freebox,Message automatique Freebox,Réponse automatique répétitive,"@PlugNX La messagerie privée X n’est plus disponible, et nous en sommes désolés.\n\nPouvez-vous nous..."
5110,1866508099655282863,Freebox,Message automatique Freebox,Réponse automatique répétitive,"@TrunksSeiei La messagerie privée X n’est plus disponible, et nous en sommes désolés.\n\nPouvez-vous..."
5111,1866508765815509278,Freebox,Message automatique Freebox,Réponse automatique répétitive,"@AloshiMK La messagerie privée X n’est plus disponible, et nous en sommes désolés.\n\nPouvez-vous no..."
5112,1866510379041321156,Freebox,Message automatique Freebox,Réponse automatique répétitive,"@BgNyc31 La messagerie privée X n’est plus disponible, et nous en sommes désolés.\n\nPouvez-vous nou..."
5113,1866512293380358509,Freebox,Message automatique Freebox,Réponse automatique répétitive,"@AdriaTech51 La messagerie privée X n’est plus disponible, et nous en sommes désolés.\n\nPouvez-vous..."
5114,1866512747640312269,Freebox,Message automatique Freebox,Réponse automatique répétitive,"@lamignoncite237 La messagerie privée X n’est plus disponible, et nous en sommes désolés.\n\nVous n'..."
5129,1866834209920200934,Freebox,Message automatique Freebox,Réponse automatique répétitive,"@Ladhuieb29 La messagerie privée X n’est plus disponible, et nous en sommes désolés.\nVous n'avez pa..."
5131,1866856622837920133,Freebox,Message automatique Freebox,Réponse automatique répétitive,"@VideauKyllian La messagerie privée X n’est plus disponible, et nous en sommes désolés. \n\nRetrouve..."
5132,1866859305636364302,Freebox,Message automatique Freebox,Réponse automatique répétitive,"@peterkeates La messagerie privée X n’est plus disponible, et nous en sommes désolés.\n\nPouvez-vous..."
5133,1866859896806748263,Freebox,Message automatique Freebox,Réponse automatique répétitive,"@JeanHlib La messagerie privée X n’est plus disponible, et nous en sommes désolés.\n\nPouvez-vous no..."
5134,1866859922299777269,Freebox,Message automatique Freebox,Réponse automatique répétitive,"@rico4942 Désolé pour notre temps de réponse 🙏\nLa messagerie privée X n’est plus disponible, et nou..."
5135,1866860241356275912,Freebox,Message automatique Freebox,Réponse automatique répétitive,"@Beluga3131A La messagerie privée X n’est plus disponible, et nous en sommes désolés.\n\nPouvez-vous..."
5136,1866860325225517433,Freebox,Message automatique Freebox,Réponse automatique répétitive,"@To_Lourenco Désolé pour notre temps de réponse 🙏\nLa messagerie privée X n’est plus disponible, et ..."
5137,1866861692841246951,Freebox,Message automatique Freebox,Réponse automatique répétitive,"@phizzl_e La messagerie privée X n’est plus disponible, et nous en sommes désolés.\nVous n'avez pas ..."
5139,1866863053825855619,Freebox,Message automatique Freebox,Réponse automatique répétitive,"@Makaveli637 La messagerie privée X n’est plus disponible, et nous en sommes désolés.\n\nPouvez-vous..."
5141,1866869050518692279,Freebox,Message automatique Freebox,Réponse automatique répétitive,"@Noshield_ La messagerie privée X n’est plus disponible, et nous en sommes désolés.\nVous n'avez pas..."
5142,1866872748523335697,Freebox,Message automatique Freebox,Réponse automatique répétitive,"@shaneedlin La messagerie privée X n’est plus disponible, et nous en sommes désolés.\nVous n'avez pa..."
5143,1866873691100905599,Freebox,Message automatique Freebox,Réponse automatique répétitive,"@Tiffany_Bgl La messagerie privée X n’est plus disponible, et nous en sommes désolés.\nVous n'avez p..."
5146,1866908532559241394,Freebox,Message automatique Freebox,Réponse automatique répétitive,"@adou281 La messagerie privée X n’est plus disponible, et nous en sommes désolés.\nEn cas de besoin,..."
5147,1866909046541832312,Freebox,Message automatique Freebox,Réponse automatique répétitive,"@Orgetorix7 La messagerie privée X n’est plus disponible, et nous en sommes désolés.\nEn cas de beso..."
5148,1866909245536354485,Freebox,Message automatique Freebox,Réponse automatique répétitive,"@Tiffany_Bgl La messagerie privée X n’est plus disponible, et nous en sommes désolés.\nEn cas de bes..."
5149,1866909399245111599,Freebox,Message automatique Freebox,Réponse automatique répétitive,"@Metallica_ls La messagerie privée X n’est plus disponible, et nous en sommes désolés.\nEn cas de be..."
5150,1866909551389290944,Freebox,Message automatique Freebox,Réponse automatique répétitive,"@RomainMad La messagerie privée X n’est plus disponible, et nous en sommes désolés.\nEn cas de besoi..."
5151,1866909650966257740,Freebox,Message automatique Freebox,Réponse automatique répétitive,@RomainMad La messagerie X n’est plus disponible. Aussi je vous propose de nous contacter via Messen...
5152,1866909739403124996,Freebox,Message automatique Freebox,Réponse automatique répétitive,"@Ph_Mazen La messagerie privée X n’est plus disponible, et nous en sommes désolés.\nEn cas de besoin..."
5153,1866909850434736282,Freebox,Message automatique Freebox,Réponse automatique répétitive,"@Ratsrod La messagerie privée X n’est plus disponible, et nous en sommes désolés. \n\nSi c'est toujo..."
5154,1866909863005090228,Freebox,Message automatique Freebox,Réponse automatique répétitive,@Jeje57100 La messagerie X n’est plus disponible. Aussi je vous propose de nous contacter via Messen...
5155,1866910236285481262,Freebox,Message automatique Freebox,Réponse automatique répétitive,@yano2306 La messagerie X n’est plus disponible. Aussi je vous propose de nous contacter via Messeng...
5156,1866910410592395580,Freebox,Message automatique Freebox,Réponse automatique répétitive,@kaghorii La messagerie X n’est plus disponible. Aussi je vous propose de nous contacter via Messeng...
5157,1866910910696030514,Freebox,Message automatique Freebox,Réponse automatique répétitive,@OlivSalted La messagerie X n’est plus disponible. Aussi je vous propose de nous contacter via Messe...
5158,1866911102098960685,Freebox,Message automatique Freebox,Réponse automatique répétitive,@Wsyy__ La messagerie X n’est plus disponible. Aussi je vous propose de nous contacter via Messenger...
5159,1866911116296700027,Freebox,Message automatique Freebox,Réponse automatique répétitive,"@Peter_Burger_ La messagerie privée X n’est plus disponible, et nous en sommes désolés.\nEn cas de b..."
5160,1866911300678303883,Freebox,Message automatique Freebox,Réponse automatique répétitive,@d2risto La messagerie X n’est plus disponible. Aussi je vous propose de nous contacter via Messenge...
5161,1866911540743450883,Freebox,Message automatique Freebox,Réponse automatique répétitive,@Scarlett_JDR La messagerie X n’est plus disponible. Aussi je vous propose de nous contacter via Mes...
5162,1866911978918183160,Freebox,Message automatique Freebox,Réponse automatique répétitive,@Stephanek51 La messagerie X n’est plus disponible. Aussi je vous propose de nous contacter via Mess...
5163,1866911979278868920,Freebox,Message automatique Freebox,Réponse automatique répétitive,"@Stephanek51 La messagerie privée X n’est plus disponible, et nous en sommes désolés.\nEn cas de bes..."
5164,1866912067925528606,Freebox,Message automatique Freebox,Réponse automatique répétitive,"@ilias_asma La messagerie privée X n’est plus disponible, et nous en sommes désolés.\nEn cas de beso..."
5165,1866912425083089291,Freebox,Message automatique Freebox,Réponse automatique répétitive,"@SonYouni58O3 La messagerie privée X n’est plus disponible, et nous en sommes désolés.\nEn cas de be..."
5166,1866912425322143881,Freebox,Message automatique Freebox,Réponse automatique répétitive,@DampsTiti6146 La messagerie X n’est plus disponible. Aussi je vous propose de nous contacter via Me...
5167,1866912523229790699,Freebox,Message automatique Freebox,Réponse automatique répétitive,@OxygenClaw La messagerie X n’est plus disponible. Aussi je vous propose de nous contacter via Messe...
5168,1866912718688502005,Freebox,Message automatique Freebox,Réponse automatique répétitive,@CC91564 La messagerie X n’est plus disponible. Aussi je vous propose de nous contacter via Messenge...
5169,1866912726733259193,Freebox,Message automatique Freebox,Réponse automatique répétitive,"@UnRoumainCPE La messagerie privée X n’est plus disponible, et nous en sommes désolés.\nEn cas de be..."
5170,1866912880408264982,Freebox,Message automatique Freebox,Réponse automatique répétitive,@dolpino6 La messagerie X n’est plus disponible. Aussi je vous propose de nous contacter via Messeng...
5171,1866913079813902534,Freebox,Message automatique Freebox,Réponse automatique répétitive,@Sophie01371 La messagerie X n’est plus disponible. Aussi je vous propose de nous contacter via Mess...
5172,1866913440691827028,Freebox,Message automatique Freebox,Réponse automatique répétitive,@GuillaumeVlt1 La messagerie X n’est plus disponible. Aussi je vous propose de nous contacter via Me...
5173,1866913963180486962,Freebox,Message automatique Freebox,Réponse automatique répétitive,@Seb49M La messagerie X n’est plus disponible. Aussi je vous propose de nous contacter via Messenger...
5174,1866913978321887289,Freebox,Message automatique Freebox,Réponse automatique répétitive,"@BR4204 La messagerie privée X n’est plus disponible, et nous en sommes désolés.\nEn cas de besoin, ..."
5175,1866914087721976293,Freebox,Message automatique Freebox,Réponse automatique répétitive,"@mariebvlt La messagerie privée X n’est plus disponible, et nous en sommes désolés.\nEn cas de besoi..."
5176,1866914292747923574,Freebox,Message automatique Freebox,Réponse automatique répétitive,@Magali_L_ La messagerie X n’est plus disponible. Aussi je vous propose de nous contacter via Messen...
5177,1866914499879440417,Freebox,Message automatique Freebox,Réponse automatique répétitive,@Moi2507Toi La messagerie X n’est plus disponible. Aussi je vous propose de nous contacter via Messe...
5178,1866914505424253010,Freebox,Message automatique Freebox,Réponse automatique répétitive,"@Magali_L_ La messagerie privée X n’est plus disponible, et nous en sommes désolés.\nEn cas de besoi..."
5179,1866914648752005160,Freebox,Message automatique Freebox,Réponse automatique répétitive,@jaxhampton La messagerie X n’est plus disponible. Aussi je vous propose de nous contacter via Messe...
5180,1866914661330813402,Freebox,Message automatique Freebox,Réponse automatique répétitive,"@jaxhampton La messagerie privée X n’est plus disponible, et nous en sommes désolés.\nEn cas de beso..."
5181,1866914770693066825,Freebox,Message automatique Freebox,Réponse automatique répétitive,@Titisimoff La messagerie X n’est plus disponible. Aussi je vous propose de nous contacter via Messe...
5182,1866914883951796580,Freebox,Message automatique Freebox,Réponse automatique répétitive,"@Max_Marty La messagerie privée X n’est plus disponible, et nous en sommes désolés.\nEn cas de besoi..."
5183,1866914923608936460,Freebox,Message automatique Freebox,Réponse automatique répétitive,@Max_Marty La messagerie X n’est plus disponible. Aussi je vous propose de nous contacter via Messen...
5184,1866915054341238815,Freebox,Message automatique Freebox,Réponse automatique répétitive,"@maeva_liars La messagerie privée X n’est plus disponible, et nous en sommes désolés.\nEn cas de bes..."
5185,1866915322831241559,Freebox,Message automatique Freebox,Réponse automatique répétitive,"@AshleyMagnusAM La messagerie privée X n’est plus disponible, et nous en sommes désolés.\nEn cas de ..."
5186,1866915436618490328,Freebox,Message automatique Freebox,Réponse automatique répétitive,"@ReneMatzuzzi La messagerie privée X n’est plus disponible, et nous en sommes désolés.\nEn cas de be..."
5187,1866915617577525357,Freebox,Message automatique Freebox,Réponse automatique répétitive,"@HD_Solution La messagerie privée X n’est plus disponible, et nous en sommes désolés. \n\nSi c'est t..."
5188,1866915956699672747,Freebox,Message automatique Freebox,Réponse automatique répétitive,"@okcestrigolo La messagerie privée X n’est plus disponible, et nous en sommes désolés.\nEn cas de be..."
5189,1866916080330981656,Freebox,Message automatique Freebox,Réponse automatique répétitive,"@malovavanou La messagerie privée X n’est plus disponible, et nous en sommes désolés. \n\nSi c'est t..."
5190,1866916262065914133,Freebox,Message automatique Freebox,Réponse automatique répétitive,"@kerntwit La messagerie privée X n’est plus disponible, et nous en sommes désolés.\nEn cas de besoin..."
5191,1866916500650500098,Freebox,Message automatique Freebox,Réponse automatique répétitive,"@mimilapraline La messagerie privée X n’est plus disponible, et nous en sommes désolés.\nEn cas de b..."
5192,1866916780767105458,Freebox,Message automatique Freebox,Réponse automatique répétitive,"@deubeuliouuu6 La messagerie privée X n’est plus disponible, et nous en sommes désolés.\nEn cas de b..."
5193,1866917108916867527,Freebox,Message automatique Freebox,Réponse automatique répétitive,@Baled2020 La messagerie X n’est plus disponible. Aussi je vous propose de nous contacter via Messen...
5194,1866917614221455602,Freebox,Message automatique Freebox,Réponse automatique répétitive,"@SchlegelSy65026 La messagerie privée X n’est plus disponible, et nous en sommes désolés.\nEn cas de..."
5195,1866917671620550863,Freebox,Message automatique Freebox,Réponse automatique répétitive,@SchlegelSy65026 La messagerie X n’est plus disponible. Aussi je vous propose de nous contacter via ...
5196,1866917937384185899,Freebox,Message automatique Freebox,Réponse automatique répétitive,"@chris_6_2 La messagerie privée X n’est plus disponible, et nous en sommes désolés.\nEn cas de besoi..."
5197,1866918558007021629,Freebox,Message automatique Freebox,Réponse automatique répétitive,@Soinsuke La messagerie X n’est plus disponible. Aussi je vous propose de nous contacter via Messeng...
5198,1866918711799509368,Freebox,Message automatique Freebox,Réponse automatique répétitive,@pkconcept La messagerie X n’est plus disponible. Aussi je vous propose de nous contacter via Messen...
5199,1866918916326367243,Freebox,Message automatique Freebox,Réponse automatique répétitive,"@smmmkan La messagerie privée X n’est plus disponible, et nous en sommes désolés.\nEn cas de besoin,..."
5200,1866919031699087493,Freebox,Message automatique Freebox,Réponse automatique répétitive,"@Patricia117863 La messagerie privée X n’est plus disponible, et nous en sommes désolés. \n\nSi c'es..."
5201,1866919225329160475,Freebox,Message automatique Freebox,Réponse automatique répétitive,"@Omwami_Muteshi La messagerie privée X n’est plus disponible, et nous en sommes désolés.\nEn cas de ..."
5202,1866919498688626955,Freebox,Message automatique Freebox,Réponse automatique répétitive,"@Path80s La messagerie privée X n’est plus disponible, et nous en sommes désolés. \n\nSi c'est toujo..."
5203,1866919945373712888,Freebox,Message automatique Freebox,Réponse automatique répétitive,"@cedric_du_33 La messagerie privée X n’est plus disponible, et nous en sommes désolés.\nEn cas de be..."
5204,1866919960489959779,Freebox,Message automatique Freebox,Réponse automatique répétitive,@cedric_du_33 La messagerie X n’est plus disponible. Aussi je vous propose de nous contacter via Mes...
5205,1866919984347099347,Freebox,Message automatique Freebox,Réponse automatique répétitive,"@alcla La messagerie privée X n’est plus disponible, et nous en sommes désolés. \n\nSi c'est toujour..."
5206,1866920085065023954,Freebox,Message automatique Freebox,Réponse automatique répétitive,@Alefamora La messagerie X n’est plus disponible. Aussi je vous propose de nous contacter via Messen...
5207,1866920180749681001,Freebox,Message automatique Freebox,Réponse automatique répétitive,"@NeciaKami La messagerie privée X n’est plus disponible, et nous en sommes désolés. \n\nSi c'est tou..."
5208,1866920540922921349,Freebox,Message automatique Freebox,Réponse automatique répétitive,"@CShabyne La messagerie privée X n’est plus disponible, et nous en sommes désolés.\nEn cas de besoin..."
5217,1867212759420543109,Freebox,Message automatique Freebox,Réponse automatique répétitive,"@fabron01 La messagerie privée X n’est plus disponible, et nous en sommes désolés.\n\nPour toute dem..."
5218,1867213292067852330,Freebox,Message automatique Freebox,Réponse automatique répétitive,"@blhuillier La messagerie privée X n’est plus disponible, et nous en sommes désolés.\n\nPouvez-vous ..."
5219,1867216990126899595,Freebox,Message automatique Freebox,Réponse automatique répétitive,"@StarMageAhmed La messagerie privée X n’est plus disponible, et nous en sommes désolés.\n\nPour tout..."
5221,1867223765173543134,Freebox,Message automatique Freebox,Réponse automatique répétitive,"@Moniki23694699 La messagerie privée X n’est plus disponible, et nous en sommes désolés.\nEn cas de ..."
5222,1867224056648372718,Freebox,Message automatique Freebox,Réponse automatique répétitive,"@ludivincent76 La messagerie privée X n’est plus disponible, et nous en sommes désolés.\nEn cas de b..."
5223,1867224207437754636,Freebox,Message automatique Freebox,Réponse automatique répétitive,"@OlivierHirsch La messagerie privée X n’est plus disponible, et nous en sommes désolés.\nEn cas de b..."
5224,1867224325201236380,Freebox,Message automatique Freebox,Réponse automatique répétitive,"@ChrisPakeur La messagerie privée X n’est plus disponible, et nous en sommes désolés.\nVous n'avez p..."
5225,1867224544307499020,Freebox,Message automatique Freebox,Réponse automatique répétitive,"@VenomSnake1001 La messagerie privée X n’est plus disponible, et nous en sommes désolés.\nEn cas de ..."
5226,1867224954393055384,Freebox,Message automatique Freebox,Réponse automatique répétitive,"@pakoyoung67 La messagerie privée X n’est plus disponible, et nous en sommes désolés.\nEn cas de bes..."
5227,1867225982916051138,Freebox,Message automatique Freebox,Réponse automatique répétitive,"@zSleyroxFN La messagerie privée X n’est plus disponible, et nous en sommes désolés.\nVous n'avez pa..."
5228,1867228414165315656,Freebox,Message automatique Freebox,Réponse automatique répétitive,"@cmoialex La messagerie privée X n’est plus disponible, et nous en sommes désolés.\nEn cas de besoin..."
5229,1867228641802834289,Freebox,Message automatique Freebox,Réponse automatique répétitive,"@Tubbydev La messagerie privée X n’est plus disponible, et nous en sommes désolés.\nVous n'avez pas ..."
5230,1867228953699557788,Freebox,Message automatique Freebox,Réponse automatique répétitive,"@PhBAUDOT La messagerie privée X n’est plus disponible, et nous en sommes désolés.\nEn cas de besoin..."
5231,1867229047861699038,Freebox,Message automatique Freebox,Réponse automatique répétitive,"@vilfeu2 La messagerie privée X n’est plus disponible, et nous en sommes désolés.\nEn cas de besoin,..."
5232,1867229767189033124,Freebox,Message automatique Freebox,Réponse automatique répétitive,"@peterpancf La messagerie privée X n’est plus disponible, et nous en sommes désolés.\nVous n'avez pa..."
5233,1867229859228864815,Freebox,Message automatique Freebox,Réponse automatique répétitive,@Bahathot Retrouvez-moi en Message Privé pour faire le point sur vos factures.\n\nAngélique - Free
5234,1867230514618233240,Freebox,Message automatique Freebox,Réponse automatique répétitive,"@Chris466684 La messagerie privée X n’est plus disponible, et nous en sommes désolés.\nVous n'avez p..."
5235,1867232788405014985,Freebox,Message automatique Freebox,Réponse automatique répétitive,"@adou281 La messagerie privée X n’est plus disponible, et nous en sommes désolés.\nVous n'avez pas e..."
5236,1867235454174515673,Freebox,Message automatique Freebox,Réponse automatique répétitive,"@mrsdiarra_ La messagerie privée X n’est plus disponible, et nous en sommes désolés.\nVous n'avez pa..."
5237,1867235655413043593,Freebox,Message automatique Freebox,Réponse automatique répétitive,"@Gwn_aL La messagerie privée X n’est plus disponible, et nous en sommes désolés.\nVous n'avez pas en..."
5239,1867268032617144585,Freebox,Message automatique Freebox,Réponse automatique répétitive,"@YamKvideos La messagerie privée X n’est plus disponible, et nous en sommes désolés. \n\nRetrouvez-m..."
5240,1867268295453274376,Freebox,Message automatique Freebox,Réponse automatique répétitive,"@AkumaFr13 La messagerie privée X n’est plus disponible, et nous en sommes désolés. \n\nRetrouvez-mo..."
5241,1867268454648037828,Freebox,Message automatique Freebox,Réponse automatique répétitive,"@jim_mi2fois La messagerie privée X n’est plus disponible, et nous en sommes désolés. \n\nRetrouvez-..."
5242,1867268847578874242,Freebox,Message automatique Freebox,Réponse automatique répétitive,"@Otm923 La messagerie privée X n’est plus disponible, et nous en sommes désolés. \n\nRetrouvez-moi d..."
5243,1867273421479940107,Freebox,Message automatique Freebox,Réponse automatique répétitive,"@cortesccd La messagerie privée X n’est plus disponible, et nous en sommes désolés. \n\nRetrouvez-mo..."
5244,1867274409934832042,Freebox,Message automatique Freebox,Réponse automatique répétitive,"@MathCabella La messagerie privée X n’est plus disponible, et nous en sommes désolés. \n\nRetrouvez-..."
5245,1867278484290097207,Freebox,Message automatique Freebox,Réponse automatique répétitive,"@HDarteyron La messagerie privée X n’est plus disponible, et nous en sommes désolés. \n\nRetrouvez-m..."
5246,1867279034771501527,Freebox,Message automatique Freebox,Réponse automatique répétitive,"@MilooGlt La messagerie privée X n’est plus disponible, et nous en sommes désolés. \n\nRetrouvez-moi..."
5261,1867552988832690382,Freebox,Message automatique Freebox,Réponse automatique répétitive,"@libert_rodrigue La messagerie privée X n’est plus disponible, et nous en sommes désolés. \n\nRetrou..."
5262,1867553775948366206,Freebox,Message automatique Freebox,Réponse automatique répétitive,"@SirobTar La messagerie privée X n’est plus disponible, et nous en sommes désolés. \n\nRetrouvez-moi..."
5263,1867559248386781546,Freebox,Message automatique Freebox,Réponse automatique répétitive,"@Mahzeuh La messagerie privée X n’est plus disponible, et nous en sommes désolés. \n\nRetrouvez-moi ..."
5264,1867561065489314057,Freebox,Message automatique Freebox,Réponse automatique répétitive,"@bvgoat2 La messagerie privée X n’est plus disponible, et nous en sommes désolés. \n\nRetrouvez-moi ..."
5265,1867562056724906110,Freebox,Message automatique Freebox,Réponse automatique répétitive,"@AraitikWoW La messagerie privée X n’est plus disponible, et nous en sommes désolés. \n\nRetrouvez-m..."
5267,1868680066458071272,Freebox,Message automatique Freebox,Réponse automatique répétitive,"@monsieurnaudin La messagerie privée X n’est plus disponible, et nous en sommes désolés.\n\nPour tou..."
5268,1868680720199172465,Freebox,Message automatique Freebox,Réponse automatique répétitive,"@LaRascassefr La messagerie privée X n’est plus disponible, et nous en sommes désolés LaRascassefr\n..."
5269,1868680860230193257,Freebox,Message automatique Freebox,Réponse automatique répétitive,"@diablot1n La messagerie privée X n’est plus disponible, et nous en sommes désolés.\n\nPouvez-vous n..."
5270,1868680982196305955,Freebox,Message automatique Freebox,Réponse automatique répétitive,"@Chleove La messagerie privée X n’est plus disponible, et nous en sommes désolés.\n\nPour toute dema..."
5271,1868681299927400727,Freebox,Message automatique Freebox,Réponse automatique répétitive,"@ibn_Abd_Allah La messagerie privée X n’est plus disponible, et nous en sommes désolés.\n\nPouvez-vo..."
5272,1868681579578393079,Freebox,Message automatique Freebox,Réponse automatique répétitive,"@EmmanuelBarthy La messagerie privée X n’est plus disponible, et nous en sommes désolés EmmanuelBart..."
5273,1868682431080902974,Freebox,Message automatique Freebox,Réponse automatique répétitive,"@flav_gltr_404 La messagerie privée X n’est plus disponible, et nous en sommes désolés flav_gltr_404..."
5274,1868682553915289784,Freebox,Message automatique Freebox,Réponse automatique répétitive,"@MELODIEMOUTOUV2 La messagerie privée X n’est plus disponible, et nous en sommes désolés.\n\nPour to..."
5275,1868682564954649029,Freebox,Message automatique Freebox,Réponse automatique répétitive,"@Watzuki1 Désolé pour notre temps de réponse 🙏\n\nLa messagerie privée X n’est plus disponible, et n..."
5276,1868689331960848447,Freebox,Message automatique Freebox,Réponse automatique répétitive,"@OpensourceSpc La messagerie privée X n’est plus disponible, et nous en sommes désolés.\nEn cas de b..."
5277,1868689426320163205,Freebox,Message automatique Freebox,Réponse automatique répétitive,"@SuGe_SNCF La messagerie privée X n’est plus disponible, et nous en sommes désolés.\nEn cas de besoi..."
5278,1868689593870041321,Freebox,Message automatique Freebox,Réponse automatique répétitive,"@cyko_niko La messagerie privée X n’est plus disponible, et nous en sommes désolés.\nEn cas de besoi..."
5279,1868689802280808676,Freebox,Message automatique Freebox,Réponse automatique répétitive,"@guerin_morel La messagerie privée X n’est plus disponible, et nous en sommes désolés.\nEn cas de be..."
5280,1868690100609040863,Freebox,Message automatique Freebox,Réponse automatique répétitive,"@hyperion2311 La messagerie privée X n’est plus disponible, et nous en sommes désolés. \n\nRetrouvez..."
5281,1868690274119008323,Freebox,Message automatique Freebox,Réponse automatique répétitive,"@sebngaz La messagerie privée X n’est plus disponible, et nous en sommes désolés.\nEn cas de besoin,..."
5282,1868690410521969142,Freebox,Message automatique Freebox,Réponse automatique répétitive,"@swx7ch La messagerie privée X n’est plus disponible, et nous en sommes désolés.\nEn cas de besoin, ..."
5283,1868690892141334799,Freebox,Message automatique Freebox,Réponse automatique répétitive,@WarTrooZfn Désolée pour notre temps de réponse 🙏\n\nLa messagerie X n’est plus disponible aussi pou...
5284,1868690914459205909,Freebox,Message automatique Freebox,Réponse automatique répétitive,"@LaigleAuri46437 La messagerie privée X n’est plus disponible, et nous en sommes désolés. \n\nRetrou..."
5285,1868691036907679854,Freebox,Message automatique Freebox,Réponse automatique répétitive,"@ARomain2 La messagerie privée X n’est plus disponible, et nous en sommes désolés.\nEn cas de besoin..."
5286,1868691887164407843,Freebox,Message automatique Freebox,Réponse automatique répétitive,"@Lamk68 La messagerie privée X n’est plus disponible, et nous en sommes désolés. \n\nRetrouvez-moi d..."
5287,1868692159311855625,Freebox,Message automatique Freebox,Réponse automatique répétitive,"@_Slippery_59 La messagerie privée X n’est plus disponible, et nous en sommes désolés. \n\nRetrouvez..."
5288,1868692737706377444,Freebox,Message automatique Freebox,Réponse automatique répétitive,"@R2bkhis La messagerie privée X n’est plus disponible, et nous en sommes désolés. \n\nRetrouvez-moi ..."
5289,1868692890471268680,Freebox,Message automatique Freebox,Réponse automatique répétitive,"@60BL La messagerie privée X n’est plus disponible, et nous en sommes désolés.\nEn cas de besoin, je..."
5290,1868693113838977502,Freebox,Message automatique Freebox,Réponse automatique répétitive,"@EliteStrasbourg La messagerie privée X n’est plus disponible, et nous en sommes désolés.\nEn cas de..."
5291,1868693681840013400,Freebox,Message automatique Freebox,Réponse automatique répétitive,"@JulienGr1 La messagerie privée X n’est plus disponible, et nous en sommes désolés.\nEn cas de besoi..."
5292,1868694063911747890,Freebox,Message automatique Freebox,Réponse automatique répétitive,"@mirfakslover La messagerie privée X n’est plus disponible, et nous en sommes désolés.\nEn cas de be..."
5293,1868694233147720110,Freebox,Message automatique Freebox,Réponse automatique répétitive,"@Nico83210 La messagerie privée X n’est plus disponible, et nous en sommes désolés.\nEn cas de besoi..."
5294,1868694809700942211,Freebox,Message automatique Freebox,Réponse automatique répétitive,"@_MR_P7 La messagerie privée X n’est plus disponible, et nous en sommes désolés.\nEn cas de besoin, ..."
5295,1868694946221343144,Freebox,Message automatique Freebox,Réponse automatique répétitive,"@barretoyuri La messagerie privée X n’est plus disponible, et nous en sommes désolés. \n\nRetrouvez-..."
5296,1868695112030568790,Freebox,Message automatique Freebox,Réponse automatique répétitive,"@Tupepatest1 La messagerie privée X n’est plus disponible, et nous en sommes désolés.\nEn cas de bes..."
5297,1868695254108406093,Freebox,Message automatique Freebox,Réponse automatique répétitive,"@_whyousad La messagerie privée X n’est plus disponible, et nous en sommes désolés. \n\nRetrouvez-mo..."
5298,1868695350598369740,Freebox,Message automatique Freebox,Réponse automatique répétitive,"@Fahi974 La messagerie privée X n’est plus disponible, et nous en sommes désolés.\nEn cas de besoin,..."
5299,1868695358743707799,Freebox,Message automatique Freebox,Réponse automatique répétitive,"@ARomain2 La messagerie privée X n’est plus disponible, et nous en sommes désolés. \n\nRetrouvez-moi..."
5300,1868695790635384963,Freebox,Message automatique Freebox,Réponse automatique répétitive,"@g_station La messagerie privée X n’est plus disponible, et nous en sommes désolés. \n\nRetrouvez-mo..."
5301,1868696023784161478,Freebox,Message automatique Freebox,Réponse automatique répétitive,"@Berzekiel La messagerie privée X n’est plus disponible, et nous en sommes désolés.\nEn cas de besoi..."
5302,1868696237882409125,Freebox,Message automatique Freebox,Réponse automatique répétitive,"@pepponelight La messagerie privée X n’est plus disponible, et nous en sommes désolés. \n\nRetrouvez..."
5303,1868696423966900527,Freebox,Message automatique Freebox,Réponse automatique répétitive,"@sesng_ La messagerie privée X n’est plus disponible, et nous en sommes désolés. \n\nRetrouvez-moi d..."
5304,1868696909004652959,Freebox,Message automatique Freebox,Réponse automatique répétitive,"@Dywen83446558 La messagerie privée X n’est plus disponible, et nous en sommes désolés.\nEn cas de b..."
5305,1868697218103857336,Freebox,Message automatique Freebox,Réponse automatique répétitive,"@lezebracademy La messagerie privée X n’est plus disponible, et nous en sommes désolés.\nEn cas de b..."
5306,1868697521788272831,Freebox,Message automatique Freebox,Réponse automatique répétitive,"@Baron_de_la_cot La messagerie privée X n’est plus disponible, et nous en sommes désolés.\nEn cas de..."
5307,1868698693857165813,Freebox,Message automatique Freebox,Réponse automatique répétitive,"@blavier86 La messagerie privée X n’est plus disponible, et nous en sommes désolés.\nEn cas de besoi..."
5308,1868699135387295971,Freebox,Message automatique Freebox,Réponse automatique répétitive,"@TheFarmingGuru La messagerie privée X n’est plus disponible, et nous en sommes désolés. \n\nRetrouv..."
5309,1868699334600016343,Freebox,Message automatique Freebox,Réponse automatique répétitive,"@tr1shxz La messagerie privée X n’est plus disponible, et nous en sommes désolés. \n\nRetrouvez-moi ..."
5310,1868699451319042124,Freebox,Message automatique Freebox,Réponse automatique répétitive,"@Joesterya2b La messagerie privée X n’est plus disponible, et nous en sommes désolés.\nEn cas de bes..."
5311,1868700248115175521,Freebox,Message automatique Freebox,Réponse automatique répétitive,"@antunes_philipp La messagerie privée X n’est plus disponible, et nous en sommes désolés.\nEn cas de..."
5312,1868700491703578794,Freebox,Message automatique Freebox,Réponse automatique répétitive,"@DeAngelisMike1 La messagerie privée X n’est plus disponible, et nous en sommes désolés.\nEn cas de ..."
5313,1868701230630875442,Freebox,Message automatique Freebox,Réponse automatique répétitive,"@ftayac La messagerie privée X n’est plus disponible, et nous en sommes désolés.\nEn cas de besoin, ..."
5314,1868701371358138412,Freebox,Message automatique Freebox,Réponse automatique répétitive,"@Juliendu75 La messagerie privée X n’est plus disponible, et nous en sommes désolés.\nEn cas de beso..."
5315,1868701462672371753,Freebox,Message automatique Freebox,Réponse automatique répétitive,"@BqrnedW3B La messagerie privée X n’est plus disponible, et nous en sommes désolés. \n\nRetrouvez-mo..."
5316,1868701473720119402,Freebox,Message automatique Freebox,Réponse automatique répétitive,"@Habib_Potter La messagerie privée X n’est plus disponible, et nous en sommes désolés.\nEn cas de be..."
5317,1868701760325374348,Freebox,Message automatique Freebox,Réponse automatique répétitive,"@Dwinoss La messagerie privée X n’est plus disponible, et nous en sommes désolés. \n\nRetrouvez-moi ..."
5318,1868702262752641176,Freebox,Message automatique Freebox,Réponse automatique répétitive,"@DQuentox La messagerie privée X n’est plus disponible, et nous en sommes désolés.\nEn cas de besoin..."
5321,1869032597810033120,Freebox,Message automatique Freebox,Réponse automatique répétitive,@TlgX4 Désolée pour notre temps de réponse 🙏\n\nLa messagerie X n’est plus disponible aussi pour fac...
5322,1869037005474029704,Freebox,Message automatique Freebox,Réponse automatique répétitive,"@sul_tan000 La messagerie privée X n’est plus disponible, et nous en sommes désolés sul_tan000\n\nRe..."
5323,1869037981773779289,Freebox,Message automatique Freebox,Réponse automatique répétitive,"@MizianRabeel La messagerie privée X n’est plus disponible, et nous en sommes désolés MizianRabeel\n..."
5324,1869038319566217585,Freebox,Message automatique Freebox,Réponse automatique répétitive,"@AzorghOW La messagerie privée X n’est plus disponible, et nous en sommes désolés AzorghOW\n\nRetrou..."
5325,1869038771758322030,Freebox,Message automatique Freebox,Réponse automatique répétitive,"@buroo95 La messagerie privée X n’est plus disponible, et nous en sommes désolés.\nVous n'avez pas e..."
5326,1869040285570757026,Freebox,Message automatique Freebox,Réponse automatique répétitive,"@CryptoKeuf La messagerie privée X n’est plus disponible, et nous en sommes désolés.\nVous n'avez pa..."
5327,1869040799112970665,Freebox,Message automatique Freebox,Réponse automatique répétitive,"@LeGeraldine La messagerie privée X n’est plus disponible, et nous en sommes désolés.\nVous n'avez p..."
5328,1869041147663757528,Freebox,Message automatique Freebox,Réponse automatique répétitive,"@GuillaumePorti2 La messagerie privée X n’est plus disponible, et nous en sommes désolés.\nVous n'av..."
5329,1869042401550950850,Freebox,Message automatique Freebox,Réponse automatique répétitive,"@MayeulBDJ La messagerie privée X n’est plus disponible, et nous en sommes désolés.\nVous n'avez pas..."
5330,1869042841978122712,Freebox,Message automatique Freebox,Réponse automatique répétitive,"@HebusDe La messagerie privée X n’est plus disponible, et nous en sommes désolés.\nVous n'avez pas e..."
5331,1869043070123037041,Freebox,Message automatique Freebox,Réponse automatique répétitive,"@Savage_Poultry La messagerie privée X n’est plus disponible, et nous en sommes désolés.\nVous n'ave..."
5332,1869046617925456251,Freebox,Message automatique Freebox,Réponse automatique répétitive,"@dlang57500 La messagerie privée X n’est plus disponible, et nous en sommes désolés.\nVous n'avez pa..."
5333,1869046820355141741,Freebox,Message automatique Freebox,Réponse automatique répétitive,"@Mathiasavec1t La messagerie privée X n’est plus disponible, et nous en sommes désolés.\nVous n'avez..."
5334,1869048811705839973,Freebox,Message automatique Freebox,Réponse automatique répétitive,"@YumikaMGN La messagerie privée X n’est plus disponible, et nous en sommes désolés.\nEn cas de besoi..."
5335,1869049250488742035,Freebox,Message automatique Freebox,Réponse automatique répétitive,"@neilgnali La messagerie privée X n’est plus disponible, et nous en sommes désolés.\nEn cas de besoi..."
5336,1869049512355926017,Freebox,Message automatique Freebox,Réponse automatique répétitive,"@clembarbaray La messagerie privée X n’est plus disponible, et nous en sommes désolés.\nEn cas de be..."
5340,1869385508423340068,Freebox,Message automatique Freebox,Réponse automatique répétitive,"@giniorangina La messagerie privée X n’est plus disponible, et nous en sommes désolés.\nVous n'avez ..."
5341,1869388458743017634,Freebox,Message automatique Freebox,Réponse automatique répétitive,"@sylvielarminie1 La messagerie privée X n’est plus disponible, et nous en sommes désolés.\nEn cas de..."
5342,1869388768538407250,Freebox,Message automatique Freebox,Réponse automatique répétitive,"@Delamar7Laurent La messagerie privée X n’est plus disponible, et nous en sommes désolés.\nEn cas de..."
5343,1869389724877504913,Freebox,Message automatique Freebox,Réponse automatique répétitive,"@hookidoki La messagerie privée X n’est plus disponible, et nous en sommes désolés.\nEn cas de besoi..."
5344,1869389967635403229,Freebox,Message automatique Freebox,Réponse automatique répétitive,"@sarkasme76 La messagerie privée X n’est plus disponible, et nous en sommes désolés.\nVous n'avez pa..."
5345,1869390082265756120,Freebox,Message automatique Freebox,Réponse automatique répétitive,"@FMarcOlivier La messagerie privée X n’est plus disponible, et nous en sommes désolés.\nEn cas de be..."
5346,1869391938064986354,Freebox,Message automatique Freebox,Réponse automatique répétitive,"@DDDGrrrrrrrrrrr La messagerie privée X n’est plus disponible, et nous en sommes désolés.\nEn cas de..."
5347,1869392357512122794,Freebox,Message automatique Freebox,Réponse automatique répétitive,"@Poutoo2 La messagerie privée X n’est plus disponible, et nous en sommes désolés.\nVous n'avez pas e..."
5348,1869392408254743028,Freebox,Message automatique Freebox,Réponse automatique répétitive,"@VerityBra La messagerie privée X n’est plus disponible, et nous en sommes désolés.\nEn cas de besoi..."
5349,1869393137161949206,Freebox,Message automatique Freebox,Réponse automatique répétitive,"@SuperCyprien La messagerie privée X n’est plus disponible, et nous en sommes désolés.\nEn cas de be..."
5351,1869394120134848757,Freebox,Message automatique Freebox,Réponse automatique répétitive,"@MarionDesbordes La messagerie privée X n’est plus disponible, et nous en sommes désolés.\nEn cas de..."
5352,1869395614561144927,Freebox,Message automatique Freebox,Réponse automatique répétitive,"@Rgbag16 La messagerie privée X n’est plus disponible, et nous en sommes désolés.\nVous n'avez pas e..."
5353,1869395937803558942,Freebox,Message automatique Freebox,Réponse automatique répétitive,"@olidupdup La messagerie privée X n’est plus disponible, et nous en sommes désolés.\nVous n'avez pas..."
5354,1869746334057537665,Freebox,Message automatique Freebox,Réponse automatique répétitive,"@paillade7 La messagerie privée X n’est plus disponible, et nous en sommes désolés.\nVous n'avez pas..."
5355,1869746980290793474,Freebox,Message automatique Freebox,Réponse automatique répétitive,"@SnowCosplay La messagerie privée X n’est plus disponible, et nous en sommes désolés.\nVous n'avez p..."
5356,1869748678728057290,Freebox,Message automatique Freebox,Réponse automatique répétitive,"@mcrafteur68 La messagerie privée X n’est plus disponible, et nous en sommes désolés.\nVous n'avez p..."
5357,1869750585802502213,Freebox,Message automatique Freebox,Réponse automatique répétitive,"@InatowKuuuun La messagerie privée X n’est plus disponible, et nous en sommes désolés.\nVous n'avez ..."
5358,1869750921023942962,Freebox,Message automatique Freebox,Réponse automatique répétitive,"@pierreboucard La messagerie privée X n’est plus disponible, et nous en sommes désolés.\nVous n'avez..."
5359,1869752526813253883,Freebox,Message automatique Freebox,Réponse automatique répétitive,"@Petite_Tulipe_ La messagerie privée X n’est plus disponible, et nous en sommes désolés.\nVous n'ave..."
5360,1869753764195828220,Freebox,Message automatique Freebox,Réponse automatique répétitive,"@AhlBaTaaaaard La messagerie privée X n’est plus disponible, et nous en sommes désolés.\nVous n'avez..."
5361,1869754845470560559,Freebox,Message automatique Freebox,Réponse automatique répétitive,"@LeVraiBaptyel La messagerie privée X n’est plus disponible, et nous en sommes désolés.\nVous n'avez..."
5362,1869759372953305353,Freebox,Message automatique Freebox,Réponse automatique répétitive,"@lebinkz La messagerie privée X n’est plus disponible, et nous en sommes désolés.\nVous n'avez pas e..."
5363,1869773939079012811,Freebox,Message automatique Freebox,Réponse automatique répétitive,"@korant11 La messagerie privée X n’est plus disponible, et nous en sommes désolés. \n\nRetrouvez-moi..."
5364,1869804457967354191,Freebox,Message automatique Freebox,Réponse automatique répétitive,"@SavennWriter La messagerie privée X n’est plus disponible, et nous en sommes désolés.\nEn cas de be..."
5365,1869804596433944753,Freebox,Message automatique Freebox,Réponse automatique répétitive,"@sanakro La messagerie privée X n’est plus disponible, et nous en sommes désolés.\nEn cas de besoin,..."
5380,1876618017003458913,Freebox,Message automatique Freebox,Réponse automatique répétitive,"@KareemDerouich La messagerie privée X n’est plus disponible, et nous en sommes désolés. \n\nSi c'es..."
5381,1876618535205474454,Freebox,Message automatique Freebox,Réponse automatique répétitive,"@MatthieuGariel La messagerie privée X n’est plus disponible, et nous en sommes désolés. \n\nRetrouv..."
5382,1876619965563838799,Freebox,Message automatique Freebox,Réponse automatique répétitive,"@La_Mwk La messagerie privée X n’est plus disponible, et nous en sommes désolés. \n\nRetrouvez-moi d..."
5383,1876623336194589150,Freebox,Message automatique Freebox,Réponse automatique répétitive,"@petitpoulet93 La messagerie privée X n’est plus disponible, et nous en sommes désolés. \n\nSi c'est..."
5384,1876623495334948870,Freebox,Message automatique Freebox,Réponse automatique répétitive,@jossie298 La messagerie X n’est plus disponible. Aussi je vous propose de nous contacter via Messen...
5385,1876624822295290114,Freebox,Message automatique Freebox,Réponse automatique répétitive,@e_c3m La messagerie X n’est plus disponible. Aussi je vous propose de nous contacter via Messenger ...
5387,1876690649891631141,Freebox,Message automatique Freebox,Réponse automatique répétitive,"@WeeDoWxl Bonjour,\n\nLa messagerie privée X n’est plus disponible, et nous en sommes désolés. \n\nR..."
5388,1877417885947015172,Freebox,Message automatique Freebox,Réponse automatique répétitive,"@johan38000 La messagerie privée X n’est plus disponible, et nous en sommes désolés. \n\nRetrouvez-m..."
5390,1877698025629356458,Freebox,Message automatique Freebox,Réponse automatique répétitive,"@DespretzC La messagerie privée X n’est plus disponible, et nous en sommes désolés. \n\nRetrouvez-mo..."
5391,1877698496083439861,Freebox,Message automatique Freebox,Réponse automatique répétitive,"@madlink19 La messagerie privée X n’est plus disponible, et nous en sommes désolés. \n\nRetrouvez-mo..."
5392,1877701017673908398,Freebox,Message automatique Freebox,Réponse automatique répétitive,"@euskadi31 La messagerie privée X n’est plus disponible, et nous en sommes désolés. \n\nRetrouvez-mo..."
5393,1877706143302132035,Freebox,Message automatique Freebox,Réponse automatique répétitive,"@xtoto117 La messagerie privée X n’est plus disponible, et nous en sommes désolés. \n\nRetrouvez-moi..."
5394,1877710555042967573,Freebox,Message automatique Freebox,Réponse automatique répétitive,"@LMNJ171112 La messagerie privée X n’est plus disponible, et nous en sommes désolés. \n\nRetrouvez-m..."
5395,1877710878679736544,Freebox,Message automatique Freebox,Réponse automatique répétitive,"@kmidupon La messagerie privée X n’est plus disponible, et nous en sommes désolés. \n\nRetrouvez-moi..."
5396,1878856067418820813,Freebox,Message automatique Freebox,Réponse automatique répétitive,"@hello_868686 Bonjour,\n\nLa messagerie privée X n’est plus disponible, et nous en sommes désolés. \..."
5398,1888889951196201013,free,Spam/Promotion,Spam ou promotion non pertinente,"Il I.A des news qui donnent le smile 🤖\n\nLe Chat, c’est votre nouvel assistant I.A créé par @Mistra..."
5446,1896503249823568107,KireiYouss,Spam/Promotion,Spam ou promotion non pertinente,Ne pas avoir internet et utiliser sa 5g à foison sans savoir quand est ce que j'aurais de nouveau du...
5456,1897275261348921541,Freebox,Message automatique Freebox,Réponse automatique répétitive,"@EtienneShkPnk Bonjour,\n\nLa messagerie privée X n’est plus disponible. \nRetrouvez-moi dès à prése..."
5457,1897280486877102565,Freebox,Message automatique Freebox,Réponse automatique répétitive,"@bonuxfontanet Bonjour,\n\nLa messagerie privée X n’est plus disponible. \nRetrouvez-moi dès à prése..."
5458,1897281390959337829,Freebox,Message automatique Freebox,Réponse automatique répétitive,"@Bricni57 Bonjour,\n\nLa messagerie privée X n’est plus disponible, et nous en sommes désolés. \nRet..."
5459,1897283641081790875,Freebox,Message automatique Freebox,Réponse automatique répétitive,"@AlexandreD5600 Bonjour,\n\nLa messagerie privée X n’est plus disponible. \nRetrouvez-moi dès à prés..."
5460,1897285801211244963,Freebox,Message automatique Freebox,Réponse automatique répétitive,"@Zqrr_692 Bonjour,\n\nLa messagerie privée X n’est plus disponible. \nRetrouvez-moi dès à présent su..."
5461,1897289611249914258,Freebox,Message automatique Freebox,Réponse automatique répétitive,"@KTskte Bonjour,\n\nLa messagerie privée X n’est plus disponible, et nous en sommes désolés. \nRetro..."
5462,1897303686633680928,Freebox,Message automatique Freebox,Réponse automatique répétitive,"@CarpisCecile Bonjour,\n\nLa messagerie privée X n’est plus disponible, et nous en sommes désolés. \..."
5463,1897307790026084513,Freebox,Message automatique Freebox,Réponse automatique répétitive,"@Ipro_tech_fr Bonjour,\n\nLa messagerie privée X n’est plus disponible. \nRetrouvez-moi dès à présen..."
5464,1897310872675995793,Freebox,Message automatique Freebox,Réponse automatique répétitive,"@Kamiza2033 Bonjour,\n\nLa messagerie privée X n’est plus disponible. \nRetrouvez-moi dès à présent ..."
5465,1897314154630787226,Freebox,Message automatique Freebox,Réponse automatique répétitive,"@xuoan Bonjour,\n\nLa messagerie privée X n’est plus disponible, et nous en sommes désolés. \nRetrou..."
5469,1897591721455673383,Freebox,Message automatique Freebox,Réponse automatique répétitive,"@C2LN3 Bonjour,\n\nLa messagerie privée X n’est plus disponible. \nRetrouvez-moi dès à présent sur M..."
5470,1897593500507521427,Freebox,Message automatique Freebox,Réponse automatique répétitive,"@cpa521 Bonjour,\n\nLa messagerie privée X n’est plus disponible. \nRetrouvez-moi dès à présent sur ..."
5471,1897594889967173783,Freebox,Message automatique Freebox,Réponse automatique répétitive,"@AnoTemp15175 Bonjour,\n\nSi votre demande est toujours d'actualité, retrouvez-moi dès à présent sur..."
5472,1897595430696878272,Freebox,Message automatique Freebox,Réponse automatique répétitive,"@nuitsoxygene Bonjour,\n\nLa messagerie privée X n’est plus disponible. \nRetrouvez-moi dès à présen..."
5473,1897596223726510556,Freebox,Message automatique Freebox,Réponse automatique répétitive,"@souley_chag Bonjour,\n\nLa messagerie privée X n’est plus disponible. \nRetrouvez-moi dès à présent..."
5474,1897598133435027816,Freebox,Message automatique Freebox,Réponse automatique répétitive,"@HerveCAUSSE Bonjour,\n\nLa messagerie privée X n’est plus disponible.\nRetrouvez-moi dès à présent ..."
5475,1897598942797267383,Freebox,Message automatique Freebox,Réponse automatique répétitive,"@yepadenom Bonjour,\n\nLa messagerie privée X n’est plus disponible. \nRetrouvez-moi dès à présent s..."
5476,1897599990555410685,Freebox,Message automatique Freebox,Réponse automatique répétitive,"@erisot777 Bonjour,\n\nLa messagerie privée X n’est plus disponible. \nRetrouvez-moi dès à présent s..."
5477,1897600348262478298,Freebox,Message automatique Freebox,Réponse automatique répétitive,"@NadjiBoyy Bonjour,\n\nLa messagerie privée X n’est plus disponible. \nRetrouvez-moi dès à présent s..."
5478,1897600877914980428,Freebox,Message automatique Freebox,Réponse automatique répétitive,"@_angax Bonjour,\n\nLa messagerie privée X n’est plus disponible. \nRetrouvez-moi dès à présent sur ..."
5479,1897603825768214851,Freebox,Message automatique Freebox,Réponse automatique répétitive,"@Djnono49 Bonjour,\n\nLa messagerie privée X n’est plus disponible. \nRetrouvez-moi dès à présent su..."
5480,1897607897640563152,Freebox,Message automatique Freebox,Réponse automatique répétitive,"@JROSSOfficiel Bonjour,\n\nLa messagerie privée X n’est plus disponible. \nRetrouvez-nous dès à prés..."
5481,1897610221570154991,Freebox,Message automatique Freebox,Réponse automatique répétitive,"@user848474933 Bonjour,\n\nRetrouvez-nous dès à présent sur Messenger si la situation est toujours d..."
5482,1897612302720864752,Freebox,Message automatique Freebox,Réponse automatique répétitive,"@pinkmatt3rr Bonjour,\n\nSi vos anomalies de connexions persistent, je vous invite à nous contacter ..."
5483,1897616020749090942,Freebox,Message automatique Freebox,Réponse automatique répétitive,"@florian_harris Bonjour,\n\nSi vous n'avez pas reçu d'assistance concernant le retour du matériel, j..."
5491,1899067478438777186,Freebox,Message automatique Freebox,Réponse automatique répétitive,"@arnaudbasement Bonjour,\n\nLa messagerie privée X n’est plus disponible. \nRetrouvez-moi dès à prés..."
5492,1899086130219249813,Freebox,Message automatique Freebox,Réponse automatique répétitive,"@Neo_Dessinator Bonjour,\n\nLa messagerie privée X n’est plus disponible.\nConcernant votre inscript..."
5493,1899094152450617714,Freebox,Message automatique Freebox,Réponse automatique répétitive,"@LoloHijo Bonjour,\n\nLa messagerie privée X n’est plus disponible. \n\nSi votre incident est toujou..."
5494,1899421804818559464,Freebox,Message automatique Freebox,Réponse automatique répétitive,"@Darylia22 Bonjour,\n\nLa messagerie privée X n’est plus disponible. \nRetrouvez-moi dès à présent s..."
5495,1899468666846031925,Freebox,Message automatique Freebox,Réponse automatique répétitive,"@JuliaM70735858 Bonjour,\n\nLa messagerie privée X n’est plus disponible. \nRetrouvez-moi dès à prés..."
5496,1899470447269351533,Freebox,Message automatique Freebox,Réponse automatique répétitive,"@Rom1gmax Bonjour,\n\nLa messagerie privée X n’est plus disponible. \nRetrouvez-moi dès à présent su..."
5497,1899472083224088736,Freebox,Message automatique Freebox,Réponse automatique répétitive,"@MysticTurtle0 Bonjour,\n\nLa messagerie privée X n’est plus disponible. \nRetrouvez-moi dès à prése..."
5498,1899473008856633494,Freebox,Message automatique Freebox,Réponse automatique répétitive,"@Snoopbabas Bonjour,\n\nLa messagerie privée X n’est plus disponible. \nRetrouvez-moi dès à présent ..."
5500,1899797173052600514,Freebox,Message automatique Freebox,Réponse automatique répétitive,"@ayxub_212 Bonjour,\n\nLa messagerie privée X n’est plus disponible\nSi vous rencontrez toujours des..."
5501,1899797962332467385,Freebox,Message automatique Freebox,Réponse automatique répétitive,"@damien42123 Bonjour,\n\nLa messagerie privée X n’est plus disponible.\nSi votre demande est toujour..."
5502,1899805085649051998,Freebox,Message automatique Freebox,Réponse automatique répétitive,"@Lasse60540931 Bonjour,\n\nLa messagerie privée X n’est plus disponible.\nSi votre incident est touj..."
5503,1899811427323371621,Freebox,Message automatique Freebox,Réponse automatique répétitive,"@Menulis___ Bonjour,\n\nLa messagerie privée X n’est plus disponible. \nRetrouvez-moi dès à présent ..."
5504,1899816657553342717,Freebox,Message automatique Freebox,Réponse automatique répétitive,"@GamersLivePlus Bonjour,\n\nLa messagerie privée X n’est plus disponible. \nRetrouvez-moi dès à prés..."
5505,1899841660575526932,Freebox,Message automatique Freebox,Réponse automatique répétitive,"@Nathan378243 Bonjour,\n\nLa messagerie privée X n’est plus disponible. \nRetrouvez-moi dès à présen..."
5507,1899854314237002206,Freebox,Message automatique Freebox,Réponse automatique répétitive,"@blackice747 Bonjour,\n\nLa messagerie privée X n’est plus disponible. \nRetrouvez-moi dès à présent..."
5509,1900114619940671597,Freebox,Message automatique Freebox,Réponse automatique répétitive,"@vincent_davy Bonjour,\n\nLa messagerie privée X n’est plus disponible. \nRetrouvez-moi dès à présen..."
5510,1900122290617983145,Freebox,Message automatique Freebox,Réponse automatique répétitive,"@Fourie_Brice Bonjour,\n\nLa messagerie privée X n’est plus disponible. \nRetrouvez-moi dès à présen..."
5511,1900460602423685121,Freebox,Message automatique Freebox,Réponse automatique répétitive,"@KireiYouss Bonjour,\n\nLa messagerie privée X n’est plus disponible. \nRetrouvez-moi dès à présent ..."
5512,1900462569443258544,Freebox,Message automatique Freebox,Réponse automatique répétitive,"@vincent_garin Bonjour,\n\nLa messagerie privée X n’est plus disponible. \nRetrouvez-moi dès à prése..."
5513,1900464057062236297,Freebox,Message automatique Freebox,Réponse automatique répétitive,"@Ryyyyyyad Bonjour,\n\nLa messagerie privée X n’est plus disponible. \nRetrouvez-moi dès à présent s..."
5514,1900474826881458200,Freebox,Message automatique Freebox,Réponse automatique répétitive,"@pedro1807 Bonjour,\n\nLa messagerie privée X n’est plus disponible. \nRetrouvez-moi dès à présent s..."
5515,1900485279028289721,Freebox,Message automatique Freebox,Réponse automatique répétitive,"@Yvanleman Bonjour,\n\nLa messagerie privée X n’est plus disponible. \nRetrouvez-moi dès à présent s..."
5516,1900502473552380195,Freebox,Message automatique Freebox,Réponse automatique répétitive,"@Pluto1790 Bonjour,\n\nLa messagerie privée X n’est plus disponible. \nRetrouvez-moi dès à présent s..."
5517,1900504922392564151,Freebox,Message automatique Freebox,Réponse automatique répétitive,"@DavidGaizord Bonjour,\n\nLa messagerie privée X n’est plus disponible. \nRetrouvez-moi dès à présen..."
5518,1900506152263201224,Freebox,Message automatique Freebox,Réponse automatique répétitive,"@jeremyparayre Bonjour,\nLa messagerie privée X n’est plus disponible. \nRetrouvez-moi dès à présent..."
5519,1900510417631248729,Freebox,Message automatique Freebox,Réponse automatique répétitive,"@Traaanaelle Bonjour,\n\nLa messagerie privée X n’est plus disponible, et nous en sommes désolés. \n..."
5520,1900515837473157606,Freebox,Message automatique Freebox,Réponse automatique répétitive,"@CestLeR_ Bonjour,\n\nLa messagerie privée X n’est plus disponible, et nous en sommes désolés. \nRet..."
5521,1900524203310219435,Freebox,Message automatique Freebox,Réponse automatique répétitive,"@gwynplainehugo Bonjour,\n\nLa messagerie privée X n’est plus disponible.\nRetrouvez-moi dès à prése..."
5528,1901678383785804187,Freebox,Message automatique Freebox,Réponse automatique répétitive,"@camichtoo Bonjour,\n\nLa messagerie privée X n’est plus disponible. \nRetrouvez-moi dès à présent s..."
5529,1901885464719532236,RUN_IX,Spam/Promotion,Spam ou promotion non pertinente,📣 𝗟𝗮 𝗱𝗲́𝗰𝗹𝗮𝗿𝗮𝘁𝗶𝗼𝗻 𝗱𝘂 𝗷𝗼𝘂𝗿 ! C'est la mise au point de Jimmy Gressier (🇫🇷) après son nouveau 𝗿𝗲𝗰𝗼𝗿𝗱 𝗱...
5530,1901898915802214545,Free_1337,Spam/Promotion,Spam ou promotion non pertinente,1/2 [IPv6] Notre réseau mobile évolue : l’IPv6 est désormais activée par défaut pour nos nouveaux ab...
5531,1901901165874565135,Freebox,Message automatique Freebox,Réponse automatique répétitive,"@Bolovar_BooZ Bonjour,\n\nLa messagerie privée X n’est plus disponible. \nRetrouvez-moi dès à présen..."
5532,1901903871120703747,Freebox,Message automatique Freebox,Réponse automatique répétitive,"@Very42254985644 Bonjour,\n\nLa messagerie privée X n’est plus disponible. \nRetrouvez-moi dès à pré..."
5536,1901915303828763108,Freebox,Message automatique Freebox,Réponse automatique répétitive,"@Kerbecs78 Bonjour,\n\nLa messagerie privée X n’est plus disponible. \nRetrouvez-moi dès à présent s..."
5537,1901917026257657933,Freebox,Message automatique Freebox,Réponse automatique répétitive,"@yshzr Bonjour,\n\nLa messagerie privée X n’est plus disponible. \nRetrouvez-moi dès à présent sur M..."
5539,1901941703826620916,Freebox,Message automatique Freebox,Réponse automatique répétitive,"@peroplsk12 Bonjour,\n\nLa messagerie privée X n’est plus disponible \nRetrouvez-moi dès à présent s..."
5542,1902304249750421959,Freebox,Message automatique Freebox,Réponse automatique répétitive,"@LoubardJr Bonjour,\n\nLa messagerie privée X n’est plus disponible.\n\nRetrouvez-moi dès à présent ..."
5543,1902304340322480594,Freebox,Message automatique Freebox,Réponse automatique répétitive,"@laurekikinou Bonjour,\n\nLa messagerie privée X n’est plus disponible. \nRetrouvez-moi dès à présen..."
5545,1902335755147735402,Freebox,Message automatique Freebox,Réponse automatique répétitive,"@ErwanOrl Bonjour,\n\nLa messagerie privée X n’est plus disponible. \nRetrouvez-moi dès à présent su..."
5546,1902347018682397001,Freebox,Message automatique Freebox,Réponse automatique répétitive,"@HmzarthnoYT Bonjour,\n\nLa messagerie privée X n’est plus disponible.\nRetrouvez-moi dès à présent ..."
5547,1902348514337681646,Freebox,Message automatique Freebox,Réponse automatique répétitive,"@3ld4m4rr Bonjour,\n\nLa messagerie privée X n’est plus disponible.\nRetrouvez-moi dès à présent sur..."
5548,1902348645590274434,Freebox,Message automatique Freebox,Réponse automatique répétitive,"@Navy_237 Bonjour,\n\nLa messagerie privée X n’est plus disponible. \nRetrouvez-moi dès à présent su..."
5549,1902349399369359440,Freebox,Message automatique Freebox,Réponse automatique répétitive,"@TandrayenS Bonjour,\n\nLa messagerie privée X n’est plus disponible. \nRetrouvez-moi dès à présent ..."
5553,1902365610178163087,Freebox,Message automatique Freebox,Réponse automatique répétitive,"@Mj0423Mrfreez Bonjour,\n\nLa messagerie privée X n’est plus disponible.\n\nRetrouvez-moi dès à prés..."
5554,1902381967531790729,Freebox,Message automatique Freebox,Réponse automatique répétitive,"@Fixpir Bonjour,\n\nLa messagerie privée X n’est plus disponible.\n\nRetrouvez-moi dès à présent sur..."
5555,1902622965398655321,Freebox,Message automatique Freebox,Réponse automatique répétitive,"@Soinsuke Bonjour,\n\nLa messagerie privée X n’est plus disponible.\nRetrouvez-moi dès à présent sur..."
5556,1902623787805225137,Freebox,Message automatique Freebox,Réponse automatique répétitive,"@Cnews972 Bonjour,\n\nLa messagerie privée X n’est plus disponible.\nRetrouvez-moi dès à présent sur..."
5557,1902625715365015621,Freebox,Message automatique Freebox,Réponse automatique répétitive,"@parkinson_mc Bonjour,\n\nLa messagerie privée X n’est plus disponible.\n\nRetrouvez-moi dès à prése..."
5559,1902653182767177951,Freebox,Message automatique Freebox,Réponse automatique répétitive,"@Marie_Nette7810 Bonjour,\n\nLa messagerie privée X n’est plus disponible.\n\nRetrouvez-moi dès à pr..."
5560,1902656307670225134,Freebox,Message automatique Freebox,Réponse automatique répétitive,"@TheGuit Bonjour,\n\nLa messagerie privée X n’est plus disponible.\n\nRetrouvez-moi dès à présent su..."
5561,1902657025089454548,Freebox,Message automatique Freebox,Réponse automatique répétitive,"@matoo13610 Bonjour,\n\nLa messagerie privée X n’est plus disponible. \nRetrouvez-moi dès à présent ..."
5562,1902661249785098716,Freebox,Message automatique Freebox,Réponse automatique répétitive,"@ALDEM78039551 Bonjour,\n\nLa messagerie privée X n’est plus disponible.\n\nRetrouvez-moi dès à prés..."
5563,1902663917135937921,Freebox,Message automatique Freebox,Réponse automatique répétitive,"@Djaffarbkm @Xavier75 Bonjour,\n\nLa messagerie privée X n’est plus disponible. \nRetrouvez-moi dès ..."
5564,1902664332191949286,Freebox,Message automatique Freebox,Réponse automatique répétitive,"@PAT223986916 Bonjour,\n\nLa messagerie privée X n’est plus disponible. \nRetrouvez-moi dès à présen..."
5565,1902664483144675589,Freebox,Message automatique Freebox,Réponse automatique répétitive,"@Euphomp4 Bonjour,\n\nLa messagerie privée X n’est plus disponible.\nSi votre incident est toujours ..."
5566,1902670298614259871,Freebox,Message automatique Freebox,Réponse automatique répétitive,"@wsszzn Bonjour,\n\nLa messagerie privée X n’est plus disponible\nSi votre Freebox est toujours déco..."
5567,1902672395561017717,Freebox,Message automatique Freebox,Réponse automatique répétitive,"@Furkankah93 Bonjour,\n\nLa messagerie privée X n’est plus disponible. \nRetrouvez-moi dès à présent..."
5588,1904145658719654358,Freebox,Message automatique Freebox,Réponse automatique répétitive,"@mykheira2602 Bonjour,\n\nLa messagerie privée X n’est plus disponible. \nRetrouvez-moi dès à présen..."
5589,1904147188260990992,Freebox,Message automatique Freebox,Réponse automatique répétitive,"@synseria Bonjour,\n\nLa messagerie privée X n’est plus disponible. \nRetrouvez-moi dès à présent su..."
5590,1904161647318401210,Freebox,Message automatique Freebox,Réponse automatique répétitive,"@RudyLapin Bonjour,\n\nLa messagerie privée X n’est plus disponible. \nRetrouvez-moi dès à présent s..."
5591,1904162525844787312,Freebox,Message automatique Freebox,Réponse automatique répétitive,"@Y4nn_P Bonjour,\n\nLa messagerie privée X n’est plus disponible, et nous en sommes désolés. \nRetro..."
5592,1904164410605895909,Freebox,Message automatique Freebox,Réponse automatique répétitive,"@DaddyKaspi Bonjour,\n\nLa messagerie privée X n’est plus disponible. \nRetrouvez-moi dès à présent ..."
5593,1904174168930685189,Freebox,Message automatique Freebox,Réponse automatique répétitive,"@sapnu_puas_wow Bonjour,\n\nLa messagerie privée X n’est plus disponible.\n\nSi votre incident est t..."
5594,1904175528745292097,Freebox,Message automatique Freebox,Réponse automatique répétitive,"@PortgaceY Bonjour,\n\nLa messagerie privée X n’est plus disponible.\n\nSi votre incident est toujou..."
5595,1904179104963805309,Freebox,Message automatique Freebox,Réponse automatique répétitive,"@inthedark_ness Bonjour,\n\nLa messagerie privée X n’est plus disponible.\nSi votre incident est tou..."
5596,1904181574842581223,Freebox,Message automatique Freebox,Réponse automatique répétitive,"@areubready Bonjour,\n\nLa messagerie privée X n’est plus disponible, et nous en sommes désolés. \n\..."
5597,1904181836680724694,Freebox,Message automatique Freebox,Réponse automatique répétitive,"@Lasim71 Bonjour,\n\nLa messagerie privée X n’est plus disponible.\n\nRetrouvez-moi dès à présent su..."
5598,1904182115622695207,Freebox,Message automatique Freebox,Réponse automatique répétitive,"@Titiagogg Bonjour,\n\nLa messagerie privée X n’est plus disponible.\n\nSi votre incident est toujou..."
5599,1904183310672400822,Freebox,Message automatique Freebox,Réponse automatique répétitive,"@mykheira2602 Bonjour,\n\nLa messagerie privée X n’est plus disponible.\nSi votre incident est toujo..."
5600,1904183829243289647,Freebox,Message automatique Freebox,Réponse automatique répétitive,"@pessigards2 Bonjour,\n\nLa messagerie privée X n’est plus disponible.\n\nRetrouvez-moi dès à présen..."
5601,1904184450272968778,Freebox,Message automatique Freebox,Réponse automatique répétitive,"@marmiton_man Bonjour,\n\nLa messagerie privée X n’est plus disponible\nSi votre incident est toujou..."
5602,1904185203918000320,Freebox,Message automatique Freebox,Réponse automatique répétitive,"@ashborea Bonjour,\n\nLa messagerie privée X n’est plus disponible.\nSi votre incident est toujours ..."
5603,1904186569092739178,Freebox,Message automatique Freebox,Réponse automatique répétitive,"@titouness_ Bonjour,\n\nLa messagerie privée X n’est plus disponible.\n\nRetrouvez-moi dès à présent..."
5604,1904187145478435100,Freebox,Message automatique Freebox,Réponse automatique répétitive,"@B_litZen Bonjour,\n\nLa messagerie privée X n’est plus disponible.\nSi votre incident est toujours ..."
5605,1904189558670979344,Freebox,Message automatique Freebox,Réponse automatique répétitive,"@RyanTmYt Bonjour,\n\nLa messagerie privée X n’est plus disponible. \nSi votre incident est toujours..."
5612,1904531695258251540,Freebox,Message automatique Freebox,Réponse automatique répétitive,"@Richard070189 Bonjour,\n\nLa messagerie privée X n’est plus disponible. \nRetrouvez-moi dès à prése..."
5613,1904533310270808272,Freebox,Message automatique Freebox,Réponse automatique répétitive,"@Laetitiavltn Bonjour,\nLa messagerie privée X n’est plus disponible. \nRetrouvez-moi sur Messenger ..."
5617,1904890548885807539,Freebox,Message automatique Freebox,Réponse automatique répétitive,"@Lasim71 Bonjour,\n\nLa messagerie privée X n’est plus disponible. \nRetrouvez-moi dès à présent sur..."
5618,1904891793470083522,Freebox,Message automatique Freebox,Réponse automatique répétitive,"@miiitsyy Bonjour,\n\nLa messagerie privée X n’est plus disponible. \nRetrouvez-moi dès à présent su..."
5619,1904893640306020507,Freebox,Message automatique Freebox,Réponse automatique répétitive,"@mickaelserfati Bonjour,\n\nLa messagerie privée X n’est plus disponible. \nRetrouvez-moi dès à prés..."
5620,1904894122470576267,Freebox,Message automatique Freebox,Réponse automatique répétitive,"@CherichouMimi Bonjour,\n\nLa messagerie privée X n’est plus disponible. \nRetrouvez-moi dès à prése..."
5621,1904895055363473722,Freebox,Message automatique Freebox,Réponse automatique répétitive,"@hallunez Bonjour,\n\nLa messagerie privée X n’est plus disponible. \nRetrouvez-moi dès à présent su..."
5622,1904914452274720934,Freebox,Message automatique Freebox,Réponse automatique répétitive,"@KeftaEnjoyer18 Bonjour,\n\nLa messagerie privée X n’est plus disponible. \nRetrouvez-moi dès à prés..."
5623,1904916168525103538,Freebox,Message automatique Freebox,Réponse automatique répétitive,"@Laura_Lakitow Bonjour,\n\nLa messagerie privée X n’est plus disponible. \nRetrouvez-moi dès à prése..."
5625,1904922365676368054,Freebox,Message automatique Freebox,Réponse automatique répétitive,"@TropDespi Bonjour,\n\nLa messagerie privée X n’est plus disponible. \nRetrouvez-moi dès à présent s..."
5632,1905280822589931557,Freebox,Message automatique Freebox,Réponse automatique répétitive,"@ManuStarguest Bonjour,\n\nLa messagerie privée X n’est plus disponible.\n\nRetrouvez-moi dès à prés..."
5633,1905281426150355172,Freebox,Message automatique Freebox,Réponse automatique répétitive,"@NzingaBandida Bonjour,\n\nLa messagerie privée X n’est plus disponible.\n\nRetrouvez-moi dès à prés..."
5634,1905282539507380364,Freebox,Message automatique Freebox,Réponse automatique répétitive,"@Neo_Dessinator Bonjour,\n\nLa messagerie privée X n’est plus disponible.\n\nRetrouvez-moi dès à pré..."
5635,1905283256716566563,Freebox,Message automatique Freebox,Réponse automatique répétitive,"@A_976_ Bonjour,\n\nLa messagerie privée X n’est plus disponible.\n\nRetrouvez-moi dès à présent sur..."
5636,1905284249340485971,Freebox,Message automatique Freebox,Réponse automatique répétitive,"@Sten62729557 Bonjour,\n\nLa messagerie privée X n’est plus disponible.\n\nRetrouvez-moi dès à prése..."
5637,1905284533290778678,Freebox,Message automatique Freebox,Réponse automatique répétitive,"@fantanasabio Bonjour,\n\nLa messagerie privée X n’est plus disponible.\n\nRetrouvez-moi dès à prése..."
5639,1905288086092730872,Freebox,Message automatique Freebox,Réponse automatique répétitive,"@basdubn Bonjour,\n\nLa messagerie privée X n’est plus disponible.\n\nRetrouvez-moi dès à présent su..."
5642,1905624633434345890,Freebox,Message automatique Freebox,Réponse automatique répétitive,"@Pasthaf Bonjour,\n\nLa messagerie privée X n’est plus disponible. \nRetrouvez-moi dès à présent sur..."
5652,1906717581479723330,Freebox,Message automatique Freebox,Réponse automatique répétitive,"@stephsenic Bonjour,\n\nLa messagerie privée X n’est plus disponible.\n\nRetrouvez-moi dès à présent..."
5653,1906720532218696093,Freebox,Message automatique Freebox,Réponse automatique répétitive,"@frenchiejoes Bonjour,\n\nLa messagerie privée X n’est plus disponible.\n\nRetrouvez-moi dès à prése..."
5654,1906721962996478029,Freebox,Message automatique Freebox,Réponse automatique répétitive,"@bebi27 Bonjour,\n\nLa messagerie privée X n’est plus disponible.\n\nRetrouvez-moi dès à présent sur..."
5655,1906722991527870781,Freebox,Message automatique Freebox,Réponse automatique répétitive,"@kinaize Bonjour,\n\nLa messagerie privée X n’est plus disponible.\n\nRetrouvez-moi dès à présent su..."
5658,1906745811347624299,Freebox,Message automatique Freebox,Réponse automatique répétitive,"@FloCassan Bonjour,\n\nLa messagerie privée X n’est plus disponible.\n\nRetrouvez-moi dès à présent ..."
5659,1906747167588376620,Freebox,Message automatique Freebox,Réponse automatique répétitive,"@_QueenSmolder Bonjour,\n\nLa messagerie privée X n’est plus disponible.\n\nRetrouvez-moi dès à prés..."
5660,1906748937802813603,Freebox,Message automatique Freebox,Réponse automatique répétitive,"@maxpassot Bonjour,\n\nLa messagerie privée X n’est plus disponible.\n\nRetrouvez-moi dès à présent ..."
5661,1906750297508049142,Freebox,Message automatique Freebox,Réponse automatique répétitive,"@EdVbcq Bonjour,\n\nLa messagerie privée X n’est plus disponible.\n\nRetrouvez-moi dès à présent sur..."
5662,1906756130899902655,Freebox,Message automatique Freebox,Réponse automatique répétitive,"@hicksail Bonjour,\n\nLa messagerie privée X n’est plus disponible.\n\nRetrouvez-moi dès à présent s..."
5663,1906760560940621882,Freebox,Message automatique Freebox,Réponse automatique répétitive,"@Nuro_Kun_ Bonjour,\n\nLa messagerie privée X n’est plus disponible.\n\nRetrouvez-moi dès à présent ..."
5664,1906764475933323398,Freebox,Message automatique Freebox,Réponse automatique répétitive,"@AznarPierre2 Bonjour,\n\nLa messagerie privée X n’est plus disponible.\n\nRetrouvez-moi dès à prése..."
5665,1906765352953868676,Freebox,Message automatique Freebox,Réponse automatique répétitive,"@FabHendriksen Bonjour,\n\nLa messagerie privée X n’est plus disponible.\n\nRetrouvez-moi dès à prés..."
5666,1906767419743367192,Freebox,Message automatique Freebox,Réponse automatique répétitive,"@marcodel60 Bonjour,\n\nLa messagerie privée X n’est plus disponible.\n\nRetrouvez-moi dès à présent..."
5667,1906768088193806556,Freebox,Message automatique Freebox,Réponse automatique répétitive,"@dev_lucky1 Bonjour,\n\nLa messagerie privée X n’est plus disponible.\n\nRetrouvez-moi dès à présent..."
5670,1907008018878734591,Freebox,Message automatique Freebox,Réponse automatique répétitive,"@parnorae Bonjour,\n\nLa messagerie privée X n’est plus disponible. \nRetrouvez-moi dès à présent su..."
5671,1907009195116781874,Freebox,Message automatique Freebox,Réponse automatique répétitive,"@VroniqueGomes1 Bonjour,\n\nLa messagerie privée X n’est plus disponible. \nRetrouvez-moi dès à prés..."
5681,1907351736747970904,Freebox,Message automatique Freebox,Réponse automatique répétitive,"@nishan_s Bonjour,\n\nLa messagerie privée X n’est plus disponible. \nRetrouvez-moi dès à présent su..."
5682,1907352484428865845,Freebox,Message automatique Freebox,Réponse automatique répétitive,"@Nathali37468405 Bonjour,\n\nLa messagerie privée X n’est plus disponible. \nRetrouvez-moi dès à pré..."
5683,1907354377129517150,Freebox,Message automatique Freebox,Réponse automatique répétitive,"@RizThai Bonjour,\n\nLa messagerie privée X n’est plus disponible. \nRetrouvez-moi dès à présent sur..."
5684,1907355033630351386,Freebox,Message automatique Freebox,Réponse automatique répétitive,"@brice_lsrd Bonjour,\n\nLa messagerie privée X n’est plus disponible. \nRetrouvez-moi dès à présent ..."
5685,1907355729016524876,Freebox,Message automatique Freebox,Réponse automatique répétitive,"@brice_lsrd Bonjour,\n\nLa messagerie privée X n’est plus disponible. \nRetrouvez-moi dès à présent ..."
5686,1907356853807263856,Freebox,Message automatique Freebox,Réponse automatique répétitive,"@LeFizah Bonjour,\n\nLa messagerie privée X n’est plus disponible. \nRetrouvez-moi dès à présent sur..."
5687,1907358555859992891,Freebox,Message automatique Freebox,Réponse automatique répétitive,"@bmnklee Bonjour,\n\nLa messagerie privée X n’est plus disponible. \nRetrouvez-moi dès à présent sur..."
5688,1907359810036654588,Freebox,Message automatique Freebox,Réponse automatique répétitive,"@Seb34110 Bonjour,\n\nLa messagerie privée X n’est plus disponible. \nRetrouvez-moi dès à présent su..."
5689,1907407472064663724,Axel_Alucard,Spam/Promotion,Spam ou promotion non pertinente,@jon_delorraine Ouais enfin pendant ce temps j'attends toujours d'avoir mon activation de freebox av...
5691,1907717531319595065,Freebox,Message automatique Freebox,Réponse automatique répétitive,"@Axel_Alucard Bonjour,\n\nLa messagerie privée X n’est plus disponible.\nRetrouvez-moi dès à présent..."
5692,1907726268327489710,Freebox,Message automatique Freebox,Réponse automatique répétitive,"@fibisa1 Bonjour,\n\nLa messagerie privée X n’est plus disponible. \nRetrouvez-moi dès à présent sur..."
5701,1909519388442595589,Freebox,Message automatique Freebox,Réponse automatique répétitive,"@Soinsuke Bonjour,\n\nLa messagerie privée X n’est plus disponible.\nRetrouvez-moi dès à présent sur..."
5702,1909520099591041072,Freebox,Message automatique Freebox,Réponse automatique répétitive,"@craienoir Bonjour,\n\nLa messagerie privée X n’est plus disponible.\nRetrouvez-moi dès à présent su..."
5703,1909521418842263976,Freebox,Message automatique Freebox,Réponse automatique répétitive,"@erik91fcb Bonjour,\n\nLa messagerie privée X n’est plus disponible.\nRetrouvez-moi dès à présent su..."
5705,1909524143638245882,Freebox,Message automatique Freebox,Réponse automatique répétitive,"@lensalade Bonjour,\n\nLa messagerie privée X n’est plus disponible.\nRetrouvez-moi dès à présent su..."
5707,1909525646356709838,Freebox,Message automatique Freebox,Réponse automatique répétitive,"@claimnm Bonjour,\n\nLa messagerie privée X n’est plus disponible.\nRetrouvez-moi dès à présent sur ..."
5708,1909527088912032123,Freebox,Message automatique Freebox,Réponse automatique répétitive,"@MRKN06 Bonjour,\n\nLa messagerie privée X n’est plus disponible.\nRetrouvez-moi dès à présent sur M..."
5709,1909540743636459572,Freebox,Message automatique Freebox,Réponse automatique répétitive,"@Haabzeinberg Bonjour,\n\nLa messagerie privée X n’est plus disponible. \nRetrouvez-moi dès à présen..."
5711,1909542064636805347,Freebox,Message automatique Freebox,Réponse automatique répétitive,"@Fifisave13 Bonjour,\n\nLa messagerie privée X n’est plus disponible. \nRetrouvez-moi dès à présent ..."
5712,1909543304770826556,Freebox,Message automatique Freebox,Réponse automatique répétitive,"@dripdropp_ Bonjour,\n\nLa messagerie privée X n’est plus disponible. \nRetrouvez-moi dès à présent ..."
5713,1909543818183004469,Freebox,Message automatique Freebox,Réponse automatique répétitive,"@priveeru Bonjour,\n\nLa messagerie privée X n’est plus disponible. \nRetrouvez-moi dès à présent su..."
5714,1909544609618805034,Freebox,Message automatique Freebox,Réponse automatique répétitive,"@Grendel2956 Bonjour,\n\nLa messagerie privée X n’est plus disponible. \nRetrouvez-moi dès à présent..."
5721,1909874924388245753,ankister,Spam/Promotion,Spam ou promotion non pertinente,"@Freebox Bonjour, je suis actuellement abonné à l'offre POP depuis des années. Je viens de voir que ..."
5724,1909919786777161844,Freebox,Message automatique Freebox,Réponse automatique répétitive,"@bilalm73 Bonjour,\n\nLa messagerie privée X n’est plus disponible.\n\nSi votre demande est toujours..."
5725,1909921281945858069,Freebox,Message automatique Freebox,Réponse automatique répétitive,"@eyesfullatearu Bonjour,\n\nLa messagerie privée X n’est plus disponible.\nSi vous n'avez pas encore..."
5726,1909930619859054690,Freebox,Message automatique Freebox,Réponse automatique répétitive,"@ankister Bonjour,\n\nLa messagerie privée X n’est plus disponible.\n\nSi votre demande est toujours..."
5727,1909933476175925454,Freebox,Message automatique Freebox,Réponse automatique répétitive,"@nonosthecrak Bonjour,\n\nLa messagerie privée X n’est plus disponible.\n\nSi votre demande est touj..."
5728,1909933932214210931,Freebox,Message automatique Freebox,Réponse automatique répétitive,"@zojo_officiel Bonjour,\n\nLa messagerie privée X n’est plus disponible.\n\nSi votre demande est tou..."
5729,1909936390101512318,Freebox,Message automatique Freebox,Réponse automatique répétitive,"@VBPix84 Bonjour,\n\nLa messagerie privée X n’est plus disponible. \n\nSi vous n'avez pas été pris e..."
5730,1909961834569826365,Freebox,Message automatique Freebox,Réponse automatique répétitive,"@yggdrasoli Bonjour,\n\nLa messagerie privée X n’est plus disponible. \n\nSi votre incident est touj..."
5731,1909962605210317262,Freebox,Message automatique Freebox,Réponse automatique répétitive,"@otter_astro Bonjour,\n\nLa messagerie privée X n’est plus disponible.\n\nSi votre demande est toujo..."
5749,1911677724114014516,Freebox,Message automatique Freebox,Réponse automatique répétitive,"@ani_colas Bonjour,\n\nLa messagerie privée X n’est plus disponible. \nRetrouvez-moi dès à présent s..."
5750,1911679150156362163,Freebox,Message automatique Freebox,Réponse automatique répétitive,"@L_UrssafMaTue Bonjour,\n\nLa messagerie privée X n’est plus disponible, et nous en sommes désolés. ..."
5751,1911679706279125251,Freebox,Message automatique Freebox,Réponse automatique répétitive,"@ChenXBT Bonjour,\n\nLa messagerie privée X n’est plus disponible.\nRetrouvez-moi dès à présent sur ..."
5753,1912088498166784059,Freebox,Message automatique Freebox,Réponse automatique répétitive,"@HoossHz22 Bonjour,\n\nLa messagerie privée X n’est plus disponible. \nRetrouvez-moi dès à présent s..."
5754,1912089253699272990,Freebox,Message automatique Freebox,Réponse automatique répétitive,"@RNavy_ Bonjour,\n\nLa messagerie privée X n’est plus disponible. \nRetrouvez-moi dès à présent sur ..."
5755,1912091524340343275,Freebox,Message automatique Freebox,Réponse automatique répétitive,"@adriends Bonjour,\n\nLa messagerie privée X n’est plus disponible. \nRetrouvez-moi dès à présent su..."
5756,1912092716864848021,Freebox,Message automatique Freebox,Réponse automatique répétitive,"@sourire4k Bonjour,\n\nLa messagerie privée X n’est plus disponible. \nRetrouvez-moi dès à présent s..."
5757,1912092939062317211,Freebox,Message automatique Freebox,Réponse automatique répétitive,"@Burno26 Bonjour,\n\nLa messagerie privée X n’est plus disponible, et nous en sommes désolés. \nRetr..."
5758,1912093420589318179,Freebox,Message automatique Freebox,Réponse automatique répétitive,"@mnugrr Bonjour,\n\nLa messagerie privée X n’est plus disponible, et nous en sommes désolés. \nRetro..."
5759,1912094709113090160,Freebox,Message automatique Freebox,Réponse automatique répétitive,"@maximegiovanne1 Bonjour,\n\nLa messagerie privée X n’est plus disponible, et nous en sommes désolés..."
5760,1912096908182532236,Freebox,Message automatique Freebox,Réponse automatique répétitive,"@senkutoujours Bonjour,\n\nLa messagerie privée X n’est plus disponible, et nous en sommes désolés. ..."
5761,1912100446845477263,Freebox,Message automatique Freebox,Réponse automatique répétitive,"@DadiFairman Bonjour,\n\nLa messagerie privée X n’est plus disponible. \nRetrouvez-moi dès à présent..."
5762,1912100872806400479,Freebox,Message automatique Freebox,Réponse automatique répétitive,"@actKurza Bonjour,\n\nLa messagerie privée X n’est plus disponible. \nRetrouvez-moi dès à présent su..."
5763,1912102550548947452,Freebox,Message automatique Freebox,Réponse automatique répétitive,"@lonelylittleT Bonjour,\n\nLa messagerie privée X n’est plus disponible. \nRetrouvez-moi dès à prése..."
5771,1912778762933985737,Freebox,Message automatique Freebox,Réponse automatique répétitive,"@ErenJaeger7608 Bonjour,\n\nLa messagerie privée X n’est plus disponible. \nRetrouvez-moi dès à prés..."
5772,1912780644310003833,Freebox,Message automatique Freebox,Réponse automatique répétitive,"@DugruC Bonjour,\n\nLa messagerie privée X n’est plus disponible. \nRetrouvez-moi dès à présent sur ..."
5773,1912788446176755745,Freebox,Message automatique Freebox,Réponse automatique répétitive,"@AlexisRbru Bonjour,\n\nLa messagerie privée X n’est plus disponible.\nRetrouvez-moi dès à présent s..."
5774,1912790373564363163,Freebox,Message automatique Freebox,Réponse automatique répétitive,"@Reusinho92 Bonjour,\n\nLa messagerie privée X n’est plus disponible. \nRetrouvez-moi dès à présent ..."
5775,1912791120519581778,Freebox,Message automatique Freebox,Réponse automatique répétitive,"@Alexandrevrd Bonjour,\n\nLa messagerie privée X n’est plus disponible.\nRetrouvez-moi dès à présent..."
5776,1912791716282724612,Freebox,Message automatique Freebox,Réponse automatique répétitive,"@Amar_Escobar76 Bonjour,\n\nLa messagerie privée X n’est plus disponible. \nRetrouvez-moi dès à prés..."
5777,1912792764548329817,Freebox,Message automatique Freebox,Réponse automatique répétitive,"@Medhileckmasta Bonjour,\n\nLa messagerie privée X n’est plus disponible, et nous en sommes désolés...."
5778,1912793114642706802,Freebox,Message automatique Freebox,Réponse automatique répétitive,"@hajiyn95 Bonjour,\n\nLa messagerie privée X n’est plus disponible. \nRetrouvez-moi dès à présent su..."
5779,1912795119515824566,Freebox,Message automatique Freebox,Réponse automatique répétitive,"@jlb_71 Bonjour,\n\nLa messagerie privée X n’est plus disponible. \nRetrouvez-moi dès à présent sur ..."
5781,1912872482350027029,Freebox,Message automatique Freebox,Réponse automatique répétitive,"@KlimkaVr Bonjour,\n\nLa messagerie privée X n’est plus disponible. \nSi votre demande n'est toujour..."
5783,1915045903636828192,Freebox,Message automatique Freebox,Réponse automatique répétitive,"@jodellavega Bonjour,\n\nLa messagerie privée X n’est plus disponible. \nRetrouvez-moi dès à présent..."
5787,1916131741120573853,Freebox,Message automatique Freebox,Réponse automatique répétitive,"@RocwoDeRetour Bonjour,\n\nLa messagerie privée X n’est plus disponible. \nRetrouvez-moi dès à prése..."
5788,1916132384199582175,Freebox,Message automatique Freebox,Réponse automatique répétitive,"@PascalSenicourt Bonjour,\n\nLa messagerie privée X n’est plus disponible. \n\nRetrouvez-moi dès à p..."
5794,1916813909484359841,Freebox,Message automatique Freebox,Réponse automatique répétitive,"@MaximeCulea Bonjour,\n\nLa messagerie privée X n’est plus disponible, et nous en sommes désolés. \n..."
5795,1916814755836182714,Freebox,Message automatique Freebox,Réponse automatique répétitive,"@Yann867592 Bonjour,\n\nLa messagerie privée X n’est plus disponible, et nous en sommes désolés. \nR..."
5796,1916815115929743765,Freebox,Message automatique Freebox,Réponse automatique répétitive,"@Sjk242 Bonjour,\n\nLa messagerie privée X n’est plus disponible. \n\nSi le problème est toujours d'..."
5797,1916816050730975256,Freebox,Message automatique Freebox,Réponse automatique répétitive,"@HabbadiItab Bonjour,\n\nLa messagerie privée X n’est plus disponible, et nous en sommes désolés. \n..."
5798,1916820292158021840,Freebox,Message automatique Freebox,Réponse automatique répétitive,"Bonjour ThomasTriger,\n \nLa messagerie X n’est plus disponible. Aussi je vous propose de nous conta..."
5801,1917191282113282385,Kawaltee,Message automatique Freebox,Réponse automatique répétitive,@free @Freebox  Hello - j'ai envoyé un message mercredi dernier sur le Messenger et toujours pas de ...
5802,1917192302021190025,Freebox,Message automatique Freebox,Réponse automatique répétitive,"@Ax0sPie Bonjour,\n\nLa messagerie privée X n’est plus disponible.  Retrouvez-moi dès à présent pour..."
5803,1917199345243349277,Freebox,Message automatique Freebox,Réponse automatique répétitive,"@JulienReview Bonjour,\n\nLa messagerie privée X n’est plus disponible. \nRetrouvez-moi dès à présen..."
5806,1917516391994794126,Freebox,Message automatique Freebox,Réponse automatique répétitive,"@rastakarai Bonjour,\n\nLa messagerie privée X n’est plus disponible, et nous en sommes désolés. \nR..."
5814,1918206971389399111,Freebox,Message automatique Freebox,Réponse automatique répétitive,"@SoJanuel Bonjour,\n\nLa messagerie privée X n’est plus disponible, et nous en sommes désolés. \nRet..."
5815,1918218615263764589,Freebox,Message automatique Freebox,Réponse automatique répétitive,"@anonymous5804a Bonjour,\n\nLa messagerie privée X n’est plus disponible, et nous en sommes désolés...."
5831,1919362289854976474,Freebox,Message automatique Freebox,Réponse automatique répétitive,"@Klipxsoo Bonjour,\n\nLa messagerie privée X n’est plus disponible, et nous en sommes désolés. \nRet..."
5832,1919364862800474541,Freebox,Message automatique Freebox,Réponse automatique répétitive,"@AlexDesFamilles Bonjour,\n\nLa messagerie privée X n’est plus disponible. \nRetrouvez-moi dès à pré..."
5833,1919370845635358782,Freebox,Message automatique Freebox,Réponse automatique répétitive,"@sooooo_tan Bonjour,\n\nLa messagerie privée X n’est plus disponible, et nous en sommes désolés. \nR..."
5837,1919430230063636543,Freebox,Message automatique Freebox,Réponse automatique répétitive,"@HamkosRcm Bonjour,\n\nLa messagerie privée X n’est plus disponible. \n\nSi l'anomalie persiste, ret..."
5839,1919440778377503047,Freebox,Message automatique Freebox,Réponse automatique répétitive,"@maxitoy Bonjour,\n\nLa messagerie privée X n’est plus disponible. \n\nRetrouvez-moi dès à présent s..."
5840,1919441952170254371,Freebox,Message automatique Freebox,Réponse automatique répétitive,"@BonnieNamiko Bonjour,\n\nLa messagerie privée X n’est plus disponible. \nRetrouvez-moi dès à présen..."
5842,1919446835434869142,Freebox,Message automatique Freebox,Réponse automatique répétitive,"@renpazinzin Bonjour,\n\nLa messagerie privée X n’est plus disponible. \nRetrouvez-moi dès à présent..."
5843,1919447779329421513,Freebox,Message automatique Freebox,Réponse automatique répétitive,"@shayaajin Bonjour,\n\nLa messagerie privée X n’est plus disponible. \n\nSi cela persiste, retrouvez..."
5844,1919448810746462668,Freebox,Message automatique Freebox,Réponse automatique répétitive,"@BikettedeCombat Bonjour,\n\nLa messagerie privée X n’est plus disponible. \nRetrouvez-moi dès à pré..."
5845,1919450052574982322,Freebox,Message automatique Freebox,Réponse automatique répétitive,"@MeauxKevin77 Bonjour,\n\nLa messagerie privée X n’est plus disponible. \n\nRetrouvez-moi dès à prés..."
5849,1919684192805208438,Freebox,Message automatique Freebox,Réponse automatique répétitive,"@adriendeg1 Bonjour,\n\nLa messagerie privée X n’est plus disponible, et nous en sommes désolés. \nR..."
5850,1919685014028947835,Freebox,Message automatique Freebox,Réponse automatique répétitive,"@kaspa0133 Bonjour,\n\nLa messagerie privée X n’est plus disponible, et nous en sommes désolés. \nRe..."
5851,1919685709142569393,Freebox,Message automatique Freebox,Réponse automatique répétitive,"@PFreminville Bonjour,\n\nLa messagerie privée X n’est plus disponible, et nous en sommes désolés. \..."
5855,1920074669618520470,Freebox,Message automatique Freebox,Réponse automatique répétitive,"@vjamartins Bonjour,\n\nLa messagerie privée X n’est plus disponible. \nRetrouvez-moi dès à présent ..."
5856,1920078896927473930,Freebox,Message automatique Freebox,Réponse automatique répétitive,"@m8gal Bonjour,\n\nLa messagerie privée X n’est plus disponible.\nRetrouvez-moi dès à présent sur Me..."
5857,1920079246459842585,Freebox,Message automatique Freebox,Réponse automatique répétitive,"@pl_dric Bonjour,\n\nLa messagerie privée X n’est plus disponible. \nRetrouvez-moi dès à présent sur..."
5858,1920081102502330855,Freebox,Message automatique Freebox,Réponse automatique répétitive,"@_Mittico Bonjour,\n\nLa messagerie privée X n’est plus disponible.\n\nRetrouvez-moi dès à présent s..."
5859,1920081635032146064,Freebox,Message automatique Freebox,Réponse automatique répétitive,"@GamesSpirit_ Bonjour,\n\nLa messagerie privée X n’est plus disponible. \n\nRetrouvez-moi dès à prés..."
5860,1920082113530863683,Freebox,Message automatique Freebox,Réponse automatique répétitive,"@Shinzo971 Bonjour,\n\nLa messagerie privée X n’est plus disponible, et nous en sommes désolés. \nRe..."
5861,1920082609326924207,Freebox,Message automatique Freebox,Réponse automatique répétitive,"@Kebah92 Bonjour,\n\nLa messagerie privée X n’est plus disponible. \n\nRetrouvez-moi dès à présent s..."
5862,1920084908535361960,Freebox,Message automatique Freebox,Réponse automatique répétitive,"@GaelLeBohec @freemobile @MC4you @PlanaDenis Bonjour,\n\nLa messagerie privée X n’est plus disponibl..."
5863,1920087500048974262,Freebox,Message automatique Freebox,Réponse automatique répétitive,"@Crypt0_Lucky Bonjour,\n\nLa messagerie privée X n’est plus disponible. \nRetrouvez-moi dès à présen..."
5864,1920087989796868504,Freebox,Message automatique Freebox,Réponse automatique répétitive,"@Bobodughetto Bonjour,\n\nLa messagerie privée X n’est plus disponible. \n\nRetrouvez-moi dès à prés..."
5865,1920089708576596106,Freebox,Message automatique Freebox,Réponse automatique répétitive,"@faculty07 Bonjour,\n\nLa messagerie privée X n’est plus disponible. \n\nRetrouvez-moi dès à présent..."
5866,1920098494309663163,Freebox,Message automatique Freebox,Réponse automatique répétitive,"@QuicK_i_m Bonjour,\n\nLa messagerie privée X n’est plus disponible. \n\nRetrouvez-moi dès à présent..."
5867,1920099621906395547,Freebox,Message automatique Freebox,Réponse automatique répétitive,"@sosokj733 Bonjour,\n\nLa messagerie privée X n’est plus disponible. \n\nRetrouvez-moi dès à présent..."
5868,1920102068653625518,Freebox,Message automatique Freebox,Réponse automatique répétitive,"@FlorianFinder Bonjour,\n\nLa messagerie privée X n’est plus disponible. \n\nRetrouvez-moi dès à pré..."
5869,1920102998543315070,Freebox,Message automatique Freebox,Réponse automatique répétitive,"@MaxdeTech @UniversFreebox @Numerama Bonjour,\n\nLa messagerie privée X n’est plus disponible.\n\nRe..."
5870,1920105037893697938,Freebox,Message automatique Freebox,Réponse automatique répétitive,"@EllaVerite Bonjour,\n\nLa messagerie privée X n’est plus disponible. \nRetrouvez-moi dès à présent ..."
5880,1920869019080364051,Freebox,Message automatique Freebox,Réponse automatique répétitive,"@minuitpile2 Bonjour,\n\nLa messagerie privée X n’est plus disponible.\nRetrouvez-moi dès à présent ..."
5882,1921940919667904650,Freebox,Message automatique Freebox,Réponse automatique répétitive,"@abbas_brahim Bonjour,\n\nLa messagerie privée X n’est plus disponible, et nous en sommes désolés. \..."
5883,1921970719849664981,Freebox,Message automatique Freebox,Réponse automatique répétitive,"@fastier_antony Bonjour,\n\nLa messagerie privée X n’est plus disponible. \n\nRetrouvez-moi dès à pr..."
5884,1921972841810964842,Freebox,Message automatique Freebox,Réponse automatique répétitive,"@Nyar_MX Bonjour,\n\nLa messagerie privée X n’est plus disponible, et nous en sommes désolés. \nRetr..."
5885,1921973682961887236,Freebox,Message automatique Freebox,Réponse automatique répétitive,"@Aliplmr Bonjour,\n\nLa messagerie privée X n’est plus disponible, et nous en sommes désolés. \nRetr..."
5886,1921977543432745377,Freebox,Message automatique Freebox,Réponse automatique répétitive,"@TwitekOffi Bonjour,\n\nLa messagerie privée X n’est plus disponible, et nous en sommes désolés. \nR..."
5887,1921979143714922623,Freebox,Message automatique Freebox,Réponse automatique répétitive,"@dooonooovaaan Bonjour,\n\nLa messagerie privée X n’est plus disponible, et nous en sommes désolés. ..."
5889,1922224850136871025,Freebox,Message automatique Freebox,Réponse automatique répétitive,"@itsgolddigger Bonjour,\n\nLa messagerie privée X n’est plus disponible. \nRetrouvez-moi dès à prése..."
5890,1922226045211619547,Freebox,Message automatique Freebox,Réponse automatique répétitive,"@IndiaNewsNetwk Bonjour,\n\nLa messagerie privée X n’est plus disponible. \nRetrouvez-moi dès à prés..."
5891,1922231317065830437,Freebox,Message automatique Freebox,Réponse automatique répétitive,"@Saouss3 Bonjour,\n\nLa messagerie privée X n’est plus disponible.\nRetrouvez-moi dès à présent sur ..."
5905,1922943907110764829,Freebox,Message automatique Freebox,Réponse automatique répétitive,"@maat_02 Bonjour,\n\nLa messagerie privée X n’est plus disponible. \n\nRetrouvez-moi dès à présent s..."
5916,1923384366782181562,Freebox,Message automatique Freebox,Réponse automatique répétitive,"@aparisianbitch Bonjour,\n\nLa messagerie privée X n’est plus disponible. \nRetrouvez-moi dès à prés..."
5917,1923399044409266630,Freebox,Message automatique Freebox,Réponse automatique répétitive,"@Sarafu89 Bonjour,\n\nLa messagerie privée X n’est plus disponible. \n\nRetrouvez-moi dès à présent ..."
5928,1924417042414780676,Freebox,Message automatique Freebox,Réponse automatique répétitive,"@nainportkoi Bonjour,\n\nSi la situation est toujours d’actualité, je vous invite à nous contacter d..."
5929,1924418345798910342,Freebox,Message automatique Freebox,Réponse automatique répétitive,"@Earthcruser Bonjour,\n\nLa messagerie privée X n’est plus disponible, et nous en sommes désolés. \n..."
5930,1924419260475961840,Freebox,Message automatique Freebox,Réponse automatique répétitive,"@sergionimo37 Bonjour,\n\nLa messagerie privée X n’est plus disponible, et nous en sommes désolés. \..."
5931,1924421044342862065,Freebox,Message automatique Freebox,Réponse automatique répétitive,"@julienthemonkey Bonjour,\n\nSi la situation est toujours d’actualité, je vous invite à nous contact..."
5933,1924429396951097802,Freebox,Message automatique Freebox,Réponse automatique répétitive,"@newjeannssss Bonjour,\n\nSi la situation est toujours d’actualité, je vous invite à nous contacter ..."
5949,1924849738475503658,Freebox,Message automatique Freebox,Réponse automatique répétitive,"@yelen Bonjour,\n\nLa messagerie privée X n’est plus disponible. \n\nRetrouvez-moi dès à présent sur..."
5950,1924853946809458689,Freebox,Message automatique Freebox,Réponse automatique répétitive,"@shinjuku174 Bonjour,\n\nLa messagerie privée X n’est plus disponible. \n\nRetrouvez-moi dès à prése..."
5951,1924857466157699444,Freebox,Message automatique Freebox,Réponse automatique répétitive,"@kilyoss12 Bonjour,\n\nLa messagerie privée X n’est plus disponible. \n\nRetrouvez-moi dès à présent..."
5952,1924860392674635928,Freebox,Message automatique Freebox,Réponse automatique répétitive,"@DarkAntoSW Bonjour,\n\nLa messagerie privée X n’est plus disponible. \n\nRetrouvez-moi dès à présen..."
5953,1924860950391263348,Freebox,Message automatique Freebox,Réponse automatique répétitive,"@lindalindaissa Bonjour,\n\nLa messagerie privée X n’est plus disponible. \nRetrouvez-moi dès à prés..."
5954,1924862205037527408,Freebox,Message automatique Freebox,Réponse automatique répétitive,"@Sweubi Bonjour,\n\nLa messagerie privée X n’est plus disponible. \n\nRetrouvez-moi dès à présent su..."
5955,1924862904332845384,Freebox,Message automatique Freebox,Réponse automatique répétitive,"@NeverTakeIt_ Bonjour,\n\nLa messagerie privée X n’est plus disponible. \n\nRetrouvez-moi dès à prés..."
5956,1924863562012401730,Freebox,Message automatique Freebox,Réponse automatique répétitive,"@Hinakiki77 Bonjour,\n\nLa messagerie privée X n’est plus disponible. \n\nRetrouvez-moi dès à présen..."
5963,1925108186714910759,Freebox,Message automatique Freebox,Réponse automatique répétitive,"@DJ_one_p Bonjour,\n\nLa messagerie privée X n’est plus disponible, mais pour vérifier cela retrouve..."
5964,1925109499032949060,Freebox,Message automatique Freebox,Réponse automatique répétitive,"@faculty07 Bonjour,\n\nLa messagerie privée X n’est plus disponible, retrouvez-moi dès à présent sur..."
5965,1925112028462481800,Freebox,Message automatique Freebox,Réponse automatique répétitive,"@amani2009 Bonjour,\n\nLa messagerie privée X n’est plus disponible, afin de clarifier cela retrouve..."
5966,1925120481075589385,Freebox,Message automatique Freebox,Réponse automatique répétitive,"@syzygievariable Bonjour,\n\nLa messagerie privée X n’est plus disponible, mais afin de vérifier cel..."
5972,1925192251677818957,Freebox,Message automatique Freebox,Réponse automatique répétitive,"@loicolit Bonjour,\n\nLa messagerie privée X n’est plus disponible, et nous en sommes désolés. \n\nR..."
5973,1925193027401683173,Freebox,Message automatique Freebox,Réponse automatique répétitive,"@Bisou93 Bonjour,\n\nLa messagerie privée X n’est plus disponible. \n\nRetrouvez-moi dès à présent s..."
5974,1925196489808027979,Freebox,Message automatique Freebox,Réponse automatique répétitive,"@TheFLTawa Bonjour,\n\nLa messagerie privée X n’est plus disponible. \n\nRetrouvez-moi dès à présent..."
5975,1925197226839527508,Freebox,Message automatique Freebox,Réponse automatique répétitive,"@lvignaud3 Bonjour,\n\nLa messagerie privée X n’est plus disponible. \nRetrouvez-moi dès à présent s..."
5976,1925201959654510620,Freebox,Message automatique Freebox,Réponse automatique répétitive,"@philippeyaiche Bonjour,\n\nLa messagerie privée X n’est plus disponible. \n\nRetrouvez-moi dès à pr..."
5977,1925203286728020148,Freebox,Message automatique Freebox,Réponse automatique répétitive,"@PierreKeliam Bonjour,\n\nLa messagerie privée X n’est plus disponible. \n\nRetrouvez-moi dès à prés..."
5978,1925205845756789143,samkellenberger,Spam/Promotion,Spam ou promotion non pertinente,"@Xavier75 les offres nouveaux abonnés, c'est cool. Mais concrètement, après 16 ans de fidélité, on a..."
5979,1925207222620959102,Freebox,Message automatique Freebox,Réponse automatique répétitive,"@SulliCop Bonjour,\n\nLa messagerie privée X n’est plus disponible. \n\nRetrouvez-moi dès à présent ..."
5980,1925210414096269636,Freebox,Message automatique Freebox,Réponse automatique répétitive,"@simleboulaire Bonjour,\n\nLa messagerie privée X n’est plus disponible. \n\nRetrouvez-moi dès à pré..."
5981,1925214351738208669,Freebox,Message automatique Freebox,Réponse automatique répétitive,"@denisbarreau5 Bonjour,\n\nLa messagerie privée X n’est plus disponible. \n\nRetrouvez-moi dès à pré..."
5982,1925215070012768291,Freebox,Message automatique Freebox,Réponse automatique répétitive,"@KevinClerc3 Bonjour,\n\nLa messagerie privée X n’est plus disponible. \n\nRetrouvez-moi dès à prése..."
5983,1925217841420091579,Freebox,Message automatique Freebox,Réponse automatique répétitive,"@Noumiyo_ Bonjour,\n\nLa messagerie privée X n’est plus disponible, et nous en sommes désolés. \n\nR..."
5984,1925219346898456765,Freebox,Message automatique Freebox,Réponse automatique répétitive,"@emxcreature Bonjour,\n\nLa messagerie privée X n’est plus disponible, et nous en sommes désolés. \n..."
5985,1925220583731581012,Freebox,Message automatique Freebox,Réponse automatique répétitive,"@Ninalcmb Bonjour,\n\nLa messagerie privée X n’est plus disponible, et nous en sommes désolés. \n\nR..."
5986,1925221981982449855,Freebox,Message automatique Freebox,Réponse automatique répétitive,"@xtraime Bonjour,\n\nLa messagerie privée X n’est plus disponible. \n\nRetrouvez-moi dès à présent s..."
5987,1925224556362412060,Freebox,Message automatique Freebox,Réponse automatique répétitive,"@lenaly_m_c Bonjour,\n\nLa messagerie privée X n’est plus disponible. \n\nRetrouvez-moi dès à présen..."
5988,1925228818576421091,Freebox,Message automatique Freebox,Réponse automatique répétitive,"@noah58474463 Bonjour,\n\nLa messagerie privée X n’est plus disponible. \nRetrouvez-moi dès à présen..."
5989,1925229488209637524,Freebox,Message automatique Freebox,Réponse automatique répétitive,"@Cyberchaum Bonjour,\n\nLa messagerie privée X n’est plus disponible. \n\nRetrouvez-moi dès à présen..."
5990,1925230182455030012,Freebox,Message automatique Freebox,Réponse automatique répétitive,"@SharkFrance10 Bonjour,\n\nLa messagerie privée X n’est plus disponible. \n\nRetrouvez-moi dès à pré..."
5991,1925231249594974602,Freebox,Message automatique Freebox,Réponse automatique répétitive,"@alex_cabane Bonjour,\n\nLa messagerie privée X n’est plus disponible. \n\nRetrouvez-moi dès à prése..."
5992,1925236949171720585,Freebox,Message automatique Freebox,Réponse automatique répétitive,"@letouzet Bonjour,\n\nLa messagerie privée X n’est plus disponible. \n\nRetrouvez-moi dès à présent ..."
5999,1925473553190695187,Freebox,Message automatique Freebox,Réponse automatique répétitive,"@prsn_91 Bonjour,\n\nLa messagerie privée X n’est plus disponible. \n\nRetrouvez-moi dès à présent s..."
6000,1925475935416946952,Freebox,Message automatique Freebox,Réponse automatique répétitive,"@Gracounette Bonjour,\n\nLa messagerie privée X n’est plus disponible. \n\nRetrouvez-moi dès à prése..."
6001,1925479940432007370,Freebox,Message automatique Freebox,Réponse automatique répétitive,"@NinaValette Bonjour,\n\nLa messagerie privée X n’est plus disponible, et nous en sommes désolés. \n..."
6002,1925481386862891255,Freebox,Message automatique Freebox,Réponse automatique répétitive,"@LaMule18 Bonjour,\n\nLa messagerie privée X n’est plus disponible. \n\nRetrouvez-moi dès à présent ..."
6003,1925482253305397522,Freebox,Message automatique Freebox,Réponse automatique répétitive,"@vlcmp4 Bonjour,\n\nLa messagerie privée X n’est plus disponible, et nous en sommes désolés. \n\nRet..."
6004,1925490370172903479,Freebox,Message automatique Freebox,Réponse automatique répétitive,"@ilannman Bonjour,\n\nLa messagerie privée X n’est plus disponible, et nous en sommes désolés. \nRet..."
6005,1925491916444979701,Freebox,Message automatique Freebox,Réponse automatique répétitive,"@100moinsneuf Bonjour,\n\nLa messagerie privée X n’est plus disponible. \n\nRetrouvez-moi dès à prés..."
6008,1925546470259728574,Freebox,Message automatique Freebox,Réponse automatique répétitive,"@SweetieJazzy Bonjour,\n\nLa messagerie privée X n’est plus disponible, et nous en sommes désolés. \..."
6009,1925548995318800394,Freebox,Message automatique Freebox,Réponse automatique répétitive,"@edouard75013 Bonjour,\n\nLa messagerie privée X n’est plus disponible. \n\nRetrouvez-moi dès à prés..."
6010,1925550429280096597,Freebox,Message automatique Freebox,Réponse automatique répétitive,"@LaetMary Bonjour,\n\nLa messagerie privée X n’est plus disponible. \n\nRetrouvez-moi dès à présent ..."
6011,1925552177524748663,Freebox,Message automatique Freebox,Réponse automatique répétitive,"@RomaneBerej Bonjour,\n\nLa messagerie privée X n’est plus disponible, et nous en sommes désolés. \n..."
6012,1925553202914529626,Freebox,Message automatique Freebox,Réponse automatique répétitive,"@damienkrbl Bonjour,\n\nLa messagerie privée X n’est plus disponible, et nous en sommes désolés. \n\..."
6013,1925559858289365005,Freebox,Message automatique Freebox,Réponse automatique répétitive,"@ramoopkac Bonjour,\n\nLa messagerie privée X n’est plus disponible, et nous en sommes désolés. \nRe..."
6015,1925561508408275296,Freebox,Message automatique Freebox,Réponse automatique répétitive,"@WHOEDGARSILVA Bonjour,\n\nLa messagerie privée X n’est plus disponible, et nous en sommes désolés. ..."
6016,1925563208531677653,Freebox,Message automatique Freebox,Réponse automatique répétitive,"@AdrienRgt Bonjour,\n\nLa messagerie privée X n’est plus disponible. \n\nRetrouvez-moi dès à présent..."
6017,1925564679398576143,Freebox,Message automatique Freebox,Réponse automatique répétitive,"@BeezySMG Bonjour,\n\nLa messagerie privée X n’est plus disponible. \nRetrouvez-moi dès à présent su..."
6018,1925565098464059447,Freebox,Message automatique Freebox,Réponse automatique répétitive,"@SteevesCeline Bonjour,\n\nLa messagerie privée X n’est plus disponible, et nous en sommes désolés. ..."
6019,1925565753438204278,Freebox,Message automatique Freebox,Réponse automatique répétitive,"@WebConcepteur Bonjour,\n\nLa messagerie privée X n’est plus disponible, et nous en sommes désolés. ..."
6020,1925566091335512189,Freebox,Message automatique Freebox,Réponse automatique répétitive,"@amaryah__ Bonjour,\n\nLa messagerie privée X n’est plus disponible. \n\nRetrouvez-moi dès à présent..."
6021,1925567054058279033,Freebox,Message automatique Freebox,Réponse automatique répétitive,"@vitox63 Bonjour,\n\nLa messagerie privée X n’est plus disponible, et nous en sommes désolés. \n\nRe..."
6022,1925571185057616085,Freebox,Message automatique Freebox,Réponse automatique répétitive,"@samkellenberger Bonjour,\n\nLa messagerie privée X n’est plus disponible, et nous en sommes désolés..."
6023,1925572693983649994,Freebox,Message automatique Freebox,Réponse automatique répétitive,"@JELahaine Bonjour,\n\nLa messagerie privée X n’est plus disponible, et nous en sommes désolés. \nRe..."
6024,1925575397317419377,Freebox,Message automatique Freebox,Réponse automatique répétitive,"@DrCrowRaoul Bonjour,\n\nLa messagerie privée X n’est plus disponible, et nous en sommes désolés. \n..."
6025,1925576422879351189,Freebox,Message automatique Freebox,Réponse automatique répétitive,"@MaitreSuzaya Bonjour,\n\nLa messagerie privée X n’est plus disponible, et nous en sommes désolés. \..."
6026,1925576907849875932,Freebox,Message automatique Freebox,Réponse automatique répétitive,"@rgaidot Bonjour,\n\nLa messagerie privée X n’est plus disponible, et nous en sommes désolés. \n\nRe..."
6027,1925579305880281432,Freebox,Message automatique Freebox,Réponse automatique répétitive,"@philippeyaiche Bonjour,\n\nLa messagerie privée X n’est plus disponible, et nous en sommes désolés...."
6032,1925848983278068162,Freebox,Message automatique Freebox,Réponse automatique répétitive,"@Aly_qlf57 Bonjour,\n\nLa messagerie privée X n’est plus disponible. \n\nRetrouvez-moi dès à présent..."
6033,1925850211492020355,Freebox,Message automatique Freebox,Réponse automatique répétitive,"@LeBobysinklar Bonjour,\n\nLa messagerie privée X n’est plus disponible, et nous en sommes désolés. ..."
6034,1925851938656080155,Freebox,Message automatique Freebox,Réponse automatique répétitive,"@Plow_Glayze Bonjour,\n\nLa messagerie privée X n’est plus disponible. \n\nRetrouvez-moi dès à prése..."
6035,1925856178933838033,Freebox,Message automatique Freebox,Réponse automatique répétitive,"@Lau_Grd Bonjour,\n\nLa messagerie privée X n’est plus disponible. \n\nRetrouvez-moi dès à présent s..."
6036,1925861529347334327,Freebox,Message automatique Freebox,Réponse automatique répétitive,"@LAURENT_P77 Bonjour,\n\nLa messagerie privée X n’est plus disponible. \n\nRetrouvez-moi dès à prése..."
6037,1925861758243062131,Freebox,Message automatique Freebox,Réponse automatique répétitive,"@BabinksJuuzo Bonjour,\n\nLa messagerie privée X n’est plus disponible, et nous en sommes désolés. \..."
6038,1925863788131008854,Freebox,Message automatique Freebox,Réponse automatique répétitive,"@BiwBawflrn Bonjour,\n\nLa messagerie privée X n’est plus disponible, et nous en sommes désolés. \n\..."
6040,1925877855298175407,Freebox,Message automatique Freebox,Réponse automatique répétitive,"@jos_brt9 Bonjour,\n\nLa messagerie privée X n’est plus disponible, et nous en sommes désolés. \n\nR..."
6046,1926933058109727012,Freebox,Message automatique Freebox,Réponse automatique répétitive,"@callmekae2 Bonjour,\n\nLa messagerie privée X n’est plus disponible. \nRetrouvez-moi dès à présent ..."
6047,1926934100817948798,Freebox,Message automatique Freebox,Réponse automatique répétitive,"@AntoineBe31 Bonjour,\n\nLa messagerie privée X n’est plus disponible. \nRetrouvez-moi dès à présent..."
6048,1926935574939574527,Freebox,Message automatique Freebox,Réponse automatique répétitive,"@zekarant Bonjour,\n\nLa messagerie privée X n’est plus disponible.\nRetrouvez-moi dès à présent sur..."
6049,1926936625902149842,Freebox,Message automatique Freebox,Réponse automatique répétitive,"@jalams34 Bonjour,\n\nLa messagerie privée X n’est plus disponible.\nRetrouvez-moi dès à présent sur..."
6050,1926964174942261657,Freebox,Message automatique Freebox,Réponse automatique répétitive,"@paloma_arauujo Bonjour,\n\nLa messagerie privée X n’est plus disponible, et nous en sommes désolés...."
6094,1928358143748190437,Freebox,Message automatique Freebox,Réponse automatique répétitive,"@CaillereM Bonjour,\n\nLa messagerie privée X n’est plus disponible, et nous en sommes désolés. \nRe..."
6095,1928364078667362437,Freebox,Message automatique Freebox,Réponse automatique répétitive,"@chaoticvibing Bonjour,\n\nLa messagerie privée X n’est plus disponible, et nous en sommes désolés. ..."
6097,1928374775992201337,Freebox,Message automatique Freebox,Réponse automatique répétitive,"@scoolada Bonjour,\n\nLa messagerie privée X n’est plus disponible, et nous en sommes désolés. \nRet..."
6098,1928375310610784760,Freebox,Message automatique Freebox,Réponse automatique répétitive,"@julienthemonkey Bonjour,\n\nLa messagerie privée X n’est plus disponible, et nous en sommes désolés..."
6099,1928390347115081973,Freebox,Message automatique Freebox,Réponse automatique répétitive,"@Larose__ Bonjour,\n\nLa messagerie privée X n’est plus disponible, et nous en sommes désolés. \nRet..."
6100,1928391375638155636,Freebox,Message automatique Freebox,Réponse automatique répétitive,"@theDarky9 Bonjour,\n\nLa messagerie privée X n’est plus disponible, et nous en sommes désolés. \nRe..."
6101,1928394588298805382,Freebox,Message automatique Freebox,Réponse automatique répétitive,"@Crazizou Bonjour,\n\nLa messagerie privée X n’est plus disponible, et nous en sommes désolés. \nRet..."
6102,1928395868949848085,Freebox,Message automatique Freebox,Réponse automatique répétitive,"@whosjaguari1 Bonjour,\n\nLa messagerie privée X n’est plus disponible, et nous en sommes désolés. \..."
6103,1928396883854028867,Freebox,Message automatique Freebox,Réponse automatique répétitive,"@Himekawo1 Bonjour,\n\nLa messagerie privée X n’est plus disponible, et nous en sommes désolés. \nRe..."
6104,1928401850857824291,Freebox,Message automatique Freebox,Réponse automatique répétitive,"@EstebanOertli Bonjour,\n\nLa messagerie privée X n’est plus disponible, et nous en sommes désolés. ..."
6105,1928402340551205284,Freebox,Message automatique Freebox,Réponse automatique répétitive,"@itsgolddigger Bonjour,\n\nLa messagerie privée X n’est plus disponible, et nous en sommes désolés. ..."
6106,1928403467145453970,Freebox,Message automatique Freebox,Réponse automatique répétitive,"@peroplsk12 Bonjour,\n\nLa messagerie privée X n’est plus disponible, et nous en sommes désolés. \nR..."
6107,1928404765563560115,Freebox,Message automatique Freebox,Réponse automatique répétitive,"@AlexandreCarbo4 Bonjour,\n\nLa messagerie privée X n’est plus disponible, et nous en sommes désolés..."
6108,1928405560900178085,Freebox,Message automatique Freebox,Réponse automatique répétitive,"@eilime2778 Bonjour,\n\nLa messagerie privée X n’est plus disponible, nous en sommes désolés. \nRetr..."
6129,1929490860225216713,Freebox,Message automatique Freebox,Réponse automatique répétitive,"@ilcaro17 Bonjour,\n\nLa messagerie privée X n’est plus disponible. \nRetrouvez-moi dès à présent su..."
6130,1929491473294151778,Freebox,Message automatique Freebox,Réponse automatique répétitive,"@justforthehack Bonjour,\n\nLa messagerie privée X n’est plus disponible.\nRetrouvez-moi dès à prése..."
6131,1929494000379023709,Freebox,Message automatique Freebox,Réponse automatique répétitive,"@KnuckleHead077 Bonjour,\n\nLa messagerie privée X n’est plus disponible.\nRetrouvez-moi dès à prése..."
6132,1929494379787338129,Freebox,Message automatique Freebox,Réponse automatique répétitive,"@kirazlili_ Bonjour,\n\nLa messagerie privée X n’est plus disponible\nRetrouvez-moi dès à présent su..."
6133,1929494818230550857,Freebox,Message automatique Freebox,Réponse automatique répétitive,"@FlorecitaMara1 Bonjour,\n\nLa messagerie privée X n’est plus disponible.\nRetrouvez-moi dès à prése..."
6134,1929495777027469555,Freebox,Message automatique Freebox,Réponse automatique répétitive,"@syllabe16 Bonjour,\n\nLa messagerie privée X n’est plus disponible.\nRetrouvez-moi dès à présent su..."
6135,1929496435176694085,Freebox,Message automatique Freebox,Réponse automatique répétitive,"@M_Limongi Bonjour,\n\nLa messagerie privée X n’est plus disponible. \nRetrouvez-moi dès à présent s..."
6136,1929502861890650406,Freebox,Message automatique Freebox,Réponse automatique répétitive,"@cloudsawayflow Bonjour,\n\nLa messagerie privée X n’est plus disponible.\nRetrouvez-moi dès à prése..."
6137,1929503412460081218,Freebox,Message automatique Freebox,Réponse automatique répétitive,"@Explorer_1000 Bonjour,\n\nLa messagerie privée X n’est plus disponible.\nRetrouvez-moi dès à présen..."
6138,1929516791039992120,Freebox,Message automatique Freebox,Réponse automatique répétitive,"@sebastien_leyne Bonjour,\n\nLa messagerie privée X n’est plus disponible.\nRetrouvez-moi dès à prés..."
6139,1929517672258998667,Freebox,Message automatique Freebox,Réponse automatique répétitive,"@kazepool Bonjour,\n\nLa messagerie privée X n’est plus disponible.\nRetrouvez-moi dès à présent sur..."
6140,1929518086039744768,Freebox,Message automatique Freebox,Réponse automatique répétitive,"@truebisounours Bonjour,\n\nLa messagerie privée X n’est plus disponible.\nRetrouvez-moi dès à prése..."
6142,1929518831208108270,Freebox,Message automatique Freebox,Réponse automatique répétitive,"@Mr_KiOl Bonjour,\n\nLa messagerie privée X n’est plus disponible. \nRetrouvez-moi dès à présent sur..."
6144,1929521106446107132,Freebox,Message automatique Freebox,Réponse automatique répétitive,"@TekoYoungCity_ Bonjour,\n\nLa messagerie privée X n’est plus disponible.\nRetrouvez-moi dès à prése..."
6145,1929525318609510435,Freebox,Message automatique Freebox,Réponse automatique répétitive,"@Mj0423Mrfreez Bonjour,\n\nLa messagerie privée X n’est plus disponible.\nRetrouvez-moi dès à présen..."
6146,1929526119637598375,Freebox,Message automatique Freebox,Réponse automatique répétitive,"@So_Lavie Bonjour,\n\nLa messagerie privée X n’est plus disponible.\nRetrouvez-moi dès à présent sur..."
6147,1929527998543217011,Freebox,Message automatique Freebox,Réponse automatique répétitive,"@cyaniss Bonjour,\n\nLa messagerie privée X n’est plus disponible, et nous en sommes désolés. \nRetr..."
6151,1929546959032869120,Freebox,Message automatique Freebox,Réponse automatique répétitive,"@SiliniTayeb Bonjour,\n\nLa messagerie privée X n’est plus disponible.\n\nSi votre incident est touj..."
6152,1929547338474824096,Freebox,Message automatique Freebox,Réponse automatique répétitive,"@JulieSoulima Bonjour,\n\nLa messagerie privée X n’est plus disponible.\n\nSi votre incident est tou..."
6153,1929547994568757658,Freebox,Message automatique Freebox,Réponse automatique répétitive,"@Nathaaan30 Bonjour,\n\nLa messagerie privée X n’est plus disponible.\nSi votre incident est toujour..."
6154,1929549273391153155,Freebox,Message automatique Freebox,Réponse automatique répétitive,"@MedhiRooney Bonjour,\n\nLa messagerie privée X n’est plus disponible.\nRetrouvez-moi dès à présent ..."
6155,1929550414640250897,Freebox,Message automatique Freebox,Réponse automatique répétitive,"@Cnews972 Bonjour,\n\nLa messagerie privée X n’est plus disponible.\nSi vous êtes toujours en attent..."
6163,1929906775110668372,Freebox,Message automatique Freebox,Réponse automatique répétitive,"@TroadecSte3200 Bonjour,\nLa messagerie privée X n’est plus disponible. \nRetrouvez-moi dès à présen..."
6164,1929907700365721859,Freebox,Message automatique Freebox,Réponse automatique répétitive,"@SpriingUech Bonjour,\n\nLa messagerie privée X n’est plus disponible. \nRetrouvez-moi dès à présent..."
6165,1929908008298967464,Freebox,Message automatique Freebox,Réponse automatique répétitive,"@agirlhasamind Bonjour,\n\nLa messagerie privée X n’est plus disponible. \n\nRetrouvez-moi dès à pré..."
6166,1929909922281508953,Freebox,Message automatique Freebox,Réponse automatique répétitive,"@leftismentalill Bonjour,\n\nLa messagerie privée X n’est plus disponible. \n\nRetrouvez-moi dès à p..."
6167,1929911425901686814,Freebox,Message automatique Freebox,Réponse automatique répétitive,"@chaoticvibing Bonjour,\n\nLa messagerie privée X n’est plus disponible, et nous en sommes désolés. ..."
6176,1930189768937128005,Freebox,Message automatique Freebox,Réponse automatique répétitive,"@NakaxxRMA Bonjour,\n\nLa messagerie privée X n’est plus disponible.\nRetrouvez-moi dès à présent su..."
6177,1930192206960210368,Freebox,Message automatique Freebox,Réponse automatique répétitive,"@Dothiefree Bonjour,\n\nLa messagerie privée X n’est plus disponible.\nRetrouvez-moi dès à présent s..."
6178,1930193902750867923,Freebox,Message automatique Freebox,Réponse automatique répétitive,"@LeaCwi Bonjour,\n\nLa messagerie privée X n’est plus disponible.\nRetrouvez-moi dès à présent sur M..."
6179,1930194363235098716,Freebox,Message automatique Freebox,Réponse automatique répétitive,"@malzak47 Bonjour,\n\nLa messagerie privée X n’est plus disponible.\nRetrouvez-moi dès à présent sur..."
6180,1930194678638318065,Freebox,Message automatique Freebox,Réponse automatique répétitive,"@__15kath Bonjour,\n\nLa messagerie privée X n’est plus disponible.\nRetrouvez-moi dès à présent sur..."
6181,1930195349370491044,Freebox,Message automatique Freebox,Réponse automatique répétitive,"@amaury_kam Bonjour,\n\nLa messagerie privée X n’est plus disponible.\nRetrouvez-moi dès à présent s..."
6182,1930197331086803208,Freebox,Message automatique Freebox,Réponse automatique répétitive,"@Svita84861864 Bonjour,\n\nLa messagerie privée X n’est plus disponible: \nRetrouvez-moi dès à prése..."
6183,1930198438269866382,Freebox,Message automatique Freebox,Réponse automatique répétitive,"@Nyphthys_ Bonjour,\n\nLa messagerie privée X n’est plus disponible\nRetrouvez-moi dès à présent sur..."
6184,1930199308566978803,Freebox,Message automatique Freebox,Réponse automatique répétitive,"@web3321 Bonjour,\n\nLa messagerie privée X n’est plus disponible.\nRetrouvez-moi dès à présent sur ..."
6185,1930202146714038623,Freebox,Message automatique Freebox,Réponse automatique répétitive,"@agirlhasamind Bonjour,\n\nLa messagerie privée X n’est plus disponible\nRetrouvez-moi dès à présent..."
6186,1930226019308327112,Freebox,Message automatique Freebox,Réponse automatique répétitive,"@desmarchelier_m Bonjour,\n\nLa messagerie privée X n’est plus disponible.\nRetrouvez-moi dès à prés..."
6188,1930231897617002529,Freebox,Message automatique Freebox,Réponse automatique répétitive,"@dearchriss_ Bonjour,\n\nLa messagerie privée X n’est plus disponible.\nRetrouvez-moi dès à présent ..."
6191,1930235440369402039,Freebox,Message automatique Freebox,Réponse automatique répétitive,"@JeromeScanff Bonjour,\n\nLa messagerie privée X n’est plus disponible. \nRetrouvez-moi dès à présen..."
6192,1930237333917380842,Freebox,Message automatique Freebox,Réponse automatique répétitive,"@Shnuxi Bonjour,\n\nLa messagerie privée X n’est plus disponible.\nRetrouvez-moi dès à présent sur M..."
6193,1930238714774524242,Freebox,Message automatique Freebox,Réponse automatique répétitive,"@Tssuuoo Bonjour,\n\nLa messagerie privée X n’est plus disponible.\nRetrouvez-moi dès à présent sur ..."
6194,1930239323758035382,Freebox,Message automatique Freebox,Réponse automatique répétitive,"@k_bld_ Bonjour,\n\nLa messagerie privée X n’est plus disponible.\nRetrouvez-moi dès à présent sur M..."
6196,1930244072238661965,Freebox,Message automatique Freebox,Réponse automatique répétitive,"@nvmmm59 Bonjour,\n\nLa messagerie privée X n’est plus disponible.\nRetrouvez-moi dès à présent sur ..."
6204,1930561465288663497,Freebox,Message automatique Freebox,Réponse automatique répétitive,"@zengalewaa Bonjour,\n\nLa messagerie privée X n’est plus disponible.\nRetrouvez-moi dès à présent s..."
6205,1930562028663431190,Freebox,Message automatique Freebox,Réponse automatique répétitive,"@GIGN1334 Bonjour,\n\nLa messagerie privée X n’est plus disponible.\nRetrouvez-moi dès à présent sur..."
6206,1930562360202199454,Freebox,Message automatique Freebox,Réponse automatique répétitive,"@Raoulvol Bonjour,\n\nLa messagerie privée X n’est plus disponible.\nRetrouvez-moi dès à présent sur..."
6207,1930563475371147664,Freebox,Message automatique Freebox,Réponse automatique répétitive,"@truebisounours Bonjour,\n\nLa messagerie privée X n’est plus disponible.\nRetrouvez-moi dès à prése..."
6208,1930564493530034533,Freebox,Message automatique Freebox,Réponse automatique répétitive,"@ToctokC Bonjour,\n\nLa messagerie privée X n’est plus disponible.\nRetrouvez-moi dès à présent sur ..."
6211,1930577067063623749,Freebox,Message automatique Freebox,Réponse automatique répétitive,"@ArchambaudT Bonjour,\n\nLa messagerie privée X n’est plus disponible.\nRetrouvez-moi dès à présent ..."
6212,1930577363718308228,Freebox,Message automatique Freebox,Réponse automatique répétitive,"@_nico_o_ Bonjour,\n\nLa messagerie privée X n’est plus disponible.\nRetrouvez-moi dès à présent sur..."
6213,1930578004175917262,Freebox,Message automatique Freebox,Réponse automatique répétitive,"@Belibaste Bonjour,\n\nLa messagerie privée X n’est plus disponible.\nRetrouvez-moi dès à présent su..."
6214,1930578603999142012,Freebox,Message automatique Freebox,Réponse automatique répétitive,"@clhoewn Bonjour,\n\nLa messagerie privée X n’est plus disponible.\nRetrouvez-moi dès à présent sur ..."
6215,1930578969335562477,Freebox,Message automatique Freebox,Réponse automatique répétitive,"@minghwamilie Bonjour,\n\nLa messagerie privée X n’est plus disponible.\nRetrouvez-moi dès à présent..."
6216,1930581096682360916,Freebox,Message automatique Freebox,Réponse automatique répétitive,"@Referendum_fr Bonjour,\n\nLa messagerie privée X n’est plus disponible.\nRetrouvez-moi dès à présen..."
6217,1930582898106650706,Freebox,Message automatique Freebox,Réponse automatique répétitive,"@aliguygnor Bonjour,\n\nLa messagerie privée X n’est plus disponible.\nRetrouvez-moi dès à présent s..."
6218,1930587025821794727,Freebox,Message automatique Freebox,Réponse automatique répétitive,"@louiseprieto Bonjour,\n\nLa messagerie privée X n’est plus disponible.\nRetrouvez-moi dès à présent..."
6219,1930590506473455767,Freebox,Message automatique Freebox,Réponse automatique répétitive,"@wimn_tks Bonjour,\n\nLa messagerie privée X n’est plus disponible\nRetrouvez-moi dès à présent sur ..."
6220,1930593868178772168,Freebox,Message automatique Freebox,Réponse automatique répétitive,"@shoannanas Bonjour,\n\nLa messagerie privée X n’est plus disponible, et nous en sommes désolés. \nR..."
6221,1930598186982223927,Freebox,Message automatique Freebox,Réponse automatique répétitive,"@fratton01 Bonjour,\n\nLa messagerie privée X n’est plus disponible.\nRetrouvez-moi dès à présent su..."
6222,1930604651407086057,Freebox,Message automatique Freebox,Réponse automatique répétitive,"@0rcruxe Bonjour,\n\nLa messagerie privée X n’est plus disponible. \nRetrouvez-moi dès à présent sur..."
6223,1930605364354912742,Freebox,Message automatique Freebox,Réponse automatique répétitive,"@bnl_pierre Bonjour,\n\nLa messagerie privée X n’est plus disponible, et nous en sommes désolés. \nR..."
6230,1930908362238992814,Freebox,Message automatique Freebox,Réponse automatique répétitive,"@vraienzele Bonjour,\n\nLa messagerie privée X n’est plus disponible.\nRetrouvez-moi dès à présent s..."
6231,1930908879577075925,Freebox,Message automatique Freebox,Réponse automatique répétitive,"@POSTERGIRRRL Bonjour,\n\nLa messagerie privée X n’est plus disponible. \nRetrouvez-moi dès à présen..."
6232,1930909444453384343,Freebox,Message automatique Freebox,Réponse automatique répétitive,"@Den2112 Bonjour,\n\nLa messagerie privée X n’est plus disponible. \nRetrouvez-moi dès à présent sur..."
6233,1930925233273180204,Freebox,Message automatique Freebox,Réponse automatique répétitive,"@TheRamsWay Bonjour,\n\nLa messagerie privée X n’est plus disponible. \nRetrouvez-moi dès à présent ..."
6234,1930925918161141916,Freebox,Message automatique Freebox,Réponse automatique répétitive,"@haspinder Bonjour,\n\nLa messagerie privée X n’est plus disponible\nRetrouvez-moi dès à présent sur..."
6235,1930927129094508894,Freebox,Message automatique Freebox,Réponse automatique répétitive,"@iwissNdemnate Bonjour,\n\nLa messagerie privée X n’est plus disponible, et nous en sommes désolés. ..."
6243,1931303891225784829,Freebox,Message automatique Freebox,Réponse automatique répétitive,"@bonnevap Bonjour,\n\nLa messagerie privée X n’est plus disponible.\n\nRetrouvez-moi dès à présent s..."
6244,1931305873055391970,Freebox,Message automatique Freebox,Réponse automatique répétitive,"@LaureBBW Bonjour,\n\nLa messagerie privée X n’est plus disponible.\n\nRetrouvez-moi dès à présent s..."
6245,1931306496333148625,Freebox,Message automatique Freebox,Réponse automatique répétitive,"@Joh_Stark Bonjour,\n\nLa messagerie privée X n’est plus disponible.\n\nRetrouvez-moi dès à présent ..."
6246,1931307044763521100,Freebox,Message automatique Freebox,Réponse automatique répétitive,"@Lorphan6 Bonjour,\n\nLa messagerie privée X n’est plus disponible.\n\nRetrouvez-moi dès à présent s..."
6247,1931312128536785178,Freebox,Message automatique Freebox,Réponse automatique répétitive,"@Twim7872 Bonjour,\n\nLa messagerie privée X n’est plus disponible.\n\nRetrouvez-moi dès à présent s..."
6248,1931312738719994359,Freebox,Message automatique Freebox,Réponse automatique répétitive,"@donofournigault Bonjour,\n\nLa messagerie privée X n’est plus disponible.\n\nRetrouvez-moi dès à pr..."
6249,1931313429345599999,Freebox,Message automatique Freebox,Réponse automatique répétitive,"@hpaszt Bonjour,\n\nLa messagerie privée X n’est plus disponible.\n\nRetrouvez-moi dès à présent sur..."
6250,1931313868984209869,Freebox,Message automatique Freebox,Réponse automatique répétitive,"@sgouvs Bonjour,\n\nLa messagerie privée X n’est plus disponible.\n\nRetrouvez-moi dès à présent sur..."
6251,1931314465552617601,Freebox,Message automatique Freebox,Réponse automatique répétitive,"@faraaaaaah_gh Bonjour,\n\nLa messagerie privée X n’est plus disponible.\n\nRetrouvez-moi dès à prés..."
6252,1931314760739369236,Freebox,Message automatique Freebox,Réponse automatique répétitive,"@corymbe Bonjour,\n\nLa messagerie privée X n’est plus disponible.\n\nRetrouvez-moi dès à présent su..."
6274,1932368892946436131,Freebox,Message automatique Freebox,Réponse automatique répétitive,"@ceano69530 Bonjour,\n\nLa messagerie privée X n’est plus disponible, et nous en sommes désolés. \nR..."
6275,1932373456269582799,Freebox,Message automatique Freebox,Réponse automatique répétitive,"@rasologg Bonjour,\n\nSi la situation est toujours d'actualité, je vous invite à nous contacter dès ..."
6276,1932374447433842997,Freebox,Message automatique Freebox,Réponse automatique répétitive,"@sosoooo6_9 Bonjour,\n\nSi la situation est toujours d'actualité, je vous invite à nous contacter dè..."
6277,1932375882208866763,Freebox,Message automatique Freebox,Réponse automatique répétitive,"@PijM_ Bonjour,\n\nLa messagerie privée X n’est plus disponible, et nous en sommes désolés. \nRetrou..."
6278,1932376229375537251,Freebox,Message automatique Freebox,Réponse automatique répétitive,"@cstlegang Bonjour,\n\nSi la situation est toujours d'actualité, je vous invite à nous contacter dès..."
6281,1932413085450404004,Freebox,Message automatique Freebox,Réponse automatique répétitive,"@Rond06_ Bonjour,\n\nLa messagerie privée X n’est plus disponible, et nous en sommes désolés. \nRetr..."
6282,1932416320135401653,Freebox,Message automatique Freebox,Réponse automatique répétitive,"@youbousal Bonjour,\n\nLa messagerie privée X n’est plus disponible, et nous en sommes désolés. \nRe..."
6283,1932417349874757672,Freebox,Message automatique Freebox,Réponse automatique répétitive,"@Antheme2 Bonjour,\n\nLa messagerie privée X n’est plus disponible, et nous en sommes désolés. \nRet..."
6284,1932421297906106424,Freebox,Message automatique Freebox,Réponse automatique répétitive,"@28Draneb Bonjour,\n\nLa messagerie privée X n’est plus disponible, et nous en sommes désolés. \nRet..."
6285,1932428414767567120,Freebox,Message automatique Freebox,Réponse automatique répétitive,"@andrea_10_03_ Bonjour,\n\nLa messagerie privée X n’est plus disponible, et nous en sommes désolés. ..."
6286,1932428910228062514,Freebox,Message automatique Freebox,Réponse automatique répétitive,"@xXD4rkXx68 Bonjour,\n\nLa messagerie privée X n’est plus disponible, et nous en sommes désolés. \nR..."
6287,1932434238122406279,mcgcwnfm4k,Spam/Promotion,Spam ou promotion non pertinente,Je ne pensais pas dire ça mais je veux le retour de l’ancienne centrale d’appel de @free. Le nouveau...
6289,1932463715154022454,Freebox,Message automatique Freebox,Réponse automatique répétitive,"@VallonDavy Bonjour,\n\nLa messagerie privée X n’est plus disponible, et nous en sommes désolés. \nR..."
6290,1932464012412817862,Freebox,Message automatique Freebox,Réponse automatique répétitive,"@MCollectorsMars Bonjour,\n\nLa messagerie privée X n’est plus disponible, et nous en sommes désolés..."
6291,1932464341732700386,Freebox,Message automatique Freebox,Réponse automatique répétitive,"@j_facemaker Bonjour,\n\nLa messagerie privée X n’est plus disponible, et nous en sommes désolés. \n..."
6292,1932464870080884774,Freebox,Message automatique Freebox,Réponse automatique répétitive,"@EJulien66 Bonjour,\n\nLa messagerie privée X n’est plus disponible, et nous en sommes désolés. \nRe..."
6293,1932465243017326848,Freebox,Message automatique Freebox,Réponse automatique répétitive,"@big_0_jim Bonjour,\n\nLa messagerie privée X n’est plus disponible, et nous en sommes désolés. \nRe..."
6306,1933438606946750572,Freebox,Message automatique Freebox,Réponse automatique répétitive,"@Edwige_na Bonjour,\n\nLa messagerie privée X n’est plus disponible.\nSi votre incident est toujours..."
6307,1933445677939335230,Freebox,Message automatique Freebox,Réponse automatique répétitive,"@ErzaaaTv Bonjour,\n\nLa messagerie privée X n’est plus disponible.\n\nSi votre incident est toujour..."
6308,1933447186722832467,Freebox,Message automatique Freebox,Réponse automatique répétitive,"@gatemorphso Bonjour,\n\nLa messagerie privée X n’est plus disponible.\n\nSi votre incident est touj..."
6309,1933449411616469033,Freebox,Message automatique Freebox,Réponse automatique répétitive,"@AlexandreCarbo4 Bonjour,\n\nLa messagerie privée X n’est plus disponible.\n\nSi votre incident est ..."
6310,1933452807882920169,Freebox,Message automatique Freebox,Réponse automatique répétitive,"@Djibril976 Bonjour,\n\nLa messagerie privée X n’est plus disponible.\n\nSi votre incident est toujo..."
6311,1933456401227030875,Freebox,Message automatique Freebox,Réponse automatique répétitive,"@ElMehdito Bonjour,\n\nLa messagerie privée X n’est plus disponible.\n\nSi votre incident est toujou..."
6312,1933456935317020982,Freebox,Message automatique Freebox,Réponse automatique répétitive,"@SamiaSamos Bonjour,\n\nLa messagerie privée X n’est plus disponible.\n\nSi votre incident est toujo..."
6313,1933494827536048381,Freebox,Message automatique Freebox,Réponse automatique répétitive,"@Mme_Reyna Bonjour,\n\nLa messagerie privée X n’est plus disponible. \nRetrouvez-moi dès à présent s..."
6314,1933495647585419358,Freebox,Message automatique Freebox,Réponse automatique répétitive,"@Roni_SRFC Bonjour,\n\nLa messagerie privée X n’est plus disponible.\nSi votre incident est toujours..."
6315,1933496559955591548,Freebox,Message automatique Freebox,Réponse automatique répétitive,"@Roni_SRFC Bonjour,\n\nLa messagerie privée X n’est plus disponible.\n\nSi votre incident est toujou..."
6317,1933499349067055191,Freebox,Message automatique Freebox,Réponse automatique répétitive,"@gwdad_moi Bonjour,\n\nLa messagerie privée X n’est plus disponible.\n\nSi votre incident est toujou..."
6318,1933503383542944237,Freebox,Message automatique Freebox,Réponse automatique répétitive,"@SalahBahra25701 Bonjour,\n\nLa messagerie privée X n’est plus disponible.\n\nRetrouvez-moi dès à pr..."
6320,1933507197075325228,Freebox,Message automatique Freebox,Réponse automatique répétitive,"@Mme_Reyna Bonjour,\n\nLa messagerie privée X n’est plus disponible.\n\nRetrouvez-moi dès à présent ..."
6321,1933508840776937661,Freebox,Message automatique Freebox,Réponse automatique répétitive,"@Creatrice94 Bonjour,\n\nLa messagerie privée X n’est plus disponible.\n\nSi votre incident est touj..."
6322,1933510052209377331,Freebox,Message automatique Freebox,Réponse automatique répétitive,"@BBenus Bonjour,\n\nLa messagerie privée X n’est plus disponible.\n\nSi votre demande est toujours d..."
6323,1933510691333263718,Freebox,Message automatique Freebox,Réponse automatique répétitive,"@hianmeds Bonjour,\n\nLa messagerie privée X n’est plus disponible.\n\nSi votre incident est toujour..."
6324,1933510895147114668,Freebox,Message automatique Freebox,Réponse automatique répétitive,"@Beubeu1305 Bonjour,\n\nLa messagerie privée X n’est plus disponible.\n\nSi votre demande est toujou..."
6325,1933511440054272336,Freebox,Message automatique Freebox,Réponse automatique répétitive,"@mcgcwnfm4k Bonjour,\n\nLa messagerie privée X n’est plus disponible.\n\nSi votre incident est toujo..."
6326,1933511678441726155,Freebox,Message automatique Freebox,Réponse automatique répétitive,"@lonelylittleT Bonjour,\n\nLa messagerie privée X n’est plus disponible.\n\nSi votre incident est to..."
6327,1933517945205834228,Freebox,Message automatique Freebox,Réponse automatique répétitive,"@stef2535 Bonjour,\n\nLa messagerie privée X n’est plus disponible.\n\nSi votre incident est toujour..."
6328,1933523258441134588,syllabe16,Spam/Promotion,Spam ou promotion non pertinente,"@Freebox Cher Romain, c'est une catastrophe. Après avoir récupéré internet, nous sommes totalement c..."
6329,1933526356689596641,Freebox,Message automatique Freebox,Réponse automatique répétitive,"@chmalet Bonjour,\n\nLa messagerie privée X n’est plus disponible.\n\nRetrouvez-moi dès à présent su..."
6330,1933527959568072795,Freebox,Message automatique Freebox,Réponse automatique répétitive,"@Nanafantazya Bonjour,\n\nLa messagerie privée X n’est plus disponible.\n\nSi votre incident est tou..."
6331,1933528529087410630,Freebox,Message automatique Freebox,Réponse automatique répétitive,"@ouaiiuia Bonjour,\n\nLa messagerie privée X n’est plus disponible.\n\nSi votre demande est toujours..."
6332,1933528831186358641,Freebox,Message automatique Freebox,Réponse automatique répétitive,"@orosell Bonjour,\n\nLa messagerie privée X n’est plus disponible.\n\nSi votre demande est toujours ..."
6333,1933529755724202380,Freebox,Message automatique Freebox,Réponse automatique répétitive,"@luvhetmongi Bonjour,\n\nLa messagerie privée X n’est plus disponible, et nous en sommes désolés. \n..."
6334,1933531930957357334,Freebox,Message automatique Freebox,Réponse automatique répétitive,"@annelaure02 Bonjour,\n\nLa messagerie privée X n’est plus disponible.\n\nSi votre incident est touj..."
6345,1934492766551077133,Freebox,Message automatique Freebox,Réponse automatique répétitive,"@RamzySANDID Bonjour,\n\nLa messagerie privée X n’est plus disponible.\n\nRetrouvez-moi dès à présen..."
6352,1934855633703948589,Freebox,Message automatique Freebox,Réponse automatique répétitive,"@nos_ret Bonjour,\n\nLa messagerie privée X n’est plus disponible.\n\nRetrouvez-moi dès à présent su..."
6353,1934857659934507143,Freebox,Message automatique Freebox,Réponse automatique répétitive,"@pnoirclerc Bonjour,\n\nLa messagerie privée X n’est plus disponible.\n\nRetrouvez-moi dès à présent..."
6354,1934858187720532348,Freebox,Message automatique Freebox,Réponse automatique répétitive,"@Itsvrah_ Bonjour,\n\nLa messagerie privée X n’est plus disponible.\n\nRetrouvez-moi dès à présent s..."
6355,1934862833642053833,Freebox,Message automatique Freebox,Réponse automatique répétitive,"@SylvainPAM18 Bonjour,\n\nLa messagerie privée X n’est plus disponible.\n\nRetrouvez-moi dès à prése..."
6356,1934863454818488661,Freebox,Message automatique Freebox,Réponse automatique répétitive,"@zengalewaa Bonjour,\n\nLa messagerie privée X n’est plus disponible.\n\nRetrouvez-moi dès à présent..."
6357,1934865310944805022,Freebox,Message automatique Freebox,Réponse automatique répétitive,"@syllabe16 Bonjour,\n\nLa messagerie privée X n’est plus disponible.\n\nRetrouvez-moi dès à présent ..."
6358,1934866659518320903,Freebox,Message automatique Freebox,Réponse automatique répétitive,"@GoodPioupiou Bonjour,\n\nLa messagerie privée X n’est plus disponible.\n\nRetrouvez-moi dès à prése..."
6359,1934868026425295359,Freebox,Message automatique Freebox,Réponse automatique répétitive,"@Romano2skyrock Bonjour,\n\nLa messagerie privée X n’est plus disponible.\n\nRetrouvez-moi dès à pré..."
6360,1934869646634598717,Freebox,Message automatique Freebox,Réponse automatique répétitive,"@tenchepower Bonjour,\n\nLa messagerie privée X n’est plus disponible.\n\nRetrouvez-moi dès à présen..."
6361,1934876896396796166,Freebox,Message automatique Freebox,Réponse automatique répétitive,"@YannParis Bonjour,\n\nLa messagerie privée X n’est plus disponible, et nous en sommes désolés. \nRe..."
6362,1934878077345001873,Freebox,Message automatique Freebox,Réponse automatique répétitive,"@L_Despeyroux Bonjour,\n\nSi la situation est toujours d’actualité, je vous invite à nous contacter ..."
6363,1934880217631203543,Freebox,Message automatique Freebox,Réponse automatique répétitive,"@Guide_343 Bonjour,\n\nLa messagerie privée X n’est plus disponible, et nous en sommes désolés. \nRe..."
6364,1934882233967325520,Freebox,Message automatique Freebox,Réponse automatique répétitive,"@rkgstor Bonjour,\n\nLa messagerie privée X n’est plus disponible.\n\nRetrouvez-moi dès à présent su..."
6365,1934882959682613677,Freebox,Message automatique Freebox,Réponse automatique répétitive,"@ChrisGo49410308 Bonjour,\n\nLa messagerie privée X n’est plus disponible\n. \nRetrouvez-moi dès à p..."
6366,1934886110032805913,Freebox,Message automatique Freebox,Réponse automatique répétitive,"@PsytikX Bonjour,\n\nLa messagerie privée X n’est plus disponible.\n\nRetrouvez-moi dès à présent su..."
6367,1934886641497260247,Freebox,Message automatique Freebox,Réponse automatique répétitive,"@L_Despeyroux Bonjour,\n\nSi la situation est toujours d’actualité, je vous invite à nous contacter ..."
6368,1934887226334142866,Freebox,Message automatique Freebox,Réponse automatique répétitive,"@siirzax92 Bonjour,\n\nLa messagerie privée X n’est plus disponible, et nous en sommes désolés. \nRe..."
6369,1934888956807585964,Freebox,Message automatique Freebox,Réponse automatique répétitive,"@flocko33 Bonjour,\n\nSi la situation est toujours d’actualité, je vous invite à nous contacter dès ..."
6371,1934892363941302503,Freebox,Message automatique Freebox,Réponse automatique répétitive,"@maarylou_v Bonjour,\n\nLa messagerie privée X n’est plus disponible, et nous en sommes désolés. \nR..."
6372,1934907898917691817,Freebox,Message automatique Freebox,Réponse automatique répétitive,"@iac_yac Bonjour,\n\nLa messagerie privée X n’est plus disponible.\n\nRetrouvez-moi dès à présent su..."
6373,1934909296245887334,Freebox,Message automatique Freebox,Réponse automatique répétitive,"@MartinVine52691 Bonjour,\n\nLa messagerie privée X n’est plus disponible.\n\nRetrouvez-moi dès à pr..."
6374,1934914907591344259,Freebox,Message automatique Freebox,Réponse automatique répétitive,"@JMA38620 Bonjour,\n\nLa messagerie privée X n’est plus disponible.\n\nRetrouvez-moi dès à présent s..."
